id	gene_id	contig	start	end	strand	metabolite_category	description	gos	kegg_pathway
1	CcGene_10829	CcContig_133670	29596	32590	-	Secondary Metabolite	2871.1protein NCA1 [Daucus carota subsp. sativus]	GO:0005515, GO:0016567, GO:0061630	E3 ubiquitin ligases ubiquitinate target proteins
2	CcGene_02015	CcContig_095206	24869	30618	-	Secondary Metabolite	3440.15'-3' exoribonuclease 3 [Daucus carota subsp. sativus]	GO:0003676, GO:0004534, GO:0005634, GO:0006139	Major pathway of rRNA processing in the nucleolus and cytosol
3	CcGene_28973	CcContig_085849	7648	14119	+	Secondary Metabolite	Ribonuclease H protein	GO:0004839, GO:0005634, GO:0005737, GO:0006511, GO:0006974, GO:0016567	Synthesis of active ubiquitin: roles of E1 and E2 enzymes
4	CcGene_07185	CcContig_003865	9078	12244	+	Secondary Metabolite	KAK1393422.1putative UDP-arabinose 4-epimerase 1 [Heracleum sosnowskyi]	GO:0003978, GO:0005829, GO:0033499	Galactose catabolism; Galactose degradation II
5	CcGene_18991	CcContig_135480	14246	16789	+	Secondary Metabolite	KAL1813926.1hypothetical protein ACET3Z_023991 [Daucus carota]	GO:0005515	Mitochondrial RNA degradation; Intracellular auxin transport
6	CcGene_12270	CcContig_059437	8054	12971	+	Secondary Metabolite	G patch domain-containing protein	GO:0005634, GO:0036297, GO:0045145, GO:0000375, GO:0000377, GO:0000398, GO:0003674, GO:0003676, GO:0003723, GO:0005488, GO:0005575, GO:0005622, GO:0005623, GO:0005681, GO:0006139, GO:0006396, GO:0006397, GO:0006725, GO:0006807, GO:0008150, GO:0008152, GO:0008380, GO:0009888, GO:0009892, GO:0009987, GO:0010033, GO:0010087, GO:0010467, GO:0010468, GO:0010605, GO:0010608, GO:0010629, GO:0014070, GO:0016070, GO:0016071, GO:0016246, GO:0016441, GO:0016458, GO:0019222, GO:0030422, GO:0031047, GO:0031050, GO:0032502, GO:0032991, GO:0034641, GO:0035194, GO:0035195, GO:0035196, GO:0040029, GO:0042221, GO:0043170, GO:0043226, GO:0043227, GO:0043229, GO:0043231, GO:0043331, GO:0044237, GO:0044238, GO:0044422, GO:0044424, GO:0044428, GO:0044446, GO:0044464, GO:0046483, GO:0048519, GO:0048856, GO:0050789, GO:0050896, GO:0051716, GO:0060255, GO:0065007, GO:0070878, GO:0070883, GO:0070887, GO:0070918, GO:0071013, GO:0071310, GO:0071359, GO:0071407, GO:0071704, GO:0090304, GO:0097159, GO:1901360, GO:1901363, GO:1901698, GO:1901699, GO:1902494, GO:1990904	Fanconi Anemia Pathway
7	CcGene_20356	CcContig_138951	2190	7042	+	Secondary Metabolite	DREPP plasma membrane polypeptide	GO:0008270, GO:0016567, GO:0061630, GO:0000226, GO:0001101, GO:0001558, GO:0002237, GO:0003674, GO:0005488, GO:0005507, GO:0005509, GO:0005515, GO:0005516, GO:0005543, GO:0005546, GO:0005547, GO:0005575, GO:0005622, GO:0005623, GO:0005737, GO:0005773, GO:0005856, GO:0005874, GO:0005881, GO:0005886, GO:0005911, GO:0006464, GO:0006497, GO:0006498, GO:0006499, GO:0006807, GO:0006810, GO:0006950, GO:0006952, GO:0006970, GO:0006996, GO:0007010, GO:0007017, GO:0007154, GO:0008017, GO:0008092, GO:0008150, GO:0008152, GO:0008289, GO:0009058, GO:0009059, GO:0009266, GO:0009267, GO:0009409, GO:0009414, GO:0009415, GO:0009506, GO:0009507, GO:0009536, GO:0009605, GO:0009607, GO:0009617, GO:0009628, GO:0009651, GO:0009719, GO:0009725, GO:0009735, GO:0009743, GO:0009987, GO:0009991, GO:0010033, GO:0010035, GO:0010038, GO:0010039, GO:0010118, GO:0010350, GO:0010555, GO:0010638, GO:0010639, GO:0015630, GO:0015631, GO:0016020, GO:0016032, GO:0016043, GO:0018377, GO:0019058, GO:0019538, GO:0022603, GO:0022604, GO:0030054, GO:0030308, GO:0030865, GO:0031110, GO:0031111, GO:0031112, GO:0031113, GO:0031114, GO:0031115, GO:0031117, GO:0031122, GO:0031224, GO:0031225, GO:0031226, GO:0031333, GO:0031365, GO:0031667, GO:0031668, GO:0031669, GO:0032026, GO:0032271, GO:0032272, GO:0032886, GO:0033043, GO:0033554, GO:0034645, GO:0035091, GO:0035864, GO:0035865, GO:0036211, GO:0040008, GO:0042157, GO:0042158, GO:0042221, GO:0042594, GO:0042742, GO:0043167, GO:0043168, GO:0043169, GO:0043170, GO:0043207, GO:0043226, GO:0043227, GO:0043228, GO:0043229, GO:0043231, GO:0043232, GO:0043243, GO:0043244, GO:0043254, GO:0043325, GO:0043412, GO:0043543, GO:0043622, GO:0044087, GO:0044237, GO:0044238, GO:0044249, GO:0044260, GO:0044267, GO:0044403, GO:0044419, GO:0044422, GO:0044424, GO:0044425, GO:0044430, GO:0044444, GO:0044446, GO:0044459, GO:0044464, GO:0044766, GO:0045926, GO:0046658, GO:0046688, GO:0046794, GO:0046872, GO:0046914, GO:0048518, GO:0048519, GO:0048522, GO:0048523, GO:0048638, GO:0048640, GO:0050789, GO:0050793, GO:0050794, GO:0050896, GO:0051093, GO:0051128, GO:0051129, GO:0051130, GO:0051179, GO:0051234, GO:0051493, GO:0051494, GO:0051495, GO:0051510, GO:0051511, GO:0051592, GO:0051704, GO:0051707, GO:0051716, GO:0055044, GO:0065007, GO:0070507, GO:0070887, GO:0071214, GO:0071216, GO:0071219, GO:0071241, GO:0071248, GO:0071280, GO:0071281, GO:0071286, GO:0071310, GO:0071322, GO:0071325, GO:0071470, GO:0071472, GO:0071496, GO:0071704, GO:0071840, GO:0071944, GO:0072708, GO:0072709, GO:0075733, GO:0080025, GO:0090332, GO:0097435, GO:0098542, GO:0099080, GO:0099081, GO:0099512, GO:0099513, GO:0104004, GO:1901564, GO:1901566, GO:1901576, GO:1901700, GO:1901701, GO:1901879, GO:1901881, GO:1901981, GO:1902579, GO:1902903, GO:1902904, GO:1902905, GO:1902936	E3 ubiquitin ligases ubiquitinate target proteins
8	CcGene_14484	CcContig_140624	14503	18469	+	Secondary Metabolite	2353.1FAD synthetase 2, chloroplastic [Daucus carota subsp. sativus]	GO:0003919, GO:0006747, GO:0009231, GO:0009507	Flavin biosynthesis
9	CcGene_28589	CcContig_139284	41177	44432	+	Secondary Metabolite	4403.1nicotianamine aminotransferase 1 isoform X2 [Daucus carota subsp. sativus]	GO:0004838, GO:0006572, GO:0009058, GO:0030170	Tyrosine catabolism
10	CcGene_20018	CcContig_108072	21956	24100	-	Secondary Metabolite	KAL1816137.1hypothetical protein ACET3Z_018711 [Daucus carota]	GO:0004672, GO:0005515, GO:0005524, GO:0006468, GO:0016020	PI5P, PP2A and IER3 Regulate PI3K/AKT Signaling; Interleukin-1 signaling; Anther and pollen development
11	CcGene_17244	CcContig_112021	698	2473	-	Secondary Metabolite	KAL1830503.1hypothetical protein ACET3Z_000154 [Daucus carota]	GO:0005886, GO:0006865, GO:0015171, GO:0055085	Amino acid transport across the plasma membrane
12	CcGene_08013	CcContig_050383	13952	20458	-	Secondary Metabolite	5421.1vesicle-associated protein 1-1-like [Daucus carota subsp. sativus]	GO:0005789, GO:0005886, GO:0090158	Neutrophil degranulation; Insertion of tail-anchored proteins into the endoplasmic reticulum membrane
13	CcGene_12689	CcContig_059145	34034	36413	+	Secondary Metabolite	KAK1369036.1Cationic amino acid transporter 1 [Heracleum sosnowskyi]	GO:0005313, GO:0005886, GO:0006865, GO:0015189, GO:0055085	Amino acid transport across the plasma membrane; Miscellaneous transport and binding events
14	CcGene_08014	CcContig_076664	3980	6630	+	Secondary Metabolite	KAK1385693.1BTB/POZ domain-containing protein NPY2 [Heracleum sosnowskyi]	GO:0005515	Peptidoglycan biosynthesis I
15	CcGene_14879	CcContig_003856	19938	27412	+	Secondary Metabolite	7383.1aconitate hydratase, cytoplasmic [Daucus carota subsp. sativus]	GO:0003994, GO:0005739, GO:0005829, GO:0006099, GO:0006101, GO:0030350, GO:0051539	Citric acid cycle (TCA cycle); The tricarboxylic acid cycle; TCA cycle (plant)
16	CcGene_28925	CcContig_093756	6870	9815	-	Secondary Metabolite	2651.1probable alpha,alpha-trehalose-phosphate synthase [UDP-forming] 10 [Daucus carota subsp. sativus]	GO:0004805, GO:0005829, GO:0005992	Trehalose biosynthesis; Trehalose biosynthesis I
17	CcGene_02062	CcContig_127817	3026	4520	+	Secondary Metabolite	WOH15526.1hypothetical protein DCAR_0935067 [Daucus carota subsp. sativus]	GO:0008757, GO:0032259	Methylation
18	CcGene_27237	CcContig_145495	45117	47925	-	Secondary Metabolite	KAL1827128.1hypothetical protein ACET3Z_005540 [Daucus carota]	GO:0016567, GO:0030155, GO:0061630	E3 ubiquitin ligases ubiquitinate target proteins
19	CcGene_22497	CcContig_026602	10262	12508	+	Secondary Metabolite	KAL1825426.1hypothetical protein ACET3Z_012204 [Daucus carota]	GO:0003872, GO:0005737, GO:0006096	Glycolysis; Cytosolic glycolysis; Plastid glycolysis
20	CcGene_09993	CcContig_123914	18461	34148	+	Secondary Metabolite	KAL1809030.1hypothetical protein ACET3Z_026020 [Daucus carota]	GO:0004326, GO:0005524, GO:0005739, GO:0005829, GO:0046901	Metabolism of folate and pterines; Folate polyglutamylation II; Folate polyglutamylation I; Tetrahydrofolate biosynthesis II
21	CcGene_23413	CcContig_045398	67452	72013	-	Secondary Metabolite	2910.1NADP-dependent malic enzyme [Daucus carota subsp. sativus]	GO:0004473, GO:0006090, GO:0006108, GO:0009507, GO:0051287	Pyruvate metabolism
22	CcGene_25001	CcContig_003864	21061	25176	-	Secondary Metabolite	KAK1383547.1Insulinase (Peptidase family M16) protein [Heracleum sosnowskyi]	GO:0005739, GO:0046872	Processing of SMDT1
23	CcGene_27283	CcContig_047395	17497	19132	-	Secondary Metabolite	5978.1benzoate carboxyl methyltransferase-like [Daucus carota subsp. sativus]	GO:0008757, GO:0032259	Methylation
24	CcGene_20142	CcContig_127955	42011	53495	-	Secondary Metabolite	KAL1832834.1hypothetical protein ACET3Z_002485 [Daucus carota]	GO:0000225, GO:0005783, GO:0006506	Synthesis of glycosylphosphatidylinositol (GPI)
25	CcGene_27983	CcContig_107044	23661	36668	+	Secondary Metabolite	7147.1peptide-N(4)-(N-acetyl-beta-glucosaminyl)asparagine amidase [Daucus carota subsp. sativus]	GO:0000224, GO:0005737	N-glycan trimming in the ER and Calnexin/Calreticulin cycle
26	CcGene_22233	CcContig_033172	4404	7302	+	Secondary Metabolite	KAL1810069.1hypothetical protein ACET3Z_027059 [Daucus carota]	GO:0005524, GO:0016887, GO:0042776, GO:0046933, GO:1902600	Formation of ATP by chemiosmotic coupling
27	CcGene_27003	CcContig_053063	93961	99485	-	Secondary Metabolite	7438.1110 kDa U5 small nuclear ribonucleoprotein component CLO [Daucus carota subsp. sativus]	GO:0000398, GO:0003924, GO:0005525, GO:0005829, GO:0030623, GO:0046540, GO:0071007	mRNA Splicing - Minor Pathway; mRNA Splicing - Major Pathway
28	CcGene_21006	CcContig_117227	18001	20922	+	Secondary Metabolite	0052.2bidirectional sugar transporter SWEET17 [Daucus carota subsp. sativus]	GO:0008643, GO:0016020, GO:0051119	Cellular hexose transport
29	CcGene_08995	CcContig_115028	22530	26457	-	Secondary Metabolite	8531.1pentatricopeptide repeat-containing protein At5g15280, mitochondrial isoform X2 [Apium graveolens]	GO:0005515	Intracellular auxin transport
30	CcGene_16891	CcContig_125253	28464	36296	-	Secondary Metabolite	KAK1393336.1Acyl-coenzyme A oxidase [Heracleum sosnowskyi]	GO:0003997, GO:0005504, GO:0005777, GO:0033540, GO:0055088, GO:0071949	Beta-oxidation of very long chain fatty acids
31	CcGene_02021	CcContig_114161	24558	25677	+	Secondary Metabolite	7672.1carboxylesterase 15 [Daucus carota subsp. sativus]	GO:0016787	LDL clearance; Phase I - Functionalization of compounds; Gibberellin signaling
32	CcGene_07003	CcContig_076689	33829	35611	-	Secondary Metabolite	KAK1374000.1RING-H2 finger protein like [Heracleum sosnowskyi]	GO:0030247	Antigen processing: Ubiquitination & Proteasome degradation; Galactose degradation II
33	CcGene_04872	CcContig_143506	45460	49643	-	Secondary Metabolite	3932.1uncharacterized protein LOC108215851 [Daucus carota subsp. sativus]	GO:0003887, GO:0006271, GO:0006297, GO:0043625, GO:1904161	Gap-filling DNA repair synthesis and ligation in GG-NER
34	CcGene_00694	CcContig_049558	4712	9855	-	Secondary Metabolite	KAL1834860.1hypothetical protein ACET3Z_004511 [Daucus carota]	GO:0000724, GO:0004842, GO:0005886, GO:0031436, GO:0045717, GO:0045944, GO:0070531	SMAD2/SMAD3:SMAD4 heterotrimer regulates transcription
35	CcGene_06654	CcContig_035372	19581	25290	+	Secondary Metabolite	8144.1histidine biosynthesis bifunctional protein hisIE, chloroplastic [Daucus carota subsp. sativus]	GO:0000105, GO:0004635, GO:0004636	Histidine biosynthesis I
36	CcGene_07684	CcContig_138924	104701	108671	+	Alkaloid Biosynthesis	KAL1807520.1hypothetical protein ACET3Z_024510 [Daucus carota]	GO:0000162, GO:0004640	Tryptophan biosynthesis
37	CcGene_08016	CcContig_097555	14545	17177	+	Secondary Metabolite	polyadenylate-binding protein	GO:0003777, GO:0005524, GO:0007018, GO:0008017, GO:0015630, GO:0000228, GO:0000785, GO:0000790, GO:0003674, GO:0003676, GO:0003723, GO:0003727, GO:0005488, GO:0005575, GO:0005622, GO:0005623, GO:0005634, GO:0005654, GO:0005694, GO:0005730, GO:0005737, GO:0005844, GO:0006139, GO:0006401, GO:0006402, GO:0006725, GO:0006807, GO:0008143, GO:0008150, GO:0008152, GO:0009056, GO:0009057, GO:0009892, GO:0009987, GO:0010468, GO:0010605, GO:0010629, GO:0016070, GO:0016071, GO:0016604, GO:0019222, GO:0019439, GO:0031974, GO:0031981, GO:0032991, GO:0034641, GO:0034655, GO:0043170, GO:0043226, GO:0043227, GO:0043228, GO:0043229, GO:0043231, GO:0043232, GO:0043233, GO:0044237, GO:0044238, GO:0044248, GO:0044260, GO:0044265, GO:0044270, GO:0044422, GO:0044424, GO:0044427, GO:0044428, GO:0044446, GO:0044451, GO:0044454, GO:0044464, GO:0046483, GO:0046700, GO:0048519, GO:0050789, GO:0060255, GO:0065007, GO:0070013, GO:0070717, GO:0071704, GO:0090304, GO:0097159, GO:1901360, GO:1901361, GO:1901363, GO:1901575, GO:1990251, GO:1990904	Association of TriC/CCT with target proteins during biosynthesis
38	CcGene_23061	CcContig_076476	10089	15330	+	Secondary Metabolite	KAL1809231.1hypothetical protein ACET3Z_026221 [Daucus carota]	GO:0006865, GO:0015171, GO:0016020, GO:0055085	Amino acid transport across the plasma membrane
39	CcGene_04650	CcContig_124555	20272	23921	+	Secondary Metabolite	KAL1823952.1hypothetical protein ACET3Z_010730 [Daucus carota]	GO:0005802, GO:0005886, GO:0009833, GO:0016760, GO:0030244	Cellulose biosynthesis
40	CcGene_03005	CcContig_004636	4454	8404	+	Secondary Metabolite	0708.1THO complex subunit 4A-like [Apium graveolens]	GO:0003729, GO:0005634, GO:0006406	mRNA 3'-end processing; RNA Polymerase II Transcription Termination; Transport of Mature mRNA Derived from an Intronless Transcript; Transport of the SLBP Dependant Mature mRNA; Transport of Mature mRNA derived from an Intron-Containing Transcript; Transport of the SLBP independent Mature mRNA
41	CcGene_13209	CcContig_096740	50767	52618	+	Secondary Metabolite	0351.1fructose-1,6-bisphosphatase 1, chloroplastic [Apium graveolens]	GO:0005829, GO:0005986, GO:0006000, GO:0006002, GO:0006094, GO:0030388, GO:0042132	Gluconeogenesis; Sucrose biosynthesis
42	CcGene_04368	CcContig_047554	14761	15457	-	Secondary Metabolite	resistance protein	GO:0009416, GO:0009686, GO:0016707	Gibberellin biosynthesis I (non C-3, non C-13 hydroxylation); Gibberellin biosynthesis II (early C-3 hydroxylation)
43	CcGene_15287	CcContig_001636	19516	34870	-	Secondary Metabolite	KAL1831271.1hypothetical protein ACET3Z_000922 [Daucus carota]	GO:0000166, GO:0003677, GO:0003887, GO:0006287, GO:0006297, GO:0008296, GO:0043625, GO:0045004	Resolution of AP sites via the single-nucleotide replacement pathway; Resolution of AP sites via the multiple-nucleotide patch replacement pathway; Gap-filling DNA repair synthesis and ligation in GG-NER; APEX1-Independent Resolution of AP Sites via the Single Nucleotide Replacement Pathway
44	CcGene_14404	CcContig_143782	78878	82228	+	Secondary Metabolite	0330.1imidazoleglycerol-phosphate dehydratase, chloroplastic isoform X2 [Daucus carota subsp. sativus]	GO:0000105, GO:0004424	Histidine biosynthesis I
45	CcGene_00997	CcContig_124612	49287	54236	-	Secondary Metabolite	2182.1DEAD-box ATP-dependent RNA helicase 20 [Daucus carota subsp. sativus]	GO:0003723, GO:0003724, GO:0005524, GO:0005634, GO:0005737, GO:1990904	SUMOylation of transcription cofactors; Estrogen-dependent gene expression
46	CcGene_17245	CcContig_120704	103325	109294	-	Secondary Metabolite	KAK1391907.1DNA cross-link repair protein SNM1 [Heracleum sosnowskyi]	GO:0003684, GO:0006303, GO:0035312, GO:0036297	Fanconi Anemia Pathway
47	CcGene_04824	CcContig_144366	17784	20551	+	Secondary Metabolite	1571.1uncharacterized protein LOC108205947 [Daucus carota subsp. sativus]	GO:0003921, GO:0005524, GO:0005829, GO:0006177	De novo synthesis of GMP
48	CcGene_08563	CcContig_047051	65241	67997	+	Secondary Metabolite	7739.1uncharacterized protein LOC141674939 [Apium graveolens]	GO:0005737, GO:0016567, GO:0061630	E3 ubiquitin ligases ubiquitinate target proteins
49	CcGene_07997	CcContig_062358	19384	23455	-	Secondary Metabolite	WOG97328.1hypothetical protein DCAR_0416668 [Daucus carota subsp. sativus]	GO:0004691, GO:0005524, GO:0005952, GO:0007165, GO:0018105	VEGFR2 mediated vascular permeability; VEGFR2 mediated cell proliferation; Integrin signaling; G beta:gamma signalling through PI3Kgamma; Activation of AKT2; GPVI-mediated activation cascade; IRS-related events triggered by IGF1R; Downstream TCR signaling; CD28 dependent PI3K/Akt signaling; High laminar flow shear stress activates signaling by PIEZO1 and PECAM1:CDH5:KDR in endothelial cells; Role of LAT2/NTAL/LAB on calcium mobilization; RHO GTPases activate PKNs; Regulation of TP53 Degradation; PIP3 activates AKT signaling
50	CcGene_13016	CcContig_002039	21473	22279	+	Secondary Metabolite	KAL1830127.1hypothetical protein ACET3Z_008539 [Daucus carota]	GO:0009055	Pantothenate and coenzyme A biosynthesis III
51	CcGene_13559	CcContig_110179	4596	6037	-	Secondary Metabolite	4551.1ribulose bisphosphate carboxylase small subunit 1B, chloroplastic-like isoform X1 [Daucus carota subsp. sativus]	GO:0009506, GO:0009507, GO:0009853, GO:0016984, GO:0019253	Calvin cycle; Photorespiration
52	CcGene_03887	CcContig_142411	6744	8975	-	Secondary Metabolite	9605.1E3 ubiquitin-protein ligase AIRP2-like [Daucus carota subsp. sativus]	GO:0016567, GO:0061630	E3 ubiquitin ligases ubiquitinate target proteins
53	CcGene_13709	CcContig_059262	16448	21816	-	Secondary Metabolite	5243.1succinate--CoA ligase [ADP-forming] subunit alpha-2, mitochondrial [Daucus carota subsp. sativus]	GO:0004775, GO:0004776, GO:0005739, GO:0006099, GO:0009361	Citric acid cycle (TCA cycle); The tricarboxylic acid cycle; TCA cycle (plant)
54	CcGene_00753	CcContig_046339	6969	11089	-	Secondary Metabolite	9853.1phosphoribosylaminoimidazole-succinocarboxamide synthase, chloroplastic [Apium graveolens]	GO:0004639, GO:0006189, GO:0009570	De novo synthesis of IMP
55	CcGene_03302	CcContig_046925	72188	73270	+	Secondary Metabolite	KAK1378254.1L-lactate dehydrogenase [Heracleum sosnowskyi]	GO:0004459, GO:0006089, GO:0006090	Pyruvate metabolism
56	CcGene_09997	CcContig_135825	30590	40799	-	Secondary Metabolite	lysine-specific demethylase	GO:0005543, GO:0005768, GO:0005886, GO:0006897, GO:0030125, GO:0030276, GO:0000902, GO:0003674, GO:0003700, GO:0003824, GO:0005575, GO:0005622, GO:0005623, GO:0005634, GO:0006325, GO:0006355, GO:0006464, GO:0006482, GO:0006807, GO:0006996, GO:0008150, GO:0008152, GO:0008214, GO:0009653, GO:0009719, GO:0009725, GO:0009741, GO:0009826, GO:0009889, GO:0009892, GO:0009987, GO:0010033, GO:0010468, GO:0010556, GO:0010605, GO:0010629, GO:0014070, GO:0016043, GO:0016049, GO:0016569, GO:0016570, GO:0016577, GO:0019219, GO:0019222, GO:0019538, GO:0031323, GO:0031326, GO:0032451, GO:0032452, GO:0032502, GO:0032989, GO:0033169, GO:0033993, GO:0036211, GO:0040007, GO:0040029, GO:0042221, GO:0043170, GO:0043226, GO:0043227, GO:0043229, GO:0043231, GO:0043412, GO:0044237, GO:0044238, GO:0044260, GO:0044267, GO:0044424, GO:0044464, GO:0045814, GO:0048519, GO:0048577, GO:0048579, GO:0048580, GO:0048581, GO:0048583, GO:0048585, GO:0048586, GO:0048587, GO:0048589, GO:0048856, GO:0048869, GO:0050789, GO:0050793, GO:0050794, GO:0050896, GO:0051093, GO:0051171, GO:0051239, GO:0051241, GO:0051252, GO:0051276, GO:0060255, GO:0060560, GO:0065007, GO:0070076, GO:0070988, GO:0071704, GO:0071840, GO:0080090, GO:0140096, GO:0140110, GO:1901564, GO:1901700, GO:1903506, GO:2000026, GO:2000028, GO:2000112, GO:2000241, GO:2000242, GO:2001141	Cargo recognition for clathrin-mediated endocytosis; EGFR downregulation
57	CcGene_01017	CcContig_104303	13127	16391	+	Secondary Metabolite	1763.1ADP-ribosylation factor [Glycine max]	GO:0003924, GO:0005525, GO:0005737, GO:0006886, GO:0016192	Intra-Golgi traffic; COPI-dependent Golgi-to-ER retrograde traffic; trans-Golgi Network Vesicle Budding; VxPx cargo-targeting to cilium; COPI-mediated anterograde transport; Synthesis of PIPs at the Golgi membrane; Homoserine biosynthesis
58	CcGene_23007	CcContig_106563	19843	22657	-	Secondary Metabolite	0211.1polyadenylate-binding protein RBP47 isoform X1 [Daucus carota subsp. sativus]	GO:0003729, GO:0005634	FGFR2 alternative splicing
59	CcGene_11893	CcContig_116008	12226	23758	+	Secondary Metabolite	KAK1373228.1Pantothenate kinase 2 [Heracleum sosnowskyi]	GO:0004594, GO:0005524, GO:0005634, GO:0005829, GO:0015937	Coenzyme A biosynthesis
60	CcGene_22169	CcContig_041431	3250	5536	-	Secondary Metabolite	1407.2uncharacterized protein LOC108198148 [Daucus carota subsp. sativus]	GO:0017183, GO:0090560	Synthesis of diphthamide-EEF2
61	CcGene_09450	CcContig_126355	26076	29479	+	Secondary Metabolite	8726.1ubiquitin-conjugating enzyme E2 7-like [Apium graveolens]	GO:0000209, GO:0006511, GO:0061631	Antigen processing: Ubiquitination & Proteasome degradation
62	CcGene_27689	CcContig_138629	38857	39825	-	Secondary Metabolite	KAK1376368.1Aquaporin TIP2-3 [Heracleum sosnowskyi]	GO:0006833, GO:0009705, GO:0015250, GO:0055085	Passive transport by Aquaporins
63	CcGene_08021	CcContig_003323	10174	23580	-	Secondary Metabolite	Protein of unknown function (DUF1666)	GO:0003676, GO:0004523	Dolichyl-diphosphooligosaccharide biosynthesis
64	CcGene_06187	CcContig_109491	28161	30907	-	Secondary Metabolite	6849.1pyruvate kinase, cytosolic isozyme [Daucus carota subsp. sativus]	GO:0000287, GO:0004743, GO:0005737, GO:0006096, GO:0030955	Glycolysis; Cytosolic glycolysis; Plastid glycolysis
65	CcGene_25657	CcContig_106413	22357	29828	+	Secondary Metabolite	6517.1DNA polymerase kappa isoform X2 [Daucus carota subsp. sativus]	GO:0003887, GO:0005634, GO:0006281, GO:0042276	Translesion synthesis by POLK; Translesion synthesis by REV1; Translesion synthesis by POLI
66	CcGene_17406	CcContig_146390	20090	22760	-	Secondary Metabolite	KAL8123925.1hypothetical protein AgCh_011799 [Apium graveolens]	GO:0003923, GO:0006508, GO:0016255, GO:0042765	Attachment of GPI anchor to uPAR
67	CcGene_28258	CcContig_109529	59489	61660	-	Secondary Metabolite	8174.2RING-H2 finger protein ATL7 [Daucus carota subsp. sativus]	GO:0016567, GO:0061630	E3 ubiquitin ligases ubiquitinate target proteins
68	CcGene_25004	CcContig_033673	43401	45232	+	Secondary Metabolite	KAL1808199.1hypothetical protein ACET3Z_025189 [Daucus carota]	GO:0000160, GO:0003677, GO:0009736	DARPP-32 events; Insulin receptor signalling cascade; PDE3B signalling; Cam-PDE 1 activation; cGMP effects; G alpha (s) signalling events; Ca-dependent events; Short day regulated expression of florigens; Long day regulated expression of florigens
69	CcGene_21803	CcContig_120003	34865	37938	+	Secondary Metabolite	9772.1elongation factor 2-like [Apium graveolens]	GO:0003746, GO:0003924, GO:0005525, GO:0005829, GO:0006414, GO:0043022, GO:1990904	Eukaryotic Translation Elongation; Translation elongation
70	CcGene_01192	CcContig_098763	102245	107746	-	Secondary Metabolite	KAL1820903.1hypothetical protein ACET3Z_015772 [Daucus carota]	GO:0004418, GO:0005737, GO:0006783	Heme biosynthesis; Heme synthesis
71	CcGene_15724	CcContig_109468	38029	41144	+	Secondary Metabolite	8246.1E3 ubiquitin-protein ligase RING1 [Daucus carota subsp. sativus]	GO:0005737, GO:0016567, GO:0061630	E3 ubiquitin ligases ubiquitinate target proteins
72	CcGene_29001	CcContig_128702	13539	17720	-	Secondary Metabolite	6573.1homeobox-leucine zipper protein GLABRA 2 [Daucus carota subsp. sativus]	GO:0000981, GO:0003677, GO:0006355, GO:0008289	Formation of the ureteric bud; Regulation of embryo development
73	CcGene_24482	CcContig_113927	61441	62647	-	Secondary Metabolite	RRT62096.1hypothetical protein B296_00015162 [Ensete ventricosum]	GO:0004306, GO:0005737, GO:0006646	Synthesis of PE
74	CcGene_03011	CcContig_119015	18310	21279	-	Secondary Metabolite	5212.1peptide methionine sulfoxide reductase A5 [Daucus carota subsp. sativus]	GO:0005737, GO:0008113, GO:0034599	Protein repair
75	CcGene_15989	CcContig_085841	11966	16274	-	Secondary Metabolite	9047.1protein IWS1 homolog 1 [Daucus carota subsp. sativus]	GO:0009742, GO:0032784	RNA Polymerase II Pre-transcription Events; Formation of RNA Pol II elongation complex
76	CcGene_04005	CcContig_111129	65331	76963	-	Secondary Metabolite	KAL1823285.1hypothetical protein ACET3Z_010063 [Daucus carota]	GO:0043130	ALKBH3 mediated reversal of alkylation damage
77	CcGene_17638	CcContig_003603	31287	35518	+	Secondary Metabolite	Aux IAA proteins are short-lived transcriptional factors that function as repressors of early auxin response genes at low auxin concentrations	GO:0004633, GO:0010181, GO:0015937, GO:0016788, GO:0071513, GO:0001067, GO:0003674, GO:0003676, GO:0003677, GO:0003700, GO:0005488, GO:0005515, GO:0005575, GO:0005622, GO:0005623, GO:0005634, GO:0006355, GO:0008150, GO:0009719, GO:0009725, GO:0009733, GO:0009889, GO:0010033, GO:0010468, GO:0010556, GO:0019219, GO:0019222, GO:0031323, GO:0031326, GO:0042221, GO:0042802, GO:0043226, GO:0043227, GO:0043229, GO:0043231, GO:0043565, GO:0044212, GO:0044424, GO:0044464, GO:0050789, GO:0050794, GO:0050896, GO:0051171, GO:0051252, GO:0060255, GO:0065007, GO:0080090, GO:0097159, GO:0140110, GO:1901363, GO:1903506, GO:2000112, GO:2001141	Coenzyme A biosynthesis
78	CcGene_08058	CcContig_101580	20288	34699	+	Secondary Metabolite	KAK1396619.1Argonaute [Heracleum sosnowskyi]	GO:0003723, GO:0004521, GO:0005515, GO:0005737, GO:0035194	Post-transcriptional silencing by small RNAs
79	CcGene_04726	CcContig_009900	8881	13574	+	Secondary Metabolite	KAL1812687.1hypothetical protein ACET3Z_022752 [Daucus carota]	GO:0000287, GO:0003862, GO:0009098, GO:0051287	Leucine biosynthesis
80	CcGene_03457	CcContig_085363	56735	60524	-	Secondary Metabolite	3644.1acyl-coenzyme A oxidase 2, peroxisomal [Daucus carota subsp. sativus]	GO:0003997, GO:0005504, GO:0005777, GO:0033540, GO:0055088, GO:0071949	Beta-oxidation of very long chain fatty acids
81	CcGene_19611	CcContig_003564	26912	28361	+	Secondary Metabolite	8031.1acetylserotonin O-methyltransferase [Daucus carota subsp. sativus]	GO:0008171, GO:0008757, GO:0032259, GO:0046983	Methylation
82	CcGene_21010	CcContig_049800	27849	30581	+	Secondary Metabolite	KAL1813113.1hypothetical protein ACET3Z_023178 [Daucus carota]	GO:0003697, GO:0006264, GO:0042645, GO:0051096	Cytosolic glycolysis; Ascorbate biosynthesis
83	CcGene_03109	CcContig_109737	48660	49892	-	Secondary Metabolite	Bulb-type mannose-specific lectin	GO:0005802, GO:0005886, GO:0009833, GO:0016760, GO:0030244	Cellulose biosynthesis
84	CcGene_08389	CcContig_115463	7901	11371	-	Secondary Metabolite	KAL1829241.1hypothetical protein ACET3Z_007653 [Daucus carota]	GO:0001678, GO:0004340, GO:0005524, GO:0005536, GO:0005739, GO:0005829, GO:0006006, GO:0006096, GO:0008865, GO:0046835, GO:0051156	Glycolysis; Cytosolic glycolysis; Plastid glycolysis
85	CcGene_16450	CcContig_098974	9150	15541	+	Secondary Metabolite	3928.1CDP-diacylglycerol--serine O-phosphatidyltransferase 1 [Daucus carota subsp. sativus]	GO:0006659, GO:0106245	Synthesis of PS
86	CcGene_16960	CcContig_004586	11132	14613	-	Secondary Metabolite	4807.1malate dehydrogenase, glyoxysomal [Daucus carota subsp. sativus]	GO:0006099, GO:0006108, GO:0009507, GO:0030060	The tricarboxylic acid cycle; Citric acid cycle (TCA cycle); TCA cycle (plant)
87	CcGene_03955	CcContig_097768	34180	37683	+	Secondary Metabolite	0755.1protein SUPPRESSOR OF K(+) TRANSPORT GROWTH DEFECT 1-like isoform X1 [Apium graveolens]	GO:0005524, GO:0007033, GO:0016197, GO:0016887	Endosomal Sorting Complex Required For Transport (ESCRT)
88	CcGene_05074	CcContig_095547	14582	19789	+	Secondary Metabolite	4285.1protein argonaute 7 [Daucus carota subsp. sativus]	GO:0003723, GO:0004521, GO:0005515, GO:0005737, GO:0035194	Post-transcriptional silencing by small RNAs
89	CcGene_18990	CcContig_135480	26831	29175	-	Secondary Metabolite	KAL1813928.1hypothetical protein ACET3Z_023993 [Daucus carota]	GO:0004672, GO:0005524, GO:0006468	TAK1-dependent IKK and NF-kappa-B activation; MyD88:MAL(TIRAP) cascade initiated on plasma membrane; IRAK1 recruits IKK complex; TRIF (TICAM1)-mediated TLR4 signaling; JNK (c-Jun kinases) phosphorylation and  activation mediated by activated human TAK1; activated TAK1 mediates p38 MAPK activation; Toll Like Receptor TLR1:TLR2 Cascade; Toll Like Receptor 5 (TLR5) Cascade; Toll Like Receptor 3 (TLR3) Cascade; Toll Like Receptor TLR6:TLR2 Cascade; Toll Like Receptor 9 (TLR9) Cascade; PI5P, PP2A and IER3 Regulate PI3K/AKT Signaling; p75NTR recruits signalling complexes; NF-kB is activated and signals survival; IRAK1 recruits IKK complex upon TLR7/8 or 9 stimulation; Recognition of fungal and bacterial pathogens and immunity response
90	CcGene_17010	CcContig_037263	5583	8706	+	Secondary Metabolite	6810.1uncharacterized protein LOC141707512 [Apium graveolens]	GO:0005515	Jasmonic acid signaling; Strigolactone signaling; Reproductive meristem phase change
91	CcGene_08229	CcContig_144233	150457	154589	+	Secondary Metabolite	KAK1389581.1Phosphopyruvate hydratase [Heracleum sosnowskyi]	GO:0000015, GO:0000287, GO:0004634, GO:0006096	Glycolysis; Cytosolic glycolysis; Plastid glycolysis
92	CcGene_26005	CcContig_103525	19962	33181	-	Secondary Metabolite	0062.1phytyl ester synthase 2, chloroplastic-like isoform X1 [Daucus carota subsp. sativus]		Triglyceride biosynthesis
93	CcGene_01113	CcContig_016648	1479	2106	+	Secondary Metabolite	KAK1379335.12-(3-amino-3-carboxypropyl)histidine synthase subunit 2 [Heracleum sosnowskyi]	GO:0017183, GO:0090560	Synthesis of diphthamide-EEF2
94	CcGene_10013	CcContig_126908	57927	60318	-	Secondary Metabolite	5703.1importin subunit alpha-8-like [Apium graveolens]		Assembly of the ORC complex at the origin of replication
95	CcGene_10821	CcContig_097715	25464	27629	+	Secondary Metabolite	8945.1adenosylhomocysteinase [Daucus carota subsp. sativus]	GO:0004013, GO:0005829, GO:0033353	S-adenosyl-L-methionine cycle
96	CcGene_19508	CcContig_137710	19244	21672	+	Secondary Metabolite	6698.1trehalose-phosphate phosphatase A isoform X1 [Daucus carota subsp. sativus]	GO:0004805, GO:0005992	Trehalose biosynthesis; Trehalose biosynthesis I
97	CcGene_29792	CcContig_065648	5718	6428	-	Secondary Metabolite	3219.1uncharacterized protein LOC141660159 [Apium graveolens]	GO:0000723, GO:0003678, GO:0006281	Fanconi Anemia Pathway in DNA repair
98	CcGene_05983	CcContig_115374	5157	9381	+	Secondary Metabolite	6179.1glutathione reductase, chloroplastic [Daucus carota subsp. sativus]	GO:0004362, GO:0005739, GO:0005829, GO:0006749, GO:0034599, GO:0045454, GO:0050660, GO:0050661	Detoxification of Reactive Oxygen Species
99	CcGene_26997	CcContig_003305	19403	24336	-	Secondary Metabolite	KAL8132199.1hypothetical protein AgCh_007916 [Apium graveolens]	GO:0003871, GO:0008270	S-adenosyl-L-methionine cycle; Methionine biosynthesis II
100	CcGene_26477	CcContig_112101	8997	14911	+	Secondary Metabolite	WOH05653.1hypothetical protein DCAR_0625073 [Daucus carota subsp. sativus]	GO:0006400, GO:0016432	Synthesis of wybutosine at G37 of tRNA(Phe)
101	CcGene_21994	CcContig_137307	30693	34382	-	Secondary Metabolite	KAK1402727.1Pumilio-like protein 11 [Heracleum sosnowskyi]	GO:0003729, GO:0005737, GO:0010608	Neddylation
102	CcGene_24208	CcContig_095324	19651	20792	+	Secondary Metabolite	4828.1E3 ubiquitin-protein ligase HAKAI homolog isoform X2 [Daucus carota subsp. sativus]	GO:0016567, GO:0030155, GO:0061630	E3 ubiquitin ligases ubiquitinate target proteins
103	CcGene_20015	CcContig_105839	5461	10034	+	Secondary Metabolite	5784.1cell division control protein 2 homolog C [Daucus carota subsp. sativus]	GO:0000082, GO:0000307, GO:0004693, GO:0005524, GO:0005634, GO:0005737, GO:0006468, GO:0007165, GO:0010389, GO:0010468, GO:0030332	Telomere Extension By Telomerase; Senescence-Associated Secretory Phenotype (SASP); DNA Damage/Telomere Stress Induced Senescence; AURKA Activation by TPX2; Cyclin A/B1/B2 associated events during G2/M transition; Phosphorylation of proteins involved in G1/S transition by active Cyclin E:Cdk2 complexes; Cyclin D associated events in G1; SCF(Skp2)-mediated degradation of p27/p21; Orc1 removal from chromatin; Activation of the pre-replicative complex; G2 Phase; Regulation of TP53 Degradation; Regulation of TP53 Activity through Phosphorylation; G0 and Early G1; p53-Dependent G1 DNA Damage Response; PTK6 Regulates Cell Cycle; TP53 Regulates Transcription of Genes Involved in G1 Cell Cycle Arrest; Regulation of APC/C activators between G1/S and early anaphase; CDK-mediated phosphorylation and removal of Cdc6; G1/S transition; G1 phase
104	CcGene_27005	CcContig_053063	121278	127738	+	Secondary Metabolite	KAL1819609.1hypothetical protein ACET3Z_014478 [Daucus carota]	GO:0004672, GO:0005515, GO:0005524, GO:0005737, GO:0006468, GO:0007165	Regulation of necroptotic cell death; Long day regulated expression of florigens
105	CcGene_23335	CcContig_123164	11487	20197	+	Secondary Metabolite	AI-2E family transporter	GO:0004325, GO:0005739, GO:0006783	Heme biosynthesis; Heme synthesis
106	CcGene_21872	CcContig_004675	478	2077	-	Secondary Metabolite	Transmembrane amino acid transporter protein	GO:0005802, GO:0005886, GO:0009833, GO:0016760, GO:0030244, GO:0003333, GO:0003674, GO:0005215, GO:0005342, GO:0005575, GO:0005622, GO:0005623, GO:0005737, GO:0005773, GO:0005774, GO:0006810, GO:0006811, GO:0006820, GO:0006865, GO:0008150, GO:0008509, GO:0008514, GO:0015075, GO:0015171, GO:0015175, GO:0015318, GO:0015711, GO:0015804, GO:0015849, GO:0016020, GO:0022857, GO:0031090, GO:0034220, GO:0043226, GO:0043227, GO:0043229, GO:0043231, GO:0044422, GO:0044424, GO:0044437, GO:0044444, GO:0044446, GO:0044464, GO:0046942, GO:0046943, GO:0051179, GO:0051234, GO:0055085, GO:0071702, GO:0071705, GO:0098588, GO:0098656, GO:0098805, GO:1903825, GO:1905039	Cellulose biosynthesis
107	CcGene_10492	CcContig_124908	4112	11675	+	Secondary Metabolite	Omega-6 fatty acid desaturase	GO:0016020, GO:0016126, GO:0016132, GO:0016628, GO:0003674, GO:0005488, GO:0005515, GO:0005575, GO:0005622, GO:0005623, GO:0005737, GO:0006082, GO:0006629, GO:0006631, GO:0006633, GO:0008150, GO:0008152, GO:0008610, GO:0009058, GO:0009314, GO:0009416, GO:0009507, GO:0009526, GO:0009536, GO:0009628, GO:0009642, GO:0009644, GO:0009892, GO:0009941, GO:0009987, GO:0010109, GO:0010205, GO:0016053, GO:0019222, GO:0019752, GO:0019904, GO:0031323, GO:0031324, GO:0031967, GO:0031975, GO:0032787, GO:0042548, GO:0043155, GO:0043226, GO:0043227, GO:0043229, GO:0043231, GO:0043436, GO:0043467, GO:0044237, GO:0044238, GO:0044249, GO:0044255, GO:0044281, GO:0044283, GO:0044422, GO:0044424, GO:0044434, GO:0044435, GO:0044444, GO:0044446, GO:0044464, GO:0046394, GO:0048519, GO:0048523, GO:0050789, GO:0050794, GO:0050896, GO:0065007, GO:0071704, GO:0072330, GO:1901576, GO:1905156	Brassinosteroid biosynthesis II
108	CcGene_21017	CcContig_071605	3399	5900	-	Lipid & Polyketide Metabolism	KAL1821410.1hypothetical protein ACET3Z_016279 [Daucus carota]	GO:0005524, GO:0016020, GO:0016887, GO:0055085, GO:0140359	Iron uptake and transport; Sphingolipid de novo biosynthesis; Paracetamol ADME; Heme biosynthesis; Heme degradation; Ciprofloxacin ADME
109	CcGene_18431	CcContig_089647	33162	34832	-	Secondary Metabolite	KAK1388135.1Argonaute 1 [Heracleum sosnowskyi]	GO:0003723, GO:0004521, GO:0005515, GO:0005737, GO:0035194	Post-transcriptional silencing by small RNAs
110	CcGene_21826	CcContig_059019	4369	5398	-	Secondary Metabolite	2695.1uncharacterized protein LOC141691841 [Apium graveolens]	GO:0003906, GO:0005634, GO:0006284, GO:0008081, GO:0008311	Abasic sugar-phosphate removal via the single-nucleotide replacement pathway
111	CcGene_16361	CcContig_142740	59289	61083	-	Secondary Metabolite	KAL1829182.1hypothetical protein ACET3Z_007594 [Daucus carota]	GO:0004657, GO:0005739, GO:0006562, GO:0071949	Proline catabolism; Proline degradation
112	CcGene_24633	CcContig_120465	15635	16367	-	Secondary Metabolite	KAK1370907.1Helicase-like protein [Heracleum sosnowskyi]	GO:0000723, GO:0006281, GO:0043139, GO:0052692	Fanconi Anemia Pathway in DNA repair
113	CcGene_23991	CcContig_099765	27234	27804	+	Secondary Metabolite	3916.1methyl-CpG-binding domain-containing protein 9 isoform X2 [Daucus carota subsp. sativus]		RUNX1 regulates genes involved in megakaryocyte differentiation and platelet function; Formation of the beta-catenin:TCF transactivating complex; Formation of WDR5-containing histone-modifying complexes
114	CcGene_14132	CcContig_146603	3744	6608	-	Secondary Metabolite	7099.1uncharacterized protein LOC108210286 [Daucus carota subsp. sativus]	GO:0000151, GO:0000209, GO:0005634, GO:0005829, GO:0006513, GO:0030332, GO:0031624, GO:0043161, GO:0051865, GO:0061630	Antigen processing: Ubiquitination & Proteasome degradation; Ubiquitin-dependent degradation of Cyclin D
115	CcGene_10804	CcContig_076573	8684	11591	+	Secondary Metabolite	2938.1adenosylhomocysteinase [Daucus carota subsp. sativus]	GO:0004013, GO:0005829, GO:0033353	S-adenosyl-L-methionine cycle
116	CcGene_21730	CcContig_099177	21515	25606	+	Secondary Metabolite	KAK1399457.1Trehalose 6-phosphate phosphatase [Heracleum sosnowskyi]	GO:0004805, GO:0005992	Trehalose biosynthesis; Trehalose biosynthesis I
117	CcGene_05934	CcContig_094697	8502	10365	-	Secondary Metabolite	4898.1putative trehalose-phosphate phosphatase H [Apium graveolens]	GO:0004805, GO:0005992	Trehalose biosynthesis; Trehalose biosynthesis I
118	CcGene_05221	CcContig_073954	3301	4742	+	Secondary Metabolite	2639.1bergaptol O-methyltransferase-like isoform X1 [Daucus carota subsp. sativus]	GO:0008171, GO:0008757, GO:0032259, GO:0046983	Methylation
119	CcGene_24965	CcContig_048206	64869	68689	-	Secondary Metabolite	6343.1aminomethyltransferase, mitochondrial [Daucus carota subsp. sativus]	GO:0004047, GO:0005515, GO:0005739, GO:0005960, GO:0006546	Glycine degradation
120	CcGene_27128	CcContig_138567	14573	19224	+	Secondary Metabolite	1469.2uncharacterized protein LOC108198216 [Daucus carota subsp. sativus]	GO:0000723, GO:0006281, GO:0043139	Fanconi Anemia Pathway in DNA repair
121	CcGene_28982	CcContig_057748	31237	37037	-	Secondary Metabolite	5115.1organic cation/carnitine transporter 4 [Daucus carota subsp. sativus]	GO:0016020, GO:0022857, GO:0055085	Iron uptake and transport; Norepinephrine Neurotransmitter Release Cycle; Ciprofloxacin ADME; Abacavir transmembrane transport; Carnitine shuttle; Neurotransmitter clearance; Organic anion transport; Na+/Cl- dependent neurotransmitter transporters; Organic cation transport; Aspirin ADME
122	CcGene_10001	CcContig_144152	67272	70254	+	Secondary Metabolite	KAK1369978.1Dynamin-type G domain-containing protein [Heracleum sosnowskyi]	GO:0003924, GO:0005737, GO:0005874, GO:0008017, GO:0016020	Interferon alpha/beta signaling
123	CcGene_23624	CcContig_143862	55888	58526	+	Secondary Metabolite	2671.1uncharacterized protein LOC108214927 isoform X2 [Daucus carota subsp. sativus]	GO:0006513, GO:0036297, GO:0043240, GO:0061630	Fanconi Anemia Pathway
124	CcGene_15290	CcContig_001636	44807	46640	-	Secondary Metabolite	8666.1DNA polymerase delta catalytic subunit isoform X1 [Daucus carota subsp. sativus]	GO:0003887, GO:0006287, GO:0006297, GO:0008296, GO:0043625, GO:0045004	Resolution of AP sites via the single-nucleotide replacement pathway; Resolution of AP sites via the multiple-nucleotide patch replacement pathway; Gap-filling DNA repair synthesis and ligation in GG-NER; APEX1-Independent Resolution of AP Sites via the Single Nucleotide Replacement Pathway
125	CcGene_09006	CcContig_138566	16196	23219	+	Secondary Metabolite	Chaperone protein	GO:0004674, GO:0005524, GO:0005634, GO:0005737, GO:0006897, GO:0007165, GO:0018105, GO:0000302, GO:0005575, GO:0005622, GO:0005623, GO:0006417, GO:0006950, GO:0006979, GO:0008150, GO:0009266, GO:0009314, GO:0009408, GO:0009416, GO:0009507, GO:0009526, GO:0009532, GO:0009536, GO:0009570, GO:0009628, GO:0009636, GO:0009642, GO:0009644, GO:0009889, GO:0009891, GO:0009893, GO:0009941, GO:0009987, GO:0010035, GO:0010468, GO:0010556, GO:0010557, GO:0010604, GO:0010608, GO:0010628, GO:0019222, GO:0031323, GO:0031325, GO:0031326, GO:0031328, GO:0031967, GO:0031975, GO:0032268, GO:0032270, GO:0033554, GO:0034248, GO:0034250, GO:0034605, GO:0042221, GO:0042493, GO:0042542, GO:0043226, GO:0043227, GO:0043229, GO:0043231, GO:0043335, GO:0044422, GO:0044424, GO:0044434, GO:0044435, GO:0044444, GO:0044446, GO:0044464, GO:0045727, GO:0046677, GO:0048518, GO:0048522, GO:0050789, GO:0050794, GO:0050896, GO:0051171, GO:0051173, GO:0051246, GO:0051247, GO:0051716, GO:0060255, GO:0065007, GO:0080090, GO:1901700, GO:2000112	Anchoring of the basal body to the plasma membrane; Regulation of PLK1 Activity at G2/M Transition; WNT mediated activation of DVL; Loss of Nlp from mitotic centrosomes; Recruitment of mitotic centrosome proteins and complexes; Recruitment of NuMA to mitotic centrosomes; AURKA Activation by TPX2
126	CcGene_28987	CcContig_102269	3826	8366	-	Secondary Metabolite	2326.1succinate--CoA ligase [ADP-forming] subunit alpha-1, mitochondrial [Daucus carota subsp. sativus]	GO:0004775, GO:0004776, GO:0005739, GO:0006099, GO:0009361	Citric acid cycle (TCA cycle); The tricarboxylic acid cycle; TCA cycle (plant)
127	CcGene_16053	CcContig_116784	3087	4574	-	Secondary Metabolite	KAL1818001.1hypothetical protein ACET3Z_020575 [Daucus carota]	GO:0005385, GO:0016020, GO:0071577	Zinc efflux and compartmentalization by the SLC30 family; Zinc influx into cells by the SLC39 gene family
128	CcGene_20992	CcContig_112456	104	6247	+	Secondary Metabolite	7345.1cleavage and polyadenylation specificity factor subunit 1 [Daucus carota subsp. sativus]	GO:0003676, GO:0005515, GO:0005634	Processing of Intronless Pre-mRNAs; Transport of Mature mRNA Derived from an Intronless Transcript; tRNA processing in the nucleus; mRNA 3'-end processing; RNA Polymerase II Transcription Termination
129	CcGene_23364	CcContig_085060	26739	35256	-	Secondary Metabolite	5133.1UDP-rhamnose/UDP-galactose transporter 2 [Daucus carota subsp. sativus]	GO:0000209, GO:0005634, GO:0061631	Antigen processing: Ubiquitination & Proteasome degradation
130	CcGene_07351	CcContig_138476	45457	46883	+	Secondary Metabolite	4475.1ubiquitin-conjugating enzyme E2 20-like [Daucus carota subsp. sativus]	GO:0000209, GO:0005524, GO:0005634, GO:0016874, GO:0030071, GO:0031145, GO:0061631	APC/C:Cdc20 mediated degradation of Securin; Cdc20:Phospho-APC/C mediated degradation of Cyclin A; Antigen processing: Ubiquitination & Proteasome degradation; APC/C:Cdc20 mediated degradation of Cyclin B; Autodegradation of Cdh1 by Cdh1:APC/C
131	CcGene_22861	CcContig_097487	67659	79948	-	Secondary Metabolite	8322.1E3 ubiquitin-protein ligase UPL7 [Daucus carota subsp. sativus]	GO:0000209, GO:0006511, GO:0061630	Antigen processing: Ubiquitination & Proteasome degradation
132	CcGene_21325	CcContig_007603	13689	17401	+	Secondary Metabolite	KAL1812482.1hypothetical protein ACET3Z_022547 [Daucus carota]	GO:0005634, GO:0006511, GO:0006879, GO:0008270, GO:0016567, GO:0061630	Iron uptake and transport; E3 ubiquitin ligases ubiquitinate target proteins
133	CcGene_03695	CcContig_058787	6509	9170	-	Secondary Metabolite	5073.1cellulose synthase-like protein G2 [Daucus carota subsp. sativus]	GO:0005802, GO:0005886, GO:0009833, GO:0016760, GO:0030244	Cellulose biosynthesis
134	CcGene_22986	CcContig_139913	5888	8832	-	Secondary Metabolite	Ammonium Transporter Family	GO:0004663, GO:0005968, GO:0018344	RAB geranylgeranylation; TP53 regulates transcription of several additional cell death genes whose specific roles in p53-dependent apoptosis remain uncertain
135	CcGene_01000	CcContig_124612	38357	40648	-	Secondary Metabolite	9841.13-epi-6-deoxocathasterone 23-monooxygenase CYP90D1 [Daucus carota subsp. sativus]	GO:0005506, GO:0007275, GO:0010268, GO:0016125, GO:0016132, GO:0016709, GO:0020037	Endogenous sterols; Brassinosteroid biosynthesis II
136	CcGene_29587	CcContig_057574	3560	7795	-	Secondary Metabolite	6238.1E3 ubiquitin-protein ligase AIRP2 isoform X1 [Daucus carota subsp. sativus]	GO:0016567, GO:0061630	E3 ubiquitin ligases ubiquitinate target proteins
137	CcGene_19973	CcContig_112969	59861	63952	-	Secondary Metabolite	6958.1cycloartenol-C-24-methyltransferase [Daucus carota subsp. sativus]	GO:0003838, GO:0005783, GO:0016126	Sterol biosynthesis
138	CcGene_12905	CcContig_111614	23388	30103	-	Secondary Metabolite	KAL1819346.1hypothetical protein ACET3Z_014215 [Daucus carota]	GO:0004591, GO:0005739, GO:0006099, GO:0030976, GO:0045252	Citric acid cycle (TCA cycle)
139	CcGene_11486	CcContig_049526	32291	37278	+	Secondary Metabolite	1768.1plastidial pyruvate kinase 2 isoform X1 [Daucus carota subsp. sativus]	GO:0000287, GO:0004743, GO:0006096, GO:0009570, GO:0030955	Glycolysis; Plastid glycolysis; Cytosolic glycolysis
140	CcGene_12993	CcContig_086331	24671	31997	+	Secondary Metabolite	KAL6287233.1hypothetical protein ACE6H2_011623 [Prunus campanulata]	GO:0004650, GO:0004829, GO:0005524, GO:0005739, GO:0005975, GO:0006435, GO:0009570	Cytosolic tRNA aminoacylation
141	CcGene_19665	CcContig_111687	17820	19867	+	Secondary Metabolite	KAK1378221.1Tonoplast intrinsic protein 23 [Heracleum sosnowskyi]	GO:0006833, GO:0009705, GO:0015250, GO:0055085	Passive transport by Aquaporins
142	CcGene_28006	CcContig_045512	13211	14689	+	Secondary Metabolite	KAK1395073.1hypothetical protein POM88_014129 [Heracleum sosnowskyi]	GO:0003677	Regulation of seed germination and coleoptile growth under submergence and normal gravity environment
143	CcGene_05910	CcContig_102319	15796	18827	-	Secondary Metabolite	3219.1ent-kaurenoic acid oxidase 1 [Daucus carota subsp. sativus]	GO:0005506, GO:0005783, GO:0016125, GO:0020037, GO:0051777	Endogenous sterols
144	CcGene_12805	CcContig_111316	66846	69023	-	Secondary Metabolite	1511.1wax ester synthase/diacylglycerol acyltransferase 4 [Daucus carota subsp. sativus]	GO:0004144, GO:0005886, GO:0019432	Triglyceride biosynthesis
145	CcGene_13123	CcContig_050775	21610	24561	-	Secondary Metabolite	KAK1364147.1ATP-dependent DNA helicase [Heracleum sosnowskyi]	GO:0000723, GO:0006281, GO:0043139	Fanconi Anemia Pathway in DNA repair
146	CcGene_17539	CcContig_099654	11009	13713	-	Secondary Metabolite	7890.1heterodimeric geranylgeranyl pyrophosphate synthase small subunit, chloroplastic [Daucus carota subsp. sativus]	GO:0004659, GO:0008299	Polyisoprenoid biosynthesis
147	CcGene_01306	CcContig_059434	62862	65206	-	Secondary Metabolite	KAL1824313.1hypothetical protein ACET3Z_011091 [Daucus carota]	GO:0005506, GO:0010295, GO:0016125, GO:0020037	Endogenous sterols
148	CcGene_13408	CcContig_094377	19767	22127	-	Secondary Metabolite	0134.1wax ester synthase/diacylglycerol acyltransferase 6 [Daucus carota subsp. sativus]	GO:0004144, GO:0005886, GO:0019432	Triglyceride biosynthesis
149	CcGene_25970	CcContig_007707	21922	26631	+	Secondary Metabolite	KAL1822689.1hypothetical protein ACET3Z_009467 [Daucus carota]	GO:0000287, GO:0004449, GO:0005739, GO:0006099, GO:0006102, GO:0051287	Citric acid cycle (TCA cycle); The tricarboxylic acid cycle; TCA cycle (plant)
150	CcGene_13590	CcContig_003855	35376	39263	+	Secondary Metabolite	0990.1ATP-dependent 6-phosphofructokinase 3-like [Apium graveolens]	GO:0003872, GO:0005524, GO:0005737, GO:0006096	Glycolysis; Cytosolic glycolysis; Plastid glycolysis
151	CcGene_24202	CcContig_134565	55731	57724	-	Secondary Metabolite	KAL1806118.1hypothetical protein ACET3Z_029186 [Daucus carota]	GO:0004376, GO:0006506, GO:0016020, GO:0051751, GO:1990529	Synthesis of glycosylphosphatidylinositol (GPI)
152	CcGene_14013	CcContig_095707	36571	42801	+	Secondary Metabolite	5240.1protein PHLOEM PROTEIN 2-LIKE A1-like [Apium graveolens]	GO:0030246	Glutathione redox reactions II; Glutathione redox reactions I
153	CcGene_02991	CcContig_139996	30119	33683	+	Secondary Metabolite	KAK1364020.1DNA glycosylase/AP lyase [Heracleum sosnowskyi]	GO:0003906, GO:0005634, GO:0006284, GO:0008270, GO:0019104	Abasic sugar-phosphate removal via the single-nucleotide replacement pathway
154	CcGene_26680	CcContig_009976	3133	9527	-	Secondary Metabolite	4931.1BRAP2 RING ZnF UBP domain-containing protein 2 isoform X1 [Daucus carota subsp. sativus]	GO:0005737, GO:0007265, GO:0008270, GO:0016567, GO:0061630	E3 ubiquitin ligases ubiquitinate target proteins
155	CcGene_02827	CcContig_046216	82027	91793	-	Secondary Metabolite	WOH15228.1hypothetical protein DCAR_0934765 [Daucus carota subsp. sativus]	GO:0000287, GO:0006564, GO:0009507, GO:0016311, GO:0036424	Serine biosynthesis
156	CcGene_13187	CcContig_136460	6141	7697	-	Secondary Metabolite	5915.1benzoate carboxyl methyltransferase-like [Daucus carota subsp. sativus]	GO:0008757, GO:0032259	Methylation
157	CcGene_27837	CcContig_006363	25565	26053	+	Secondary Metabolite	KAL1822834.1hypothetical protein ACET3Z_009612 [Daucus carota]	GO:0006833, GO:0015250, GO:0016020, GO:0055085	Passive transport by Aquaporins
158	CcGene_02514	CcContig_102587	23835	27602	-	Secondary Metabolite	protein At2g37660, chloroplastic-like	GO:0004742, GO:0006086, GO:0009534, GO:0009941, GO:0045254	PDH complex synthesizes acetyl-CoA from PYR
159	CcGene_29702	CcContig_047054	30207	32014	-	Secondary Metabolite	KAK1369032.1cationic amino acid transporter 1-like [Heracleum sosnowskyi]	GO:0005313, GO:0005886, GO:0006865, GO:0015189, GO:0055085	Amino acid transport across the plasma membrane; Miscellaneous transport and binding events
160	CcGene_05958	CcContig_101050	133613	135543	-	Secondary Metabolite	KAL1818080.1hypothetical protein ACET3Z_020654 [Daucus carota]	GO:0005802, GO:0005886, GO:0009833, GO:0016760, GO:0030244	Cellulose biosynthesis
161	CcGene_21008	CcContig_049800	35784	37141	-	Secondary Metabolite	5111.1nucleobase-ascorbate transporter 3-like isoform X2 [Apium graveolens]	GO:0005215, GO:0005886, GO:0009506	Vitamin C (ascorbate) metabolism; Galactosylcyclitol biosynthesis
162	CcGene_25775	CcContig_002031	5221	9143	+	Secondary Metabolite	CDGSH iron-sulfur domain-containing protein	GO:0004161, GO:0004337, GO:0005737, GO:0045337, GO:0000422, GO:0003674, GO:0005488, GO:0005515, GO:0005575, GO:0005622, GO:0005623, GO:0005739, GO:0005740, GO:0005741, GO:0005783, GO:0005789, GO:0006914, GO:0006996, GO:0007005, GO:0007275, GO:0007568, GO:0008150, GO:0008152, GO:0009056, GO:0009507, GO:0009532, GO:0009536, GO:0009570, GO:0009894, GO:0009987, GO:0010150, GO:0010259, GO:0010506, GO:0012505, GO:0016020, GO:0016043, GO:0019222, GO:0019867, GO:0022411, GO:0031090, GO:0031323, GO:0031329, GO:0031966, GO:0031967, GO:0031968, GO:0031975, GO:0031984, GO:0032501, GO:0032502, GO:0042175, GO:0042592, GO:0042802, GO:0042803, GO:0043226, GO:0043227, GO:0043229, GO:0043231, GO:0044237, GO:0044248, GO:0044422, GO:0044424, GO:0044425, GO:0044429, GO:0044432, GO:0044434, GO:0044435, GO:0044444, GO:0044446, GO:0044464, GO:0046983, GO:0048037, GO:0048366, GO:0048367, GO:0048731, GO:0048827, GO:0048856, GO:0048878, GO:0050789, GO:0050794, GO:0050801, GO:0051536, GO:0051537, GO:0051540, GO:0055065, GO:0055072, GO:0055076, GO:0055080, GO:0061726, GO:0061919, GO:0065007, GO:0065008, GO:0071840, GO:0072593, GO:0090693, GO:0098588, GO:0098771, GO:0098805, GO:0098827, GO:0099402, GO:1903008	Trans,trans-farnesyl diphosphate biosynthesis
163	CcGene_01977	CcContig_073558	2278	9389	+	Secondary Metabolite	9095.1uncharacterized protein LOC141677199 isoform X8 [Apium graveolens]	GO:0000723, GO:0003678, GO:0006281	Fanconi Anemia Pathway in DNA repair
164	CcGene_10016	CcContig_126908	12969	21715	-	Secondary Metabolite	7746.1DDT domain-containing protein PTM isoform X1 [Daucus carota subsp. sativus]	GO:0005634	Regulation of PTEN gene transcription; HDACs deacetylate histones; NGF-stimulated transcription; Regulation of TP53 Activity through Acetylation
165	CcGene_01039	CcContig_004581	5566	6126	-	Secondary Metabolite	KAL1828612.1hypothetical protein ACET3Z_007024 [Daucus carota]	GO:0016567, GO:0016740	Antigen processing: Ubiquitination & Proteasome degradation; Galactose degradation II
166	CcGene_00066	CcContig_126633	9440	11603	+	Secondary Metabolite	pectinesterase pectinesterase inhibitor	GO:0003978, GO:0005829, GO:0033499, GO:0003674, GO:0003824, GO:0004857, GO:0005575, GO:0005623, GO:0006950, GO:0008150, GO:0009266, GO:0009409, GO:0009605, GO:0009607, GO:0009620, GO:0009628, GO:0009719, GO:0009725, GO:0009741, GO:0010033, GO:0014070, GO:0016787, GO:0016788, GO:0030234, GO:0030599, GO:0033993, GO:0042221, GO:0043086, GO:0043207, GO:0044092, GO:0044464, GO:0046910, GO:0050790, GO:0050896, GO:0051704, GO:0051707, GO:0052689, GO:0065007, GO:0065009, GO:0071944, GO:0098772, GO:1901700	Galactose catabolism; Galactose degradation II
167	CcGene_21986	CcContig_111481	104090	106186	-	Secondary Metabolite	0196.1large ribosomal subunit protein eL8y-like [Apium graveolens]	GO:0000470, GO:0003723, GO:0022625	SRP-dependent cotranslational protein targeting to membrane; L13a-mediated translational silencing of Ceruloplasmin expression; Formation of a pool of free 40S subunits; GTP hydrolysis and joining of the 60S ribosomal subunit; Nonsense Mediated Decay (NMD) enhanced by the Exon Junction Complex (EJC); Nonsense Mediated Decay (NMD) independent of the Exon Junction Complex (EJC)
168	CcGene_01973	CcContig_110530	18720	23880	-	Secondary Metabolite	3766.1thiamine biosynthetic bifunctional enzyme TH1, chloroplastic [Daucus carota subsp. sativus]	GO:0004789, GO:0008902, GO:0008972, GO:0009228, GO:0009507	Thiamine biosynthesis
169	CcGene_02073	CcContig_093866	4538	8328	+	Secondary Metabolite	2582.1protein argonaute 4 [Daucus carota subsp. sativus]	GO:0003723, GO:0004521, GO:0005737, GO:0035194	Post-transcriptional silencing by small RNAs
170	CcGene_24991	CcContig_002538	49289	50631	+	Secondary Metabolite	9848.1transcription factor SRM1-like [Apium graveolens]	GO:0007275	Regulation of HSF1-mediated heat shock response
171	CcGene_00179	CcContig_057868	24167	28524	+	Secondary Metabolite	5704.1probable pyruvate kinase, cytosolic isozyme [Daucus carota subsp. sativus]	GO:0000287, GO:0004743, GO:0005737, GO:0006096, GO:0030955	Glycolysis; Cytosolic glycolysis; Plastid glycolysis
172	CcGene_06281	CcContig_093119	653	4992	+	Secondary Metabolite	KAK1405464.1Photoregulatory zinc-finger protein COP1 [Heracleum sosnowskyi]	GO:0005515, GO:0043161, GO:0061630	Ubiquitin-dependent degradation of Cyclin D
173	CcGene_21024	CcContig_102229	19769	24020	-	Secondary Metabolite	KAL1809801.1hypothetical protein ACET3Z_026791 [Daucus carota]	GO:0003684, GO:0005654, GO:0005829, GO:0006289, GO:0031593, GO:0043130, GO:0043161, GO:0070628	Dual Incision in GG-NER
174	CcGene_09470	CcContig_087309	2438	5328	+	Secondary Metabolite	1526.1ATP synthase subunit epsilon, mitochondrial [Daucus carota subsp. sativus]	GO:0005743, GO:0042776, GO:0046933	Formation of ATP by chemiosmotic coupling
175	CcGene_17002	CcContig_109493	88494	90357	+	Secondary Metabolite	KAL1829284.1hypothetical protein ACET3Z_007696 [Daucus carota]	GO:0006886, GO:0006890, GO:0006891, GO:0030126	COPI-mediated anterograde transport; COPI-dependent Golgi-to-ER retrograde traffic
176	CcGene_21152	CcContig_104464	26075	39089	+	Secondary Metabolite	1218.2endoribonuclease Dicer homolog 3a-like isoform X2 [Daucus carota subsp. sativus]	GO:0003723, GO:0004525, GO:0005524, GO:0005634, GO:0005737, GO:0030422	Small interfering RNA (siRNA) biogenesis
177	CcGene_27104	CcContig_118412	15300	21907	+	Secondary Metabolite	9052.1solanesyl diphosphate synthase 3, chloroplastic/mitochondrial isoform X1 [Daucus carota subsp. sativus]	GO:0004659, GO:0006744, GO:0008299, GO:1990234	Polyisoprenoid biosynthesis
178	CcGene_22953	CcContig_141271	16517	24276	+	Secondary Metabolite	Type I inositol 1,4,5-trisphosphate 5-phosphatase	GO:0000151, GO:0000209, GO:0005634, GO:0005737, GO:0006511, GO:0034450, GO:0036503, GO:0003674, GO:0003824, GO:0004439, GO:0006629, GO:0006644, GO:0006650, GO:0006793, GO:0006796, GO:0008150, GO:0008152, GO:0009987, GO:0016311, GO:0016787, GO:0016788, GO:0016791, GO:0019637, GO:0030258, GO:0034485, GO:0034593, GO:0034594, GO:0034595, GO:0042578, GO:0044237, GO:0044238, GO:0044255, GO:0046486, GO:0046488, GO:0046839, GO:0046856, GO:0052866, GO:0071704, GO:0106019	Antigen processing: Ubiquitination & Proteasome degradation
179	CcGene_11727	CcContig_136507	4328	10127	-	Secondary Metabolite	2825.1casein kinase II subunit alpha-2 [Daucus carota subsp. sativus]	GO:0004674, GO:0005524, GO:0005634, GO:0005829, GO:0005956, GO:0018105, GO:0018107, GO:0051726	Polo-like kinase mediated events
180	CcGene_13888	CcContig_117166	71789	72806	+	Secondary Metabolite	KAL1815439.1hypothetical protein ACET3Z_018013 [Daucus carota]	GO:0009695, GO:0046423	Jasmonic acid biosynthesis
181	CcGene_24400	CcContig_120391	45609	49913	-	Secondary Metabolite	0375.1E3 ubiquitin-protein ligase CHIP [Daucus carota subsp. sativus]	GO:0000209, GO:0005737, GO:0006515, GO:0043161, GO:0045862, GO:0051087, GO:0061630, GO:0071218	Antigen processing: Ubiquitination & Proteasome degradation; Ubiquitin-dependent degradation of Cyclin D
182	CcGene_06577	CcContig_146959	42250	45999	+	Secondary Metabolite	AAF14635.1acyl-CoA oxidase [Petroselinum crispum]	GO:0003997, GO:0005504, GO:0005777, GO:0033540, GO:0055088, GO:0071949	Beta-oxidation of very long chain fatty acids
183	CcGene_09685	CcContig_100317	116085	121909	-	Secondary Metabolite	9243.1serine hydroxymethyltransferase 1, mitochondrial [Daucus carota subsp. sativus]	GO:0004372, GO:0005737, GO:0006565, GO:0008270, GO:0030170, GO:0035999, GO:0046655, GO:0050897, GO:0070905	Metabolism of folate and pterines
184	CcGene_10789	CcContig_117538	30839	32173	-	Secondary Metabolite	BDN79331.1O-methyltransferase [Anthriscus cerefolium]	GO:0008171, GO:0008757, GO:0032259, GO:0046983	Methylation
185	CcGene_06006	CcContig_142550	55574	57462	-	Secondary Metabolite	KAK1392881.1F-box domain-containing protein [Heracleum sosnowskyi]	GO:0005515	Tetrahydrofolate biosynthesis I; Tetrahydrofolate biosynthesis II
186	CcGene_27222	CcContig_141351	43648	44826	+	Secondary Metabolite	KAL1825090.1hypothetical protein ACET3Z_011868 [Daucus carota]	GO:0005385, GO:0005886, GO:0071577	Zinc efflux and compartmentalization by the SLC30 family; Zinc influx into cells by the SLC39 gene family
187	CcGene_20000	CcContig_118365	1704	3250	-	Flavonoids & Phenylpropanoids	WOG95801.1hypothetical protein DCAR_0415130 [Daucus carota subsp. sativus]	GO:0004497, GO:0005506, GO:0016705, GO:0020037	Androgen biosynthesis; Defective CYP17A1 causes AH5; Glucocorticoid biosynthesis; Leucopelargonidin and leucocyanidin biosynthesis; Leucodelphinidin biosynthesis; Tricin biosynthesis
188	CcGene_29277	CcContig_084948	19484	21343	+	Secondary Metabolite	KAK1374353.1ATP-binding cassette containing protein [Heracleum sosnowskyi]	GO:0005524, GO:0015421, GO:0016020, GO:0016887, GO:0055085	ABC-family proteins mediated transport
189	CcGene_28113	CcContig_047539	31146	33031	-	Secondary Metabolite	The light-harvesting complex (LHC) functions as a light receptor, it captures and delivers excitation energy to photosystems with which it is closely associated	GO:0003848, GO:0004156, GO:0046654	Tetrahydrofolate biosynthesis II; Tetrahydrofolate biosynthesis I
190	CcGene_28002	CcContig_005132	4657	12917	-	Secondary Metabolite	Cytochrome c biogenesis protein	GO:0015297, GO:0016020, GO:0042910, GO:0055085	Response to Aluminum stress
191	CcGene_15399	CcContig_005066	33690	38295	-	Terpenoid Biosynthesis	AUZ98422.14-hydroxy-3-methylbut-2-enyl diphosphate reductase [Trachyspermum ammi]	GO:0019288, GO:0046872, GO:0050992, GO:0051745	Methylerythritol phosphate pathway
192	CcGene_13259	CcContig_113439	3870	6528	+	Secondary Metabolite	0834.1pyruvate kinase, cytosolic isozyme [Daucus carota subsp. sativus]	GO:0000287, GO:0004743, GO:0005737, GO:0006096, GO:0030955	Glycolysis; Cytosolic glycolysis; Plastid glycolysis
193	CcGene_15466	CcContig_045949	457	4308	+	Secondary Metabolite	2950.1ATP synthase subunit beta, mitochondrial [Daucus carota subsp. sativus]	GO:0005524, GO:0016887, GO:0042776, GO:0046933, GO:1902600	Formation of ATP by chemiosmotic coupling
194	CcGene_18391	CcContig_110359	12018	16334	+	Secondary Metabolite	KAL1824195.1hypothetical protein ACET3Z_010973 [Daucus carota]	GO:0006099, GO:0006108, GO:0009507, GO:0030060	The tricarboxylic acid cycle; Citric acid cycle (TCA cycle); TCA cycle (plant)
195	CcGene_09467	CcContig_087548	2838	3132	+	Secondary Metabolite	7750.1ATP-dependent DNA helicase RRM3-like [Daucus carota subsp. sativus]	GO:0000723, GO:0006281, GO:0043139	Fanconi Anemia Pathway in DNA repair
196	CcGene_12945	CcContig_132165	17032	20161	-	Secondary Metabolite	0515.1dicer-like protein 4 isoform X1 [Daucus carota subsp. sativus]	GO:0003723, GO:0004525, GO:0005634, GO:0005737, GO:0030422	Small interfering RNA (siRNA) biogenesis
197	CcGene_26366	CcContig_135660	2672	6934	-	Secondary Metabolite	6781.1probable alpha,alpha-trehalose-phosphate synthase [UDP-forming] 7 isoform X1 [Daucus carota subsp. sativus]	GO:0004805, GO:0005829, GO:0005992	Trehalose biosynthesis; Trehalose biosynthesis I
198	CcGene_07014	CcContig_046996	29886	34966	+	Secondary Metabolite	8430.1uncharacterized protein LOC108211363 [Daucus carota subsp. sativus]	GO:0004672, GO:0005515, GO:0005524, GO:0005737, GO:0006468, GO:0007165	Regulation of necroptotic cell death; Long day regulated expression of florigens
199	CcGene_05552	CcContig_047278	19898	26883	-	Secondary Metabolite	3504.1chloride channel protein CLC-e isoform X2 [Daucus carota subsp. sativus]	GO:0005247, GO:0006821, GO:0009535, GO:0055085	ABC-family proteins mediated transport
200	CcGene_01849	CcContig_003881	53982	56905	-	Secondary Metabolite	5280.1uncharacterized protein LOC108225001 [Daucus carota subsp. sativus]	GO:0003676, GO:0008168, GO:0032259	Methylation
201	CcGene_08754	CcContig_139970	16350	20106	+	Flavonoids & Phenylpropanoids	DNA-directed RNA polymerases I, II, and III subunit	GO:0003855, GO:0004764, GO:0009423, GO:0019632, GO:0000428, GO:0003674, GO:0003824, GO:0003899, GO:0005575, GO:0005622, GO:0005623, GO:0005634, GO:0005654, GO:0005665, GO:0005666, GO:0005730, GO:0005736, GO:0006139, GO:0006351, GO:0006360, GO:0006366, GO:0006383, GO:0006725, GO:0006807, GO:0008150, GO:0008152, GO:0009058, GO:0009059, GO:0009987, GO:0010467, GO:0016070, GO:0016591, GO:0016740, GO:0016772, GO:0016779, GO:0018130, GO:0019438, GO:0030880, GO:0031974, GO:0031981, GO:0032774, GO:0032991, GO:0034062, GO:0034641, GO:0034645, GO:0034654, GO:0043170, GO:0043226, GO:0043227, GO:0043228, GO:0043229, GO:0043231, GO:0043232, GO:0043233, GO:0044237, GO:0044238, GO:0044249, GO:0044260, GO:0044271, GO:0044422, GO:0044424, GO:0044428, GO:0044446, GO:0044451, GO:0044452, GO:0044464, GO:0046483, GO:0055029, GO:0061695, GO:0070013, GO:0071704, GO:0090304, GO:0097659, GO:0097747, GO:0140098, GO:1901360, GO:1901362, GO:1901576, GO:1902494, GO:1990234	Chorismate via Shikimate Pathway; Chorismate biosynthesis
202	CcGene_00003	CcContig_118854	32980	35855	-	Secondary Metabolite	KAK1399549.1Phosphoprotein phosphatase inhibitor [Heracleum sosnowskyi]	GO:0004864, GO:0009966	Resolution of Sister Chromatid Cohesion
203	CcGene_12022	CcContig_121443	27249	29119	-	Secondary Metabolite	KAK1370345.1Plasma membrane major intrinsic protein 2 [Heracleum sosnowskyi]	GO:0005773, GO:0005886, GO:0009506, GO:0015250, GO:0055085	Vasopressin regulates renal water homeostasis via Aquaporins; Passive transport by Aquaporins; Erythrocytes take up oxygen and release carbon dioxide; Erythrocytes take up carbon dioxide and release oxygen; Arsenic uptake and detoxification
204	CcGene_05236	CcContig_047668	1662	3604	-	Secondary Metabolite	WOG88974.1hypothetical protein DCAR_0208209 [Daucus carota subsp. sativus]	GO:0005313, GO:0015180, GO:0015185, GO:0015189, GO:0015812, GO:0016020, GO:0055085	Miscellaneous transport and binding events
205	CcGene_27431	CcContig_142100	8983	13344	+	Secondary Metabolite	5692.1probable voltage-gated potassium channel subunit beta [Daucus carota subsp. sativus]	GO:0005249, GO:0005737, GO:0071805	HCN channels; TWIK-related spinal cord K+ channel (TRESK); Voltage gated Potassium channels; TWIK related potassium channel (TREK); Tandem pore domain halothane-inhibited K+ channel (THIK); TWIK-releated acid-sensitive K+ channel (TASK); TWIK-related alkaline pH activated K+ channel (TALK)
206	CcGene_27001	CcContig_053063	13029	18691	-	Secondary Metabolite	8489.1uncharacterized protein LOC108219515 [Daucus carota subsp. sativus]	GO:0005515, GO:2000058	Neddylation
207	CcGene_16774	CcContig_058793	18	2530	-	Secondary Metabolite	5021.1elongation factor 1-alpha [Daucus carota subsp. sativus]	GO:0003746, GO:0003924, GO:0005525, GO:0006414	Eukaryotic Translation Elongation; Translation elongation
208	CcGene_15230	CcContig_003875	10061	12357	+	Secondary Metabolite	5579.1zinc transporter 6, chloroplastic [Daucus carota subsp. sativus]	GO:0005385, GO:0005886, GO:0071577	Zinc efflux and compartmentalization by the SLC30 family; Zinc influx into cells by the SLC39 gene family
209	CcGene_13993	CcContig_118808	26532	39779	-	Secondary Metabolite	2670.1uncharacterized protein LOC108223102 isoform X1 [Daucus carota subsp. sativus]	GO:0000077, GO:0003682, GO:0003689, GO:0006281, GO:0016887, GO:0033314	Translesion synthesis by POLI; Termination of translesion DNA synthesis; Gap-filling DNA repair synthesis and ligation in GG-NER; Translesion synthesis by POLK; Translesion Synthesis by POLH; Translesion synthesis by REV1; Polymerase switching; Dual incision in TC-NER; Gap-filling DNA repair synthesis and ligation in TC-NER; Lagging Strand Synthesis; Leading strand synthesis
210	CcGene_19004	CcContig_136563	29009	33634	-	Secondary Metabolite	WOH06364.1hypothetical protein DCAR_0625790 [Daucus carota subsp. sativus]	GO:0000325, GO:0003333, GO:0015171, GO:0016020	GABA synthesis, release, reuptake and degradation; Transport of inorganic cations/anions and amino acids/oligopeptides
211	CcGene_28862	CcContig_049010	41109	46454	-	Secondary Metabolite	8825.1wax ester synthase/diacylglycerol acyltransferase 7 isoform X1 [Daucus carota subsp. sativus]	GO:0004144, GO:0005886, GO:0019432	Triglyceride biosynthesis
212	CcGene_19986	CcContig_095102	67629	73092	-	Secondary Metabolite	6541.1protein MEI2-like 5 [Daucus carota subsp. sativus]	GO:0003723, GO:0045836	RHOBTB1 GTPase cycle; Regulation of leaf development
213	CcGene_17443	CcContig_124631	28084	33937	+	Secondary Metabolite	KAL1822448.1hypothetical protein ACET3Z_009226 [Daucus carota]	GO:0004791, GO:0005737, GO:0019430, GO:0045454	Cell redox homeostasis
214	CcGene_04598	CcContig_095161	28369	31279	+	Terpenoid Biosynthesis	1605.14-hydroxy-3-methylbut-2-enyl diphosphate reductase, chloroplastic-like isoform X2 [Daucus carota subsp. sativus]	GO:0019288, GO:0046872, GO:0050992, GO:0051745	Methylerythritol phosphate pathway
215	CcGene_07767	CcContig_050414	29272	37953	+	Secondary Metabolite	2519.1glucose-6-phosphate isomerase 1, chloroplastic [Daucus carota subsp. sativus]	GO:0004347, GO:0005829, GO:0006094, GO:0006096, GO:0048029, GO:0051156, GO:0097367	Gluconeogenesis; Glycolysis; Cytosolic glycolysis; Plastid glycolysis
216	CcGene_03486	CcContig_093176	13064	19267	-	Secondary Metabolite	7038.11,4-alpha-glucan-branching enzyme 1, chloroplastic/amyloplastic isoform X2 [Daucus carota subsp. sativus]	GO:0003844, GO:0004553, GO:0005737, GO:0005978, GO:0043169	Glycogen synthesis
217	CcGene_21392	CcContig_105233	4931	10047	-	Secondary Metabolite	9778.1sodium/hydrogen exchanger 1-like [Apium graveolens]	GO:0005886, GO:0015385, GO:0015386, GO:0051453, GO:0071805, GO:0098719, GO:1902600	TWIK-related spinal cord K+ channel (TRESK); TWIK related potassium channel (TREK); Tandem pore domain halothane-inhibited K+ channel (THIK); TWIK-releated acid-sensitive K+ channel (TASK); TWIK-related alkaline pH activated K+ channel (TALK)
218	CcGene_17668	CcContig_107472	95390	100211	-	Secondary Metabolite	WOG99663.1hypothetical protein DCAR_0519017 [Daucus carota subsp. sativus]	GO:0005886, GO:0015385, GO:0015386, GO:0051453, GO:0071805, GO:0098719, GO:1902600	TWIK-related spinal cord K+ channel (TRESK); TWIK related potassium channel (TREK); Tandem pore domain halothane-inhibited K+ channel (THIK); TWIK-releated acid-sensitive K+ channel (TASK); TWIK-related alkaline pH activated K+ channel (TALK)
219	CcGene_21998	CcContig_133402	28483	39339	+	Secondary Metabolite	9371.1uncharacterized protein LOC108204446 [Daucus carota subsp. sativus]	GO:0005634, GO:0005737, GO:0006606, GO:0031267, GO:0061608	vRNP Assembly
220	CcGene_00214	CcContig_046503	36773	38492	+	Secondary Metabolite	KAK1384266.1Endoribonuclease Dicer-like protein 2 [Heracleum sosnowskyi]	GO:0003723, GO:0004525, GO:0005634, GO:0005737, GO:0030422	Small interfering RNA (siRNA) biogenesis
221	CcGene_13836	CcContig_013136	64333	69312	-	Secondary Metabolite	8798.1carbon catabolite repressor protein 4 homolog 1 [Daucus carota subsp. sativus]	GO:0000289, GO:0004535, GO:0005634, GO:0005737, GO:0030014	Deadenylation of mRNA
222	CcGene_12998	CcContig_033668	2877	5265	-	Secondary Metabolite	(E 0.0) protein kinase family protein	GO:0003680	Regulation of seed germination and coleoptile growth under submergence and normal gravity environment
223	CcGene_20850	CcContig_137564	119902	122558	+	Secondary Metabolite	7005.1bifunctional UDP-glucose 4-epimerase and UDP-xylose 4-epimerase 1 [Daucus carota subsp. sativus]	GO:0003978, GO:0005829, GO:0033499	Galactose catabolism; Galactose degradation II
224	CcGene_19911	CcContig_047877	16120	16987	-	Secondary Metabolite	5039.1succinate dehydrogenase [ubiquinone] iron-sulfur subunit 2, mitochondrial-like [Apium graveolens]	GO:0005739, GO:0006099, GO:0009055, GO:0016491, GO:0022904, GO:0051537	Citric acid cycle (TCA cycle)
225	CcGene_26188	CcContig_129133	19719	22898	-	Secondary Metabolite	KAL1823406.1hypothetical protein ACET3Z_010184 [Daucus carota]	GO:0004482, GO:0005634, GO:0006370	mRNA Capping
226	CcGene_24472	CcContig_095511	4729	9396	+	Secondary Metabolite	KAK1367866.1Ferrochelatase [Heracleum sosnowskyi]	GO:0004325, GO:0005739, GO:0006783	Heme biosynthesis; Heme synthesis
227	CcGene_20192	CcContig_138276	35072	45207	-	Secondary Metabolite	7227.1E3 ubiquitin-protein ligase RKP [Daucus carota subsp. sativus]	GO:0000151, GO:0005515, GO:0005737, GO:0006511, GO:0016567, GO:0034450	E3 ubiquitin ligases ubiquitinate target proteins
228	CcGene_04392	CcContig_094331	30609	38543	+	Secondary Metabolite	KAL1819508.1hypothetical protein ACET3Z_014377 [Daucus carota]	GO:0000287, GO:0004743, GO:0005737, GO:0006096, GO:0030955	Glycolysis; Cytosolic glycolysis; Plastid glycolysis
229	CcGene_00959	CcContig_143419	57602	66036	-	Secondary Metabolite	9228.1glutamate--cysteine ligase, chloroplastic isoform X1 [Daucus carota subsp. sativus]	GO:0004357, GO:0006750	Glutathione synthesis and recycling
230	CcGene_25988	CcContig_102969	4353	7636	-	Secondary Metabolite	KAL1825104.1hypothetical protein ACET3Z_011882 [Daucus carota]	GO:0005634, GO:0006355, GO:0042162	Lysine degradation II; TCA cycle (plant)
231	CcGene_14522	CcContig_138591	48532	55953	-	Secondary Metabolite	KAL1818087.1hypothetical protein ACET3Z_020661 [Daucus carota]	GO:0003994, GO:0005739, GO:0005829, GO:0006099, GO:0006101, GO:0030350, GO:0051539	Citric acid cycle (TCA cycle); The tricarboxylic acid cycle; TCA cycle (plant)
232	CcGene_13001	CcContig_139268	30161	31902	+	Secondary Metabolite	KAL1825090.1hypothetical protein ACET3Z_011868 [Daucus carota]	GO:0005385, GO:0005886, GO:0071577	Zinc efflux and compartmentalization by the SLC30 family; Zinc influx into cells by the SLC39 gene family; Iron uptake and transport in root vascular system
233	CcGene_00019	CcContig_047548	31621	54744	+	Secondary Metabolite	Belongs to the heat shock protein 70 family	GO:0000340, GO:0000902, GO:0006417, GO:0030833, GO:0031209, GO:0031267	Neutrophil degranulation; RAC1 GTPase cycle; Regulation of actin dynamics for phagocytic cup formation; RAC2 GTPase cycle; RHOG GTPase cycle; RAC3 GTPase cycle; RHO GTPases Activate WASPs and WAVEs
234	CcGene_14423	CcContig_048191	16814	19193	+	Secondary Metabolite	KAK1381619.14-coumarate--CoA ligase-like 1 [Heracleum sosnowskyi]	GO:0004467, GO:0046949	Fatty acyl-CoA biosynthesis
235	CcGene_26596	CcContig_115923	4835	7085	+	Secondary Metabolite	3898.1cyclin-dependent kinase B2-1 [Daucus carota subsp. sativus]	GO:0000082, GO:0000307, GO:0004693, GO:0005524, GO:0005634, GO:0005737, GO:0006468, GO:0007165, GO:0010389, GO:0010468, GO:0030332	AURKA Activation by TPX2
236	CcGene_06462	CcContig_099569	7430	13918	+	Secondary Metabolite	WOH14397.1hypothetical protein DCAR_0933916 [Daucus carota subsp. sativus]	GO:0004363, GO:0005524, GO:0005829, GO:0006750, GO:0043295	Glutathione synthesis and recycling
237	CcGene_15019	CcContig_076389	1256	7696	-	Secondary Metabolite	KAL8091333.1hypothetical protein AgCh_033807 [Apium graveolens]	GO:0003824	HSFA7/ HSFA6B-regulatory network-induced by drought and ABA.
238	CcGene_23982	CcContig_131238	74898	76816	+	Secondary Metabolite	4976.140S ribosomal protein S23-like [Solanum tuberosum]	GO:0003735, GO:0006412, GO:0022627	SRP-dependent cotranslational protein targeting to membrane; Protein hydroxylation; L13a-mediated translational silencing of Ceruloplasmin expression; Formation of a pool of free 40S subunits; Formation of the ternary complex, and subsequently, the 43S complex; Translation initiation complex formation; Ribosomal scanning and start codon recognition; GTP hydrolysis and joining of the 60S ribosomal subunit; Nonsense Mediated Decay (NMD) enhanced by the Exon Junction Complex (EJC); Nonsense Mediated Decay (NMD) independent of the Exon Junction Complex (EJC)
239	CcGene_10760	CcContig_046922	28984	30167	+	Lipid & Polyketide Metabolism	KAL1834047.1hypothetical protein ACET3Z_003698 [Daucus carota]	GO:0004577, GO:0006488, GO:0043541	Biosynthesis of the N-glycan precursor (dolichol lipid-linked oligosaccharide, LLO) and transfer to a nascent protein
240	CcGene_29004	CcContig_061378	8979	14718	+	Lipid & Polyketide Metabolism	3650.1probable protein phosphatase 2C 8 isoform X1 [Daucus carota subsp. sativus]	GO:0004722, GO:0006470	Sphingolipid de novo biosynthesis; SNAC1 transcription network involved in drought and salinity tolerance; Response to Drought
241	CcGene_01695	CcContig_051284	971	2322	-	Secondary Metabolite	KAL1816014.1hypothetical protein ACET3Z_018588 [Daucus carota]	GO:0005247, GO:0006821, GO:0009705, GO:0055085	ABC-family proteins mediated transport
242	CcGene_17508	CcContig_106259	23975	27940	+	Secondary Metabolite	O23920.1RecName: Full=4-hydroxyphenylpyruvate dioxygenase; AltName: Full=4-hydroxyphenylpyruvic acid oxidase; Short=4HPPD; Short=HPD; Short=HPPDase [Daucus carota]	GO:0003868, GO:0006572	Tyrosine catabolism
243	CcGene_17014	CcContig_059949	21318	22961	+	Flavonoids & Phenylpropanoids	WOG84639.1hypothetical protein DCAR_0103823 [Daucus carota subsp. sativus]	GO:0000776, GO:0005654, GO:0007094, GO:0009524, GO:0043130, GO:1990298	Cdc20:Phospho-APC/C mediated degradation of Cyclin A; Inactivation of APC/C via direct inhibition of the APC/C complex; Regulation of APC/C activators between G1/S and early anaphase; APC-Cdc20 mediated degradation of Nek2A; Anthocyanin biosynthesis (pelargonidin 3-O-glucoside, cyanidin 3-O-glucoside); Anthocyanin biosynthesis (delphinidin 3-O-glucoside)
244	CcGene_07244	CcContig_111159	12404	17849	+	Secondary Metabolite	KAL1819229.1hypothetical protein ACET3Z_014098 [Daucus carota]	GO:0004306, GO:0005737, GO:0006646	Synthesis of PE
245	CcGene_16002	CcContig_033044	13961	16697	-	Secondary Metabolite	4112.1uncharacterized protein LOC108215980 [Daucus carota subsp. sativus]	GO:0008168	Vitamin E biosynthesis
246	CcGene_05022	CcContig_099817	4750	26687	-	Secondary Metabolite	Paired amphipathic helix protein Sin3-like 2	GO:0043069	Golgi Associated Vesicle Biogenesis
247	CcGene_10395	CcContig_053034	2385	8174	+	Secondary Metabolite	KAK1371852.1L-allo-threonine aldolase-related family protein [Heracleum sosnowskyi]	GO:0005829, GO:0006545, GO:0006567, GO:0008732	Threonine degradation
248	CcGene_20970	CcContig_145167	12434	14913	-	Secondary Metabolite	1574.1ubiquitin-conjugating enzyme E2 7-like [Apium graveolens]	GO:0000209, GO:0006511, GO:0061631	Antigen processing: Ubiquitination & Proteasome degradation
249	CcGene_15162	CcContig_094822	49022	50208	-	Secondary Metabolite	0482.1uncharacterized protein LOC112524757 [Cynara cardunculus var. scolymus]	GO:0003676, GO:0003887, GO:0003964, GO:0004518, GO:0006278, GO:0006310, GO:0008270	Minus-strand DNA synthesis; Plus-strand DNA synthesis
250	CcGene_26267	CcContig_059435	898	2273	+	Secondary Metabolite	1326.1large ribosomal subunit protein P1-like [Apium graveolens]	GO:0002181, GO:0003735, GO:0006414, GO:0022625, GO:0030295, GO:0043021	Eukaryotic Translation Elongation; Translation elongation
251	CcGene_27266	CcContig_121359	3021	4273	+	Secondary Metabolite	2865.1fe(2+) transport protein 2 [Daucus carota subsp. sativus]	GO:0005385, GO:0005886, GO:0071577	Zinc efflux and compartmentalization by the SLC30 family; Zinc influx into cells by the SLC39 gene family
252	CcGene_23001	CcContig_074763	5601	6433	+	Secondary Metabolite	6995.1protein TIFY 10A [Daucus carota subsp. sativus]	GO:0005634, GO:0009611, GO:0031347, GO:2000022	Jasmonic acid signaling; Gibberellin signaling; Salicylic acid signaling
253	CcGene_06039	CcContig_105477	8069	23839	-	Secondary Metabolite	5351.1sodium/hydrogen exchanger 6 isoform X2 [Daucus carota subsp. sativus]	GO:0005768, GO:0005886, GO:0015385, GO:0015386, GO:0051453, GO:0071805, GO:0098719, GO:1902600	TWIK-related spinal cord K+ channel (TRESK); TWIK related potassium channel (TREK); Tandem pore domain halothane-inhibited K+ channel (THIK); TWIK-releated acid-sensitive K+ channel (TASK); TWIK-related alkaline pH activated K+ channel (TALK)
254	CcGene_27994	CcContig_122477	118030	135173	-	Secondary Metabolite	KAK1392004.1kinesin-like protein KIN-14B [Heracleum sosnowskyi]	GO:0003777, GO:0005524, GO:0007018, GO:0008017, GO:0015630	Association of TriC/CCT with target proteins during biosynthesis
255	CcGene_21582	CcContig_107330	23261	26464	-	Secondary Metabolite	5694.1deoxyhypusine synthase [Daucus carota subsp. sativus]	GO:0005737, GO:0008612, GO:0034038	Hypusine synthesis from eIF5A-lysine
256	CcGene_18933	CcContig_026754	5729	8097	+	Secondary Metabolite	7973.1glutamyl-tRNA reductase 1, chloroplastic [Daucus carota subsp. sativus]	GO:0008883, GO:0033014, GO:0050661	Tetrapyrrole biosynthesis I
257	CcGene_21751	CcContig_002010	26751	30696	+	Secondary Metabolite	KAL1824722.1hypothetical protein ACET3Z_011500 [Daucus carota]	GO:0000015, GO:0000287, GO:0004634, GO:0006096	Glycolysis; Cytosolic glycolysis; Plastid glycolysis
258	CcGene_19730	CcContig_003094	2897	13699	+	Secondary Metabolite	9760.1glutathione reductase, cytosolic [Daucus carota subsp. sativus]	GO:0004362, GO:0005739, GO:0005829, GO:0006749, GO:0034599, GO:0045454, GO:0050660, GO:0050661	Detoxification of Reactive Oxygen Species
259	CcGene_12995	CcContig_003889	17782	19621	-	Secondary Metabolite	WOH04131.1hypothetical protein DCAR_0623539 [Daucus carota subsp. sativus]	GO:0016779, GO:0140640	Anther and pollen development
260	CcGene_04188	CcContig_085823	16232	23397	-	Secondary Metabolite	Afadin- and alpha-actinin-binding	GO:0000287, GO:0004743, GO:0005515, GO:0005737, GO:0006096, GO:0030955	Glycolysis; Cytosolic glycolysis; Plastid glycolysis
261	CcGene_10004	CcContig_049902	11541	18860	+	Secondary Metabolite	KAL1806741.1hypothetical protein ACET3Z_029809 [Daucus carota]	GO:0004335, GO:0005524, GO:0005829, GO:0006012, GO:0046835	Galactose catabolism; Galactose degradation II
262	CcGene_09374	CcContig_143676	9265	15414	+	Secondary Metabolite	5090.1protein SUPPRESSOR OF K(+) TRANSPORT GROWTH DEFECT 1 [Daucus carota subsp. sativus]	GO:0005524, GO:0007033, GO:0016197, GO:0016887	Endosomal Sorting Complex Required For Transport (ESCRT)
263	CcGene_17925	CcContig_049070	5132	8683	-	Secondary Metabolite	1496.1isocitrate dehydrogenase [NAD] regulatory subunit 1, mitochondrial [Daucus carota subsp. sativus]	GO:0004449, GO:0005739, GO:0006099, GO:0006102	Citric acid cycle (TCA cycle); The tricarboxylic acid cycle; TCA cycle (plant)
264	CcGene_25193	CcContig_026596	11276	13522	+	Secondary Metabolite	KAL1825426.1hypothetical protein ACET3Z_012204 [Daucus carota]	GO:0003872, GO:0005737, GO:0006096	Glycolysis; Cytosolic glycolysis; Plastid glycolysis
265	CcGene_00206	CcContig_009878	11854	16178	-	Secondary Metabolite	2765.2phosphopantothenate--cysteine ligase 2 [Daucus carota subsp. sativus]	GO:0004632, GO:0005634, GO:0005737, GO:0015937	Coenzyme A biosynthesis
266	CcGene_04003	CcContig_111129	1676	2916	+	Secondary Metabolite	KAL1823281.1hypothetical protein ACET3Z_010059 [Daucus carota]	GO:0005515	Recognition of fungal and bacterial pathogens and immunity response
267	CcGene_09211	CcContig_047322	9570	12013	-	Terpenoid Biosynthesis	1605.14-hydroxy-3-methylbut-2-enyl diphosphate reductase, chloroplastic-like isoform X2 [Daucus carota subsp. sativus]	GO:0019288, GO:0046872, GO:0050992, GO:0051745	Methylerythritol phosphate pathway
268	CcGene_00087	CcContig_002555	18678	20845	-	Secondary Metabolite	2772.1peroxiredoxin Q, chloroplastic [Apium graveolens]	GO:0008379, GO:0009535, GO:0034599, GO:0045454	Detoxification of Reactive Oxygen Species
269	CcGene_26989	CcContig_047120	84762	91924	-	Terpenoid Biosynthesis	KAL1809970.1hypothetical protein ACET3Z_026960 [Daucus carota]	GO:0004190, GO:0006508	Surfactant metabolism; Methylerythritol phosphate pathway
270	CcGene_04014	CcContig_133623	4433	5116	-	Secondary Metabolite	0648.1LOB domain-containing protein 12 [Daucus carota subsp. sativus]		Primary root development
271	CcGene_04233	CcContig_125422	3723	6826	-	Secondary Metabolite	6711.2glutamate--glyoxylate aminotransferase 2 isoform X1 [Daucus carota subsp. sativus]	GO:0004021, GO:0008453, GO:0009853, GO:0030170, GO:0047958	Photorespiration
272	CcGene_05268	CcContig_112008	40323	44280	-	Secondary Metabolite	3261.1glutamyl-tRNA reductase 1, chloroplastic [Daucus carota subsp. sativus]	GO:0008883, GO:0033014, GO:0050661	Tetrapyrrole biosynthesis I
273	CcGene_02008	CcContig_112451	23940	25536	-	Secondary Metabolite	KAL1834143.1hypothetical protein ACET3Z_003794 [Daucus carota]	GO:0003848, GO:0004156, GO:0046654	Tetrahydrofolate biosynthesis II; Tetrahydrofolate biosynthesis I
274	CcGene_26209	CcContig_116544	14898	21307	-	Secondary Metabolite	KAL1815000.1hypothetical protein ACET3Z_017574 [Daucus carota]	GO:0005247, GO:0005794, GO:0006821, GO:0009507, GO:0016020, GO:0055085	ABC-family proteins mediated transport
275	CcGene_09509	CcContig_129560	22726	24467	+	Secondary Metabolite	Belongs to the peptidase A1 family	GO:0005634, GO:0006511, GO:0016567, GO:0061630	E3 ubiquitin ligases ubiquitinate target proteins
276	CcGene_10419	CcContig_126615	3978	7833	+	Secondary Metabolite	4928.1nicotianamine aminotransferase 1 [Daucus carota subsp. sativus]	GO:0004838, GO:0006572, GO:0009058, GO:0030170	Tyrosine catabolism
277	CcGene_12452	CcContig_047123	26638	31839	+	Secondary Metabolite	5041.1elongation factor Ts, mitochondrial [Daucus carota subsp. sativus]	GO:0003746, GO:0005515, GO:0005759, GO:0070125	Mitochondrial translation elongation
278	CcGene_26985	CcContig_120699	3708	9957	-	Secondary Metabolite	2420.1serine/threonine-protein phosphatase BSL3 [Daucus carota subsp. sativus]	GO:0005515	Resolution of Sister Chromatid Cohesion; Brassinosteroid signaling
279	CcGene_01742	CcContig_109387	33041	37769	-	Secondary Metabolite	KAL1805791.1hypothetical protein ACET3Z_028859 [Daucus carota]	GO:0005366, GO:0015798, GO:0016020, GO:0055085	Inositol transporters
280	CcGene_06009	CcContig_142550	85521	86395	+	Secondary Metabolite	KAL8126286.1hypothetical protein AgCh_013537 [Apium graveolens]	GO:0009055	Pantothenate and coenzyme A biosynthesis III
281	CcGene_25095	CcContig_127595	2894	10209	+	Secondary Metabolite	KAL1825432.1hypothetical protein ACET3Z_012210 [Daucus carota]	GO:0005802, GO:0005886, GO:0009833, GO:0016760, GO:0030244	Cellulose biosynthesis
282	CcGene_20997	CcContig_024741	6149	7723	+	Lipid & Polyketide Metabolism	KAL1806699.1hypothetical protein ACET3Z_029767 [Daucus carota]	GO:0004722, GO:0035970	Sphingolipid de novo biosynthesis; Flavin biosynthesis
283	CcGene_28003	CcContig_005132	23350	27402	-	Secondary Metabolite	4-hydroxy-3-methylbut-2-enyl diphosphate reductase	GO:0005515, GO:0030941, GO:0045036	Proteasome assembly
284	CcGene_29275	CcContig_084948	692	1897	+	Secondary Metabolite	KAK1374353.1ATP-binding cassette containing protein [Heracleum sosnowskyi]	GO:0005524, GO:0015421, GO:0016020, GO:0016887, GO:0055085	ABC-family proteins mediated transport
285	CcGene_27311	CcContig_143986	26153	32517	-	Secondary Metabolite	KAL1832967.1hypothetical protein ACET3Z_002618 [Daucus carota]	GO:0004333, GO:0005739, GO:0006099, GO:0006106, GO:0006108	Citric acid cycle (TCA cycle); The tricarboxylic acid cycle; TCA cycle (plant)
286	CcGene_14466	CcContig_095180	95119	103136	-	Secondary Metabolite	9891.1diphthine--ammonia ligase isoform X1 [Daucus carota subsp. sativus]	GO:0017178, GO:0017183	Synthesis of diphthamide-EEF2
287	CcGene_04790	CcContig_098920	8294	10974	+	Secondary Metabolite	0515.1putative 6-phosphogluconolactonase 1 isoform X2 [Apium graveolens]	GO:0005975, GO:0006098, GO:0017057	Pentose phosphate pathway
288	CcGene_27152	CcContig_073263	13505	18636	+	Secondary Metabolite	0045.1ABC transporter B family member 11 [Daucus carota subsp. sativus]	GO:0005524, GO:0015421, GO:0016020, GO:0016887, GO:0055085	ABC-family proteins mediated transport
289	CcGene_04551	CcContig_002377	37539	42034	-	Secondary Metabolite	2284.1ubiquitin-conjugating enzyme E2 2 [Daucus carota subsp. sativus]	GO:0000209, GO:0006281, GO:0043161, GO:0061631	Antigen processing: Ubiquitination & Proteasome degradation; Ubiquitin-dependent degradation of Cyclin D; Fanconi Anemia Pathway in DNA repair
290	CcGene_18007	CcContig_140029	26003	28793	+	Secondary Metabolite	KAL1810347.1hypothetical protein ACET3Z_027337 [Daucus carota]	GO:0016787	Phosphate bond hydrolysis by NTPDase proteins
291	CcGene_10995	CcContig_144721	5615	11774	-	Secondary Metabolite	4024.1uncharacterized protein LOC108224016 [Daucus carota subsp. sativus]	GO:0005739, GO:0034551	Complex III assembly
292	CcGene_28787	CcContig_137626	61322	68876	-	Secondary Metabolite	8241.1acyl-coenzyme A oxidase 4, peroxisomal [Daucus carota subsp. sativus]	GO:0003995, GO:0005777, GO:0006635, GO:0050660	Beta oxidation of lauroyl-CoA to decanoyl-CoA-CoA; Beta oxidation of palmitoyl-CoA to myristoyl-CoA; Mitochondrial Fatty Acid Beta-Oxidation; Beta oxidation of myristoyl-CoA to lauroyl-CoA; mitochondrial fatty acid beta-oxidation of unsaturated fatty acids; Beta oxidation of butanoyl-CoA to acetyl-CoA; Beta oxidation of hexanoyl-CoA to butanoyl-CoA; Beta oxidation of octanoyl-CoA to hexanoyl-CoA; Beta oxidation of decanoyl-CoA to octanoyl-CoA-CoA
293	CcGene_18013	CcContig_137139	32227	37797	+	Secondary Metabolite	source UniProtKB		Polyisoprenoid biosynthesis
294	CcGene_02998	CcContig_135682	11550	19099	+	Secondary Metabolite	CAR5505607.1unnamed protein product [Linum grandiflorum]		RA biosynthesis pathway
295	CcGene_07504	CcContig_123472	27638	29330	+	Secondary Metabolite	3908.1probable 6-phosphogluconolactonase 4, chloroplastic [Daucus carota subsp. sativus]	GO:0005975, GO:0006098, GO:0017057	Pentose phosphate pathway
296	CcGene_05161	CcContig_001137	40904	47864	-	Secondary Metabolite	7380.2uncharacterized protein LOC108194955 [Daucus carota subsp. sativus]	GO:0000723, GO:0003678, GO:0006281	Fanconi Anemia Pathway in DNA repair
297	CcGene_09592	CcContig_123981	33083	38951	+	Secondary Metabolite	3753.1succinate--CoA ligase [ADP-forming] subunit beta, mitochondrial [Daucus carota subsp. sativus]	GO:0004775, GO:0005524, GO:0006099, GO:0006104, GO:0042709	Citric acid cycle (TCA cycle); The tricarboxylic acid cycle; TCA cycle (plant)
298	CcGene_10135	CcContig_003267	473	1788	-	Secondary Metabolite	0690.1caffeic acid 3-O-methyltransferase-like [Daucus carota subsp. sativus]	GO:0008171, GO:0008757, GO:0032259, GO:0046983	Methylation
299	CcGene_19480	CcContig_086472	18417	26977	+	Secondary Metabolite	5869.1ubiquitin-activating enzyme E1 1 [Daucus carota subsp. sativus]	GO:0004839, GO:0005634, GO:0005737, GO:0006511, GO:0006974, GO:0016567	Synthesis of active ubiquitin: roles of E1 and E2 enzymes
300	CcGene_23993	CcContig_100490	8482	9509	-	Secondary Metabolite	KAL8097818.1hypothetical protein AgCh_030796 [Apium graveolens]	GO:0005739, GO:0005811, GO:0005886, GO:0009247	Platelet degranulation
301	CcGene_28999	CcContig_127962	26794	29730	+	Secondary Metabolite	8384.1rRNA 2'-O-methyltransferase fibrillarin 2 [Daucus carota subsp. sativus]	GO:0000494, GO:0003723, GO:0008649, GO:0031167, GO:0031428, GO:0032040, GO:1990259	Major pathway of rRNA processing in the nucleolus and cytosol
302	CcGene_12018	CcContig_103040	1255	4630	-	Secondary Metabolite	KAK1361400.1Metal transporter Nramp1 [Heracleum sosnowskyi]	GO:0005384, GO:0015086, GO:0016020, GO:0030001	Neutrophil degranulation; Iron uptake and transport; Ion influx/efflux at host-pathogen interface; Metal ion SLC transporters; ROS and RNS production in phagocytes; Arsenic uptake and detoxification; Iron uptake and transport in root vascular system
303	CcGene_16908	CcContig_007788	3314	7289	-	Alkaloid Biosynthesis	9361.1indole-3-glycerol phosphate synthase, chloroplastic [Daucus carota subsp. sativus]	GO:0000162, GO:0004425, GO:0004640	Tryptophan biosynthesis
304	CcGene_15315	CcContig_135877	24674	27735	+	Secondary Metabolite	0170.1phosphatidylinositol N-acetylglucosaminyltransferase subunit A isoform X2 [Daucus carota subsp. sativus]	GO:0000506, GO:0006506, GO:0017176	Synthesis of glycosylphosphatidylinositol (GPI)
305	CcGene_25479	CcContig_000944	10563	13314	+	Secondary Metabolite	2076.1sucrose-phosphatase 1 [Daucus carota subsp. sativus]	GO:0000287, GO:0005986, GO:0050307	Sucrose biosynthesis
306	CcGene_06720	CcContig_003307	853	4835	-	Secondary Metabolite	KAL1822106.1hypothetical protein ACET3Z_008884 [Daucus carota]	GO:0003676, GO:0005634, GO:0008168, GO:0032259	Methylation
307	CcGene_13992	CcContig_118808	65000	69780	-	Secondary Metabolite	1260.1gamma-glutamylcyclotransferase 2-3 [Daucus carota subsp. sativus]	GO:0003839, GO:0005737, GO:0006751, GO:0061928	Glutathione synthesis and recycling
308	CcGene_12536	CcContig_004154	57548	59035	+	Secondary Metabolite	KAL1806266.1hypothetical protein ACET3Z_029334 [Daucus carota]	GO:0009416, GO:0009686, GO:0009826, GO:0009908, GO:0045544	Gibberellin biosynthesis I (non C-3, non C-13 hydroxylation); Gibberellin biosynthesis II (early C-3 hydroxylation)
309	CcGene_00012	CcContig_064954	1648	3170	+	Secondary Metabolite	5687.1protein THYLAKOID ASSEMBLY 8-like, chloroplastic [Daucus carota subsp. sativus]	GO:0005515	Regulatory network of nutrient accumulation
310	CcGene_17094	CcContig_136527	10443	12472	-	Secondary Metabolite	2817.1probable cyclic nucleotide-gated ion channel 5 [Daucus carota subsp. sativus]	GO:0005249, GO:0005886, GO:0012505, GO:0071805	HCN channels; TWIK-related spinal cord K+ channel (TRESK); Voltage gated Potassium channels; TWIK related potassium channel (TREK); Tandem pore domain halothane-inhibited K+ channel (THIK); TWIK-releated acid-sensitive K+ channel (TASK); TWIK-related alkaline pH activated K+ channel (TALK)
311	CcGene_13041	CcContig_014900	10012	12425	+	Secondary Metabolite	4936.1alpha,alpha-trehalose-phosphate synthase [UDP-forming] 1 isoform X1 [Daucus carota subsp. sativus]	GO:0004805, GO:0005829, GO:0005992	Trehalose biosynthesis; Trehalose biosynthesis I
312	CcGene_04847	CcContig_004572	12185	14538	-	Secondary Metabolite	0347.1probable trehalose-phosphate phosphatase J [Daucus carota subsp. sativus]	GO:0004805, GO:0005992	Trehalose biosynthesis; Trehalose biosynthesis I
313	CcGene_13017	CcContig_002039	10692	11325	+	Secondary Metabolite	KAL1830126.1hypothetical protein ACET3Z_008538 [Daucus carota]	GO:0009055	Pantothenate and coenzyme A biosynthesis III
314	CcGene_17007	CcContig_047578	32308	46526	-	Secondary Metabolite	KAL1802281.1hypothetical protein ACET3Z_030928 [Daucus carota]	GO:0000062, GO:0005515, GO:0005829, GO:0006869	HATs acetylate histones; UCH proteinases; Formation of WDR5-containing histone-modifying complexes
315	CcGene_14566	CcContig_007595	4611	11877	+	Secondary Metabolite	6956.1malate dehydrogenase [NADP], chloroplastic [Daucus carota subsp. sativus]	GO:0006099, GO:0006107, GO:0006108, GO:0030060, GO:0046554	The tricarboxylic acid cycle; Citric acid cycle (TCA cycle); TCA cycle (plant)
316	CcGene_03622	CcContig_127739	23205	25196	+	Lipid & Polyketide Metabolism	4761.1glycolipid transfer protein 2 [Daucus carota subsp. sativus]	GO:0005829, GO:0016020, GO:0035627, GO:0120009, GO:1902387, GO:1902388	Glycosphingolipid transport
317	CcGene_28086	CcContig_048427	12370	15946	-	Secondary Metabolite	0004.1cellulose synthase-like protein D1 [Daucus carota subsp. sativus]	GO:0005802, GO:0005886, GO:0009833, GO:0016760, GO:0030244	Cellulose biosynthesis
318	CcGene_28083	CcContig_014901	3502	6579	+	Secondary Metabolite	3418.1malate dehydrogenase [Daucus carota subsp. sativus]	GO:0006099, GO:0006107, GO:0006108, GO:0030060	The tricarboxylic acid cycle; Citric acid cycle (TCA cycle); TCA cycle (plant)
319	CcGene_27142	CcContig_024180	43510	46057	+	Secondary Metabolite	8456.1serine hydroxymethyltransferase 4 [Apium graveolens]	GO:0004372, GO:0005737, GO:0006565, GO:0008270, GO:0030170, GO:0035999, GO:0046655, GO:0050897, GO:0070905	Metabolism of folate and pterines
320	CcGene_12009	CcContig_053820	18082	23521	-	Secondary Metabolite	KAL1820358.1hypothetical protein ACET3Z_015227 [Daucus carota]	GO:0005739, GO:0008453, GO:0009436, GO:0030170	Glyoxylate metabolism and glycine degradation; Biotin biosynthesis II
321	CcGene_17005	CcContig_049407	6836	8245	+	Secondary Metabolite	KAK1381680.1WRKY1 transcription factor [Heracleum sosnowskyi]	GO:0000976, GO:0003700, GO:0005634, GO:0006355	Regulation of seed germination and coleoptile growth under submergence and normal gravity environment
322	CcGene_26311	CcContig_093617	6657	7114	+	Secondary Metabolite	7175.1uncharacterized protein LOC108194747 [Daucus carota subsp. sativus]	GO:0000723, GO:0006281, GO:0043139	Fanconi Anemia Pathway in DNA repair
323	CcGene_24722	CcContig_005710	11621	13748	-	Secondary Metabolite	2770.1cationic amino acid transporter 6, chloroplastic [Daucus carota subsp. sativus]	GO:0005886, GO:0006865, GO:0015171, GO:0055085	Amino acid transport across the plasma membrane
324	CcGene_04118	CcContig_001489	93539	95173	+	Secondary Metabolite	KAK1371981.1Aquaporin TIP [Heracleum sosnowskyi]	GO:0006833, GO:0015250, GO:0016020, GO:0055085	Passive transport by Aquaporins
325	CcGene_11577	CcContig_059691	6748	21274	-	Secondary Metabolite	KAL1812492.1hypothetical protein ACET3Z_022557 [Daucus carota]	GO:0003978, GO:0005524, GO:0005829, GO:0016020, GO:0016887, GO:0033499, GO:0140359	Galactose catabolism; Galactose degradation II
326	CcGene_08611	CcContig_061540	9378	12823	-	Secondary Metabolite	KAK1390647.1malate dehydrogenase [Heracleum sosnowskyi]	GO:0006099, GO:0006107, GO:0006108, GO:0030060	The tricarboxylic acid cycle; Citric acid cycle (TCA cycle); TCA cycle (plant)
327	CcGene_14989	CcContig_004597	19449	24822	+	Lipid & Polyketide Metabolism	KAL1806808.1hypothetical protein ACET3Z_029876 [Daucus carota]	GO:0008289	RHOF GTPase cycle; Glycosphingolipid transport; RHOG GTPase cycle; RHOD GTPase cycle; RAC2 GTPase cycle; RAC3 GTPase cycle; RAC1 GTPase cycle; Photorespiration
328	CcGene_15087	CcContig_058848	16687	23415	+	Secondary Metabolite	5983.1cellulose synthase A catalytic subunit 2 [UDP-forming] [Daucus carota subsp. sativus]	GO:0005802, GO:0005886, GO:0009833, GO:0016760, GO:0030244	Cellulose biosynthesis
329	CcGene_12014	CcContig_108009	3882	5441	+	Secondary Metabolite	KAL1817210.1hypothetical protein ACET3Z_019784 [Daucus carota]	GO:0080188	Flower development
330	CcGene_29779	CcContig_009927	8473	12196	-	Secondary Metabolite	KAK1397812.1Hydroxymethylbilane synthase [Heracleum sosnowskyi]	GO:0004418, GO:0005737, GO:0006783	Heme biosynthesis; Heme synthesis
331	CcGene_07588	CcContig_050965	863	3413	-	Secondary Metabolite	6376.1protein argonaute 4-like [Apium graveolens]	GO:0003723, GO:0004521, GO:0005737, GO:0035194	Post-transcriptional silencing by small RNAs
332	CcGene_27403	CcContig_102748	28606	30975	-	Secondary Metabolite	KAL1828240.1hypothetical protein ACET3Z_006652 [Daucus carota]	GO:0003881, GO:0005794, GO:0006661, GO:0016020	Synthesis of PI
333	CcGene_08367	CcContig_115027	41551	51352	-	Secondary Metabolite	KAL1833115.1hypothetical protein ACET3Z_002766 [Daucus carota]	GO:0000105, GO:0004399, GO:0005829, GO:0009570, GO:0046872, GO:0051287	Histidine biosynthesis I
334	CcGene_23067	CcContig_133409	50257	51595	-	Secondary Metabolite	8322.1dephospho-CoA kinase [Daucus carota subsp. sativus]	GO:0004140, GO:0005524, GO:0015937	Coenzyme A biosynthesis
335	CcGene_06374	CcContig_074677	8986	14555	-	Secondary Metabolite	KAL1823500.1hypothetical protein ACET3Z_010278 [Daucus carota]	GO:0003723, GO:0004525, GO:0005515, GO:0005524, GO:0005634, GO:0005737, GO:0030422	Small interfering RNA (siRNA) biogenesis
336	CcGene_02511	CcContig_007744	7707	11457	-	Secondary Metabolite	KAK1355993.1GPI transamidase component PIG-T [Heracleum sosnowskyi]	GO:0016255, GO:0042765	Attachment of GPI anchor to uPAR
337	CcGene_20274	CcContig_104638	33466	40851	-	Secondary Metabolite	4445.1pyruvate kinase isozyme G, chloroplastic [Daucus carota subsp. sativus]	GO:0000287, GO:0004743, GO:0006096, GO:0009570, GO:0030955	Glycolysis; Plastid glycolysis; Cytosolic glycolysis
338	CcGene_04238	CcContig_133294	12065	17976	-	Secondary Metabolite	KAL1827918.1hypothetical protein ACET3Z_006330 [Daucus carota]	GO:0003985, GO:0005739, GO:0006635	Beta oxidation of lauroyl-CoA to decanoyl-CoA-CoA; Beta oxidation of palmitoyl-CoA to myristoyl-CoA; Mitochondrial Fatty Acid Beta-Oxidation; Beta oxidation of myristoyl-CoA to lauroyl-CoA; Beta oxidation of hexanoyl-CoA to butanoyl-CoA; Beta oxidation of octanoyl-CoA to hexanoyl-CoA; Beta oxidation of decanoyl-CoA to octanoyl-CoA-CoA
339	CcGene_27232	CcContig_005959	44294	51632	+	Secondary Metabolite	KAK1372553.1ATP-dependent 6-phosphofructokinase 3 [Heracleum sosnowskyi]	GO:0003872, GO:0005737, GO:0006002, GO:0006096	Glycolysis; Cytosolic glycolysis; Plastid glycolysis
340	CcGene_23214	CcContig_145171	94752	100437	+	Flavonoids & Phenylpropanoids	6419.13-phosphoshikimate 1-carboxyvinyltransferase 2 [Daucus carota subsp. sativus]	GO:0003866, GO:0009073, GO:0009423	Chorismate via Shikimate Pathway; Chorismate biosynthesis
341	CcGene_16018	CcContig_128574	15830	17130	+	Secondary Metabolite	KAL1826313.1hypothetical protein ACET3Z_004725 [Daucus carota]	GO:0003729, GO:0006417	RHOBTB2 GTPase cycle
342	CcGene_09077	CcContig_085042	10514	28461	-	Secondary Metabolite	7618.1DEAD-box ATP-dependent RNA helicase FANCM isoform X1 [Daucus carota subsp. sativus]	GO:0000400, GO:0005524, GO:0009378, GO:0016787, GO:0036297, GO:0043138, GO:0045003	Resolution of D-loop Structures through Synthesis-Dependent Strand Annealing (SDSA)
343	CcGene_23838	CcContig_138948	2444	6861	+	Secondary Metabolite	0093.1ubiquitin-conjugating enzyme E2 7 isoform X1 [Daucus carota subsp. sativus]	GO:0000209, GO:0006511, GO:0061631	Antigen processing: Ubiquitination & Proteasome degradation
344	CcGene_10993	CcContig_056147	2046	5095	-	Secondary Metabolite	9603.1DNA-directed RNA polymerases II, IV and V subunit 6A-like [Apium graveolens]	GO:0003677, GO:0003899, GO:0005665, GO:0005666, GO:0005736, GO:0006360, GO:0006366, GO:0042797	Processing of Capped Intron-Containing Pre-mRNA; RNA Pol II CTD phosphorylation and interaction with CE; RNA Polymerase II Transcription Initiation; Dual incision in TC-NER; mRNA Capping; Formation of TC-NER Pre-Incision Complex; Gap-filling DNA repair synthesis and ligation in TC-NER; Formation of the Early Elongation Complex; TP53 Regulates Transcription of DNA Repair Genes; Estrogen-dependent gene expression; RNA Polymerase I Transcription Initiation; RNA Polymerase II Promoter Escape; RNA Polymerase II Transcription Pre-Initiation And Promoter Opening; RNA Polymerase I Promoter Escape; RNA polymerase II transcribes snRNA genes; RNA Polymerase III Transcription Initiation From Type 2 Promoter; RNA Polymerase III Transcription Initiation From Type 1 Promoter; RNA Polymerase II Pre-transcription Events; Transcriptional regulation by small RNAs
345	CcGene_16414	CcContig_125276	96126	96863	-	Secondary Metabolite	KAK1378087.1enoyl-CoA delta isomerase 1, peroxisomal-like [Heracleum sosnowskyi]	GO:0004165, GO:0005777, GO:0006635	mitochondrial fatty acid beta-oxidation of unsaturated fatty acids
346	CcGene_13010	CcContig_108450	83840	84965	-	Secondary Metabolite	WOG88992.1hypothetical protein DCAR_0208227 [Daucus carota subsp. sativus]	GO:0003677, GO:0005634, GO:0006355	Estrogen-dependent gene expression; RUNX1 regulates transcription of genes involved in differentiation of HSCs; Response to cold temperature
347	CcGene_28234	CcContig_115466	59890	63425	+	Secondary Metabolite	PHD - plant homeodomain finger protein	GO:0005829, GO:0005986, GO:0006000, GO:0006002, GO:0006094, GO:0030388, GO:0042132	Gluconeogenesis; Sucrose biosynthesis
348	CcGene_14154	CcContig_015001	5895	9423	+	Secondary Metabolite	KAL1822378.1hypothetical protein ACET3Z_009156 [Daucus carota]	GO:0008757, GO:0032259	Methylation
349	CcGene_11860	CcContig_117121	86304	87626	+	Secondary Metabolite	KAL8111732.1hypothetical protein AgCh_019444 [Apium graveolens]	GO:0003887, GO:0003964, GO:0006278	Minus-strand DNA synthesis; Plus-strand DNA synthesis
350	CcGene_26430	CcContig_097945	7086	16702	+	Secondary Metabolite	KAK1369397.1Aspartate kinase-homoserine dehydrogenase i, I,AK-HSDH [Heracleum sosnowskyi]	GO:0004072, GO:0004412, GO:0009067, GO:0009090, GO:0050661	Homoserine biosynthesis
351	CcGene_25580	CcContig_009921	1850	5391	+	Secondary Metabolite	5890.1probable E3 ubiquitin-protein ligase ARI2 [Daucus carota subsp. sativus]	GO:0000151, GO:0000209, GO:0005737, GO:0031624, GO:0032436, GO:0061630	Antigen processing: Ubiquitination & Proteasome degradation
352	CcGene_10008	CcContig_049902	28666	29343	-	Secondary Metabolite	KAK1350709.1inactive protein RESTRICTED TEV MOVEMENT 1-like [Heracleum sosnowskyi]	GO:0030246	Pantothenate biosynthesis I; Pantothenate biosynthesis II
353	CcGene_06598	CcContig_123833	166253	170679	+	Secondary Metabolite	8661.1RING-box protein 1a [Daucus carota subsp. sativus]	GO:0005634, GO:0006511, GO:0008270, GO:0016567, GO:0031461, GO:0061630, GO:0097602	E3 ubiquitin ligases ubiquitinate target proteins
354	CcGene_27801	CcContig_059266	10625	14086	-	Secondary Metabolite	KAL1811393.1hypothetical protein ACET3Z_021458 [Daucus carota]	GO:0036066, GO:0046922	O-glycosylation of TSR domain-containing proteins
355	CcGene_01187	CcContig_128225	1361	2286	-	Secondary Metabolite	WOG94167.1hypothetical protein DCAR_0313460 [Daucus carota subsp. sativus]	GO:0000151, GO:0000209, GO:0005737, GO:0008270, GO:0031624, GO:0032436, GO:0061630	Antigen processing: Ubiquitination & Proteasome degradation
356	CcGene_17388	CcContig_133415	97410	100296	-	Secondary Metabolite	KAL1807094.1hypothetical protein ACET3Z_030162 [Daucus carota]	GO:0015095, GO:0015693, GO:0016020, GO:0055085	Miscellaneous transport and binding events
357	CcGene_16997	CcContig_109493	48411	52537	+	Secondary Metabolite	KAK1375936.1Glyoxylate/succinic semialdehyde reductase 2, chloroplastic [Heracleum sosnowskyi]	GO:0009507, GO:0030267, GO:0050661, GO:0051287	Branched-chain amino acid catabolism; Valine degradation
358	CcGene_02028	CcContig_117181	19468	23300	-	Secondary Metabolite	3081.1nuclear transport factor 2 [Daucus carota subsp. sativus]	GO:0003729, GO:0005829, GO:1990904	mRNA Splicing - Minor Pathway; mRNA Splicing - Major Pathway; mRNA 3'-end processing; Transport of Mature mRNA derived from an Intron-Containing Transcript; RNA Polymerase II Transcription Termination; Response to Aluminum stress
359	CcGene_21632	CcContig_006433	14949	24683	+	Secondary Metabolite	9009.1uncharacterized protein At4g17910-like isoform X3 [Apium graveolens]	GO:0005783, GO:0006506, GO:0016020, GO:0032216, GO:0072659	Synthesis of glycosylphosphatidylinositol (GPI)
360	CcGene_20014	CcContig_133703	6420	7338	+	Secondary Metabolite	WOG94511.1hypothetical protein DCAR_0313807 [Daucus carota subsp. sativus]	GO:0005634, GO:0005737, GO:0009910, GO:0010228	Negative regulation of MAPK pathway; MAP2K and MAPK activation; Reproductive meristem phase change
361	CcGene_02893	CcContig_102940	760	4553	+	Secondary Metabolite	PKI56859.1hypothetical protein CRG98_022746 [Punica granatum]	GO:0004373, GO:0009011, GO:0009501, GO:0009507, GO:0010021, GO:0019252, GO:2001070	Starch biosynthesis
362	CcGene_29362	CcContig_003093	17879	27344	+	Secondary Metabolite	KAL8155339.1hypothetical protein AgCh_000645 [Apium graveolens]	GO:0008168, GO:0032259	Methylation
363	CcGene_22296	CcContig_058974	6087	13100	+	Secondary Metabolite	7052.1protein argonaute 1 isoform X2 [Daucus carota subsp. sativus]	GO:0003723, GO:0004521, GO:0005515, GO:0005737, GO:0035194	Post-transcriptional silencing by small RNAs
364	CcGene_18008	CcContig_140029	44125	53857	+	Secondary Metabolite	5534.1FKBP12-interacting protein of 37 kDa isoform X2 [Daucus carota subsp. sativus]	GO:0000381, GO:0005634, GO:0016556	Processing of Capped Intron-Containing Pre-mRNA
365	CcGene_03384	CcContig_121527	25663	32195	-	Alkaloid Biosynthesis	8977.1tryptophan synthase alpha chain [Daucus carota subsp. sativus]	GO:0000162, GO:0004834, GO:0005829, GO:0009507	Tryptophan biosynthesis
366	CcGene_27819	CcContig_143248	37412	42359	-	Secondary Metabolite	KAK1379913.1Magnesium transporter [Heracleum sosnowskyi]	GO:0015095, GO:0015693, GO:0016020, GO:0055085	Miscellaneous transport and binding events
367	CcGene_23803	CcContig_046868	76563	86729	+	Secondary Metabolite	5550.1lon protease homolog 2, peroxisomal [Daucus carota subsp. sativus]	GO:0004176, GO:0004252, GO:0005524, GO:0005782, GO:0006625, GO:0016485, GO:0030163	TYSND1 cleaves peroxisomal proteins
368	CcGene_28327	CcContig_003309	65742	70775	-	Secondary Metabolite	KAL1816795.1hypothetical protein ACET3Z_019369 [Daucus carota]	GO:0000724, GO:0004842, GO:0005886, GO:0031436, GO:0045717, GO:0045944, GO:0070531	SMAD2/SMAD3:SMAD4 heterotrimer regulates transcription
369	CcGene_01758	CcContig_049810	32422	33137	-	Secondary Metabolite	KAL1829374.1hypothetical protein ACET3Z_007786 [Daucus carota]	GO:0006833, GO:0015250, GO:0016020, GO:0055085	Passive transport by Aquaporins
370	CcGene_21757	CcContig_001583	20664	27417	+	Secondary Metabolite	1764.1uncharacterized protein LOC108206091 [Daucus carota subsp. sativus]	GO:0003921, GO:0005524, GO:0005829, GO:0006177	De novo synthesis of GMP
371	CcGene_27094	CcContig_118699	11793	15046	-	Secondary Metabolite	At1g66480-like	GO:0005802, GO:0005886, GO:0009833, GO:0016760, GO:0030244	Cellulose biosynthesis
372	CcGene_11731	CcContig_047441	35234	42043	+	Secondary Metabolite	KAK1372617.1E3 ubiquitin ligase PARAQUAT TOLERANCE 3-like [Heracleum sosnowskyi]	GO:0003676, GO:0005634, GO:0006511, GO:0008270, GO:0016567, GO:0061630	E3 ubiquitin ligases ubiquitinate target proteins
373	CcGene_07254	CcContig_033453	8428	14803	-	Secondary Metabolite	7027.1carbon catabolite repressor protein 4 homolog 1 [Daucus carota subsp. sativus]	GO:0000289, GO:0004535, GO:0005634, GO:0005737, GO:0030014	Deadenylation of mRNA
374	CcGene_15386	CcContig_125065	65820	70804	-	Secondary Metabolite	KAL1833097.1hypothetical protein ACET3Z_002748 [Daucus carota]	GO:0004144, GO:0005789, GO:0019432	Triglyceride biosynthesis
375	CcGene_17240	CcContig_104591	37446	43026	-	Secondary Metabolite	5279.1peptidyl-prolyl cis-trans isomerase CYP65 [Daucus carota subsp. sativus]	GO:0000209, GO:0000413, GO:0003755, GO:0006457, GO:0061630, GO:0071013	Antigen processing: Ubiquitination & Proteasome degradation
376	CcGene_28477	CcContig_116035	116208	118666	+	Secondary Metabolite	4054.1ribonuclease 3-like protein 3 [Daucus carota subsp. sativus]	GO:0003723, GO:0004525, GO:0005634, GO:0005737, GO:0030422	Small interfering RNA (siRNA) biogenesis
377	CcGene_05381	CcContig_060323	19412	20928	-	Secondary Metabolite	KAK1360134.1Gibberellin 3-beta-dioxygenase 1 [Heracleum sosnowskyi]	GO:0009416, GO:0009686, GO:0016707	Gibberellin biosynthesis I (non C-3, non C-13 hydroxylation); Gibberellin biosynthesis II (early C-3 hydroxylation)
378	CcGene_17019	CcContig_007681	2008	3159	-	Secondary Metabolite	KAL1827615.1hypothetical protein ACET3Z_006027 [Daucus carota]	GO:0005886, GO:0006857, GO:0022857, GO:0055085	Proton/oligopeptide cotransporters
379	CcGene_25393	CcContig_095115	47654	51297	-	Secondary Metabolite	8771.1E3 ubiquitin-protein ligase PRT1 [Daucus carota subsp. sativus]	GO:0008270, GO:0043161, GO:0061630	Ubiquitin-dependent degradation of Cyclin D
380	CcGene_11100	CcContig_126809	7663	14487	+	Secondary Metabolite	KAL1806896.1hypothetical protein ACET3Z_029964 [Daucus carota]	GO:0004325, GO:0005739, GO:0006783	Heme biosynthesis; Heme synthesis
381	CcGene_08487	CcContig_104866	39763	42714	-	Secondary Metabolite	4116.1abscisic acid 8'-hydroxylase 4 [Daucus carota subsp. sativus]	GO:0005506, GO:0010295, GO:0016125, GO:0020037	Endogenous sterols
382	CcGene_28511	CcContig_096015	13449	15801	+	Secondary Metabolite	5499.1putative trehalose-phosphate phosphatase D [Apium graveolens]	GO:0004805, GO:0005992	Trehalose biosynthesis; Trehalose biosynthesis I
383	CcGene_05144	CcContig_103982	137330	143731	-	Secondary Metabolite	KAL1813637.1hypothetical protein ACET3Z_023702 [Daucus carota]	GO:0005789, GO:0036503, GO:0043161, GO:0061630	Ubiquitin-dependent degradation of Cyclin D
384	CcGene_07992	CcContig_049367	31221	36027	-	Secondary Metabolite	4207.1uncharacterized protein LOC108216057 [Daucus carota subsp. sativus]		HSP90 chaperone cycle for steroid hormone receptors (SHR) in the presence of ligand; Regulation of HSF1-mediated heat shock response; MAPK6/MAPK4 signaling
385	CcGene_19494	CcContig_095252	55407	78752	-	Secondary Metabolite	5476.1ferredoxin-dependent glutamate synthase, chloroplastic isoform X1 [Daucus carota subsp. sativus]	GO:0016040, GO:0019676	Ammonia assimilation cycle
386	CcGene_15519	CcContig_005734	419	659	-	Secondary Metabolite	Belongs to the small heat shock protein (HSP20) family	GO:0005366, GO:0015798, GO:0016020, GO:0055085	Inositol transporters
387	CcGene_29213	CcContig_000176	41699	42629	+	Secondary Metabolite	5687.1uncharacterized protein LOC108217360 [Daucus carota subsp. sativus]	GO:0000723, GO:0006281, GO:0043139	Fanconi Anemia Pathway in DNA repair
388	CcGene_16512	CcContig_095237	13018	15444	+	Secondary Metabolite	7533.1fructose-1,6-bisphosphatase 1, chloroplastic [Daucus carota subsp. sativus]	GO:0005829, GO:0005986, GO:0006000, GO:0006002, GO:0006094, GO:0030388, GO:0042132	Gluconeogenesis; Sucrose biosynthesis
389	CcGene_10009	CcContig_051415	1080	1406	-	Secondary Metabolite	KAK1352209.1E3 ubiquitin-protein like [Heracleum sosnowskyi]	GO:0008270	Translesion Synthesis by POLH; Antigen processing: Ubiquitination & Proteasome degradation; Regulation of seed germination and coleoptile growth under submergence and normal gravity environment
390	CcGene_24320	CcContig_127707	53594	55302	+	Secondary Metabolite	6318.1protein argonaute 1-like [Daucus carota subsp. sativus]	GO:0003723, GO:0004521, GO:0005515, GO:0005737, GO:0035194	Post-transcriptional silencing by small RNAs
391	CcGene_14628	CcContig_126880	40519	41785	+	Secondary Metabolite	0473.2caffeic acid 3-O-methyltransferase-like [Daucus carota subsp. sativus]	GO:0008171, GO:0008757, GO:0032259, GO:0046983	Methylation
392	CcGene_10224	CcContig_115313	14651	17365	-	Terpenoid Biosynthesis	KAL1814995.1hypothetical protein ACET3Z_017569 [Daucus carota]	GO:0004420, GO:0005515, GO:0005778, GO:0005789, GO:0008299, GO:0015936, GO:0016126	Mevalonate pathway
393	CcGene_04034	CcContig_046544	26323	34397	+	Secondary Metabolite	KAL1805870.1hypothetical protein ACET3Z_028938 [Daucus carota]	GO:0005515, GO:0043161, GO:0061630	Ubiquitin-dependent degradation of Cyclin D
394	CcGene_21732	CcContig_118666	66715	73322	-	Secondary Metabolite	3702.1ubiquitin receptor RAD23d [Daucus carota subsp. sativus]	GO:0003684, GO:0005654, GO:0005829, GO:0006289, GO:0031593, GO:0043130, GO:0043161, GO:0070628	Dual Incision in GG-NER
395	CcGene_05001	CcContig_060080	4173	5693	+	Secondary Metabolite	3781.1F-box/kelch-repeat protein At3g23880 [Daucus carota subsp. sativus]		Tetrahydrofolate biosynthesis I; Tetrahydrofolate biosynthesis II
396	CcGene_12002	CcContig_098248	29189	34308	+	Secondary Metabolite	KAL1824070.1hypothetical protein ACET3Z_010848 [Daucus carota]	GO:0005524, GO:0005741, GO:0016887	Class I peroxisomal membrane protein import
397	CcGene_20515	CcContig_092807	6374	7978	-	Secondary Metabolite	BDC79572.1hypothetical plant O-methyltransferase [Anthriscus sylvestris]	GO:0008171, GO:0008757, GO:0032259, GO:0046983	Methylation
398	CcGene_09769	CcContig_145720	89384	93560	+	Secondary Metabolite	KAL1813633.1hypothetical protein ACET3Z_023698 [Daucus carota]	GO:0005802, GO:0005886, GO:0009833, GO:0016760, GO:0030244	Cellulose biosynthesis
399	CcGene_06460	CcContig_125897	26696	32432	+	Secondary Metabolite	P28734.1RecName: Full=Aspartate aminotransferase, cytoplasmic; AltName: Full=Transaminase A [Daucus carota]	GO:0004069, GO:0005739, GO:0006520, GO:0009058, GO:0030170	Amino acid metabolism
400	CcGene_11343	CcContig_051321	4981	8276	+	Secondary Metabolite	6566.1alpha,alpha-trehalose-phosphate synthase [UDP-forming] 6 [Daucus carota subsp. sativus]	GO:0004805, GO:0005829, GO:0005992	Trehalose biosynthesis; Trehalose biosynthesis I
401	CcGene_00034	CcContig_133600	63864	73104	+	Secondary Metabolite	KAL1834976.1hypothetical protein ACET3Z_004627 [Daucus carota]	GO:0004222, GO:0005829, GO:0006508, GO:0046872	Peroxisomal protein import
402	CcGene_16876	CcContig_121187	2357	7371	-	Secondary Metabolite	histone deacetylase	GO:0004013, GO:0005829, GO:0033353	S-adenosyl-L-methionine cycle
403	CcGene_19880	CcContig_100310	6108	9532	-	Secondary Metabolite	KAL1824237.1hypothetical protein ACET3Z_011015 [Daucus carota]	GO:0000103, GO:0004020, GO:0005524	Sulfate assimilation
404	CcGene_04345	CcContig_048197	22177	25035	+	Secondary Metabolite	YEM38093.1indole-3-acetic acid carboxyl methyltransferase [Daucus carota]	GO:0008757, GO:0032259	Methylation
405	CcGene_24148	CcContig_017570	105034	107191	+	Secondary Metabolite	KAL1824398.1hypothetical protein ACET3Z_011176 [Daucus carota]	GO:0004657, GO:0005739, GO:0006562, GO:0071949	Proline catabolism; Proline degradation
406	CcGene_22413	CcContig_004159	10209	16015	+	Secondary Metabolite	0689.1E3 ubiquitin-protein ligase RSL1 [Daucus carota subsp. sativus]	GO:0000151, GO:0000209, GO:0003676, GO:0004523, GO:0005737, GO:0031624, GO:0032436, GO:0061630	Antigen processing: Ubiquitination & Proteasome degradation
407	CcGene_19853	CcContig_108809	1054	1542	-	Secondary Metabolite	8174.1ubiquitin-conjugating enzyme E2-23 kDa [Daucus carota subsp. sativus]	GO:0000209, GO:0005634, GO:0006511, GO:0061631	Antigen processing: Ubiquitination & Proteasome degradation
408	CcGene_06024	CcContig_049360	15397	16818	-	Secondary Metabolite	KAL1814771.1hypothetical protein ACET3Z_017345 [Daucus carota]	GO:0000149, GO:0005484, GO:0005789, GO:0005794, GO:0006886, GO:0006906, GO:0012507, GO:0031201, GO:0031902	Intra-Golgi traffic; Retrograde transport at the Trans-Golgi-Network
409	CcGene_19351	CcContig_046806	41567	46884	+	Secondary Metabolite	9929.1alpha-mannosidase I MNS5 isoform X1 [Daucus carota subsp. sativus]	GO:0004571, GO:0005509, GO:0005783, GO:0005975, GO:0016020, GO:1904380, GO:1904382	ER Quality Control Compartment (ERQC)
410	CcGene_07380	CcContig_118973	7373	10429	+	Secondary Metabolite	7899.1serine/arginine-rich splicing factor RS41 isoform X1 [Daucus carota subsp. sativus]	GO:0000398, GO:0003723, GO:0016607	mRNA Splicing - Major Pathway
411	CcGene_17387	CcContig_133415	93947	94908	+	Secondary Metabolite	3074.1metalloendoproteinase 1-like [Apium graveolens]	GO:0004222, GO:0006508, GO:0008270, GO:0030198, GO:0030574, GO:0031012	Collagen degradation
412	CcGene_01560	CcContig_111176	76502	77983	+	Secondary Metabolite	9133.1elongation factor TuB, chloroplastic [Daucus carota subsp. sativus]	GO:0003746, GO:0003924, GO:0005525, GO:0005739, GO:0070125	Mitochondrial translation elongation
413	CcGene_17155	CcContig_131250	40459	45354	-	Secondary Metabolite	Multiprotein-bridging factor	GO:0004482, GO:0005634, GO:0006370, GO:0003674, GO:0003676, GO:0003712, GO:0003713, GO:0003723, GO:0003729, GO:0005488, GO:0005575, GO:0005622, GO:0005623, GO:0005730, GO:0006355, GO:0008150, GO:0009889, GO:0009891, GO:0009893, GO:0010468, GO:0010556, GO:0010557, GO:0010604, GO:0010628, GO:0019219, GO:0019222, GO:0031323, GO:0031325, GO:0031326, GO:0031328, GO:0031974, GO:0031981, GO:0043226, GO:0043227, GO:0043228, GO:0043229, GO:0043231, GO:0043232, GO:0043233, GO:0044422, GO:0044424, GO:0044428, GO:0044446, GO:0044464, GO:0045893, GO:0045935, GO:0048518, GO:0048522, GO:0050789, GO:0050794, GO:0051171, GO:0051173, GO:0051252, GO:0051254, GO:0060255, GO:0065007, GO:0070013, GO:0080090, GO:0097159, GO:0140110, GO:1901363, GO:1902680, GO:1903506, GO:1903508, GO:2000112, GO:2001141	mRNA Capping
414	CcGene_26391	CcContig_092686	76388	77921	-	Secondary Metabolite	6402.1succinate dehydrogenase assembly factor 2, mitochondrial [Daucus carota subsp. sativus]	GO:0005739, GO:0006099, GO:0006121, GO:0018293, GO:0034553	Citric acid cycle (TCA cycle)
415	CcGene_16852	CcContig_078034	3820	4908	-	Secondary Metabolite	WOG88901.1hypothetical protein DCAR_0208136 [Daucus carota subsp. sativus]	GO:0004014, GO:0005829, GO:0006597, GO:0008295	Spermidine biosynthesis; Spermine biosynthesis
416	CcGene_26990	CcContig_047120	15923	22733	+	Secondary Metabolite	KAL8117689.1hypothetical protein AgCh_015533 [Apium graveolens]	GO:0000062, GO:0015098, GO:0015689, GO:0016020	Mitochondrial Fatty Acid Beta-Oxidation
417	CcGene_28426	CcContig_133576	201023	203720	-	Flavonoids & Phenylpropanoids	WOH12293.1hypothetical protein DCAR_0831795 [Daucus carota subsp. sativus]	GO:0009813, GO:0045430	Pinobanksin biosynthesis; Flavonoid biosynthesis
418	CcGene_17271	CcContig_046669	27752	30456	-	Secondary Metabolite	9562.1pantoate--beta-alanine ligase [Daucus carota subsp. sativus]	GO:0004592, GO:0005829, GO:0015940	Pantothenate biosynthesis III; Pantothenate biosynthesis I; Pantothenate biosynthesis II
419	CcGene_03559	CcContig_049025	20540	27713	-	Secondary Metabolite	KAK8653653.1hypothetical protein V6N13_127643 [Hibiscus sabdariffa]	GO:0000103, GO:0004020	Sulfate assimilation
420	CcGene_02007	CcContig_112451	9749	12159	-	Secondary Metabolite	5971.1endoglucanase 17 [Daucus carota subsp. sativus]	GO:0004553, GO:0005975	Primary root development
421	CcGene_16992	CcContig_119595	23442	26490	+	Secondary Metabolite	9761.1probable carboxylesterase 18 [Daucus carota subsp. sativus]	GO:0016787	Phase I - Functionalization of compounds; Gibberellin signaling
422	CcGene_00022	CcContig_140199	15475	18321	-	Lipid & Polyketide Metabolism	4456.1phospholipase D alpha 1 [Daucus carota subsp. sativus]	GO:0004630, GO:0005886, GO:0009395	Neutrophil degranulation; RAC1 GTPase cycle; Role of phospholipids in phagocytosis; Synthesis of PA; RHOG GTPase cycle; Choline biosynthesis III
423	CcGene_06972	CcContig_057709	89037	89979	+	Secondary Metabolite	KAL1819150.1hypothetical protein ACET3Z_014019 [Daucus carota]	GO:0009695, GO:0046423	Jasmonic acid biosynthesis
424	CcGene_17420	CcContig_122372	23838	24676	+	Secondary Metabolite	7000.1peptide methionine sulfoxide reductase B5 [Daucus carota subsp. sativus]	GO:0006979, GO:0030091, GO:0033743	Protein repair
425	CcGene_27609	CcContig_076282	13264	14238	+	Secondary Metabolite	2497.1probable aquaporin TIP2-2 [Daucus carota subsp. sativus]	GO:0006833, GO:0009705, GO:0015250, GO:0055085	Passive transport by Aquaporins
426	CcGene_15005	CcContig_085725	24905	26736	-	Flavonoids & Phenylpropanoids	KAL1808534.1hypothetical protein ACET3Z_025524 [Daucus carota]	GO:0005506, GO:0005737, GO:0016706	Flavonoid biosynthesis
427	CcGene_16797	CcContig_133691	19908	21076	-	Secondary Metabolite	0296.1peroxiredoxin-2 [Daucus carota subsp. sativus]	GO:0005737, GO:0008379, GO:0034599, GO:0042744, GO:0045454	Detoxification of Reactive Oxygen Species
428	CcGene_07007	CcContig_143906	29088	30526	-	Secondary Metabolite	2233.1elongation factor 1-alpha [Daucus carota subsp. sativus]	GO:0003746, GO:0003924, GO:0005525, GO:0006414	Protein methylation; Eukaryotic Translation Elongation; Neutrophil degranulation; Translation elongation
429	CcGene_12016	CcContig_108009	21344	25664	+	Secondary Metabolite	3119.1DNA repair protein RAD51 homolog 4 isoform X4 [Daucus carota subsp. sativus]	GO:0000400, GO:0000723, GO:0000724, GO:0003697, GO:0005524, GO:0005657, GO:0005813, GO:0007131, GO:0016887, GO:0033063, GO:0042148, GO:0140664	Resolution of D-loop Structures through Holliday Junction Intermediates; Presynaptic phase of homologous DNA pairing and strand exchange; Salicylic acid signaling
430	CcGene_11179	CcContig_010084	3813	9783	-	Secondary Metabolite	Myb-like DNA-binding domain	GO:0004473, GO:0006090, GO:0006108, GO:0009507, GO:0051287, GO:0000981, GO:0000988, GO:0000989, GO:0001067, GO:0001076, GO:0001134, GO:0001135, GO:0003674, GO:0003676, GO:0003677, GO:0003700, GO:0005488, GO:0005575, GO:0005622, GO:0005623, GO:0005634, GO:0006355, GO:0006357, GO:0008150, GO:0009889, GO:0009987, GO:0010468, GO:0010556, GO:0019219, GO:0019222, GO:0030154, GO:0031323, GO:0031326, GO:0032502, GO:0043226, GO:0043227, GO:0043229, GO:0043231, GO:0043565, GO:0044212, GO:0044424, GO:0044464, GO:0048869, GO:0050789, GO:0050794, GO:0051171, GO:0051252, GO:0060255, GO:0065007, GO:0080090, GO:0097159, GO:0140110, GO:1901363, GO:1903506, GO:2000112, GO:2001141	Pyruvate metabolism
431	CcGene_19994	CcContig_059667	1168	4063	-	Secondary Metabolite	8353.2heat shock factor protein HSF8-like [Daucus carota subsp. sativus]	GO:0000978, GO:0003700, GO:0005634, GO:0006357, GO:0034605	Regulation of HSF1-mediated heat shock response; Mitochondrial unfolded protein response (UPRmt); Attenuation phase; HSF1 activation; HSFA7/ HSFA6B-regulatory network-induced by drought and ABA.
432	CcGene_28127	CcContig_047057	12416	22216	-	Secondary Metabolite	0515.1dicer-like protein 4 isoform X1 [Daucus carota subsp. sativus]	GO:0003723, GO:0004525, GO:0005634, GO:0005737, GO:0030422	Small interfering RNA (siRNA) biogenesis
433	CcGene_00598	CcContig_128168	21415	24465	+	Secondary Metabolite	7334.1elongation factor 1-alpha [Daucus carota subsp. sativus]	GO:0003746, GO:0003924, GO:0005525, GO:0006414	Eukaryotic Translation Elongation; Translation elongation
434	CcGene_25332	CcContig_103427	4751	5347	-	Terpenoid Biosynthesis	8733.13-hydroxy-3-methylglutaryl coenzyme A reductase 1 [Daucus carota subsp. sativus]	GO:0004420, GO:0005778, GO:0005789, GO:0008299, GO:0015936, GO:0016126	Mevalonate pathway
435	CcGene_24002	CcContig_143979	56432	74257	-	Secondary Metabolite	KAL1828336.1hypothetical protein ACET3Z_006748 [Daucus carota]	GO:0003980, GO:0005783	ER Quality Control Compartment (ERQC)
436	CcGene_16004	CcContig_033044	55801	59710	+	Secondary Metabolite	KAK1405228.1Ras-related protein Rab7 [Heracleum sosnowskyi]	GO:0003924, GO:0005525, GO:0005774	Neutrophil degranulation; RHOBTB3 ATPase cycle; RAC1 GTPase cycle; RAB GEFs exchange GTP for GDP on RABs; RAB geranylgeranylation; RHOQ GTPase cycle; RHOH GTPase cycle; RAC2 GTPase cycle; RHOG GTPase cycle; RAC3 GTPase cycle; TBC/RABGAPs; IAA biosynthesis I
437	CcGene_11068	CcContig_146101	26084	31613	-	Secondary Metabolite	2352.13-hydroxyisobutyryl-CoA hydrolase-like protein 3, mitochondrial isoform X2 [Daucus carota subsp. sativus]	GO:0003860, GO:0005829, GO:0006574	Valine degradation
438	CcGene_07073	CcContig_134553	16698	22633	+	Secondary Metabolite	receptor-like protein kinase At2g42960	GO:0016567, GO:0061630, GO:0003674, GO:0003824, GO:0004672, GO:0004674, GO:0004675, GO:0004888, GO:0005575, GO:0005623, GO:0005886, GO:0006464, GO:0006468, GO:0006793, GO:0006796, GO:0006807, GO:0007154, GO:0007165, GO:0007166, GO:0007167, GO:0007178, GO:0008150, GO:0008152, GO:0009987, GO:0016020, GO:0016301, GO:0016310, GO:0016740, GO:0016772, GO:0016773, GO:0019199, GO:0019538, GO:0023052, GO:0036211, GO:0038023, GO:0043170, GO:0043412, GO:0044237, GO:0044238, GO:0044260, GO:0044267, GO:0044464, GO:0050789, GO:0050794, GO:0050896, GO:0051716, GO:0060089, GO:0065007, GO:0071704, GO:0071944, GO:0140096, GO:1901564	E3 ubiquitin ligases ubiquitinate target proteins
439	CcGene_01348	CcContig_094894	46899	47624	+	Secondary Metabolite	1963.1folate synthesis bifunctional protein, mitochondrial-like isoform X2 [Daucus carota subsp. sativus]	GO:0004156, GO:0046654	Tetrahydrofolate biosynthesis II; Tetrahydrofolate biosynthesis I
440	CcGene_05110	CcContig_128515	28393	32293	-	Secondary Metabolite	8688.1probable choline kinase 2 [Daucus carota subsp. sativus]	GO:0004103, GO:0004305, GO:0005737, GO:0006646, GO:0006656	Synthesis of PE; Synthesis of PC
441	CcGene_12751	CcContig_096351	8848	11405	+	Secondary Metabolite	2261.1probable 6-phosphogluconolactonase 2 [Daucus carota subsp. sativus]	GO:0005975, GO:0006098, GO:0017057	Pentose phosphate pathway
442	CcGene_19250	CcContig_076227	67582	73461	+	Secondary Metabolite	KAL1834719.1hypothetical protein ACET3Z_004370 [Daucus carota]	GO:0004777, GO:0009450	Degradation of GABA
443	CcGene_03002	CcContig_117464	10702	29311	-	Secondary Metabolite	WOH08975.1hypothetical protein DCAR_0728426 [Daucus carota subsp. sativus]	GO:0000993, GO:0006355, GO:0006368, GO:0016593	RNA Polymerase II Pre-transcription Events; E3 ubiquitin ligases ubiquitinate target proteins; Formation of RNA Pol II elongation complex
444	CcGene_06723	CcContig_009939	1097	3691	+	Secondary Metabolite	0868.1phosphoribosylglycinamide formyltransferase, chloroplastic isoform X2 [Daucus carota subsp. sativus]	GO:0004644, GO:0006189, GO:0009507	De novo synthesis of IMP
445	CcGene_27534	CcContig_009883	6608	15460	+	Secondary Metabolite	6864.1phosphoacetylglucosamine mutase [Daucus carota subsp. sativus]	GO:0004610, GO:0005975, GO:0006048	Synthesis of UDP-N-acetyl-glucosamine
446	CcGene_11563	CcContig_136276	29716	30278	+	Secondary Metabolite	KAM0866928.1hypothetical protein ACQ4PT_042355 [Festuca glaucescens]	GO:0000398, GO:0003723, GO:0003724, GO:0005681	mRNA Splicing - Major Pathway
447	CcGene_07618	CcContig_039130	2295	7339	+	Secondary Metabolite	7997.1ubiquitin receptor RAD23d-like isoform X2 [Daucus carota subsp. sativus]	GO:0003684, GO:0005654, GO:0005829, GO:0006289, GO:0031593, GO:0043130, GO:0043161, GO:0070628	Dual Incision in GG-NER
448	CcGene_09445	CcContig_087863	4207	11210	+	Secondary Metabolite	3431.1succinate dehydrogenase [ubiquinone] flavoprotein subunit 1, mitochondrial [Daucus carota subsp. sativus]	GO:0006099, GO:0006121, GO:0008177, GO:0009055, GO:0050660	Citric acid cycle (TCA cycle); The tricarboxylic acid cycle; TCA cycle (plant)
449	CcGene_08910	CcContig_097021	17668	18146	-	Secondary Metabolite	5339.2ribonuclease H2 subunit A isoform X2 [Daucus carota subsp. sativus]	GO:0003723, GO:0004523, GO:0006298, GO:0032299, GO:0043137	Mismatch repair (MMR) directed by MSH2:MSH6 (MutSalpha); Mismatch repair (MMR) directed by MSH2:MSH3 (MutSbeta)
450	CcGene_13004	CcContig_108010	39015	40966	+	Secondary Metabolite	6413.1transcription factor HHO3 [Daucus carota subsp. sativus]	GO:0003677, GO:0003700, GO:0006355	Regulation of seed germination and coleoptile growth under submergence and normal gravity environment
451	CcGene_19325	CcContig_097124	38950	42410	-	Secondary Metabolite	KAL1806250.1hypothetical protein ACET3Z_029318 [Daucus carota]	GO:0016255, GO:0042765	Attachment of GPI anchor to uPAR
452	CcGene_15457	CcContig_002902	54817	59192	-	Secondary Metabolite	3442.1cellulose synthase-like protein D3 [Daucus carota subsp. sativus]	GO:0005802, GO:0005886, GO:0009833, GO:0016760, GO:0030244	Cellulose biosynthesis
453	CcGene_25304	CcContig_005711	37480	39916	+	Secondary Metabolite	KAL1815139.1hypothetical protein ACET3Z_017713 [Daucus carota]	GO:0004144, GO:0005886, GO:0019432	Triglyceride biosynthesis
454	CcGene_22995	CcContig_074763	43350	44265	-	Secondary Metabolite	7530.1dormancy-associated protein homolog 4 [Daucus carota subsp. sativus]		Tetrahydrofolate biosynthesis II; Tetrahydrofolate biosynthesis I
455	CcGene_05995	CcContig_136718	10011	17364	-	Secondary Metabolite	9134.1squamosa promoter-binding-like protein 7 isoform X2 [Daucus carota subsp. sativus]	GO:0003677, GO:0005634	Regulation of seed size
456	CcGene_15997	CcContig_053038	3758	6155	-	Secondary Metabolite	4144.1glycerophosphodiester phosphodiesterase GDPD1, chloroplastic-like [Apium graveolens]	GO:0008081, GO:0046475	Hydrolysis of LPC; Hydrolysis of LPE
457	CcGene_17001	CcContig_109493	39077	41192	-	Secondary Metabolite	1065.1protein indeterminate-domain 7 isoform X1 [Daucus carota subsp. sativus]	GO:0003700, GO:0005634	Generic Transcription Pathway; Gibberellin signaling
458	CcGene_15270	CcContig_092711	6541	12601	+	Secondary Metabolite	66 kDa stress	GO:0000105, GO:0000287, GO:0003879, GO:0005737, GO:0000151, GO:0003674, GO:0003779, GO:0005488, GO:0005515, GO:0005575, GO:0005622, GO:0005623, GO:0005829, GO:0005856, GO:0005884, GO:0005938, GO:0006996, GO:0007010, GO:0007015, GO:0008064, GO:0008092, GO:0008150, GO:0008154, GO:0009987, GO:0010638, GO:0015629, GO:0016043, GO:0022411, GO:0030029, GO:0030036, GO:0030042, GO:0030832, GO:0030834, GO:0030836, GO:0030863, GO:0030864, GO:0031461, GO:0032535, GO:0032956, GO:0032970, GO:0032984, GO:0032991, GO:0033043, GO:0042641, GO:0042643, GO:0043226, GO:0043228, GO:0043229, GO:0043232, GO:0043243, GO:0043244, GO:0043624, GO:0043933, GO:0044422, GO:0044424, GO:0044430, GO:0044444, GO:0044446, GO:0044448, GO:0044464, GO:0044877, GO:0048518, GO:0048522, GO:0050789, GO:0050794, GO:0051015, GO:0051128, GO:0051130, GO:0051261, GO:0051493, GO:0051495, GO:0065007, GO:0065008, GO:0071840, GO:0071944, GO:0080008, GO:0090066, GO:0097435, GO:0099080, GO:0099081, GO:0099512, GO:0099513, GO:0099568, GO:0110053, GO:1901879, GO:1901881, GO:1902494, GO:1902903, GO:1902905, GO:1990234	Histidine biosynthesis I
459	CcGene_01032	CcContig_143171	21332	22571	-	Secondary Metabolite	atexp7,atexpa7,athexp alpha 1.26,exp7,expa7	GO:0000398, GO:0005681, GO:0005682, GO:0046540, GO:0005575, GO:0005618, GO:0005623, GO:0007275, GO:0008150, GO:0009653, GO:0009888, GO:0009987, GO:0010015, GO:0010053, GO:0010054, GO:0016020, GO:0016049, GO:0021700, GO:0022622, GO:0030154, GO:0030312, GO:0032501, GO:0032502, GO:0040007, GO:0044464, GO:0048364, GO:0048468, GO:0048469, GO:0048588, GO:0048589, GO:0048731, GO:0048764, GO:0048765, GO:0048767, GO:0048856, GO:0048869, GO:0060560, GO:0071695, GO:0071944, GO:0080147, GO:0090558, GO:0090627, GO:0099402, GO:1905392	mRNA Splicing - Minor Pathway
460	CcGene_11962	CcContig_092888	10916	11998	+	Secondary Metabolite	KAL1810491.1hypothetical protein ACET3Z_027481 [Daucus carota]	GO:0005737, GO:0016567, GO:0061630	E3 ubiquitin ligases ubiquitinate target proteins
461	CcGene_24019	CcContig_048007	30529	36600	+	Secondary Metabolite	5397.1aspartate aminotransferase, mitochondrial [Daucus carota subsp. sativus]	GO:0004069, GO:0005739, GO:0006520, GO:0009058, GO:0030170	Amino acid metabolism
462	CcGene_09002	CcContig_045793	9069	9656	+	Secondary Metabolite	4424.2aspartic proteinase CDR1 [Daucus carota subsp. sativus]	GO:0005576	Glutathione biosynthesis; Gamma-glutamyl cycle
463	CcGene_27706	CcContig_049964	23728	31422	-	Secondary Metabolite	4573.1small ribosomal subunit protein mS47 [Daucus carota subsp. sativus]	GO:0003860, GO:0006574	Valine degradation
464	CcGene_03733	CcContig_093515	28078	32022	-	Secondary Metabolite	0197.1solanesyl diphosphate synthase 1, chloroplastic [Daucus carota subsp. sativus]	GO:0004659, GO:0008299, GO:0009507, GO:0010236	Polyisoprenoid biosynthesis
465	CcGene_07486	CcContig_109804	44949	47662	+	Secondary Metabolite	6025.1bifunctional dihydrofolate reductase-thymidylate synthase [Daucus carota subsp. sativus]	GO:0004146, GO:0004799, GO:0005739, GO:0005829, GO:0006231, GO:0006730, GO:0046654	Tetrahydrofolate biosynthesis II; Tetrahydrofolate biosynthesis I
466	CcGene_16154	CcContig_008368	30488	36041	-	Secondary Metabolite	9562.1ABC transporter B family member 21 [Daucus carota subsp. sativus]	GO:0005524, GO:0015421, GO:0016020, GO:0016887, GO:0055085	ABC-family proteins mediated transport
467	CcGene_28832	CcContig_135973	71369	74450	+	Secondary Metabolite	3291.1DEAD-box ATP-dependent RNA helicase 35 isoform X2 [Daucus carota subsp. sativus]	GO:0000398, GO:0003723, GO:0003724, GO:0005524, GO:0005681, GO:0008270	mRNA Splicing - Major Pathway
468	CcGene_02046	CcContig_121945	11755	17071	-	Secondary Metabolite	KAK1396619.1Argonaute [Heracleum sosnowskyi]	GO:0003723, GO:0004521, GO:0005515, GO:0005737, GO:0035194	Post-transcriptional silencing by small RNAs
469	CcGene_05854	CcContig_102958	19378	21793	-	Secondary Metabolite	WOG86433.1hypothetical protein DCAR_0205637 [Daucus carota subsp. sativus]	GO:0000287, GO:0003676, GO:0008270, GO:0010333, GO:0016114	Secologanin and strictosidine biosynthesis
470	CcGene_25399	CcContig_095115	38181	39661	-	Secondary Metabolite	4950.1trans-anol O-methyltransferase 1-like [Apium graveolens]	GO:0008171, GO:0008757, GO:0032259, GO:0046983	Methylation
471	CcGene_13736	CcContig_145835	11739	19695	+	Secondary Metabolite	KAL8155263.1hypothetical protein AgCh_000586 [Apium graveolens]	GO:0005759, GO:0005975, GO:0006099, GO:0006101, GO:0046912	Citric acid cycle (TCA cycle); The tricarboxylic acid cycle; TCA cycle (plant)
472	CcGene_08464	CcContig_048704	2502	3491	-	Secondary Metabolite	7547.1mRNA cap guanine-N7 methyltransferase 1 [Daucus carota subsp. sativus]	GO:0004482, GO:0005634, GO:0006370	mRNA Capping
473	CcGene_03206	CcContig_081177	10783	13400	+	Secondary Metabolite	7759.1ribose-phosphate pyrophosphokinase 1 isoform X2 [Daucus carota subsp. sativus]	GO:0000287, GO:0002189, GO:0004749, GO:0005737, GO:0006015, GO:0006164, GO:0009156	5-Phosphoribose 1-diphosphate biosynthesis
474	CcGene_00858	CcContig_002729	7352	12558	+	Secondary Metabolite	WOH09165.1hypothetical protein DCAR_0728620 [Daucus carota subsp. sativus]	GO:0004149, GO:0005739, GO:0006099, GO:0045252	Citric acid cycle (TCA cycle)
475	CcGene_29003	CcContig_061378	17777	19878	+	Secondary Metabolite	6521.1WAT1-related protein At3g18200 [Daucus carota subsp. sativus]	GO:0005886, GO:0022857	Intracellular auxin transport
476	CcGene_27147	CcContig_145976	7143	9294	-	Secondary Metabolite	KAK1367695.1Abscisic acid 8'-hydroxylase 1 [Heracleum sosnowskyi]	GO:0005506, GO:0009687, GO:0016125, GO:0016709, GO:0020037	Endogenous sterols
477	CcGene_24409	CcContig_036371	26487	33760	-	Secondary Metabolite	5934.1ubiquinone biosynthesis O-methyltransferase, mitochondrial [Daucus carota subsp. sativus]	GO:0005739, GO:0006744, GO:0010420, GO:0061542	Ubiquinol biosynthesis
478	CcGene_06011	CcContig_094533	2905	7884	-	Secondary Metabolite	2699.1homeotic protein knotted-1 [Daucus carota subsp. sativus]	GO:0000978, GO:0000981, GO:0005634, GO:0006357	Transcriptional activation by YKI; Regulation of seed germination and coleoptile growth under submergence and normal gravity environment
479	CcGene_14639	CcContig_114260	22063	28556	+	Secondary Metabolite	KAL8122272.1hypothetical protein AgCh_018858 [Apium graveolens]	GO:0005634, GO:0008409, GO:0017108, GO:0036297, GO:0070336	Fanconi Anemia Pathway
480	CcGene_02592	CcContig_047692	5379	6719	+	Secondary Metabolite	Pectate lyase	GO:0008757, GO:0032259, GO:0005575, GO:0008150, GO:0009605, GO:0009607, GO:0009624, GO:0016020, GO:0043207, GO:0050896, GO:0051704, GO:0051707	Methylation
481	CcGene_09170	CcContig_092791	88593	90195	-	Secondary Metabolite	8747.1cyclin-dependent kinase B2-1 [Daucus carota subsp. sativus]	GO:0000082, GO:0000307, GO:0004693, GO:0005524, GO:0005634, GO:0005737, GO:0006468, GO:0007165, GO:0010389, GO:0010468, GO:0030332	AURKA Activation by TPX2
482	CcGene_15478	CcContig_134572	49744	51205	+	Secondary Metabolite	KAL8144886.1hypothetical protein AgCh_003187 [Apium graveolens]	GO:0004601, GO:0004659, GO:0006979, GO:0008299, GO:0009507, GO:0010236, GO:0020037	Polyisoprenoid biosynthesis
483	CcGene_15341	CcContig_136246	60381	61861	-	Secondary Metabolite	KAK1371937.1Caffeic acid 3-O-methyltransferase [Heracleum sosnowskyi]	GO:0008171, GO:0008757, GO:0032259, GO:0046983	Methylation
484	CcGene_14631	CcContig_126880	30979	32557	+	Secondary Metabolite	1391.1caffeic acid 3-O-methyltransferase-like [Daucus carota subsp. sativus]	GO:0008171, GO:0008757, GO:0032259, GO:0046983	Methylation
485	CcGene_07012	CcContig_046996	7621	14677	-	Secondary Metabolite	Dehydrogenase reductase SDR family member on chromosome	GO:0005515, GO:0007165, GO:0005575, GO:0005576, GO:0008150, GO:0009893, GO:0009894, GO:0009896, GO:0010506, GO:0010508, GO:0019222, GO:0031323, GO:0031325, GO:0031329, GO:0031331, GO:0048518, GO:0048522, GO:0050789, GO:0050794, GO:0065007	Unblocking of NMDA receptors, glutamate binding and activation; Neutrophil degranulation; RHOQ GTPase cycle; HSFA7/ HSFA6B-regulatory network-induced by drought and ABA.
486	CcGene_15348	CcContig_091712	5103	18863	+	Secondary Metabolite	2808.1serine/threonine-protein kinase VPS15 isoform X1 [Daucus carota subsp. sativus]	GO:0004674, GO:0005515, GO:0005524, GO:0005770, GO:0006468, GO:0006623, GO:0016236, GO:0030242, GO:0034271, GO:0034272, GO:0045324, GO:0071561	Receptor Mediated Mitophagy; PINK1-PRKN Mediated Mitophagy; Macroautophagy
487	CcGene_14213	CcContig_059575	92093	97862	-	Secondary Metabolite	3112.13-ketoacyl-CoA thiolase 2, peroxisomal [Daucus carota subsp. sativus]	GO:0003988, GO:0005777, GO:0006635, GO:0010124	Beta oxidation of lauroyl-CoA to decanoyl-CoA-CoA; Beta oxidation of palmitoyl-CoA to myristoyl-CoA; Mitochondrial Fatty Acid Beta-Oxidation; Beta oxidation of myristoyl-CoA to lauroyl-CoA; Beta oxidation of hexanoyl-CoA to butanoyl-CoA; Beta oxidation of octanoyl-CoA to hexanoyl-CoA; Beta oxidation of decanoyl-CoA to octanoyl-CoA-CoA
488	CcGene_27229	CcContig_103354	6692	8768	+	Secondary Metabolite	KAL1822813.1hypothetical protein ACET3Z_009591 [Daucus carota]	GO:0005385, GO:0016020, GO:0071577	Zinc efflux and compartmentalization by the SLC30 family; Zinc influx into cells by the SLC39 gene family
489	CcGene_20513	CcContig_092807	12516	13202	-	Secondary Metabolite	BDC79572.1hypothetical plant O-methyltransferase [Anthriscus sylvestris]	GO:0008171, GO:0008757, GO:0032259, GO:0046983	Methylation
490	CcGene_01011	CcContig_046630	59123	63325	-	Secondary Metabolite	3345.1V-type proton ATPase subunit E [Daucus carota subsp. sativus]	GO:0033178, GO:0046961, GO:1902600	ROS and RNS production in phagocytes; Transferrin endocytosis and recycling; Insulin receptor recycling; Ion channel transport; Amino acids regulate mTORC1
491	CcGene_20885	CcContig_106583	69907	74150	+	Secondary Metabolite	6125.1diacylglycerol O-acyltransferase 2D [Daucus carota subsp. sativus]	GO:0004144, GO:0005789, GO:0019432	Triglyceride biosynthesis
492	CcGene_20911	CcContig_053108	16786	30761	+	Secondary Metabolite	KAL1808399.1hypothetical protein ACET3Z_025389 [Daucus carota]	GO:0003677, GO:0005654, GO:0006357, GO:0017053, GO:0051726	Polo-like kinase mediated events
493	CcGene_29008	CcContig_047685	9063	12083	-	Secondary Metabolite	KAL1814166.1hypothetical protein ACET3Z_024231 [Daucus carota]	GO:0006006, GO:0016620, GO:0050661, GO:0051287	Gluconeogenesis; Glycolysis; Lysine biosynthesis I; Lysine biosynthesis II
494	CcGene_19001	CcContig_136563	37835	40904	-	Secondary Metabolite	5077.1amino acid transporter AVT1A [Daucus carota subsp. sativus]	GO:0000325, GO:0003333, GO:0015171, GO:0016020	GABA synthesis, release, reuptake and degradation; Transport of inorganic cations/anions and amino acids/oligopeptides
495	CcGene_22846	CcContig_142228	24768	32349	+	Flavonoids & Phenylpropanoids	UBX domain-containing protein	GO:0003866, GO:0009073, GO:0009423, GO:0003674, GO:0005488, GO:0005515, GO:0005575, GO:0005622, GO:0005623, GO:0005634, GO:0005737, GO:0006508, GO:0006511, GO:0006807, GO:0008150, GO:0008152, GO:0009056, GO:0009057, GO:0009987, GO:0010498, GO:0019538, GO:0019941, GO:0030163, GO:0030674, GO:0032182, GO:0043130, GO:0043161, GO:0043170, GO:0043226, GO:0043227, GO:0043229, GO:0043231, GO:0043632, GO:0044237, GO:0044238, GO:0044248, GO:0044257, GO:0044260, GO:0044265, GO:0044267, GO:0044424, GO:0044464, GO:0051603, GO:0060090, GO:0071704, GO:1901564, GO:1901565, GO:1901575	Chorismate via Shikimate Pathway; Chorismate biosynthesis
496	CcGene_20380	CcContig_095988	419	659	-	Secondary Metabolite	KAK1381893.1inositol transporter 4-like [Heracleum sosnowskyi]	GO:0005366, GO:0015798, GO:0016020, GO:0055085	Inositol transporters
497	CcGene_12834	CcContig_009932	11083	17126	-	Secondary Metabolite	5750.1pantothenate kinase 1 isoform X2 [Daucus carota subsp. sativus]	GO:0004594, GO:0005524, GO:0005634, GO:0005829, GO:0015937	Coenzyme A biosynthesis
498	CcGene_10888	CcContig_059823	82116	89931	+	Secondary Metabolite	9809.1serine/threonine-protein kinase/endoribonuclease IRE1a [Daucus carota subsp. sativus]	GO:0004521, GO:0004674, GO:0005515, GO:0005524, GO:0006397, GO:0006468, GO:0036498, GO:0070059, GO:1990604	IRE1alpha activates chaperones
499	CcGene_05003	CcContig_060080	16614	19942	+	Secondary Metabolite	1542.1derlin-2.2 [Daucus carota subsp. sativus]	GO:0000839, GO:0030968, GO:0051787, GO:1990381	Hedgehog ligand biogenesis; ABC-family proteins mediated transport
500	CcGene_23995	CcContig_026654	2624	6989	-	Secondary Metabolite	4143.1transcription factor bHLH130 [Daucus carota subsp. sativus]	GO:0003924, GO:0005525, GO:0005768, GO:0016192, GO:0046983	RAB geranylgeranylation; TBC/RABGAPs; Anchoring of the basal body to the plasma membrane; VxPx cargo-targeting to cilium
501	CcGene_22991	CcContig_140354	18483	20214	-	Terpenoid Biosynthesis	6215.1large ribosomal subunit protein eL42 [Solanum lycopersicum]	GO:0003735, GO:0006412, GO:0022625	L13a-mediated translational silencing of Ceruloplasmin expression; GTP hydrolysis and joining of the 60S ribosomal subunit; SRP-dependent cotranslational protein targeting to membrane; Nonsense Mediated Decay (NMD) enhanced by the Exon Junction Complex (EJC); Nonsense Mediated Decay (NMD) independent of the Exon Junction Complex (EJC); Formation of a pool of free 40S subunits; Mevalonate pathway
502	CcGene_15249	CcContig_126646	40640	43598	+	Secondary Metabolite	4308.1cellulose synthase-like protein G2 [Daucus carota subsp. sativus]	GO:0005802, GO:0005886, GO:0009833, GO:0016760, GO:0030244	Cellulose biosynthesis
503	CcGene_07001	CcContig_109820	30103	33586	-	Secondary Metabolite	9106.1wall-associated receptor kinase-like 14 [Daucus carota subsp. sativus]	GO:0004672, GO:0005524, GO:0006468	PI5P, PP2A and IER3 Regulate PI3K/AKT Signaling; Interleukin-1 signaling; Recognition of fungal and bacterial pathogens and immunity response
504	CcGene_14341	CcContig_102564	20499	24575	-	Secondary Metabolite	5885.1enolase 1, chloroplastic-like [Daucus carota subsp. sativus]	GO:0000015, GO:0000287, GO:0004634, GO:0006096	Glycolysis; Cytosolic glycolysis; Plastid glycolysis
505	CcGene_16977	CcContig_105017	11741	16488	+	Secondary Metabolite	WOG92923.1hypothetical protein DCAR_0312201 [Daucus carota subsp. sativus]	GO:0003923, GO:0006508, GO:0016255, GO:0042765	Attachment of GPI anchor to uPAR
506	CcGene_12997	CcContig_003639	10227	11675	-	Secondary Metabolite	DSS1/SEM1 family	GO:0009058, GO:0012505, GO:0016844	Secologanin and strictosidine biosynthesis
507	CcGene_16911	CcContig_047542	28211	30501	+	Secondary Metabolite	Histidine triad nucleotide-binding protein	GO:0005886, GO:0009705, GO:0015271, GO:0022841, GO:0030322, GO:0071805	HCN channels; TWIK-related spinal cord K+ channel (TRESK); Voltage gated Potassium channels; TWIK related potassium channel (TREK); Tandem pore domain halothane-inhibited K+ channel (THIK); TWIK-releated acid-sensitive K+ channel (TASK); TWIK-related alkaline pH activated K+ channel (TALK)
508	CcGene_14061	CcContig_104993	32455	35173	-	Secondary Metabolite	KAL8136286.1hypothetical protein AgCh_010756 [Apium graveolens]	GO:0000103, GO:0004020, GO:0005524	Sulfate assimilation
509	CcGene_17550	CcContig_034539	17637	23783	+	Secondary Metabolite	7027.1carbon catabolite repressor protein 4 homolog 1 [Daucus carota subsp. sativus]	GO:0000289, GO:0004535, GO:0005634, GO:0005737, GO:0030014	Deadenylation of mRNA
510	CcGene_14686	CcContig_111337	13806	28678	+	Secondary Metabolite	1333.1E3 ubiquitin-protein ligase UPL1 isoform X2 [Daucus carota subsp. sativus]	GO:0000209, GO:0004842, GO:0005515	Antigen processing: Ubiquitination & Proteasome degradation
511	CcGene_05372	CcContig_137629	35590	41654	+	Secondary Metabolite	KAK1370433.1Methyltransferase [Heracleum sosnowskyi]	GO:0003838, GO:0005783, GO:0016126	Sterol biosynthesis
512	CcGene_23634	CcContig_097885	8765	12295	-	Secondary Metabolite	6619.1biotin synthase, mitochondrial [Daucus carota subsp. sativus]	GO:0004076, GO:0005739, GO:0009102, GO:0051537	Biotin biosynthesis II
513	CcGene_26950	CcContig_110669	86414	97564	-	Secondary Metabolite	WOG85131.1hypothetical protein DCAR_0104318 [Daucus carota subsp. sativus]	GO:0005737, GO:0005980, GO:0008184, GO:0030170	Glycogen breakdown (glycogenolysis)
514	CcGene_14074	CcContig_001715	35715	40678	+	Secondary Metabolite	6768.1ATP synthase subunit O, mitochondrial [Daucus carota subsp. sativus]	GO:0016020, GO:0042776, GO:0046933	Formation of ATP by chemiosmotic coupling
515	CcGene_13768	CcContig_145777	458	2834	-	Secondary Metabolite	2582.1protein argonaute 4 [Daucus carota subsp. sativus]	GO:0003723, GO:0004521, GO:0005515, GO:0005737, GO:0035194	Post-transcriptional silencing by small RNAs
516	CcGene_00138	CcContig_114630	38590	46577	+	Secondary Metabolite	3026.1acetolactate synthase small subunit 1, chloroplastic isoform X1 [Daucus carota subsp. sativus]	GO:0003984, GO:0005829, GO:0009099, GO:1990610	Valine biosynthesis
517	CcGene_09017	CcContig_118213	34833	36680	-	Secondary Metabolite	7890.1large ribosomal subunit protein eL21z/eL21y [Daucus carota subsp. sativus]	GO:0003735, GO:0006412, GO:0022625	Nonsense Mediated Decay (NMD) independent of the Exon Junction Complex (EJC); Nonsense Mediated Decay (NMD) enhanced by the Exon Junction Complex (EJC); Formation of a pool of free 40S subunits; GTP hydrolysis and joining of the 60S ribosomal subunit; L13a-mediated translational silencing of Ceruloplasmin expression; SRP-dependent cotranslational protein targeting to membrane; Anther and pollen development
518	CcGene_23483	CcContig_048179	1819	7855	-	Secondary Metabolite	KAL1802781.1hypothetical protein ACET3Z_031428 [Daucus carota]	GO:0003860, GO:0006574	Valine degradation
519	CcGene_21708	CcContig_133319	20510	37655	-	Secondary Metabolite	6550.1guanine nucleotide exchange factor SPIKE 1 isoform X1 [Daucus carota subsp. sativus]	GO:0005085, GO:0007264, GO:0043547	Signalling to p38 via RIT and RIN
520	CcGene_12266	CcContig_098619	1439	12426	-	Secondary Metabolite	3705.1probable E3 ubiquitin-protein ligase LOG2 [Daucus carota subsp. sativus]	GO:0008270, GO:0016567, GO:0061630	E3 ubiquitin ligases ubiquitinate target proteins
521	CcGene_15954	CcContig_126876	10073	13542	+	Secondary Metabolite	3621.1ATP-sulfurylase 3, chloroplastic [Daucus carota subsp. sativus]	GO:0000103, GO:0004020, GO:0004781	Sulfate assimilation
522	CcGene_27985	CcContig_122477	45558	51717	-	Secondary Metabolite	0433.1cyclin-dependent kinase C-1-like [Apium graveolens]	GO:0000307, GO:0005524, GO:0005634, GO:0006468, GO:0008353, GO:0032968	Neutrophil degranulation; RNA Polymerase II Pre-transcription Events; RNA polymerase II transcribes snRNA genes; Estrogen-dependent gene expression; TP53 Regulates Transcription of DNA Repair Genes
523	CcGene_28687	CcContig_123534	36517	40576	-	Secondary Metabolite	9562.1phosphoribosylformylglycinamidine cyclo-ligase, chloroplastic isoform X1 [Daucus carota subsp. sativus]	GO:0004637, GO:0004641, GO:0005829, GO:0006189, GO:0046084	De novo synthesis of IMP
524	CcGene_16006	CcContig_033044	46414	50375	+	Secondary Metabolite	KAL1821604.1hypothetical protein ACET3Z_016473 [Daucus carota]	GO:0004455, GO:0005739, GO:0009099, GO:0009507	Valine biosynthesis; Isoleucine biosynthesis from threonine
525	CcGene_20879	CcContig_116005	21554	28793	+	Secondary Metabolite	4871.1cellulose synthase A catalytic subunit 3 [UDP-forming] [Apium graveolens]	GO:0005802, GO:0005886, GO:0009833, GO:0016760, GO:0030244	Cellulose biosynthesis
526	CcGene_21440	CcContig_118012	58027	61784	-	Secondary Metabolite	KAK1400690.13-hydroxyisobutyryl-CoA hydrolase-like protein 1, mitochondrial [Heracleum sosnowskyi]	GO:0003860, GO:0006574	Valine degradation
527	CcGene_18032	CcContig_126838	23122	25316	-	Secondary Metabolite	0126.1ubiquitin-like-conjugating enzyme ATG10 isoform X1 [Daucus carota subsp. sativus]	GO:0005622, GO:0006497, GO:0016236, GO:0019777, GO:0032446	Macroautophagy
528	CcGene_19213	CcContig_100196	9653	16124	+	Secondary Metabolite	KAL1825741.1hypothetical protein ACET3Z_012519 [Daucus carota]	GO:0004839, GO:0005634, GO:0005737, GO:0006511, GO:0006974, GO:0016567	Synthesis of active ubiquitin: roles of E1 and E2 enzymes
529	CcGene_14992	CcContig_082705	1868	5378	+	Secondary Metabolite	KAL8123081.1hypothetical protein AgCh_011171 [Apium graveolens]	GO:0004672, GO:0005524, GO:0006468	Interleukin-1 signaling; PI5P, PP2A and IER3 Regulate PI3K/AKT Signaling; Aspartate biosynthesis I
530	CcGene_13248	CcContig_003112	9014	15192	-	Secondary Metabolite	Myb/SANT-like DNA-binding domain	GO:0003872, GO:0005524, GO:0005829, GO:0006002, GO:0006096, GO:0009749, GO:0015979, GO:0047334	Glycolysis; Cytosolic glycolysis; Plastid glycolysis
531	CcGene_27125	CcContig_047438	73655	87816	+	Secondary Metabolite	5505.1endoribonuclease Dicer homolog 1 [Daucus carota subsp. sativus]	GO:0003723, GO:0004525, GO:0005515, GO:0005524, GO:0005634, GO:0005737, GO:0030422	Small interfering RNA (siRNA) biogenesis
532	CcGene_28482	CcContig_116035	62554	66956	+	Secondary Metabolite	KAL1821756.1hypothetical protein ACET3Z_016625 [Daucus carota]	GO:0003872, GO:0005524, GO:0005829, GO:0006002, GO:0006096, GO:0009749, GO:0015979, GO:0047334	Glycolysis; Cytosolic glycolysis; Plastid glycolysis
533	CcGene_00840	CcContig_093864	54641	69502	+	Secondary Metabolite	Protein TOC75-3, chloroplastic-like	GO:0004674, GO:0005515, GO:0006281, GO:0005575, GO:0005622, GO:0005623, GO:0005737, GO:0005773, GO:0005774, GO:0006605, GO:0006810, GO:0006886, GO:0006996, GO:0007275, GO:0008104, GO:0008150, GO:0009507, GO:0009526, GO:0009527, GO:0009536, GO:0009653, GO:0009657, GO:0009658, GO:0009662, GO:0009707, GO:0009719, GO:0009725, GO:0009735, GO:0009790, GO:0009941, GO:0009987, GO:0010006, GO:0010033, GO:0015031, GO:0015833, GO:0016020, GO:0016021, GO:0016043, GO:0017038, GO:0019867, GO:0031090, GO:0031224, GO:0031300, GO:0031301, GO:0031350, GO:0031351, GO:0031354, GO:0031355, GO:0031358, GO:0031359, GO:0031967, GO:0031968, GO:0031969, GO:0031975, GO:0032501, GO:0032502, GO:0032991, GO:0033036, GO:0033365, GO:0034613, GO:0042170, GO:0042221, GO:0042886, GO:0043226, GO:0043227, GO:0043229, GO:0043231, GO:0044422, GO:0044424, GO:0044425, GO:0044434, GO:0044435, GO:0044437, GO:0044444, GO:0044446, GO:0044464, GO:0045036, GO:0045037, GO:0045184, GO:0046907, GO:0048598, GO:0048856, GO:0050896, GO:0051179, GO:0051234, GO:0051641, GO:0051649, GO:0055085, GO:0061927, GO:0065002, GO:0070727, GO:0071702, GO:0071705, GO:0071806, GO:0071840, GO:0072594, GO:0072596, GO:0072598, GO:0098588, GO:0098796, GO:0098805	Fanconi Anemia Pathway in DNA repair
534	CcGene_20145	CcContig_140477	31967	33869	-	Secondary Metabolite	KAL1832858.1hypothetical protein ACET3Z_002509 [Daucus carota]	GO:0005739, GO:0006400, GO:0009691, GO:0052381	Synthesis of wybutosine at G37 of tRNA(Phe); tRNA modification in the nucleus and cytosol
535	CcGene_28876	CcContig_016905	38951	44046	-	Secondary Metabolite	2390.1citrate synthase, glyoxysomal [Daucus carota subsp. sativus]	GO:0005759, GO:0005975, GO:0006099, GO:0046912	Citric acid cycle (TCA cycle); The tricarboxylic acid cycle; TCA cycle (plant)
536	CcGene_25938	CcContig_131360	40257	53235	+	Secondary Metabolite	KAG5542834.1hypothetical protein RHGRI_015811 [Rhododendron griersonianum]	GO:0003857, GO:0004300, GO:0005507, GO:0005777, GO:0006635, GO:0044594	Beta oxidation of lauroyl-CoA to decanoyl-CoA-CoA; Beta oxidation of palmitoyl-CoA to myristoyl-CoA; Beta oxidation of myristoyl-CoA to lauroyl-CoA; Beta oxidation of butanoyl-CoA to acetyl-CoA; Beta oxidation of hexanoyl-CoA to butanoyl-CoA; Beta oxidation of octanoyl-CoA to hexanoyl-CoA; Beta oxidation of decanoyl-CoA to octanoyl-CoA-CoA
537	CcGene_10459	CcContig_062565	11220	18839	-	Secondary Metabolite	KAL1805726.1hypothetical protein ACET3Z_028794 [Daucus carota]	GO:0005524, GO:0015421, GO:0016020, GO:0016887, GO:0055085	ABC-family proteins mediated transport
538	CcGene_22997	CcContig_074763	22379	27852	-	Secondary Metabolite	3261.1ABC transporter B family member 19-like [Apium graveolens]	GO:0005524, GO:0005886, GO:0016887, GO:0055085, GO:0140359	Synthesis of bile acids and bile salts via 7alpha-hydroxycholesterol; Recycling of bile acids and salts; Mitochondrial ABC transporters; Atorvastatin ADME; Prednisone ADME
539	CcGene_14496	CcContig_000656	9530	10854	-	Secondary Metabolite	0780.1aquaporin TIP1-3 [Apium graveolens]	GO:0006833, GO:0015250, GO:0016020, GO:0055085	Passive transport by Aquaporins
540	CcGene_04162	CcContig_001427	12061	17339	+	Secondary Metabolite	4810.1potassium transporter 2 [Daucus carota subsp. sativus]	GO:0005886, GO:0015079, GO:0071805	TWIK-related spinal cord K+ channel (TRESK); TWIK related potassium channel (TREK); Tandem pore domain halothane-inhibited K+ channel (THIK); TWIK-releated acid-sensitive K+ channel (TASK); TWIK-related alkaline pH activated K+ channel (TALK)
541	CcGene_01766	CcContig_046979	44767	50945	-	Secondary Metabolite	KAL1820682.1hypothetical protein ACET3Z_015551 [Daucus carota]	GO:0003872, GO:0005524, GO:0005829, GO:0006096, GO:0009749, GO:0015979, GO:0047334	Glycolysis; Cytosolic glycolysis; Plastid glycolysis
542	CcGene_09397	CcContig_001913	4513	5309	+	Secondary Metabolite	ZINC FINGER protein	GO:0005789, GO:0005794, GO:0006665, GO:0016125, GO:0032366, GO:0032541, GO:0097036, GO:0003674, GO:0003700, GO:0006355, GO:0008150, GO:0009889, GO:0010468, GO:0010556, GO:0019219, GO:0019222, GO:0031323, GO:0031326, GO:0050789, GO:0050794, GO:0051171, GO:0051252, GO:0060255, GO:0065007, GO:0080090, GO:0140110, GO:1903506, GO:2000112, GO:2001141	Endogenous sterols
543	CcGene_12283	CcContig_048422	62602	65125	-	Secondary Metabolite	4754.1phosphomannomutase [Daucus carota subsp. sativus]	GO:0004615, GO:0005829, GO:0006013, GO:0006487, GO:0009298	Synthesis of GDP-mannose
544	CcGene_10376	CcContig_014259	21554	32807	-	Secondary Metabolite	9796.1pre-mRNA-processing factor 19 [Daucus carota subsp. sativus]	GO:0000398, GO:0000974, GO:0005515, GO:0005737, GO:0006281, GO:0016567, GO:0061630, GO:0071006	E3 ubiquitin ligases ubiquitinate target proteins; Fanconi Anemia Pathway in DNA repair
545	CcGene_16994	CcContig_136209	9045	14684	-	Secondary Metabolite	2533.25-methyltetrahydropteroyltriglutamate--homocysteine methyltransferase 1 isoform X1 [Daucus carota subsp. sativus]	GO:0003871, GO:0008270, GO:0008652	Methionine biosynthesis II; S-adenosyl-L-methionine cycle
546	CcGene_23328	CcContig_133173	6764	8571	+	Secondary Metabolite	2557.1pyruvate kinase, cytosolic isozyme [Daucus carota subsp. sativus]	GO:0000287, GO:0004743, GO:0005737, GO:0006096, GO:0030955	Glycolysis; Cytosolic glycolysis; Plastid glycolysis
547	CcGene_08991	CcContig_059130	50291	51876	-	Secondary Metabolite	5756.1WAT1-related protein At3g30340 [Apium graveolens]	GO:0005886, GO:0022857	Intracellular auxin transport
548	CcGene_24663	CcContig_046068	42062	50968	-	Secondary Metabolite	3510.1putative PAP-specific phosphatase, mitochondrial [Daucus carota subsp. sativus]	GO:0000103, GO:0008441	Sulfate assimilation
549	CcGene_09346	CcContig_076345	43144	46460	-	Secondary Metabolite	0807.1chloride channel protein CLC-b isoform X1 [Daucus carota subsp. sativus]	GO:0005247, GO:0006821, GO:0009671, GO:0009705, GO:0055085	ABC-family proteins mediated transport
550	CcGene_04021	CcContig_087864	5458	11708	-	Secondary Metabolite	KAK1389340.1tRNA 4-demethylwyosine synthase (AdoMet-dependent) [Heracleum sosnowskyi]	GO:0003824, GO:0010181, GO:0031591, GO:0051539	Synthesis of wybutosine at G37 of tRNA(Phe)
551	CcGene_21396	CcContig_009970	3717	9957	-	Secondary Metabolite	7080.1DNA-(apurinic or apyrimidinic site) endonuclease-like [Daucus carota subsp. sativus]	GO:0003906, GO:0005634, GO:0006284, GO:0008081, GO:0008311	Abasic sugar-phosphate removal via the single-nucleotide replacement pathway
552	CcGene_10002	CcContig_015236	14	2619	+	Secondary Metabolite	Remorin, N-terminal region	GO:0001934, GO:0005080, GO:0005634, GO:0005829, GO:0043022, GO:0045182, GO:0072344, GO:0003674, GO:0005488, GO:0005575, GO:0005623, GO:0005886, GO:0007154, GO:0007267, GO:0008150, GO:0009987, GO:0016020, GO:0023052, GO:0030246, GO:0031406, GO:0033293, GO:0036094, GO:0043167, GO:0043168, GO:0043177, GO:0044464, GO:0048029, GO:0048032, GO:0071944	TNFR1-mediated ceramide production
553	CcGene_00015	CcContig_049419	10574	13131	-	Secondary Metabolite	KAL1814013.1hypothetical protein ACET3Z_024078 [Daucus carota]	GO:0004084, GO:0009081	Branched-chain amino acid catabolism; Pantothenate biosynthesis I; Leucine biosynthesis; Pantothenate biosynthesis II; Valine degradation; Isoleucine biosynthesis from threonine
554	CcGene_22008	CcContig_064816	876	2487	+	Secondary Metabolite	0307.1alcohol dehydrogenase class-3 [Daucus carota subsp. sativus]	GO:0005829, GO:0008270, GO:0046294, GO:0051903	RA biosynthesis pathway; Abacavir metabolism; Ethanol oxidation; Phenylalanine degradation III
555	CcGene_02838	CcContig_139288	13006	17263	-	Secondary Metabolite	WOH05773.1hypothetical protein DCAR_0625194 [Daucus carota subsp. sativus]	GO:0003723, GO:0004521, GO:0005515, GO:0005737, GO:0035194	Post-transcriptional silencing by small RNAs
556	CcGene_04419	CcContig_048225	45524	47512	-	Secondary Metabolite	7712.1wax ester synthase/diacylglycerol acyltransferase 4 [Daucus carota subsp. sativus]	GO:0004144, GO:0005886, GO:0019432	Triglyceride biosynthesis
557	CcGene_25470	CcContig_101446	71624	73773	+	Secondary Metabolite	KAL8157359.1hypothetical protein AgCh_002167 [Apium graveolens]	GO:0005975, GO:0006098, GO:0017057	Pentose phosphate pathway
558	CcGene_26015	CcContig_119115	26017	26761	+	Secondary Metabolite	KAJ0629552.1putative protein-serine/threonine phosphatase [Helianthus annuus]	GO:0005515	Resolution of Sister Chromatid Cohesion; Brassinosteroid signaling
559	CcGene_25154	CcContig_093785	22400	23488	-	Secondary Metabolite	5328.1aquaporin TIP2-1 [Daucus carota subsp. sativus]	GO:0006833, GO:0015250, GO:0016020, GO:0055085	Passive transport by Aquaporins
560	CcGene_19992	CcContig_095102	168352	169383	-	Secondary Metabolite	KAK1357910.1Endo/exonuclease/phosphatase domain-containing protein [Heracleum sosnowskyi]	GO:0003824	HSFA7/ HSFA6B-regulatory network-induced by drought and ABA.
561	CcGene_26295	CcContig_026661	7456	10576	+	Secondary Metabolite	1412.1probable nucleoredoxin 2 [Daucus carota subsp. sativus]	GO:0004791, GO:0019992, GO:0045454, GO:0098869	Cell redox homeostasis
562	CcGene_09315	CcContig_140308	10244	15650	-	Secondary Metabolite	Auxin response factors (ARFs) are transcriptional factors that bind specifically to the DNA sequence 5'-TGTCTC-3' found in the auxin-responsive promoter elements (AuxREs)	GO:0000398, GO:0003723, GO:0005509, GO:0005737, GO:0016607, GO:0001708, GO:0003674, GO:0003700, GO:0005575, GO:0005622, GO:0005623, GO:0005634, GO:0006355, GO:0007275, GO:0008150, GO:0009791, GO:0009889, GO:0009987, GO:0010050, GO:0010158, GO:0010468, GO:0010556, GO:0019219, GO:0019222, GO:0030154, GO:0031323, GO:0031326, GO:0032501, GO:0032502, GO:0043226, GO:0043227, GO:0043229, GO:0043231, GO:0044424, GO:0044464, GO:0045165, GO:0048856, GO:0048869, GO:0050789, GO:0050794, GO:0051171, GO:0051252, GO:0060255, GO:0065007, GO:0080090, GO:0140110, GO:1903506, GO:2000112, GO:2001141	mRNA Splicing - Major Pathway
563	CcGene_16749	CcContig_132761	20527	23396	+	Secondary Metabolite	5844.1zinc transporter 4, chloroplastic-like [Apium graveolens]	GO:0005385, GO:0005886, GO:0071577	Zinc efflux and compartmentalization by the SLC30 family; Zinc influx into cells by the SLC39 gene family
564	CcGene_16008	CcContig_050374	3561	14568	-	Secondary Metabolite	3359.1uncharacterized protein LOC108223549 isoform X1 [Daucus carota subsp. sativus]	GO:0003919, GO:0006747	Vitamin B2 (riboflavin) metabolism; Flavin biosynthesis
565	CcGene_07972	CcContig_045747	47458	50498	+	Secondary Metabolite	KAL1806481.1hypothetical protein ACET3Z_029549 [Daucus carota]	GO:0005634, GO:0005829, GO:0006879, GO:0051537	Iron uptake and transport
566	CcGene_12004	CcContig_005164	2484	10432	-	Secondary Metabolite	Hydrolyzes glycerol-phospholipids at the terminal phosphodiesteric bond	GO:0005524, GO:0016887, GO:0001101, GO:0003674, GO:0003824, GO:0004620, GO:0004630, GO:0006629, GO:0006643, GO:0006950, GO:0006970, GO:0007275, GO:0008081, GO:0008150, GO:0008152, GO:0008610, GO:0009056, GO:0009058, GO:0009414, GO:0009415, GO:0009628, GO:0009651, GO:0009719, GO:0009725, GO:0009737, GO:0009987, GO:0010033, GO:0010035, GO:0016042, GO:0016298, GO:0016787, GO:0016788, GO:0022622, GO:0032501, GO:0032502, GO:0033993, GO:0042221, GO:0042578, GO:0044237, GO:0044238, GO:0044242, GO:0044248, GO:0044255, GO:0046466, GO:0048364, GO:0048731, GO:0048856, GO:0050896, GO:0071704, GO:0097305, GO:0099402, GO:1901575, GO:1901576, GO:1901700	Sealing of the nuclear envelope (NE) by ESCRT-III; Endosomal Sorting Complex Required For Transport (ESCRT)
567	CcGene_02010	CcContig_095206	1902	8932	+	Secondary Metabolite	3493.1LOW QUALITY PROTEIN: NAC domain-containing protein 40 [Daucus carota subsp. sativus]	GO:0003677, GO:0006355	Salicylic acid signaling
568	CcGene_27840	CcContig_035147	10481	18682	+	Secondary Metabolite	f-box protein	GO:0000103, GO:0004020, GO:0004781, GO:0005575, GO:0005622, GO:0005623, GO:0005634, GO:0043226, GO:0043227, GO:0043229, GO:0043231, GO:0044424, GO:0044464	Sulfate assimilation
569	CcGene_14917	CcContig_047229	78621	80771	-	Secondary Metabolite	8746.1thioredoxin reductase 1, mitochondrial [Daucus carota subsp. sativus]	GO:0004791, GO:0005737, GO:0019430, GO:0045454	Cell redox homeostasis
570	CcGene_12001	CcContig_100034	453	3074	+	Secondary Metabolite	WOH13494.1hypothetical protein DCAR_0833004 [Daucus carota subsp. sativus]	GO:0008270	Formation of Incision Complex in GG-NER; SUMOylation of chromatin organization proteins; SUMOylation of SUMOylation proteins; SUMOylation of transcription cofactors; Recruitment and ATM-mediated phosphorylation of repair and signaling proteins at DNA double strand breaks; SUMOylation of transcription factors; Response to cold temperature
571	CcGene_27573	CcContig_105329	31709	39204	+	Secondary Metabolite	3203.1peroxisomal fatty acid beta-oxidation multifunctional protein AIM1 [Apium graveolens]	GO:0003857, GO:0005777, GO:0006635, GO:0070403	Beta oxidation of lauroyl-CoA to decanoyl-CoA-CoA; Beta oxidation of palmitoyl-CoA to myristoyl-CoA; Beta oxidation of myristoyl-CoA to lauroyl-CoA; Beta oxidation of butanoyl-CoA to acetyl-CoA; Beta oxidation of hexanoyl-CoA to butanoyl-CoA; Beta oxidation of octanoyl-CoA to hexanoyl-CoA; Beta oxidation of decanoyl-CoA to octanoyl-CoA-CoA
572	CcGene_20002	CcContig_107382	40685	45753	-	Secondary Metabolite	KAK1396036.1General regulatory factor 8 [Heracleum sosnowskyi]	GO:0005737, GO:0007165, GO:0034613	Chk1/Chk2(Cds1) mediated inactivation of Cyclin B:Cdk1 complex; RAB GEFs exchange GTP for GDP on RABs; HSF1 activation; Regulation of HSF1-mediated heat shock response; TP53 Regulates Metabolic Genes; RHO GTPases activate PKNs; Brassinosteroid signaling
573	CcGene_01943	CcContig_127647	52843	56836	-	Secondary Metabolite	KAL1820033.1hypothetical protein ACET3Z_014902 [Daucus carota]	GO:0005802, GO:0005886, GO:0009833, GO:0016760, GO:0030244	Cellulose biosynthesis
574	CcGene_15179	CcContig_104409	13466	15679	+	Secondary Metabolite	5650.1trehalose-phosphate phosphatase A [Daucus carota subsp. sativus]	GO:0004805, GO:0005992	Trehalose biosynthesis; Trehalose biosynthesis I
575	CcGene_26818	CcContig_107882	40215	43753	-	Secondary Metabolite	6769.1ATP synthase subunit beta, mitochondrial [Daucus carota subsp. sativus]	GO:0005524, GO:0016887, GO:0042776, GO:0046933, GO:1902600	Formation of ATP by chemiosmotic coupling
576	CcGene_00025	CcContig_136773	5770	11125	-	Secondary Metabolite	Vacuolar protein sorting-associated protein 53	GO:0000287, GO:0005829, GO:0016791, GO:0000139, GO:0000938, GO:0005575, GO:0005622, GO:0005623, GO:0005737, GO:0005739, GO:0005794, GO:0006810, GO:0006890, GO:0006950, GO:0006970, GO:0007009, GO:0008150, GO:0009266, GO:0009408, GO:0009628, GO:0009987, GO:0010256, GO:0010286, GO:0012505, GO:0016020, GO:0016043, GO:0016192, GO:0016197, GO:0016482, GO:0031090, GO:0031410, GO:0031982, GO:0031984, GO:0032991, GO:0042147, GO:0043226, GO:0043227, GO:0043229, GO:0043231, GO:0044422, GO:0044424, GO:0044431, GO:0044433, GO:0044444, GO:0044446, GO:0044464, GO:0046907, GO:0048193, GO:0050896, GO:0051179, GO:0051234, GO:0051641, GO:0051649, GO:0061024, GO:0071840, GO:0097708, GO:0098588, GO:0098791, GO:0099023	Ion transport by P-type ATPases
577	CcGene_18549	CcContig_006355	13790	19619	+	Secondary Metabolite	0559.1uncharacterized protein LOC108213287 [Daucus carota subsp. sativus]	GO:0003684, GO:0005515, GO:0006303, GO:0035312, GO:0036297	Fanconi Anemia Pathway
578	CcGene_17987	CcContig_106391	18819	26695	+	Secondary Metabolite	KAL1808680.1hypothetical protein ACET3Z_025670 [Daucus carota]	GO:0016702, GO:0034440, GO:0046872	13-LOX and 13-HPL pathway; Jasmonic acid biosynthesis
579	CcGene_15120	CcContig_050403	37473	39959	+	Secondary Metabolite	6989.1ATP sulfurylase 2 [Daucus carota subsp. sativus]	GO:0000103, GO:0004020, GO:0004781	Sulfate assimilation
580	CcGene_14017	CcContig_095707	75683	78679	-	Secondary Metabolite	0494.1probable arabinosyltransferase ARAD1 [Daucus carota subsp. sativus]	GO:0016757	HS-GAG biosynthesis; Cytokinins 7-N-glucoside biosynthesis; Cytokinins 9-N-glucoside biosynthesis; Cytokinins-O-glucoside biosynthesis
581	CcGene_00947	CcContig_115440	16977	19335	+	Secondary Metabolite	KAL1808395.1hypothetical protein ACET3Z_025385 [Daucus carota]	GO:0000209, GO:0006513, GO:0061630	Antigen processing: Ubiquitination & Proteasome degradation
582	CcGene_26822	CcContig_015433	1439	2416	+	Secondary Metabolite	KAK1387666.1S-adenosylmethionine decarboxylase proenzyme [Heracleum sosnowskyi]	GO:0004014, GO:0005829, GO:0006597, GO:0008295	Spermidine biosynthesis; Spermine biosynthesis
583	CcGene_22001	CcContig_140209	40	201	+	Secondary Metabolite	KAK1357470.1Protein DETOXIFICATION [Heracleum sosnowskyi]	GO:0015297, GO:0016020, GO:0042910, GO:1990961	OsNAC5_transcription_network_involved in drought and high salinity tolerance
584	CcGene_21014	CcContig_046599	7570	11542	-	Secondary Metabolite	4158.1fruit protein pKIWI502 [Daucus carota subsp. sativus]	GO:0016491	Cellulose biosynthesis
585	CcGene_02680	CcContig_005085	11278	19767	-	Secondary Metabolite	1331.1DNA polymerase eta isoform X3 [Daucus carota subsp. sativus]	GO:0003684, GO:0003887, GO:0005634, GO:0005657, GO:0006281, GO:0009314, GO:0035861, GO:0042276	Translesion synthesis by POLK; Translesion synthesis by REV1; Translesion synthesis by POLI
586	CcGene_10683	CcContig_003282	13411	18260	-	Secondary Metabolite	8197.2sodium/hydrogen exchanger 2 [Daucus carota subsp. sativus]	GO:0005886, GO:0015385, GO:0015386, GO:0051453, GO:0071805, GO:0098719, GO:1902600	TWIK-related spinal cord K+ channel (TRESK); TWIK related potassium channel (TREK); Tandem pore domain halothane-inhibited K+ channel (THIK); TWIK-releated acid-sensitive K+ channel (TASK); TWIK-related alkaline pH activated K+ channel (TALK)
587	CcGene_15732	CcContig_123827	75454	78217	-	Secondary Metabolite	agenet domain-containing protein	GO:0008379, GO:0009535, GO:0034599, GO:0045454	Detoxification of Reactive Oxygen Species
588	CcGene_29686	CcContig_145247	35486	38672	+	Secondary Metabolite	KAL1815338.1hypothetical protein ACET3Z_017912 [Daucus carota]	GO:0004838, GO:0006572, GO:0009058, GO:0030170	Tyrosine catabolism
589	CcGene_11001	CcContig_053160	4327	5682	-	Secondary Metabolite	1302.1uncharacterized protein LOC141690394 [Apium graveolens]		ESR-mediated signaling; Lateral root initiation
590	CcGene_21928	CcContig_005648	7013	11960	-	Secondary Metabolite	0223.1cell division control protein 2 homolog A [Apium graveolens]	GO:0000082, GO:0000307, GO:0004693, GO:0005524, GO:0005634, GO:0005737, GO:0006468, GO:0007165, GO:0010389, GO:0010468, GO:0030332, GO:0051445	AURKA Activation by TPX2
591	CcGene_18957	CcContig_058983	40916	42788	+	Secondary Metabolite	4539.1E3 ubiquitin-protein ligase HAKAI homolog [Daucus carota subsp. sativus]	GO:0016567, GO:0030155, GO:0061630	E3 ubiquitin ligases ubiquitinate target proteins
592	CcGene_28283	CcContig_117406	70482	73225	+	Secondary Metabolite	XAV45641.1glyceraldehyde 3-phosphate dehydrogenase 3a [Ligusticum chuanxiong]	GO:0004365, GO:0005829, GO:0006006, GO:0006096, GO:0050661, GO:0051287	Glycolysis; Cytosolic glycolysis
593	CcGene_02896	CcContig_099934	76666	84293	-	Secondary Metabolite	8914.1delta-aminolevulinic acid dehydratase, chloroplastic [Apium graveolens]	GO:0004655, GO:0005829, GO:0006783, GO:0008270	Heme biosynthesis; Heme synthesis
594	CcGene_24947	CcContig_073486	30922	35261	-	Secondary Metabolite	8367.1iron-sulfur cluster assembly protein 1 [Daucus carota subsp. sativus]	GO:0005759, GO:0006879, GO:0008198, GO:0016226, GO:0051537	Iron uptake and transport
595	CcGene_28984	CcContig_057748	23248	27440	+	Secondary Metabolite	KAL1811515.1hypothetical protein ACET3Z_021580 [Daucus carota]	GO:0003723	Major pathway of rRNA processing in the nucleolus and cytosol; Arginine biosynthesis II (acetyl cycle); Arginine biosynthesis
596	CcGene_11543	CcContig_109350	7791	19481	-	Secondary Metabolite	1898.1acyl-coenzyme A oxidase 3, peroxisomal isoform X2 [Daucus carota subsp. sativus]	GO:0003997, GO:0005504, GO:0005777, GO:0033540, GO:0055088, GO:0071949	Beta-oxidation of very long chain fatty acids
597	CcGene_14999	CcContig_130614	12886	14459	+	Flavonoids & Phenylpropanoids	0205.1jasmonate-induced oxygenase 4-like [Daucus carota subsp. sativus]	GO:0005506, GO:0016706	Flavonoid biosynthesis
598	CcGene_09145	CcContig_127043	39584	46844	+	Secondary Metabolite	5423.1ABC transporter B family member 13 [Daucus carota subsp. sativus]	GO:0005524, GO:0015421, GO:0016020, GO:0016887, GO:0055085	ABC-family proteins mediated transport
599	CcGene_15009	CcContig_049825	7684	9440	-	Secondary Metabolite	Belongs to the glycosyltransferase 8 family	GO:0003690, GO:0006355, GO:0000271, GO:0003674, GO:0003824, GO:0005575, GO:0005622, GO:0005623, GO:0005737, GO:0005739, GO:0005768, GO:0005794, GO:0005802, GO:0005975, GO:0005976, GO:0008150, GO:0008152, GO:0008194, GO:0009058, GO:0009059, GO:0009664, GO:0009832, GO:0009987, GO:0010289, GO:0010383, GO:0010393, GO:0010394, GO:0012505, GO:0016043, GO:0016051, GO:0016740, GO:0016757, GO:0016758, GO:0017144, GO:0031410, GO:0031982, GO:0031984, GO:0033692, GO:0034637, GO:0034645, GO:0042546, GO:0043170, GO:0043226, GO:0043227, GO:0043229, GO:0043231, GO:0044036, GO:0044038, GO:0044085, GO:0044237, GO:0044238, GO:0044249, GO:0044260, GO:0044262, GO:0044264, GO:0044422, GO:0044424, GO:0044431, GO:0044444, GO:0044446, GO:0044464, GO:0045229, GO:0045488, GO:0045489, GO:0047262, GO:0052325, GO:0052546, GO:0070589, GO:0070592, GO:0071554, GO:0071555, GO:0071669, GO:0071704, GO:0071840, GO:0097708, GO:0098791, GO:1901576	rRNA modification in the mitochondrion
600	CcGene_02004	CcContig_144226	30512	34465	-	Terpenoid Biosynthesis	KAK1390516.11-deoxy-D-xylulose-5-phosphate synthase [Heracleum sosnowskyi]	GO:0008661, GO:0009507, GO:0015995, GO:0016114	PDH complex synthesizes acetyl-CoA from PYR; Mitochondrial protein degradation; Thiamine biosynthesis; Pyridoxal 5'-phosphate biosynthesis; Methylerythritol phosphate pathway
601	CcGene_22054	CcContig_106477	15631	20269	+	Secondary Metabolite	0516.1DNA replication complex GINS protein PSF2 [Daucus carota subsp. sativus]	GO:0000727, GO:0000811, GO:0006260	Activation of ATR in response to replication stress
602	CcGene_14491	CcContig_001658	3004	4787	-	Secondary Metabolite	expressed protein	GO:0005886, GO:0015385, GO:0015386, GO:0051453, GO:0071805, GO:0098719, GO:1902600	TWIK-related spinal cord K+ channel (TRESK); TWIK related potassium channel (TREK); Tandem pore domain halothane-inhibited K+ channel (THIK); TWIK-releated acid-sensitive K+ channel (TASK); TWIK-related alkaline pH activated K+ channel (TALK)
603	CcGene_23704	CcContig_101269	8909	14290	-	Secondary Metabolite	KAL1819845.1hypothetical protein ACET3Z_014714 [Daucus carota]	GO:0004103, GO:0004305, GO:0005737, GO:0006646, GO:0006656	Synthesis of PE; Synthesis of PC
604	CcGene_05009	CcContig_100530	66078	70040	+	Secondary Metabolite	8845.1receptor-like serine/threonine-protein kinase ALE2 [Daucus carota subsp. sativus]	GO:0004672, GO:0005524, GO:0006468	Interleukin-1 signaling; PI5P, PP2A and IER3 Regulate PI3K/AKT Signaling; Recognition of fungal and bacterial pathogens and immunity response
605	CcGene_00031	CcContig_123554	1484	2083	+	Secondary Metabolite	8122.1uncharacterized protein LOC108211120 isoform X1 [Daucus carota subsp. sativus]		Pyridoxal 5'-phosphate salvage pathway; Pyridoxal 5'-phosphate biosynthesis
606	CcGene_19491	CcContig_025231	12798	16051	-	Secondary Metabolite	7352.1serine/threonine-protein kinase MHK [Daucus carota subsp. sativus]	GO:0004693, GO:0005524, GO:0051726	Polo-like kinase mediated events
607	CcGene_16913	CcContig_047542	40395	42233	-	Lipid & Polyketide Metabolism	small heat shock protein	GO:0004577, GO:0006488, GO:0043541, GO:0006950, GO:0006970, GO:0008150, GO:0009266, GO:0009408, GO:0009628, GO:0050896	Biosynthesis of the N-glycan precursor (dolichol lipid-linked oligosaccharide, LLO) and transfer to a nascent protein
608	CcGene_25720	CcContig_049335	124772	126074	-	Secondary Metabolite	XAV45633.1jasmonic acid carboxyl methyltransferase 2 [Ligusticum chuanxiong]	GO:0008757, GO:0032259	Methylation
609	CcGene_13005	CcContig_139180	37872	40450	+	Secondary Metabolite	KAL1812810.1hypothetical protein ACET3Z_022875 [Daucus carota]	GO:0046983	Intracellular auxin transport
610	CcGene_01034	CcContig_015062	1468	2566	+	Secondary Metabolite	KAL1813742.1hypothetical protein ACET3Z_023807 [Daucus carota]	GO:0005576, GO:0006952	OsNAC5_transcription_network_involved in drought and high salinity tolerance
611	CcGene_23786	CcContig_124497	14020	17168	+	Secondary Metabolite	1843.1cyclin-dependent kinase G-2-like [Apium graveolens]	GO:0004674, GO:0005524, GO:0005634, GO:0006468, GO:0007346	MASTL Facilitates Mitotic Progression
612	CcGene_19618	CcContig_007651	7412	15209	+	Secondary Metabolite	9222.1protein argonaute 10 isoform X1 [Daucus carota subsp. sativus]	GO:0003723, GO:0004521, GO:0005515, GO:0005737, GO:0035194	Post-transcriptional silencing by small RNAs
613	CcGene_04020	CcContig_057329	1659	3759	+	Secondary Metabolite	8765.1transcription factor bHLH94 [Daucus carota subsp. sativus]	GO:0000978, GO:0000981, GO:0006357, GO:0046983	Regulation of seed germination and coleoptile growth under submergence and normal gravity environment
614	CcGene_01025	CcContig_107090	11509	12793	-	Secondary Metabolite	5508.1probable carboxylesterase 17 [Daucus carota subsp. sativus]	GO:0016787	Phase I - Functionalization of compounds; Gibberellin signaling
615	CcGene_24372	CcContig_097727	17190	18175	-	Secondary Metabolite	KAK1404240.1Aquaporin TIP [Heracleum sosnowskyi]	GO:0006833, GO:0015250, GO:0016020, GO:0055085	Passive transport by Aquaporins
616	CcGene_05265	CcContig_059361	13901	20013	+	Secondary Metabolite	KAL1804065.1hypothetical protein ACET3Z_032712 [Daucus carota]	GO:0004594, GO:0005524, GO:0005634, GO:0005829, GO:0015937	Coenzyme A biosynthesis
617	CcGene_05019	CcContig_047836	13564	16979	-	Secondary Metabolite	Catalytic subunit of pyrophosphate--fructose 6-phosphate 1-phosphotransferase. Catalyzes the phosphorylation of D-fructose 6-phosphate, the first committing step of glycolysis. Uses inorganic phosphate (PPi) as phosphoryl donor instead of ATP like common ATP-dependent phosphofructokinases (ATP-PFKs), which renders the reaction reversible, and can thus function both in glycolysis and gluconeogenesis	GO:0004791, GO:0005789, GO:0045454, GO:0000003, GO:0003006, GO:0003674, GO:0003824, GO:0005575, GO:0005618, GO:0005622, GO:0005623, GO:0005737, GO:0005829, GO:0005975, GO:0006793, GO:0006796, GO:0007275, GO:0008150, GO:0008152, GO:0008443, GO:0009719, GO:0009725, GO:0009735, GO:0009790, GO:0009791, GO:0009793, GO:0009987, GO:0010033, GO:0010035, GO:0010038, GO:0010154, GO:0015979, GO:0016020, GO:0016301, GO:0016310, GO:0016740, GO:0016772, GO:0016773, GO:0019200, GO:0022414, GO:0030312, GO:0032501, GO:0032502, GO:0042221, GO:0044237, GO:0044238, GO:0044262, GO:0044424, GO:0044444, GO:0044464, GO:0046686, GO:0046835, GO:0047334, GO:0048316, GO:0048608, GO:0048731, GO:0048856, GO:0050896, GO:0061458, GO:0071704, GO:0071944	Cell redox homeostasis
618	CcGene_04379	CcContig_053026	1189	8277	+	Secondary Metabolite	6867.1glyoxysomal fatty acid beta-oxidation multifunctional protein MFP-a [Daucus carota subsp. sativus]	GO:0003857, GO:0005777, GO:0006635, GO:0070403	Beta oxidation of lauroyl-CoA to decanoyl-CoA-CoA; Beta oxidation of palmitoyl-CoA to myristoyl-CoA; Beta oxidation of myristoyl-CoA to lauroyl-CoA; Beta oxidation of butanoyl-CoA to acetyl-CoA; Beta oxidation of hexanoyl-CoA to butanoyl-CoA; Beta oxidation of octanoyl-CoA to hexanoyl-CoA; Beta oxidation of decanoyl-CoA to octanoyl-CoA-CoA
619	CcGene_06467	CcContig_097081	6560	11352	+	Secondary Metabolite	Belongs to the serpin family	GO:0004372, GO:0005737, GO:0006565, GO:0008270, GO:0030170, GO:0035999, GO:0046655, GO:0050897, GO:0070905	Metabolism of folate and pterines
620	CcGene_04093	CcContig_098829	4670	5132	+	Secondary Metabolite	KAK1389079.1Exonuclease/helicase-like [Heracleum sosnowskyi]	GO:0003723, GO:0004521, GO:0005737, GO:0035194	Post-transcriptional silencing by small RNAs
621	CcGene_03008	CcContig_129859	14545	19358	-	Secondary Metabolite	7733.1protein LONGIFOLIA 1 [Daucus carota subsp. sativus]	GO:0051513	Regulation of seed size
622	CcGene_03061	CcContig_137138	94842	98005	-	Secondary Metabolite	0483.1fructose-bisphosphate aldolase 6, cytosolic [Daucus carota subsp. sativus]	GO:0004332, GO:0005829, GO:0006096, GO:0030388	Glycolysis; Cytosolic glycolysis; Plastid glycolysis
623	CcGene_16171	CcContig_115427	1070	4399	-	Secondary Metabolite	9142.1uncharacterized protein LOC108211934 [Daucus carota subsp. sativus]	GO:0000209, GO:0005634, GO:0006974, GO:0061631	Antigen processing: Ubiquitination & Proteasome degradation
624	CcGene_19860	CcContig_120981	10315	22607	+	Secondary Metabolite	KAL1806395.1hypothetical protein ACET3Z_029463 [Daucus carota]	GO:0000398, GO:0000974, GO:0004185, GO:0005515, GO:0005737, GO:0006281, GO:0006508, GO:0016567, GO:0061630, GO:0071006	E3 ubiquitin ligases ubiquitinate target proteins; Fanconi Anemia Pathway in DNA repair
625	CcGene_10974	CcContig_095178	2486	5006	-	Secondary Metabolite	9758.1uncharacterized protein LOC135148461 [Daucus carota subsp. sativus]	GO:0003887, GO:0003964, GO:0006278	Minus-strand DNA synthesis; Plus-strand DNA synthesis
626	CcGene_01650	CcContig_128803	16759	32016	-	Secondary Metabolite	8851.1DNA polymerase zeta catalytic subunit isoform X1 [Daucus carota subsp. sativus]	GO:0000724, GO:0003676, GO:0003887, GO:0005634, GO:0016035, GO:0042276	Translesion synthesis by POLK; Translesion synthesis by REV1; Translesion synthesis by POLI
627	CcGene_09024	CcContig_101942	8077	8867	-	Secondary Metabolite	KAK1371500.1hypothetical protein POM88_037592 [Heracleum sosnowskyi]	GO:0005618, GO:0030145	Jasmonic acid biosynthesis; Jasmonic acid signaling
628	CcGene_24112	CcContig_033344	3460	6868	-	Secondary Metabolite	KAK1371733.1Inositol-3-phosphate synthase [Heracleum sosnowskyi]	GO:0004512, GO:0005737, GO:0006021, GO:0008654	Myo-inositol biosynthesis
629	CcGene_21448	CcContig_047990	50086	55853	-	Secondary Metabolite	5922.1imidazole glycerol phosphate synthase hisHF, chloroplastic isoform X1 [Daucus carota subsp. sativus]	GO:0000105, GO:0000107, GO:0016833	Histidine biosynthesis I
630	CcGene_09671	CcContig_092565	1738	5043	+	Secondary Metabolite	6182.1serine/arginine-rich splicing factor RS31 [Daucus carota subsp. sativus]	GO:0000398, GO:0003723, GO:0016607	mRNA Splicing - Major Pathway
631	CcGene_27481	CcContig_005763	3199	4166	+	Secondary Metabolite	8141.1probable aquaporin TIP5-1 [Daucus carota subsp. sativus]	GO:0006833, GO:0015250, GO:0016020, GO:0055085	Passive transport by Aquaporins
632	CcGene_20001	CcContig_076156	7184	10580	-	Secondary Metabolite	0440.1beta-xylosidase/alpha-L-arabinofuranosidase 2 [Daucus carota subsp. sativus]	GO:0009044, GO:0009505, GO:0031222, GO:0045493, GO:0046556	SNAC1 transcription network involved in drought and salinity tolerance; Response to Drought
633	CcGene_23990	CcContig_099765	19502	24074	+	Secondary Metabolite	KAK1376545.1Delta l-pyrroline-5-carboxylate synthetase [Heracleum sosnowskyi]	GO:0004029	Metabolism of serotonin; Mitochondrial protein degradation; Smooth Muscle Contraction; Ethanol oxidation; Proline degradation
634	CcGene_04004	CcContig_111129	98950	101131	-	Secondary Metabolite	KAK1391569.1putative isoaspartyl peptidase/L-asparaginase 2 [Heracleum sosnowskyi]	GO:0016787	Phenylalanine metabolism; Asparagine degradation I
635	CcGene_28027	CcContig_104072	20198	25703	+	Secondary Metabolite	KAL1802474.1hypothetical protein ACET3Z_031121 [Daucus carota]	GO:0008757, GO:0032259	Methylation
636	CcGene_14000	CcContig_102344	7965	10157	-	Secondary Metabolite	WOH16275.1hypothetical protein DCAR_0935825 [Daucus carota subsp. sativus]	GO:0046872	SNAC1 transcription network involved in drought and salinity tolerance; Response to Drought
637	CcGene_17457	CcContig_048596	6874	13364	+	Secondary Metabolite	3063.1uncharacterized protein LOC108199653 isoform X1 [Daucus carota subsp. sativus]	GO:0004519, GO:0005524, GO:0006298, GO:0016887, GO:0030983, GO:0045910	Mismatch repair (MMR) directed by MSH2:MSH6 (MutSalpha); Mismatch repair (MMR) directed by MSH2:MSH3 (MutSbeta)
638	CcGene_22998	CcContig_074763	60577	62352	-	Secondary Metabolite	9035.1ethylene-responsive transcription factor RAP2-12 isoform X1 [Daucus carota subsp. sativus]	GO:0003677, GO:0003700, GO:0006355, GO:0009873	Regulation of seed germination and coleoptile growth under submergence and normal gravity environment
639	CcGene_01227	CcContig_139548	26322	38531	-	Lipid & Polyketide Metabolism	KAL1808821.1hypothetical protein ACET3Z_025811 [Daucus carota]	GO:0005783, GO:0008117, GO:0019752, GO:0030149, GO:0030170	Sphingolipid catabolism
640	CcGene_09007	CcContig_138566	24228	25672	+	Secondary Metabolite	polyribonucleotide nucleotidyltransferase	GO:0005543, GO:0005768, GO:0005886, GO:0006897, GO:0030125, GO:0030276, GO:0000175, GO:0003674, GO:0003824, GO:0004518, GO:0004527, GO:0004532, GO:0004540, GO:0004654, GO:0005575, GO:0005622, GO:0005623, GO:0005737, GO:0006109, GO:0006139, GO:0006396, GO:0006401, GO:0006629, GO:0006720, GO:0006721, GO:0006725, GO:0006778, GO:0006779, GO:0006807, GO:0006950, GO:0007154, GO:0008150, GO:0008152, GO:0008299, GO:0008408, GO:0008610, GO:0009056, GO:0009057, GO:0009058, GO:0009267, GO:0009507, GO:0009532, GO:0009536, GO:0009570, GO:0009605, GO:0009889, GO:0009890, GO:0009892, GO:0009987, GO:0009991, GO:0010322, GO:0010323, GO:0010467, GO:0010563, GO:0010565, GO:0010675, GO:0010677, GO:0015994, GO:0015995, GO:0016036, GO:0016070, GO:0016108, GO:0016109, GO:0016114, GO:0016116, GO:0016117, GO:0016119, GO:0016120, GO:0016122, GO:0016123, GO:0016740, GO:0016772, GO:0016779, GO:0016787, GO:0016788, GO:0016796, GO:0016896, GO:0018130, GO:0019216, GO:0019220, GO:0019222, GO:0019438, GO:0019439, GO:0019747, GO:0031323, GO:0031324, GO:0031326, GO:0031327, GO:0031425, GO:0031667, GO:0031668, GO:0031669, GO:0033013, GO:0033014, GO:0033554, GO:0034641, GO:0034655, GO:0042214, GO:0042440, GO:0042594, GO:0043170, GO:0043226, GO:0043227, GO:0043229, GO:0043231, GO:0044237, GO:0044238, GO:0044248, GO:0044249, GO:0044255, GO:0044260, GO:0044265, GO:0044270, GO:0044271, GO:0044422, GO:0044424, GO:0044434, GO:0044435, GO:0044444, GO:0044446, GO:0044464, GO:0045827, GO:0045833, GO:0045912, GO:0045936, GO:0046148, GO:0046246, GO:0046483, GO:0046700, GO:0046890, GO:0048519, GO:0048523, GO:0050789, GO:0050794, GO:0050896, GO:0051055, GO:0051174, GO:0051186, GO:0051188, GO:0051716, GO:0062012, GO:0062014, GO:0065007, GO:0071071, GO:0071072, GO:0071496, GO:0071704, GO:0080090, GO:0090304, GO:0090305, GO:0090501, GO:0090503, GO:0140098, GO:1901360, GO:1901361, GO:1901362, GO:1901564, GO:1901566, GO:1901575, GO:1901576, GO:1903725, GO:1903726	Cargo recognition for clathrin-mediated endocytosis
641	CcGene_04023	CcContig_087864	50021	51586	+	Flavonoids & Phenylpropanoids	7579.13-ketoacyl-CoA synthase 4 [Daucus carota subsp. sativus]	GO:0006633, GO:0016020, GO:0016747	Resveratrol biosynthesis; Flavonoid biosynthesis; Pinobanksin biosynthesis
642	CcGene_09335	CcContig_007679	8515	11095	-	Secondary Metabolite	KAK1372261.1Mannose-6-phosphate isomerase [Heracleum sosnowskyi]	GO:0004476, GO:0005829, GO:0005975, GO:0008270, GO:0009298	Synthesis of GDP-mannose
643	CcGene_29013	CcContig_001822	23012	33907	+	Secondary Metabolite	9426.1phosphatidylinositol 4-phosphate 5-kinase 7 isoform X1 [Daucus carota subsp. sativus]	GO:0005524, GO:0005886, GO:0016308, GO:0046488, GO:0046854	Synthesis of PIPs at the plasma membrane; PI5P Regulates TP53 Acetylation; PI5P, PP2A and IER3 Regulate PI3K/AKT Signaling; Synthesis of PIPs in the nucleus; Clathrin-mediated endocytosis; Glutamate biosynthesis V; Ammonia assimilation cycle
644	CcGene_24067	CcContig_003879	12776	21461	+	Secondary Metabolite	2661.1uncharacterized protein LOC108199385 isoform X1 [Daucus carota subsp. sativus]	GO:0003910, GO:0004484, GO:0005524, GO:0006281, GO:0006310, GO:0006370, GO:0006470, GO:0140818	mRNA Capping
645	CcGene_07901	CcContig_093554	71811	72968	+	Secondary Metabolite	7296.1U-box domain-containing protein 26 [Daucus carota subsp. sativus]	GO:0016567, GO:0061630	E3 ubiquitin ligases ubiquitinate target proteins
646	CcGene_15998	CcContig_059458	15261	18285	-	Secondary Metabolite	4592.1receptor protein kinase CLAVATA1 [Daucus carota subsp. sativus]	GO:0004672, GO:0005515, GO:0005524, GO:0006468	RAF activation; Anther and pollen development
647	CcGene_17090	CcContig_124587	6686	15210	+	Secondary Metabolite	KAL8121574.1hypothetical protein AgCh_018351 [Apium graveolens]	GO:0000723, GO:0003678, GO:0006281, GO:0010181, GO:0016491	Fanconi Anemia Pathway in DNA repair
648	CcGene_15233	CcContig_004250	24266	28647	-	Secondary Metabolite	3725.1E3 ubiquitin-protein ligase AIRP2-like [Apium graveolens]	GO:0016567, GO:0061630	E3 ubiquitin ligases ubiquitinate target proteins
649	CcGene_28739	CcContig_098414	3847	8481	+	Secondary Metabolite	5947.1serine hydroxymethyltransferase 3, chloroplastic [Daucus carota subsp. sativus]	GO:0004372, GO:0005737, GO:0006565, GO:0008270, GO:0030170, GO:0035999, GO:0046655, GO:0050897, GO:0070905	Metabolism of folate and pterines
650	CcGene_24098	CcContig_060902	24448	27533	-	Secondary Metabolite	KAK1364300.13-methyl-2-oxobutanoate hydroxymethyltransferase [Heracleum sosnowskyi]	GO:0000287, GO:0003864, GO:0005739, GO:0015940	Pantothenate biosynthesis I; Pantothenate biosynthesis II
651	CcGene_00823	CcContig_111235	8713	16073	-	Secondary Metabolite	Myb-like protein X	GO:0006865, GO:0015171, GO:0016020, GO:0055085	Amino acid transport across the plasma membrane
652	CcGene_08331	CcContig_145087	31144	32565	+	Secondary Metabolite	5444.1gibberellin 20 oxidase 1 [Daucus carota subsp. sativus]	GO:0009416, GO:0009686, GO:0009826, GO:0009908, GO:0045544	Gibberellin biosynthesis I (non C-3, non C-13 hydroxylation); Gibberellin biosynthesis II (early C-3 hydroxylation)
653	CcGene_19983	CcContig_095102	129417	138277	+	Secondary Metabolite	6623.1ABC transporter F family member 3 [Daucus carota subsp. sativus]	GO:0005524, GO:0016887	ABC-family proteins mediated transport
654	CcGene_16273	CcContig_095481	3359	5102	-	Secondary Metabolite	WOH10636.1hypothetical protein DCAR_0730105 [Daucus carota subsp. sativus]	GO:0003746, GO:0005085, GO:0005829, GO:0005853, GO:0006414	Eukaryotic Translation Elongation; Translation elongation
655	CcGene_02012	CcContig_095206	13770	17919	+	Secondary Metabolite	1959.1uncharacterized calcium-binding protein At1g02270 isoform X1 [Daucus carota subsp. sativus]	GO:0000175	Arsenic uptake and detoxification
656	CcGene_19666	CcContig_111687	54996	64680	-	Secondary Metabolite	3516.1peroxisomal acyl-coenzyme A oxidase 1 [Daucus carota subsp. sativus]	GO:0001676, GO:0003997, GO:0005504, GO:0005777, GO:0033540, GO:0055088, GO:0071949	Beta-oxidation of very long chain fatty acids
657	CcGene_04998	CcContig_059025	10456	13508	+	Secondary Metabolite	0839.1rop guanine nucleotide exchange factor 14 [Daucus carota subsp. sativus]	GO:0005085	Recognition of fungal and bacterial pathogens and immunity response
658	CcGene_11013	CcContig_113796	5710	7610	+	Secondary Metabolite	0528.1cationic peroxidase 1 [Daucus carota subsp. sativus]	GO:0004601, GO:0006979, GO:0020037, GO:0042744	Development of root hair
659	CcGene_19010	CcContig_147312	24352	31541	-	Secondary Metabolite	Leucine rich repeat N-terminal domain	GO:0005515, GO:0005737, GO:0008175, GO:0030488, GO:0031591	Synthesis of wybutosine at G37 of tRNA(Phe); Regulatory network of nutrient accumulation
660	CcGene_16010	CcContig_050374	22561	25238	-	Secondary Metabolite	KAK1400193.1heparan-alpha-glucosaminide N-acetyltransferase-like [Heracleum sosnowskyi]		Neutrophil degranulation; Arsenic uptake and detoxification
661	CcGene_08004	CcContig_046804	62963	63578	-	Secondary Metabolite	KAL8119828.1hypothetical protein AgCh_017084 [Apium graveolens]		Glutathione redox reactions II; Glutathione redox reactions I
662	CcGene_25002	CcContig_003864	10424	15012	+	Secondary Metabolite	6538.1uncharacterized protein LOC141718076 isoform X2 [Apium graveolens]	GO:0005634, GO:0006203, GO:0008832	Nucleotide catabolism
663	CcGene_20270	CcContig_064378	29251	36063	+	Secondary Metabolite	6652.1putative zinc transporter At3g08650 [Daucus carota subsp. sativus]	GO:0005385, GO:0016020, GO:0071577	Zinc efflux and compartmentalization by the SLC30 family; Zinc influx into cells by the SLC39 gene family
664	CcGene_23205	CcContig_145171	88703	92738	+	Secondary Metabolite	KAK1377098.1Transketolase [Heracleum sosnowskyi]	GO:0004802, GO:0005829, GO:0006098	Pentose phosphate pathway
665	CcGene_26009	CcContig_103052	10578	12859	+	Secondary Metabolite	6167.1wax ester synthase/diacylglycerol acyltransferase 11 [Daucus carota subsp. sativus]	GO:0004144, GO:0005886, GO:0019432	Triglyceride biosynthesis
666	CcGene_07792	CcContig_076187	29097	35748	-	Secondary Metabolite	8450.1methylmalonate-semialdehyde dehydrogenase [acylating], mitochondrial [Daucus carota subsp. sativus]	GO:0004491, GO:0005739, GO:0006210, GO:0006574, GO:0018478	Valine degradation
667	CcGene_11009	CcContig_137672	36641	38979	+	Secondary Metabolite	WOH11788.1hypothetical protein DCAR_0831280 [Daucus carota subsp. sativus]	GO:0004477, GO:0004488, GO:0005829, GO:0035999	Metabolism of folate and pterines
668	CcGene_18175	CcContig_093570	54275	59954	-	Secondary Metabolite	0202.2polyprotein of EF-Ts, chloroplastic [Daucus carota subsp. sativus]	GO:0003676, GO:0003746, GO:0005515, GO:0005759, GO:0070125	Mitochondrial translation elongation
669	CcGene_11892	CcContig_116008	4937	11251	+	Secondary Metabolite	KAK1373228.1Pantothenate kinase 2 [Heracleum sosnowskyi]	GO:0004594, GO:0005524, GO:0005634, GO:0005829, GO:0015937	Coenzyme A biosynthesis
670	CcGene_04417	CcContig_048225	12984	14903	-	Secondary Metabolite	7712.1wax ester synthase/diacylglycerol acyltransferase 4 [Daucus carota subsp. sativus]	GO:0004144, GO:0005886, GO:0019432	Triglyceride biosynthesis
671	CcGene_14016	CcContig_095707	43081	45851	-	Secondary Metabolite	KAL1834452.1hypothetical protein ACET3Z_004103 [Daucus carota]	GO:0005515, GO:0016020	Lysine biosynthesis VI
672	CcGene_17990	CcContig_106391	35386	38486	+	Secondary Metabolite	WOH15348.1hypothetical protein DCAR_0934886 [Daucus carota subsp. sativus]	GO:0005737, GO:0005980, GO:0008184, GO:0030170	Glycogen breakdown (glycogenolysis); Neutrophil degranulation; Regulatory network of nutrient accumulation
673	CcGene_18533	CcContig_124511	46546	49613	-	Secondary Metabolite	4217.1sucrose-phosphatase 1 [Daucus carota subsp. sativus]	GO:0000287, GO:0005986, GO:0050307	Sucrose biosynthesis
674	CcGene_24529	CcContig_054106	8109	13527	-	Secondary Metabolite	0686.11-acyl-sn-glycerol-3-phosphate acyltransferase BAT2, chloroplastic isoform X2 [Daucus carota subsp. sativus]	GO:0003841, GO:0006654, GO:0016020	Synthesis of PA
675	CcGene_09908	CcContig_123408	81418	97926	+	Terpenoid Biosynthesis	6091.1zeta-carotene desaturase, chloroplastic/chromoplastic [Daucus carota subsp. sativus]	GO:0008654, GO:0009507, GO:0016020, GO:0016117, GO:0016120, GO:0016719, GO:0016780	Phospholipid biosynthesis I; Carotenoid biosynthesis
676	CcGene_29000	CcContig_128702	22937	35177	-	Secondary Metabolite	5272.1cleavage and polyadenylation specificity factor subunit 2 [Daucus carota subsp. sativus]	GO:0003723, GO:0005847, GO:0006398	mRNA 3'-end processing; Processing of Intronless Pre-mRNAs; Transport of Mature mRNA Derived from an Intronless Transcript; RNA Polymerase II Transcription Termination
677	CcGene_26580	CcContig_136166	74389	76790	+	Lipid & Polyketide Metabolism	0284.13-dehydrosphinganine reductase TSC10A [Daucus carota subsp. sativus]	GO:0005789, GO:0030148, GO:0047560	Sphingolipid de novo biosynthesis
678	CcGene_23814	CcContig_082506	22709	36799	-	Secondary Metabolite	5364.1serine/threonine-protein phosphatase BSL1 [Daucus carota subsp. sativus]	GO:0004721, GO:0005515, GO:0009742	Brassinosteroid signaling
679	CcGene_18117	CcContig_095106	13415	16344	+	Secondary Metabolite	1163.11-(5-phosphoribosyl)-5-[(5-phosphoribosylamino)methylideneamino] imidazole-4-carboxamide isomerase, chloroplastic [Daucus carota subsp. sativus]	GO:0000105, GO:0000162, GO:0003949, GO:0005737	Histidine biosynthesis I
680	CcGene_05849	CcContig_092972	36805	39223	-	Secondary Metabolite	KAA8531342.1hypothetical protein F0562_006051 [Nyssa sinensis]	GO:0004149, GO:0005739, GO:0006099	Citric acid cycle (TCA cycle)
681	CcGene_03461	CcContig_085363	5381	8887	-	Secondary Metabolite	1943.1inositol-3-phosphate synthase [Apium graveolens]	GO:0004512, GO:0005737, GO:0006021, GO:0008654	Myo-inositol biosynthesis
682	CcGene_12024	CcContig_002762	1833	2402	+	Secondary Metabolite	KAK1381712.1Vetispiradiene synthase [Heracleum sosnowskyi]	GO:0010333	Capsidiol biosynthesis
683	CcGene_08596	CcContig_107506	9855	11076	+	Secondary Metabolite	KAK1403601.1DNA replication licensing factor MCM5 [Heracleum sosnowskyi]	GO:0000727, GO:0003697, GO:0005524, GO:0005634, GO:0006270, GO:0017116, GO:0042555, GO:0043138	DNA replication Initiation
684	CcGene_18835	CcContig_041287	25141	29835	-	Secondary Metabolite	5559.1thiamine biosynthetic bifunctional enzyme TH1, chloroplastic isoform X2 [Daucus carota subsp. sativus]	GO:0004789, GO:0008902, GO:0008972, GO:0009228, GO:0009507	Thiamine biosynthesis
685	CcGene_00035	CcContig_133600	12590	17324	-	Secondary Metabolite	8006.1uncharacterized protein LOC108219596 [Daucus carota subsp. sativus]	GO:0005085, GO:0055037	RAB GEFs exchange GTP for GDP on RABs
686	CcGene_11020	CcContig_071748	5679	8254	-	Secondary Metabolite	3234.1NEDD8-activating enzyme E1 regulatory subunit AXR1 [Daucus carota subsp. sativus]	GO:0004252, GO:0006508, GO:0008641	Neddylation; Strigolactone signaling
687	CcGene_24997	CcContig_059840	7087	16338	+	Secondary Metabolite	KAL1807061.1hypothetical protein ACET3Z_030129 [Daucus carota]	GO:0003677, GO:0003899, GO:0006390, GO:0034245	Mitochondrial transcription initiation
688	CcGene_16834	CcContig_059555	21113	27461	-	Secondary Metabolite	KAL1810666.1hypothetical protein ACET3Z_020731 [Daucus carota]	GO:0003723, GO:0004521, GO:0005515, GO:0005737, GO:0035194	Post-transcriptional silencing by small RNAs
689	CcGene_14110	CcContig_048740	27213	32008	-	Secondary Metabolite	2157.1cellulose synthase A catalytic subunit 7 [UDP-forming] [Daucus carota subsp. sativus]	GO:0005802, GO:0005886, GO:0009833, GO:0016760, GO:0030244	Cellulose biosynthesis
690	CcGene_28478	CcContig_116035	241389	247669	+	Secondary Metabolite	WOG98811.1hypothetical protein DCAR_0418156 [Daucus carota subsp. sativus]	GO:0003994, GO:0005739, GO:0005829, GO:0006099, GO:0006101, GO:0016020, GO:0030350, GO:0048193, GO:0051539	Citric acid cycle (TCA cycle); The tricarboxylic acid cycle; TCA cycle (plant)
691	CcGene_02598	CcContig_059346	8251	9681	-	Secondary Metabolite	1597.1caffeic acid 3-O-methyltransferase [Daucus carota subsp. sativus]	GO:0008171, GO:0008757, GO:0032259, GO:0046983	Methylation
692	CcGene_20943	CcContig_096281	12572	15545	-	Secondary Metabolite	KAK1374980.1Transferase [Heracleum sosnowskyi]	GO:0005783, GO:0006506, GO:0016020, GO:0032216, GO:0072659	Synthesis of glycosylphosphatidylinositol (GPI)
693	CcGene_11740	CcContig_102192	17432	21893	+	Secondary Metabolite	1600.1probable phosphoribosylformylglycinamidine synthase, chloroplastic/mitochondrial [Daucus carota subsp. sativus]	GO:0004642, GO:0006189	De novo synthesis of IMP
694	CcGene_18954	CcContig_058983	16041	17930	+	Secondary Metabolite	4539.1E3 ubiquitin-protein ligase HAKAI homolog [Daucus carota subsp. sativus]	GO:0016567, GO:0030155, GO:0061630	E3 ubiquitin ligases ubiquitinate target proteins
695	CcGene_25486	CcContig_107799	8978	13949	+	Secondary Metabolite	KAL1827404.1hypothetical protein ACET3Z_005816 [Daucus carota]	GO:0005886, GO:0015385, GO:0015386, GO:0051453, GO:0071805, GO:0098719, GO:1902600	TWIK-related spinal cord K+ channel (TRESK); TWIK related potassium channel (TREK); Tandem pore domain halothane-inhibited K+ channel (THIK); TWIK-releated acid-sensitive K+ channel (TASK); TWIK-related alkaline pH activated K+ channel (TALK)
696	CcGene_01143	CcContig_047214	44890	48935	+	Secondary Metabolite	KAL1815392.1hypothetical protein ACET3Z_017966 [Daucus carota]	GO:0004476, GO:0005829, GO:0005975, GO:0008270, GO:0009298	Synthesis of GDP-mannose
697	CcGene_11702	CcContig_071623	40336	44708	-	Secondary Metabolite	2019.1elongation factor 2 [Daucus carota subsp. sativus]	GO:0003746, GO:0003924, GO:0005525, GO:0005829, GO:0006414, GO:0043022, GO:1990904	Eukaryotic Translation Elongation; Translation elongation
698	CcGene_08228	CcContig_144233	158879	163032	+	Secondary Metabolite	4905.1enolase [Daucus carota subsp. sativus]	GO:0000015, GO:0000287, GO:0004634, GO:0006096	Glycolysis; Cytosolic glycolysis; Plastid glycolysis
699	CcGene_02009	CcContig_121631	38924	40747	-	Secondary Metabolite	KAK1395433.1Nuclear inhibitor of protein phosphatase 1 [Heracleum sosnowskyi]	GO:0003729, GO:0005515	mRNA Splicing - Major Pathway
700	CcGene_27847	CcContig_116070	17106	21019	+	Secondary Metabolite	1359.1two-pore potassium channel 3 [Daucus carota subsp. sativus]	GO:0005886, GO:0009705, GO:0015271, GO:0022841, GO:0030322, GO:0071805	HCN channels; TWIK-related spinal cord K+ channel (TRESK); Voltage gated Potassium channels; TWIK related potassium channel (TREK); Tandem pore domain halothane-inhibited K+ channel (THIK); TWIK-releated acid-sensitive K+ channel (TASK); TWIK-related alkaline pH activated K+ channel (TALK)
701	CcGene_05015	CcContig_100530	48353	53129	+	Secondary Metabolite	8804.1protein IQ-DOMAIN 7 isoform X1 [Daucus carota subsp. sativus]	GO:0005515	Regulation of seed size
702	CcGene_17994	CcContig_122742	37368	46343	+	Secondary Metabolite	KAI8566137.1hypothetical protein RHMOL_Rhmol02G0016200 [Rhododendron molle]	GO:0004672, GO:0005506, GO:0005524, GO:0006468, GO:0016705, GO:0031418	PI5P, PP2A and IER3 Regulate PI3K/AKT Signaling; Interleukin-1 signaling; Brassinosteroid signaling
703	CcGene_24004	CcContig_127727	9480	12519	-	Secondary Metabolite	KAL1802326.1hypothetical protein ACET3Z_030973 [Daucus carota]	GO:0000110, GO:0003684, GO:0003697, GO:0006312, GO:0070522, GO:0070914	Fanconi Anemia Pathway; HDR through Single Strand Annealing (SSA); Dual incision in TC-NER; Dual Incision in GG-NER; Formation of Incision Complex in GG-NER
704	CcGene_26685	CcContig_124907	36910	38623	-	Secondary Metabolite	6569.1two-pore potassium channel 1 isoform X1 [Daucus carota subsp. sativus]	GO:0005509, GO:0005886, GO:0009705, GO:0015271, GO:0022841, GO:0030322, GO:0071805	HCN channels; TWIK-related spinal cord K+ channel (TRESK); Voltage gated Potassium channels; TWIK related potassium channel (TREK); Tandem pore domain halothane-inhibited K+ channel (THIK); TWIK-releated acid-sensitive K+ channel (TASK); TWIK-related alkaline pH activated K+ channel (TALK)
705	CcGene_22420	CcContig_049381	13512	20507	+	Secondary Metabolite	maturation of SSU-rRNA from tricistronic rRNA transcript (SSU-rRNA, 5.8S rRNA, LSU-rRNA)	GO:0003857, GO:0005777, GO:0006635, GO:0070403	Beta oxidation of lauroyl-CoA to decanoyl-CoA-CoA; Beta oxidation of palmitoyl-CoA to myristoyl-CoA; Beta oxidation of myristoyl-CoA to lauroyl-CoA; Beta oxidation of butanoyl-CoA to acetyl-CoA; Beta oxidation of hexanoyl-CoA to butanoyl-CoA; Beta oxidation of octanoyl-CoA to hexanoyl-CoA; Beta oxidation of decanoyl-CoA to octanoyl-CoA-CoA
706	CcGene_17999	CcContig_138209	54497	56612	-	Secondary Metabolite	9414.2amino acid permease 6 [Daucus carota subsp. sativus]	GO:0003333, GO:0015171, GO:0016020	Salicylic acid signaling
707	CcGene_08019	CcContig_141747	53493	55016	+	Secondary Metabolite	0268.1serine/threonine protein phosphatase 2A 57 kDa regulatory subunit B' kappa isoform-like [Daucus carota subsp. sativus]	GO:0000159, GO:0007165, GO:0019888	Toll Like Receptor 10 (TLR10) Cascade; Toll Like Receptor 7/8 (TLR7/8) Cascade; Toll Like Receptor TLR1:TLR2 Cascade; Interleukin-17 signaling; TRAF6 mediated induction of NFkB and MAP kinases upon TLR7/8 or 9 activation; ERKs are inactivated; MyD88 cascade initiated on plasma membrane; TRIF (TICAM1)-mediated TLR4 signaling; MyD88:MAL(TIRAP) cascade initiated on plasma membrane; Brassinosteroid signaling
708	CcGene_05033	CcContig_097869	21798	34260	+	Secondary Metabolite	KAL1833704.1hypothetical protein ACET3Z_003355 [Daucus carota]	GO:0003977, GO:0006048	Synthesis of UDP-N-acetyl-glucosamine
709	CcGene_03749	CcContig_139375	2970	8152	+	Secondary Metabolite	WOH13809.1hypothetical protein DCAR_0933320 [Daucus carota subsp. sativus]	GO:0000151, GO:0000209, GO:0005737, GO:0008270, GO:0031624, GO:0032436, GO:0061630	Antigen processing: Ubiquitination & Proteasome degradation
710	CcGene_03013	CcContig_028795	7038	9847	+	Lipid & Polyketide Metabolism	2686.1uncharacterized protein LOC141724430 [Apium graveolens]	GO:0043622, GO:0055028	Phytic acid biosynthesis (lipid-independent)
711	CcGene_08222	CcContig_144233	110368	118743	-	Secondary Metabolite	5255.1pyruvate kinase 1, cytosolic isoform X1 [Daucus carota subsp. sativus]	GO:0000287, GO:0004743, GO:0005737, GO:0006096, GO:0030955	Glycolysis; Cytosolic glycolysis; Plastid glycolysis
712	CcGene_05018	CcContig_047836	5898	7561	-	Secondary Metabolite	F-box domain	GO:0003995, GO:0005777, GO:0006635, GO:0050660	Beta oxidation of lauroyl-CoA to decanoyl-CoA-CoA; Beta oxidation of palmitoyl-CoA to myristoyl-CoA; Mitochondrial Fatty Acid Beta-Oxidation; Beta oxidation of myristoyl-CoA to lauroyl-CoA; mitochondrial fatty acid beta-oxidation of unsaturated fatty acids; Beta oxidation of butanoyl-CoA to acetyl-CoA; Beta oxidation of hexanoyl-CoA to butanoyl-CoA; Beta oxidation of octanoyl-CoA to hexanoyl-CoA; Beta oxidation of decanoyl-CoA to octanoyl-CoA-CoA; Beta-alanine biosynthesis II
713	CcGene_14431	CcContig_120998	6470	10132	+	Secondary Metabolite	KAL1824093.1hypothetical protein ACET3Z_010871 [Daucus carota]	GO:0004805, GO:0005829, GO:0005992	Trehalose biosynthesis; Trehalose biosynthesis I
714	CcGene_00227	CcContig_051324	34785	44117	-	Secondary Metabolite	6425.1dihydrolipoyllysine-residue acetyltransferase component 2 of pyruvate dehydrogenase complex, mitochondrial [Daucus carota subsp. sativus]	GO:0004742, GO:0006086, GO:0045254	PDH complex synthesizes acetyl-CoA from PYR
715	CcGene_17629	CcContig_135441	9256	12132	-	Secondary Metabolite	5021.1elongation factor 1-alpha [Daucus carota subsp. sativus]	GO:0003746, GO:0003924, GO:0005525, GO:0006414	Eukaryotic Translation Elongation; Translation elongation
716	CcGene_15018	CcContig_140629	64235	67857	-	Secondary Metabolite	9848.1polyadenylate-binding protein 3 [Daucus carota subsp. sativus]	GO:0003730, GO:0005634, GO:0005829, GO:0008143, GO:0008266, GO:1990904	Nonsense Mediated Decay (NMD) enhanced by the Exon Junction Complex (EJC); Nonsense Mediated Decay (NMD) independent of the Exon Junction Complex (EJC); AUF1 (hnRNP D0) binds and destabilizes mRNA; Deadenylation of mRNA; L13a-mediated translational silencing of Ceruloplasmin expression
717	CcGene_28351	CcContig_096629	9865	11303	+	Secondary Metabolite	5076.1elongation factor 1-alpha [Daucus carota subsp. sativus]	GO:0003746, GO:0003924, GO:0005525, GO:0006414	Eukaryotic Translation Elongation; Translation elongation
718	CcGene_29784	CcContig_096016	2657	8407	+	Secondary Metabolite	KAK1354420.1p-glycoprotein 21 [Heracleum sosnowskyi]	GO:0005524, GO:0015421, GO:0016020, GO:0016887, GO:0055085	ABC-family proteins mediated transport
719	CcGene_28485	CcContig_116035	2690	6578	-	Secondary Metabolite	KAL1821762.1hypothetical protein ACET3Z_016631 [Daucus carota]	GO:0043161, GO:0061630	Ubiquitin-dependent degradation of Cyclin D
720	CcGene_00001	CcContig_093563	13838	14272	-	Secondary Metabolite	KAK1403993.1Trihelix transcription factor GT-4 like [Heracleum sosnowskyi]		Underwater shoot and internode elongation
721	CcGene_22006	CcContig_000659	28062	29125	-	Secondary Metabolite	WOH04131.1hypothetical protein DCAR_0623539 [Daucus carota subsp. sativus]	GO:0003676, GO:0034061, GO:0071897	Anther and pollen development
722	CcGene_09023	CcContig_101942	14707	16172	-	Secondary Metabolite	KAK1354204.1RBR-type E3 ubiquitin transferase [Heracleum sosnowskyi]	GO:0000151, GO:0000209, GO:0005737, GO:0031624, GO:0032436, GO:0061630	Antigen processing: Ubiquitination & Proteasome degradation
723	CcGene_05329	CcContig_033255	19112	24465	+	Flavonoids & Phenylpropanoids	0069.1bifunctional 3-dehydroquinate dehydratase/shikimate dehydrogenase, chloroplastic isoform X1 [Daucus carota subsp. sativus]	GO:0003855, GO:0004764, GO:0009423, GO:0019632, GO:0050661	Chorismate via Shikimate Pathway; Chorismate biosynthesis
724	CcGene_17846	CcContig_055124	42495	44847	-	Secondary Metabolite	3534.1putative helicase CHR10 isoform X4 [Apium graveolens]	GO:0003678, GO:0006281, GO:0006338	Fanconi Anemia Pathway in DNA repair
725	CcGene_01024	CcContig_095715	4625	11387	-	Secondary Metabolite	PWA80255.1reverse transcriptase domain, Reverse transcriptase zinc-binding domain protein [Artemisia annua]	GO:0003676	Nonsense Mediated Decay (NMD) independent of the Exon Junction Complex (EJC); Nonsense Mediated Decay (NMD) enhanced by the Exon Junction Complex (EJC); Deadenylation of mRNA; Translation initiation complex formation; L13a-mediated translational silencing of Ceruloplasmin expression; HSFA7/ HSFA6B-regulatory network-induced by drought and ABA.
726	CcGene_24354	CcContig_103928	13288	16993	-	Secondary Metabolite	KAL1831742.1hypothetical protein ACET3Z_001393 [Daucus carota]	GO:0006979, GO:0030091, GO:0033743	Protein repair
727	CcGene_01020	CcContig_001900	8270	12038	+	Secondary Metabolite	5098.1beta carbonic anhydrase 5, chloroplastic [Daucus carota subsp. sativus]	GO:0004089, GO:0008270, GO:0015976	Cyanate degradation
728	CcGene_13997	CcContig_102344	34053	35697	+	Secondary Metabolite	6018.1uncharacterized protein LOC108202145 [Daucus carota subsp. sativus]	GO:0001709	Collagen chain trimerization; Anther and pollen development
729	CcGene_19578	CcContig_050647	4261	6337	+	Secondary Metabolite	0584.1UDP-arabinose 4-epimerase 1-like [Apium graveolens]	GO:0003978, GO:0005829, GO:0033499	Galactose catabolism; Galactose degradation II
730	CcGene_08001	CcContig_126748	67255	68199	+	Flavonoids & Phenylpropanoids	8990.1uncharacterized protein LOC141688433 [Apium graveolens]	GO:0003676, GO:0004523	Tricin biosynthesis; Leucodelphinidin biosynthesis; Leucopelargonidin and leucocyanidin biosynthesis
731	CcGene_29023	CcContig_102389	27415	33518	-	Alkaloid Biosynthesis	(NAC) domain-containing protein	GO:0000162, GO:0004049, GO:0003674, GO:0003700, GO:0005575, GO:0005622, GO:0005623, GO:0005634, GO:0006355, GO:0007275, GO:0008150, GO:0009719, GO:0009725, GO:0009733, GO:0009786, GO:0009889, GO:0009987, GO:0010033, GO:0010468, GO:0010556, GO:0017145, GO:0019219, GO:0019222, GO:0022622, GO:0031323, GO:0031326, GO:0032501, GO:0032502, GO:0042221, GO:0043226, GO:0043227, GO:0043229, GO:0043231, GO:0044424, GO:0044464, GO:0045770, GO:0048103, GO:0048364, GO:0048518, GO:0048522, GO:0048731, GO:0048829, GO:0048856, GO:0050789, GO:0050794, GO:0050896, GO:0051171, GO:0051252, GO:0051301, GO:0051302, GO:0051781, GO:0060255, GO:0065007, GO:0080090, GO:0099402, GO:0140110, GO:1903506, GO:2000112, GO:2001141	Tryptophan biosynthesis
732	CcGene_06550	CcContig_003572	79350	82176	+	Secondary Metabolite	WOG84694.1hypothetical protein DCAR_0103878 [Daucus carota subsp. sativus]	GO:0004146, GO:0004799, GO:0005739, GO:0005829, GO:0006231, GO:0006730, GO:0046654	Tetrahydrofolate biosynthesis II; Tetrahydrofolate biosynthesis I
733	CcGene_23019	CcContig_034538	29681	33471	+	Secondary Metabolite	2091.1ATP-dependent zinc metalloprotease FTSH 2, chloroplastic [Daucus carota subsp. sativus]	GO:0004176, GO:0004222, GO:0005524, GO:0006508, GO:0008270, GO:0016020, GO:0016887	Mitochondrial protein degradation
734	CcGene_08006	CcContig_102546	15019	18840	-	Secondary Metabolite	1277.1uncharacterized protein LOC108221928 [Daucus carota subsp. sativus]	GO:0008270, GO:0016491	Neutrophil degranulation; Galactosylcyclitol biosynthesis
735	CcGene_25711	CcContig_049335	134050	135775	-	Secondary Metabolite	6786.1S-adenosyl-L-methionine:benzoic acid/salicylic acid carboxyl methyltransferase 3 [Daucus carota subsp. sativus]	GO:0008757, GO:0032259	Methylation
736	CcGene_20629	CcContig_009895	9960	13127	-	Secondary Metabolite	XAV45620.112-oxophytodienoate reductase 3b [Ligusticum chuanxiong]	GO:0005777, GO:0009695, GO:0010181, GO:0016629, GO:0031408	Jasmonic acid biosynthesis
737	CcGene_07608	CcContig_114991	9197	15230	+	Secondary Metabolite	7821.1E3 ubiquitin-protein ligase CHIP [Daucus carota subsp. sativus]	GO:0000209, GO:0005737, GO:0006515, GO:0043161, GO:0045862, GO:0051087, GO:0061630, GO:0071218	Antigen processing: Ubiquitination & Proteasome degradation; Ubiquitin-dependent degradation of Cyclin D
738	CcGene_04026	CcContig_087864	73125	74170	+	Secondary Metabolite	KAK1389318.1Stem-specific protein TSJT1 [Heracleum sosnowskyi]		Aspartate and asparagine metabolism; Asparagine biosynthesis; Asparagine biosynthesis III; Citrulline biosynthesis
739	CcGene_13003	CcContig_146075	12511	17488	-	Secondary Metabolite	KAL1807451.1hypothetical protein ACET3Z_024441 [Daucus carota]	GO:0004722, GO:0035970, GO:0043169	Regulation of pyruvate dehydrogenase (PDH) complex; SNAC1 transcription network involved in drought and salinity tolerance; Response to Drought
740	CcGene_12012	CcContig_143613	67	568	-	Secondary Metabolite	Alpha-ketoglutarate-dependent dioxygenase alkB homolog	GO:0005634, GO:0005737, GO:0016567, GO:0019941, GO:0031386, GO:0031625, GO:0003674, GO:0003824, GO:0005488, GO:0005506, GO:0006139, GO:0006259, GO:0006281, GO:0006304, GO:0006307, GO:0006725, GO:0006807, GO:0006950, GO:0006974, GO:0008150, GO:0008152, GO:0008198, GO:0008283, GO:0009451, GO:0009987, GO:0016070, GO:0016491, GO:0016705, GO:0016706, GO:0032451, GO:0033554, GO:0034641, GO:0035510, GO:0035511, GO:0035513, GO:0035514, GO:0035515, GO:0035552, GO:0043167, GO:0043169, GO:0043170, GO:0043412, GO:0043734, GO:0044237, GO:0044238, GO:0044260, GO:0044728, GO:0046483, GO:0046872, GO:0046914, GO:0050896, GO:0051213, GO:0051716, GO:0055114, GO:0070988, GO:0070989, GO:0071704, GO:0080111, GO:0090304, GO:0140097, GO:0140098, GO:1901360, GO:1990930	Antigen processing: Ubiquitination & Proteasome degradation; KEAP1-NFE2L2 pathway; Aggrephagy; Orc1 removal from chromatin; Dual Incision in GG-NER; PTK6 Regulates RTKs and Their Effectors AKT1 and DOK1; Translesion synthesis by POLK; DNA Damage Recognition in GG-NER; Formation of Incision Complex in GG-NER; L13a-mediated translational silencing of Ceruloplasmin expression; FBXL7 down-regulates AURKA during mitotic entry and in early mitosis; GTP hydrolysis and joining of the 60S ribosomal subunit; Ribosomal scanning and start codon recognition; Iron uptake and transport; Gap-filling DNA repair synthesis and ligation in TC-NER; SRP-dependent cotranslational protein targeting to membrane; Formation of a pool of free 40S subunits; Translesion synthesis by POLI; CDK-mediated phosphorylation and removal of Cdc6; Translation initiation complex formation; Metalloprotease DUBs; AUF1 (hnRNP D0) binds and destabilizes mRNA; Josephin domain DUBs; PINK1-PRKN Mediated Mitophagy; Ub-specific processing proteases; Dual incision in TC-NER; Formation of the ternary complex, and subsequently, the 43S complex; ABC-family proteins mediated transport; Negative regulators of DDX58/IFIH1 signaling; Recognition of DNA damage by PCNA-containing replication complex; Translesion synthesis by REV1; Translesion Synthesis by POLH; MAPK6/MAPK4 signaling; Formation of TC-NER Pre-Incision Complex; Nonsense Mediated Decay (NMD) enhanced by the Exon Junction Complex (EJC); Nonsense Mediated Decay (NMD) independent of the Exon Junction Complex (EJC); UCH proteinases; Neddylation; ER Quality Control Compartment (ERQC); Synthesis of active ubiquitin: roles of E1 and E2 enzymes
741	CcGene_21004	CcContig_142885	30517	31536	+	Secondary Metabolite	KAL1804226.1hypothetical protein ACET3Z_032873 [Daucus carota]	GO:0003991, GO:0005524, GO:0006526, GO:0009534	Urea cycle; Ornithine biosynthesis; Arginine biosynthesis II (acetyl cycle); Arginine biosynthesis
742	CcGene_23112	CcContig_021286	12598	17942	-	Secondary Metabolite	KAK1396619.1Argonaute [Heracleum sosnowskyi]	GO:0003723, GO:0004521, GO:0005515, GO:0005737, GO:0035194	Post-transcriptional silencing by small RNAs
743	CcGene_06399	CcContig_005689	3105	9644	-	Secondary Metabolite	6318.1protein argonaute 1-like [Daucus carota subsp. sativus]	GO:0003723, GO:0004521, GO:0005515, GO:0005737, GO:0035194	Post-transcriptional silencing by small RNAs
744	CcGene_07352	CcContig_138476	54399	60867	-	Secondary Metabolite	KAL1803077.1hypothetical protein ACET3Z_031724 [Daucus carota]	GO:0001678, GO:0004396, GO:0005524, GO:0005536, GO:0005739, GO:0005829, GO:0006096	Glycolysis; Cytosolic glycolysis; Plastid glycolysis
745	CcGene_05643	CcContig_054126	2501	10081	+	Secondary Metabolite	5722.1general transcription and DNA repair factor IIH helicase subunit XPB1 [Daucus carota subsp. sativus]	GO:0000112, GO:0003677, GO:0005524, GO:0005675, GO:0006289, GO:0006367, GO:0016787, GO:0043138, GO:0097550	Dual Incision in GG-NER
746	CcGene_01511	CcContig_048491	77372	86133	+	Secondary Metabolite	KAL1819535.1hypothetical protein ACET3Z_014404 [Daucus carota]	GO:0003919, GO:0006747	Flavin biosynthesis
747	CcGene_01035	CcContig_097160	14618	15282	+	Secondary Metabolite	KAK1385592.1GATA transcription factor [Heracleum sosnowskyi]	GO:0006355, GO:0008270, GO:0043565	Estrogen-dependent gene expression; Jasmonic acid signaling
748	CcGene_21415	CcContig_144540	55063	56744	+	Secondary Metabolite	5711.1uncharacterized protein LOC141706782 [Apium graveolens]	GO:0008168, GO:0032259	Methylation
749	CcGene_03814	CcContig_118353	72888	76431	-	Secondary Metabolite	2321.1cyclin-dependent kinase D-3 [Daucus carota subsp. sativus]	GO:0004693, GO:0005524, GO:0005737, GO:0006468, GO:0008353, GO:0045944, GO:0070985	SMAD2/SMAD3:SMAD4 heterotrimer regulates transcription
750	CcGene_27984	CcContig_110334	9080	11526	+	Secondary Metabolite	4362.2UDP-glycosyltransferase 85A8 [Daucus carota subsp. sativus]	GO:0080043, GO:0080044	Prednisone ADME; Paracetamol ADME; Cytokinins-O-glucoside biosynthesis
751	CcGene_25030	CcContig_116216	45881	52795	+	Secondary Metabolite	KAK1376531.1DNA polymerase [Heracleum sosnowskyi]	GO:0003677, GO:0003887, GO:0005634, GO:0006303	Nonhomologous End-Joining (NHEJ)
752	CcGene_07740	CcContig_049430	1125	5696	+	Secondary Metabolite	KAK1356964.1Elongation factor Tu [Heracleum sosnowskyi]	GO:0003746, GO:0003924, GO:0005525, GO:0005739, GO:0070125	Mitochondrial translation elongation
753	CcGene_19667	CcContig_111687	23584	31269	-	Secondary Metabolite	3540.1E3 ubiquitin ligase PQT3-like [Daucus carota subsp. sativus]	GO:0003676, GO:0005634, GO:0006511, GO:0008270, GO:0016567, GO:0061630	E3 ubiquitin ligases ubiquitinate target proteins
754	CcGene_21999	CcContig_138574	18975	32084	-	Secondary Metabolite	4202.1double-strand break repair protein MRE11 isoform X1 [Daucus carota subsp. sativus]	GO:0000014, GO:0000723, GO:0000724, GO:0006303, GO:0007095, GO:0008296, GO:0030145, GO:0030870, GO:0035861, GO:0042138, GO:0097552	Nonhomologous End-Joining (NHEJ); Sensing of DNA Double Strand Breaks; Recruitment and ATM-mediated phosphorylation of repair and signaling proteins at DNA double strand breaks; Non-homologous end joining (NHEJ); DNA Damage/Telomere Stress Induced Senescence; Cytosolic sensors of pathogen-associated DNA
755	CcGene_01531	CcContig_106962	118003	118484	+	Secondary Metabolite	BDC79572.1hypothetical plant O-methyltransferase [Anthriscus sylvestris]	GO:0008171, GO:0008757, GO:0032259	Methylation
756	CcGene_06000	CcContig_032882	70830	84974	-	Secondary Metabolite	2228.1uncharacterized protein LOC108206432 [Daucus carota subsp. sativus]	GO:0005525	tRNA modification in the mitochondrion
757	CcGene_08334	CcContig_002909	2773	6006	-	Secondary Metabolite	5586.1cysteine synthase-like isoform X1 [Daucus carota subsp. sativus]	GO:0004124, GO:0005737, GO:0019344	Cysteine biosynthesis I
758	CcGene_24264	CcContig_096040	93025	95697	+	Secondary Metabolite	(cyclin-dependent kinase) inhibitor	GO:0032259, GO:0051741	Methylation
759	CcGene_25006	CcContig_051333	1235	12083	+	Secondary Metabolite	WOH11658.1hypothetical protein DCAR_0831148 [Daucus carota subsp. sativus]	GO:0003723, GO:0005515	Mitochondrial translation initiation; Mitochondrial translation elongation; Mitochondrial translation termination; Intracellular auxin transport
760	CcGene_05039	CcContig_102527	23917	28745	-	Secondary Metabolite	XAV45622.1acyl-CoA-oxidase 1a [Ligusticum chuanxiong]	GO:0001676, GO:0003997, GO:0005504, GO:0005777, GO:0033540, GO:0055088, GO:0071949	Beta-oxidation of very long chain fatty acids
761	CcGene_23373	CcContig_127873	32990	34583	-	Secondary Metabolite	8322.1dephospho-CoA kinase [Daucus carota subsp. sativus]	GO:0004140, GO:0005524, GO:0015937	Coenzyme A biosynthesis
762	CcGene_08132	CcContig_117549	35091	39651	+	Secondary Metabolite	5582.1cellulose synthase A catalytic subunit 8 [UDP-forming] [Daucus carota subsp. sativus]	GO:0005802, GO:0005886, GO:0009833, GO:0016760, GO:0030244	Cellulose biosynthesis
763	CcGene_20004	CcContig_082136	19527	21665	+	Secondary Metabolite	2446.1nuclear transcription factor Y subunit A-3 [Daucus carota subsp. sativus]	GO:0000981, GO:0006357	ATF6 (ATF6-alpha) activates chaperone genes; PPARA activates gene expression; FOXO-mediated transcription of cell death genes; ATF4 activates genes in response to endoplasmic reticulum  stress; Activation of gene expression by SREBF (SREBP)
764	CcGene_27718	CcContig_032920	11291	17740	-	Secondary Metabolite	KAL1819858.1hypothetical protein ACET3Z_014727 [Daucus carota]	GO:0004674, GO:0005524, GO:0006950, GO:0010182	Recognition of fungal and bacterial pathogens and immunity response
765	CcGene_17888	CcContig_049341	9220	13101	-	Secondary Metabolite	source UniProtKB	GO:0000287, GO:0004449, GO:0005739, GO:0006099, GO:0006102, GO:0051287	Citric acid cycle (TCA cycle); The tricarboxylic acid cycle; TCA cycle (plant)
766	CcGene_13011	CcContig_108450	74388	77360	-	Secondary Metabolite	KAL1828950.1hypothetical protein ACET3Z_007362 [Daucus carota]	GO:0004842, GO:0005515, GO:0016567	RUNX3 regulates WNT signaling; Transcriptional Regulation by VENTX; RHOQ GTPase cycle; RHOH GTPase cycle; Transcription activation by ARM; Transport of ARM to the nucleus; Ubiquitination and degradation of phosphorylated ARM; Recruitment of the 'destruction complex' to the receptor complex, the degradation of AXN and release of ARM; RHOA GTPase cycle; Ca2+ pathway; LRR FLII-interacting protein 1 (LRRFIP1) activates type I IFN production; Neutrophil degranulation; Formation of the beta-catenin:TCF transactivating complex; Regulation of CDH11 function; VEGFR2 mediated vascular permeability; RHOB GTPase cycle; Beta-catenin phosphorylation cascade; Apoptotic cleavage of cell adhesion  proteins; Regulation of MITF-M-dependent genes involved in cell cycle and proliferation; Myogenesis; Phosphorylation of SMO; Deactivation of the beta-catenin transactivating complex; Phosphorylation of ARM; Ubiquitination and proteolysis of phosphorylated CI; Recognition of fungal and bacterial pathogens and immunity response
767	CcGene_17912	CcContig_144022	12933	19782	+	Secondary Metabolite	2398.1pyruvate dehydrogenase E1 component subunit alpha, mitochondrial [Daucus carota subsp. sativus]	GO:0004739, GO:0006086, GO:0043231	PDH complex synthesizes acetyl-CoA from PYR
768	CcGene_00782	CcContig_131174	37853	46770	+	Secondary Metabolite	8535.1succinate-semialdehyde dehydrogenase, mitochondrial [Daucus carota subsp. sativus]	GO:0004777, GO:0009450	Degradation of GABA
769	CcGene_04010	CcContig_055691	36453	40940	-	Secondary Metabolite	KAL8132778.1hypothetical protein AgCh_008311 [Apium graveolens]	GO:0004674, GO:0005524, GO:0018105, GO:0035556	RHOBTB2 GTPase cycle; RHOBTB1 GTPase cycle
770	CcGene_03107	CcContig_109737	35273	37561	-	Secondary Metabolite	Belongs to the ubiquitin-conjugating enzyme family	GO:0005802, GO:0005886, GO:0009833, GO:0016760, GO:0030244, GO:0003674, GO:0003824, GO:0004842, GO:0005488, GO:0005515, GO:0005575, GO:0005622, GO:0005623, GO:0005737, GO:0005829, GO:0006464, GO:0006508, GO:0006511, GO:0006807, GO:0008150, GO:0008152, GO:0009056, GO:0009057, GO:0009987, GO:0016567, GO:0016740, GO:0019538, GO:0019787, GO:0019899, GO:0019941, GO:0030163, GO:0031625, GO:0032446, GO:0036211, GO:0043170, GO:0043412, GO:0043632, GO:0044237, GO:0044238, GO:0044248, GO:0044257, GO:0044260, GO:0044265, GO:0044267, GO:0044389, GO:0044424, GO:0044444, GO:0044464, GO:0051603, GO:0061630, GO:0061659, GO:0070647, GO:0071704, GO:0140096, GO:1901564, GO:1901565, GO:1901575	Cellulose biosynthesis
771	CcGene_24140	CcContig_098624	3892	6197	-	Secondary Metabolite	synthase	GO:0005829, GO:0005986, GO:0006000, GO:0006002, GO:0006094, GO:0030388, GO:0042132	Gluconeogenesis; Sucrose biosynthesis
772	CcGene_02954	CcContig_121680	173381	176369	+	Secondary Metabolite	8040.1zinc transporter 1 [Daucus carota subsp. sativus]	GO:0005385, GO:0005886, GO:0071577	Zinc efflux and compartmentalization by the SLC30 family; Zinc influx into cells by the SLC39 gene family
773	CcGene_21990	CcContig_111805	8695	9966	+	Secondary Metabolite	Protein NRT1 PTR FAMILY	GO:0005385, GO:0005886, GO:0071577, GO:0005575, GO:0005622, GO:0005623, GO:0008150, GO:0010336, GO:0016020, GO:0031982, GO:0042592, GO:0043226, GO:0043227, GO:0043229, GO:0044424, GO:0044464, GO:0048878, GO:0050801, GO:0055081, GO:0055088, GO:0065007, GO:0065008, GO:0071944, GO:0097708	Zinc efflux and compartmentalization by the SLC30 family; Zinc influx into cells by the SLC39 gene family; Iron uptake and transport in root vascular system
774	CcGene_23122	CcContig_096727	51633	53499	+	Secondary Metabolite	KAK1365468.1Fructose-bisphosphatase [Heracleum sosnowskyi]	GO:0005829, GO:0005986, GO:0006000, GO:0006002, GO:0006094, GO:0030388, GO:0042132	Gluconeogenesis; Sucrose biosynthesis
775	CcGene_10357	CcContig_107463	45483	48246	+	Secondary Metabolite	WOG88903.1hypothetical protein DCAR_0208138 [Daucus carota subsp. sativus]	GO:0008270, GO:0016567, GO:0061630	E3 ubiquitin ligases ubiquitinate target proteins
776	CcGene_12011	CcContig_143613	1648	7308	-	Secondary Metabolite	ADP-ribosylation factor GTPase-activating protein	GO:0003674, GO:0005096, GO:0005488, GO:0005543, GO:0005575, GO:0005622, GO:0005623, GO:0005634, GO:0005737, GO:0005773, GO:0005886, GO:0007275, GO:0008047, GO:0008150, GO:0008289, GO:0009555, GO:0009787, GO:0009789, GO:0009966, GO:0009967, GO:0010646, GO:0010647, GO:0016020, GO:0023051, GO:0023056, GO:0030234, GO:0030695, GO:0032501, GO:0032502, GO:0043085, GO:0043087, GO:0043167, GO:0043168, GO:0043226, GO:0043227, GO:0043229, GO:0043231, GO:0043547, GO:0044093, GO:0044424, GO:0044444, GO:0044464, GO:0048229, GO:0048518, GO:0048522, GO:0048583, GO:0048584, GO:0048856, GO:0050789, GO:0050790, GO:0050794, GO:0051336, GO:0051345, GO:0060589, GO:0065007, GO:0065009, GO:0071944, GO:0098772, GO:1901419, GO:1901421, GO:1905957, GO:1905959	Lateral root initiation
777	CcGene_29016	CcContig_048994	45854	46669	+	Secondary Metabolite	WOH00716.1hypothetical protein DCAR_0520090 [Daucus carota subsp. sativus]	GO:0005249, GO:0016020, GO:0071805	HCN channels; TWIK-related spinal cord K+ channel (TRESK); Voltage gated Potassium channels; TWIK related potassium channel (TREK); Tandem pore domain halothane-inhibited K+ channel (THIK); TWIK-releated acid-sensitive K+ channel (TASK); TWIK-related alkaline pH activated K+ channel (TALK)
778	CcGene_26004	CcContig_103525	12097	15629	+	Flavonoids & Phenylpropanoids	KAK1369827.1Shikimate kinase [Heracleum sosnowskyi]	GO:0005829, GO:0009507	Chorismate biosynthesis
779	CcGene_21984	CcContig_111481	111706	123167	+	Secondary Metabolite	5248.1actin-related protein 2 [Apium graveolens]	GO:0005885, GO:0030479, GO:0034314, GO:0051015	Neutrophil degranulation; Regulation of actin dynamics for phagocytic cup formation; RHO GTPases Activate WASPs and WAVEs
780	CcGene_07101	CcContig_003888	2244	7989	-	Secondary Metabolite	6492.1probable E3 ubiquitin-protein ligase ARI7 [Daucus carota subsp. sativus]	GO:0000151, GO:0000209, GO:0005737, GO:0008270, GO:0031624, GO:0032436, GO:0061630	Antigen processing: Ubiquitination & Proteasome degradation
781	CcGene_26890	CcContig_046770	4037	5093	-	Secondary Metabolite	KAL1812467.1hypothetical protein ACET3Z_022532 [Daucus carota]	GO:0006511, GO:0016567, GO:0061630	E3 ubiquitin ligases ubiquitinate target proteins
782	CcGene_19971	CcContig_112969	121297	128461	+	Secondary Metabolite	8258.1cellulose synthase A catalytic subunit 3 [UDP-forming] [Daucus carota subsp. sativus]	GO:0005802, GO:0005886, GO:0009833, GO:0016760, GO:0030244	Cellulose biosynthesis
783	CcGene_00339	CcContig_125288	8759	30423	-	Secondary Metabolite	3123.2DNA polymerase epsilon catalytic subunit A [Daucus carota subsp. sativus]	GO:0000166, GO:0000278, GO:0003677, GO:0003887, GO:0006272, GO:0006287, GO:0006297, GO:0008270, GO:0008310, GO:0008622, GO:0045004	Resolution of AP sites via the single-nucleotide replacement pathway; Resolution of AP sites via the multiple-nucleotide patch replacement pathway; Gap-filling DNA repair synthesis and ligation in GG-NER; APEX1-Independent Resolution of AP Sites via the Single Nucleotide Replacement Pathway
784	CcGene_08279	CcContig_138976	36930	37618	+	Secondary Metabolite	6640.1uncharacterized protein LOC141664581 [Apium graveolens]	GO:0003887, GO:0003964, GO:0006278	Minus-strand DNA synthesis; Plus-strand DNA synthesis
785	CcGene_04983	CcContig_108071	57177	60507	-	Alkaloid Biosynthesis	2723.1anthranilate synthase beta subunit 2, chloroplastic-like [Daucus carota subsp. sativus]	GO:0000162, GO:0004049, GO:0005829	Tryptophan biosynthesis
786	CcGene_12111	CcContig_006437	30679	31603	-	Secondary Metabolite	KAL1822834.1hypothetical protein ACET3Z_009612 [Daucus carota]	GO:0006833, GO:0015250, GO:0016020, GO:0055085	Passive transport by Aquaporins
787	CcGene_24990	CcContig_002538	20383	25378	-	Secondary Metabolite	KAK1405680.1putative mitochondrial adenine nucleotide transporter BTL3 [Heracleum sosnowskyi]	GO:0055085	Vitamin B5 (pantothenate) metabolism
788	CcGene_05011	CcContig_100530	41435	42228	+	Secondary Metabolite	Complex I biogenesis		Complex I biogenesis
789	CcGene_28625	CcContig_130716	18273	27021	+	Secondary Metabolite	8451.13-hydroxyisobutyryl-CoA hydrolase-like protein 1, mitochondrial [Daucus carota subsp. sativus]	GO:0003860, GO:0006574	Valine degradation
790	CcGene_16009	CcContig_050374	27913	30056	+	Secondary Metabolite	9416.1uncharacterized protein LOC108220221 [Daucus carota subsp. sativus]	GO:0005515, GO:0016567, GO:0045732	Defective HDR through Homologous Recombination Repair (HRR) due to PALB2 loss of BRCA2/RAD51/RAD51C binding function; Metalloprotease DUBs; Impaired BRCA2 binding to RAD51; Regulation of TP53 Activity through Phosphorylation; Impaired BRCA2 binding to PALB2; UCH proteinases; G2/M DNA damage checkpoint; Presynaptic phase of homologous DNA pairing and strand exchange; Processing of DNA double-strand break ends; Defective DNA double strand break response due to BRCA1 loss of function; Defective DNA double strand break response due to BARD1 loss of function; Defective homologous recombination repair (HRR) due to BRCA1 loss of function; Nonhomologous End-Joining (NHEJ); HDR through Single Strand Annealing (SSA); Resolution of D-loop Structures through Synthesis-Dependent Strand Annealing (SDSA); Recruitment and ATM-mediated phosphorylation of repair and signaling proteins at DNA double strand breaks; Resolution of D-loop Structures through Holliday Junction Intermediates; Defective HDR through Homologous Recombination Repair (HRR) due to PALB2 loss of BRCA1 binding function
791	CcGene_20016	CcContig_108072	42772	43785	+	Secondary Metabolite	2632.1uncharacterized protein LOC135150300 [Daucus carota subsp. sativus]		IAA biosynthesis I
792	CcGene_17012	CcContig_003915	4837	7223	+	Secondary Metabolite	Nodulin-like	GO:0004722, GO:0035970	Negative regulation of NMDA receptor-mediated neuronal transmission; SNAC1 transcription network involved in drought and salinity tolerance; Response to Drought
793	CcGene_02011	CcContig_095206	18991	24001	-	Secondary Metabolite	1895.1transcription factor E2FB isoform X3 [Daucus carota subsp. sativus]	GO:0000978, GO:0000981, GO:0006357, GO:0046983, GO:0090575	SMAD2/SMAD3:SMAD4 heterotrimer regulates transcription; Cyclin D associated events in G1; G0 and Early G1; G1/S transition
794	CcGene_13421	CcContig_112685	106059	109264	-	Secondary Metabolite	5867.1glyceraldehyde-3-phosphate dehydrogenase, cytosolic [Apium graveolens]	GO:0004365, GO:0005829, GO:0006006, GO:0006096, GO:0050661, GO:0051287	Glycolysis; Cytosolic glycolysis
795	CcGene_03840	CcContig_120547	32313	37711	-	Secondary Metabolite	9354.1elongation factor Tu, mitochondrial isoform X1 [Daucus carota subsp. sativus]	GO:0003746, GO:0003924, GO:0005525, GO:0005739, GO:0070125	Mitochondrial translation elongation
796	CcGene_20198	CcContig_059569	2034	4166	-	Secondary Metabolite	0902.1cardiolipin synthase (CMP-forming), mitochondrial [Daucus carota subsp. sativus]	GO:0005739, GO:0016020, GO:0032049, GO:0043337	Synthesis of CL
797	CcGene_05007	CcContig_047530	33446	35966	-	Secondary Metabolite	7205.1zinc finger protein GAI-ASSOCIATED FACTOR 1 [Daucus carota subsp. sativus]	GO:0003700, GO:0005634	Generic Transcription Pathway; Gibberellin signaling
798	CcGene_17041	CcContig_109598	24195	25125	-	Secondary Metabolite	5932.1adenylate isopentenyltransferase [Daucus carota subsp. sativus]	GO:0005739, GO:0006400, GO:0009824, GO:0052381	Synthesis of wybutosine at G37 of tRNA(Phe); tRNA modification in the nucleus and cytosol
799	CcGene_15576	CcContig_115783	68154	76807	+	Secondary Metabolite	KAL1833271.1hypothetical protein ACET3Z_002922 [Daucus carota]	GO:0000209, GO:0043161, GO:0061630	Antigen processing: Ubiquitination & Proteasome degradation; Ubiquitin-dependent degradation of Cyclin D
800	CcGene_03595	CcContig_127511	35166	41542	+	Secondary Metabolite	2072.1E3 ubiquitin-protein ligase COP1 [Daucus carota subsp. sativus]	GO:0005515, GO:0043161, GO:0061630	Ubiquitin-dependent degradation of Cyclin D
801	CcGene_01359	CcContig_087282	18695	23265	+	Secondary Metabolite	5149.1cysteine synthase [Daucus carota subsp. sativus]	GO:0004124, GO:0005737, GO:0019344	Cysteine biosynthesis I
802	CcGene_15627	CcContig_128964	47	9846	+	Secondary Metabolite	WOH01315.1hypothetical protein DCAR_0520697 [Daucus carota subsp. sativus]	GO:0003872, GO:0005737, GO:0006002, GO:0006096	Glycolysis; Cytosolic glycolysis; Plastid glycolysis
803	CcGene_25123	CcContig_120962	94929	100929	-	Secondary Metabolite	8005.1serine hydroxymethyltransferase, mitochondrial [Daucus carota subsp. sativus]	GO:0004372, GO:0005737, GO:0006565, GO:0008270, GO:0030170, GO:0035999, GO:0046655, GO:0050897, GO:0070905	Metabolism of folate and pterines
804	CcGene_06012	CcContig_137732	22567	27636	-	Lipid & Polyketide Metabolism	KAL1830212.1hypothetical protein ACET3Z_008624 [Daucus carota]	GO:0005524, GO:0016020, GO:0016887, GO:0055085, GO:0140359	Cytoprotection by HMOX1; Transport of RCbl within the body; Paracetamol ADME; Heme degradation; Synthesis of Leukotrienes (LT) and Eoxins (EX); ABC-family proteins mediated transport; Sphingolipid de novo biosynthesis
805	CcGene_06217	CcContig_125086	996	2138	-	Secondary Metabolite	8622.1protein argonaute 1-like isoform X1 [Daucus carota subsp. sativus]	GO:0003723, GO:0004521, GO:0005515, GO:0005737, GO:0035194	Post-transcriptional silencing by small RNAs
806	CcGene_08996	CcContig_115028	42117	43917	-	Secondary Metabolite	KAL1812338.1hypothetical protein ACET3Z_022403 [Daucus carota]	GO:0003333, GO:0015171, GO:0016020	GABA synthesis, release, reuptake and degradation; Transport of inorganic cations/anions and amino acids/oligopeptides
807	CcGene_27006	CcContig_053063	104032	105071	-	Secondary Metabolite	3451.1uncharacterized protein LOC141703985 [Apium graveolens]	GO:0006511, GO:0061630	Regulation of FZD by ubiquitination
808	CcGene_23994	CcContig_100490	1344	3211	-	Secondary Metabolite	KAL1812332.1hypothetical protein ACET3Z_022397 [Daucus carota]	GO:0003677	Photorespiration
809	CcGene_25012	CcContig_127343	3771	7413	+	Secondary Metabolite	8867.1transketolase, chloroplastic [Daucus carota subsp. sativus]	GO:0004802, GO:0005829, GO:0006098	Pentose phosphate pathway
810	CcGene_04713	CcContig_104301	48453	48933	+	Secondary Metabolite	4665.1S-adenosylmethionine decarboxylase proenzyme-like [Apium graveolens]	GO:0004014, GO:0005829, GO:0006597, GO:0008295	Spermidine biosynthesis; Spermine biosynthesis
811	CcGene_20643	CcContig_059663	42492	45193	-	Secondary Metabolite	1482.1PAP-specific phosphatase HAL2-like [Daucus carota subsp. sativus]	GO:0000103, GO:0008441, GO:0046854	Sulfate assimilation
812	CcGene_08661	CcContig_111549	32181	35092	+	Secondary Metabolite	6153.1D-3-phosphoglycerate dehydrogenase 1, chloroplastic [Daucus carota subsp. sativus]	GO:0004617, GO:0006564, GO:0009570, GO:0051287	Serine biosynthesis
813	CcGene_16366	CcContig_142740	54968	56617	+	Secondary Metabolite	KAL1829181.1hypothetical protein ACET3Z_007593 [Daucus carota]	GO:0004657, GO:0005739, GO:0006562, GO:0071949	Proline catabolism; Proline degradation
814	CcGene_08633	CcContig_051683	115708	118849	-	Secondary Metabolite	0052.1glutamate--glyoxylate aminotransferase 2-like [Apium graveolens]	GO:0004021, GO:0008453, GO:0009853, GO:0030170, GO:0047958	Photorespiration
815	CcGene_22959	CcContig_105232	24026	28580	-	Secondary Metabolite	KAL8101635.1hypothetical protein AgCh_033506 [Apium graveolens]	GO:0004473, GO:0006090, GO:0006108, GO:0009507, GO:0051287	Pyruvate metabolism
816	CcGene_12019	CcContig_121443	48068	49034	-	Flavonoids & Phenylpropanoids	8462.1probable BOI-related E3 ubiquitin-protein ligase 2 [Daucus carota subsp. sativus]	GO:0004842	Activation of caspases through apoptosome-mediated cleavage; SMAC (DIABLO) binds to IAPs; SMAC(DIABLO)-mediated dissociation of IAP:caspase complexes; TNFR1-induced NF-kappa-B signaling pathway; Regulation of TNFR1 signaling; Regulation of necroptotic cell death; Regulation of the apoptosome activity; Regulation of PTEN stability and activity; Regulation of PTEN localization; Deactivation of the beta-catenin transactivating complex; Chorismate biosynthesis
817	CcGene_16248	CcContig_135688	10313	21824	-	Secondary Metabolite	WOG94773.1hypothetical protein DCAR_0314070 [Daucus carota subsp. sativus]	GO:0003723, GO:0004525, GO:0005524, GO:0005634, GO:0005737, GO:0030422	Small interfering RNA (siRNA) biogenesis
818	CcGene_03004	CcContig_004636	476	1768	+	Secondary Metabolite	late embryogenesis abundant protein	GO:0004497, GO:0005506, GO:0016705, GO:0020037, GO:0000302, GO:0001101, GO:0002831, GO:0005575, GO:0005622, GO:0005623, GO:0005634, GO:0005737, GO:0005739, GO:0005829, GO:0006950, GO:0006970, GO:0006979, GO:0007154, GO:0007275, GO:0007568, GO:0008150, GO:0009266, GO:0009314, GO:0009409, GO:0009414, GO:0009415, GO:0009416, GO:0009605, GO:0009607, GO:0009611, GO:0009620, GO:0009625, GO:0009628, GO:0009636, GO:0009642, GO:0009646, GO:0009651, GO:0009719, GO:0009723, GO:0009725, GO:0009737, GO:0009987, GO:0009991, GO:0010033, GO:0010035, GO:0010150, GO:0022622, GO:0031347, GO:0031668, GO:0032101, GO:0032501, GO:0032502, GO:0033554, GO:0033993, GO:0042221, GO:0042493, GO:0042542, GO:0042631, GO:0043207, GO:0043226, GO:0043227, GO:0043229, GO:0043231, GO:0043900, GO:0044424, GO:0044444, GO:0044464, GO:0046677, GO:0048364, GO:0048366, GO:0048367, GO:0048580, GO:0048583, GO:0048731, GO:0048827, GO:0048831, GO:0048856, GO:0050789, GO:0050793, GO:0050896, GO:0051239, GO:0051704, GO:0051707, GO:0051716, GO:0065007, GO:0070887, GO:0071214, GO:0071229, GO:0071462, GO:0071496, GO:0080134, GO:0090693, GO:0097305, GO:0099402, GO:0104004, GO:1900055, GO:1900150, GO:1900424, GO:1901700, GO:1901701, GO:1902074, GO:2000024, GO:2000026, GO:2000028, GO:2000241	Biosynthesis of maresin-like SPMs; Aflatoxin activation and detoxification; Aspirin ADME; Xenobiotics; Atorvastatin ADME; Prednisone ADME; Miscellaneous substrates; Trans-zeatin biosynthesis
819	CcGene_00561	CcContig_058095	10651	17981	-	Secondary Metabolite	8394.1pyridoxal kinase [Daucus carota subsp. sativus]	GO:0005829, GO:0008478, GO:0009443	Pyridoxal 5'-phosphate salvage pathway
820	CcGene_13018	CcContig_002039	25336	26663	+	Secondary Metabolite	4569.1blue copper protein 1a [Daucus carota subsp. sativus]	GO:0009055	Pantothenate and coenzyme A biosynthesis III
821	CcGene_10058	CcContig_136763	35755	44035	-	Secondary Metabolite	KAL1806480.1hypothetical protein ACET3Z_029548 [Daucus carota]	GO:0000287, GO:0004743, GO:0006096, GO:0009570, GO:0030955	Glycolysis; Plastid glycolysis; Cytosolic glycolysis
822	CcGene_01255	CcContig_139484	5803	8883	+	Alkaloid Biosynthesis	7054.2tryptophan synthase beta chain 1-like [Daucus carota subsp. sativus]	GO:0000162, GO:0004834, GO:0009570	Tryptophan biosynthesis
823	CcGene_24998	CcContig_034944	8330	11238	+	Secondary Metabolite	KAL8113587.1hypothetical protein AgCh_020788 [Apium graveolens]	GO:0005515	HSFA7/ HSFA6B-regulatory network-induced by drought and ABA.
824	CcGene_18277	CcContig_033043	12853	13735	+	Secondary Metabolite	9307.1ribulose bisphosphate carboxylase small subunit, chloroplastic-like [Daucus carota subsp. sativus]	GO:0009506, GO:0009507, GO:0009853, GO:0016984, GO:0019253	Calvin cycle; Photorespiration
825	CcGene_18292	CcContig_107348	84612	87335	-	Secondary Metabolite	KAK1374746.1E3 ubiquitin-protein ligase UPL5 [Heracleum sosnowskyi]	GO:0000209, GO:0004842	Antigen processing: Ubiquitination & Proteasome degradation
826	CcGene_16075	CcContig_046578	6945	9070	+	Secondary Metabolite	4309.1probable trehalose-phosphate phosphatase F [Daucus carota subsp. sativus]	GO:0004805, GO:0005992	Trehalose biosynthesis; Trehalose biosynthesis I
827	CcGene_01515	CcContig_101209	61321	71222	+	Secondary Metabolite	7699.1E3 ubiquitin-protein ligase UPL3 [Daucus carota subsp. sativus]	GO:0000209, GO:0043161, GO:0061630	Antigen processing: Ubiquitination & Proteasome degradation; Ubiquitin-dependent degradation of Cyclin D
828	CcGene_26126	CcContig_051332	1344	12056	+	Secondary Metabolite	KAK1356494.1Lon protease-like protein 2, peroxisomal [Heracleum sosnowskyi]	GO:0004176, GO:0004252, GO:0005524, GO:0005782, GO:0006515, GO:0006625, GO:0016485, GO:0016887	TYSND1 cleaves peroxisomal proteins
829	CcGene_02237	CcContig_058786	35548	44429	-	Secondary Metabolite	Potassium channel	GO:0000015, GO:0000287, GO:0004634, GO:0006096, GO:0001101, GO:0003674, GO:0005215, GO:0005216, GO:0005244, GO:0005249, GO:0005261, GO:0005267, GO:0005575, GO:0005622, GO:0005623, GO:0005634, GO:0005886, GO:0005887, GO:0006810, GO:0006811, GO:0006812, GO:0006813, GO:0006950, GO:0008150, GO:0008324, GO:0009266, GO:0009409, GO:0009414, GO:0009415, GO:0009628, GO:0009719, GO:0009725, GO:0009737, GO:0009753, GO:0009987, GO:0010033, GO:0010035, GO:0015075, GO:0015077, GO:0015079, GO:0015267, GO:0015271, GO:0015318, GO:0015672, GO:0016020, GO:0016021, GO:0022803, GO:0022832, GO:0022836, GO:0022838, GO:0022839, GO:0022843, GO:0022857, GO:0022890, GO:0030001, GO:0031224, GO:0031226, GO:0033993, GO:0034220, GO:0042221, GO:0042391, GO:0042592, GO:0043226, GO:0043227, GO:0043229, GO:0043231, GO:0044424, GO:0044425, GO:0044459, GO:0044464, GO:0046873, GO:0048878, GO:0050801, GO:0050896, GO:0051179, GO:0051234, GO:0055065, GO:0055067, GO:0055075, GO:0055080, GO:0055085, GO:0065007, GO:0065008, GO:0071804, GO:0071805, GO:0071944, GO:0097305, GO:0098655, GO:0098660, GO:0098662, GO:0098771, GO:1901700	Glycolysis; Cytosolic glycolysis; Plastid glycolysis
830	CcGene_20479	CcContig_005672	15351	16965	-	Secondary Metabolite	8526.1adenosylhomocysteinase [Daucus carota subsp. sativus]	GO:0004013, GO:0005829, GO:0033353	S-adenosyl-L-methionine cycle
831	CcGene_02741	CcContig_098254	4053	9399	+	Secondary Metabolite	KAK1351275.1Trehalase [Heracleum sosnowskyi]	GO:0004555, GO:0005993	Trehalose degradation II
832	CcGene_16102	CcContig_111685	29861	31131	+	Secondary Metabolite	7024.1aquaporin TIP4-1 [Daucus carota subsp. sativus]	GO:0006833, GO:0015250, GO:0016020, GO:0055085	Passive transport by Aquaporins
833	CcGene_01003	CcContig_130336	7356	14307	-	Terpenoid Biosynthesis	KAL1828253.1hypothetical protein ACET3Z_006665 [Daucus carota]	GO:0009507, GO:0016117, GO:0016120, GO:0016719	Carotenoid biosynthesis
834	CcGene_06002	CcContig_032882	44181	46021	+	Secondary Metabolite	8019.1NAC domain-containing protein 35 [Daucus carota subsp. sativus]	GO:0003677, GO:0006355	Salicylic acid signaling
835	CcGene_24658	CcContig_106333	56621	59574	+	Secondary Metabolite	4606.1D-3-phosphoglycerate dehydrogenase 1, chloroplastic [Daucus carota subsp. sativus]	GO:0004617, GO:0006564, GO:0009570, GO:0051287	Serine biosynthesis
836	CcGene_28540	CcContig_071714	10607	17926	+	Secondary Metabolite	2565.1general transcription and DNA repair factor IIH subunit TFB1-1 isoform X2 [Daucus carota subsp. sativus]	GO:0000439, GO:0005675, GO:0006289, GO:0006360, GO:0006366	Dual Incision in GG-NER
837	CcGene_10353	CcContig_110147	12608	16030	+	Secondary Metabolite	1701.1uncharacterized protein LOC141679111 [Apium graveolens]	GO:0004693, GO:0005524, GO:0005634, GO:0007346	G2 Phase; MASTL Facilitates Mitotic Progression
838	CcGene_12397	CcContig_132947	4528	8449	+	Secondary Metabolite	9759.1probable 3-beta-hydroxysteroid-Delta(8),Delta(7)-isomerase [Daucus carota subsp. sativus]	GO:0000247, GO:0004769, GO:0005783, GO:0016020, GO:0016126, GO:0047750	Sterol biosynthesis
839	CcGene_00007	CcContig_138184	53700	73470	+	Secondary Metabolite	7484.2uncharacterized protein LOC108218858 [Daucus carota subsp. sativus]	GO:0015918, GO:0016020, GO:0032934	LDL clearance
840	CcGene_17015	CcContig_059949	2774	5275	+	Flavonoids & Phenylpropanoids	WOG84639.1hypothetical protein DCAR_0103823 [Daucus carota subsp. sativus]	GO:0000776, GO:0005654, GO:0007094, GO:0009524, GO:0043130, GO:1990298	EML4 and NUDC in mitotic spindle formation; Cdc20:Phospho-APC/C mediated degradation of Cyclin A; Separation of Sister Chromatids; RHO GTPases Activate Formins; APC-Cdc20 mediated degradation of Nek2A; Regulation of APC/C activators between G1/S and early anaphase; Amplification  of signal from unattached  kinetochores via a MAD2  inhibitory signal; Resolution of Sister Chromatid Cohesion; Inactivation of APC/C via direct inhibition of the APC/C complex; Anthocyanin biosynthesis (pelargonidin 3-O-glucoside, cyanidin 3-O-glucoside); Anthocyanin biosynthesis (delphinidin 3-O-glucoside)
841	CcGene_14737	CcContig_085845	94392	102007	-	Secondary Metabolite	4212.1tRNA dimethylallyltransferase 9 [Daucus carota subsp. sativus]	GO:0006400, GO:0009691, GO:0052381	Synthesis of wybutosine at G37 of tRNA(Phe); tRNA modification in the nucleus and cytosol
842	CcGene_01191	CcContig_098763	96507	100808	+	Secondary Metabolite	KAL1820901.1hypothetical protein ACET3Z_015770 [Daucus carota]	GO:0000398, GO:0003723, GO:0005654, GO:0005737, GO:0061574	mRNA Splicing - Major Pathway
843	CcGene_23363	CcContig_004565	6582	11143	+	Secondary Metabolite	KAL1805896.1hypothetical protein ACET3Z_028964 [Daucus carota]	GO:0004334, GO:0006559, GO:0006572, GO:1902000	Tyrosine catabolism
844	CcGene_02622	CcContig_046501	70566	75027	+	Secondary Metabolite	3844.1uncharacterized protein LOC108215784 [Daucus carota subsp. sativus]	GO:0005829, GO:0006400, GO:0008479	tRNA modification in the nucleus and cytosol
845	CcGene_03218	CcContig_120084	23228	24798	-	Secondary Metabolite	7009.1benzoate carboxyl methyltransferase [Daucus carota subsp. sativus]	GO:0008757, GO:0032259	Methylation
846	CcGene_20005	CcContig_082136	333	1813	+	Secondary Metabolite	WOG89382.1hypothetical protein DCAR_0208620 [Daucus carota subsp. sativus]	GO:0006886, GO:0006890, GO:0006891, GO:0030126	COPI-mediated anterograde transport; COPI-dependent Golgi-to-ER retrograde traffic
847	CcGene_04001	CcContig_111129	78047	79346	-	Secondary Metabolite	KAL1823286.1hypothetical protein ACET3Z_010064 [Daucus carota]	GO:0000978, GO:0000981, GO:0005634, GO:0006357, GO:0046983	Development of root hair
848	CcGene_19751	CcContig_033632	961	2278	+	Secondary Metabolite	9394.1succinate dehydrogenase [ubiquinone] iron-sulfur subunit 3, mitochondrial [Apium graveolens]	GO:0005739, GO:0006099, GO:0009055, GO:0016491, GO:0022904, GO:0051537	Citric acid cycle (TCA cycle)
849	CcGene_15556	CcContig_050495	318	2544	-	Secondary Metabolite	POO01470.1Exonuclease/helicase-like [Trema orientale]	GO:0003723, GO:0004521, GO:0005515, GO:0005737, GO:0035194	Post-transcriptional silencing by small RNAs
850	CcGene_12996	CcContig_003889	761	2110	+	Secondary Metabolite	4382.1uncharacterized protein LOC141661297 [Apium graveolens]	GO:0016779, GO:0140640	HSFA7/ HSFA6B-regulatory network-induced by drought and ABA.
851	CcGene_05950	CcContig_101050	128835	132891	-	Secondary Metabolite	5568.1cellulose synthase-like protein H1 isoform X1 [Apium graveolens]	GO:0005802, GO:0005886, GO:0009833, GO:0016760, GO:0030244	Cellulose biosynthesis
852	CcGene_16483	CcContig_135890	37996	39329	-	Secondary Metabolite	BDN79330.1O-methyltransferase [Cuminum cyminum]	GO:0008171, GO:0008757, GO:0032259, GO:0046983	Methylation
853	CcGene_00572	CcContig_106794	21790	23911	+	Secondary Metabolite	KAL1803651.1hypothetical protein ACET3Z_032298 [Daucus carota]	GO:0016567, GO:0061630	E3 ubiquitin ligases ubiquitinate target proteins
854	CcGene_11017	CcContig_133308	13802	16071	+	Secondary Metabolite	9835.1replication factor C subunit 2 [Daucus carota subsp. sativus]	GO:0003677, GO:0003689, GO:0005524, GO:0005634, GO:0005663, GO:0006261, GO:0006281, GO:0016887	Polymerase switching on the C-strand of the telomere; Gap-filling DNA repair synthesis and ligation in TC-NER; Translesion synthesis by POLI; Translesion Synthesis by POLH; Recognition of DNA damage by PCNA-containing replication complex; Translesion synthesis by REV1; Termination of translesion DNA synthesis; Dual incision in TC-NER; Chk1-controlled and DNA-damage induced centrosome duplication; Activation of ATR in response to replication stress; Lagging Strand Synthesis; Dual Incision in GG-NER; Gap-filling DNA repair synthesis and ligation in GG-NER; Translesion synthesis by POLK; Polymerase switching; Homologous recombination repair of replication-dependent double-strand breaks; Processing of DNA double-strand break ends; HDR through Homologous Recombination (HRR); HDR through Single Strand Annealing (SSA); Nucleotide Excision Repair; Leading strand synthesis
855	CcGene_03010	CcContig_119015	8147	15126	-	Secondary Metabolite	Conserved gene of	GO:0004674, GO:0005524, GO:0005634, GO:0005829, GO:0005956, GO:0018105, GO:0018107, GO:0051726	Polo-like kinase mediated events; Regulation of TP53 Activity through Phosphorylation
856	CcGene_29683	CcContig_001827	19109	20703	+	Secondary Metabolite	3348.1E3 ubiquitin-protein ligase AIRP2 [Daucus carota subsp. sativus]	GO:0016567, GO:0061630	E3 ubiquitin ligases ubiquitinate target proteins
857	CcGene_20824	CcContig_137564	134793	139066	-	Secondary Metabolite	1341.1uncharacterized protein LOC108205783 [Daucus carota subsp. sativus]	GO:0016255, GO:0042765	Attachment of GPI anchor to uPAR
858	CcGene_25640	CcContig_077149	1553	2044	+	Secondary Metabolite	Protein FAR1-RELATED SEQUENCE 5-like	GO:0005975, GO:0006098, GO:0017057	Pentose phosphate pathway
859	CcGene_21009	CcContig_049800	31890	35004	+	Secondary Metabolite	WOH05974.1hypothetical protein DCAR_0625397 [Daucus carota subsp. sativus]	GO:0043531, GO:0050832	Neutrophil degranulation; Activation of caspases through apoptosome-mediated cleavage; Regulation of the apoptosome activity; Gibberellin signaling; Brassinosteroid signaling
860	CcGene_22823	CcContig_003156	13594	16282	+	Secondary Metabolite	0589.1protein BOLA2 [Daucus carota subsp. sativus]	GO:0005634, GO:0005829, GO:0006879, GO:0051537	Iron uptake and transport
861	CcGene_17009	CcContig_037263	8947	9548	-	Secondary Metabolite	6081.1uncharacterized protein LOC135147161 [Daucus carota subsp. sativus]	GO:0003677, GO:0005634, GO:0046983	Regulation of seed germination and coleoptile growth under submergence and normal gravity environment
862	CcGene_23218	CcContig_094998	46623	48755	+	Secondary Metabolite	KAL1812357.1hypothetical protein ACET3Z_022422 [Daucus carota]	GO:0008483, GO:0009507, GO:0030170, GO:0033014, GO:0042286	Tetrapyrrole biosynthesis I
863	CcGene_16648	CcContig_128399	726	1722	+	Secondary Metabolite	phosphatidylglycerol phosphatidylinositol transfer protein	GO:0000723, GO:0006281, GO:0043139	Fanconi Anemia Pathway in DNA repair
864	CcGene_21989	CcContig_111481	84467	91763	+	Secondary Metabolite	9329.1probable metal-nicotianamine transporter YSL6 [Daucus carota subsp. sativus]	GO:0016020, GO:0035673	Iron uptake and transport in root vascular system; Polar auxin transport
865	CcGene_06010	CcContig_142550	6087	18489	-	Secondary Metabolite	3415.1polycomb group protein EMBRYONIC FLOWER 2 [Daucus carota subsp. sativus]	GO:0005634, GO:0031490	Regulation of PTEN gene transcription; Oxidative Stress Induced Senescence; PRC2 methylates histones and DNA; Transcriptional Regulation by E2F6
866	CcGene_10501	CcContig_047126	7831	14678	+	Secondary Metabolite	7027.1carbon catabolite repressor protein 4 homolog 1 [Daucus carota subsp. sativus]	GO:0000289, GO:0004535, GO:0005634, GO:0005737, GO:0030014	Deadenylation of mRNA
867	CcGene_23013	CcContig_046985	6109	6955	-	Secondary Metabolite	KAK1394882.1Actin-depolymerizing factor 5 [Heracleum sosnowskyi]	GO:0005737, GO:0015629, GO:0030042, GO:0051015, GO:0051017	Gene and protein expression by JAK-STAT signaling after Interleukin-12 stimulation
868	CcGene_07371	CcContig_098959	14127	25770	-	Secondary Metabolite	KAK1403975.1Cellulose synthase [Heracleum sosnowskyi]	GO:0005802, GO:0005886, GO:0009833, GO:0016760, GO:0030244	Cellulose biosynthesis
869	CcGene_13812	CcContig_048969	32678	36667	+	Secondary Metabolite	5659.1elongation factor G-2, chloroplastic [Daucus carota subsp. sativus]	GO:0003746, GO:0003924, GO:0005525, GO:0005739, GO:0006414, GO:0009507, GO:0032543, GO:0032790	Eukaryotic Translation Elongation; Translation elongation
870	CcGene_09739	CcContig_095345	7441	18444	+	Secondary Metabolite	KAL1828042.1hypothetical protein ACET3Z_006454 [Daucus carota]	GO:0003723, GO:0004802, GO:0005829, GO:0006098	Pentose phosphate pathway
871	CcGene_14869	CcContig_002132	27962	30056	+	Secondary Metabolite	KAL1804104.1hypothetical protein ACET3Z_032751 [Daucus carota]	GO:0003872, GO:0005524, GO:0005737, GO:0006002, GO:0006096	Glycolysis; Cytosolic glycolysis; Plastid glycolysis
872	CcGene_02735	CcContig_111194	57381	65292	+	Secondary Metabolite	9532.1endochitinase EP3 [Daucus carota subsp. sativus]	GO:0004568, GO:0005680, GO:0006032, GO:0008061, GO:0008270, GO:0016998, GO:0031145, GO:0061630, GO:0097602	APC/C:Cdc20 mediated degradation of Securin; Cdc20:Phospho-APC/C mediated degradation of Cyclin A; APC/C:Cdh1 mediated degradation of Cdc20 and other APC/C:Cdh1 targeted proteins in late mitosis/early G1; APC/C:Cdc20 mediated degradation of Cyclin B; Autodegradation of Cdh1 by Cdh1:APC/C
873	CcGene_09429	CcContig_045917	41334	42496	+	Secondary Metabolite	2497.1probable aquaporin TIP2-2 [Daucus carota subsp. sativus]	GO:0006833, GO:0009705, GO:0015250, GO:0055085	Passive transport by Aquaporins
874	CcGene_17032	CcContig_001298	11372	12880	+	Secondary Metabolite	KAK1377992.1Mannose-1-phosphate guanylyltransferase [Heracleum sosnowskyi]	GO:0004475, GO:0005525, GO:0005737, GO:0009298	Synthesis of GDP-mannose
875	CcGene_23009	CcContig_002272	6140	6772	+	Secondary Metabolite	KAF1002504.1hypothetical protein AG4045_028411, partial [Apium graveolens]	GO:0005515	Intracellular auxin transport
876	CcGene_13006	CcContig_139180	7183	12680	+	Secondary Metabolite	belongs to the protein kinase superfamily	GO:0000307, GO:0005524, GO:0005634, GO:0006468, GO:0008353, GO:0032968, GO:0003674, GO:0003824, GO:0004672, GO:0004674, GO:0004675, GO:0004888, GO:0005575, GO:0005623, GO:0005886, GO:0006464, GO:0006793, GO:0006796, GO:0006807, GO:0007154, GO:0007165, GO:0007166, GO:0007167, GO:0007178, GO:0008150, GO:0008152, GO:0009987, GO:0016020, GO:0016301, GO:0016310, GO:0016740, GO:0016772, GO:0016773, GO:0019199, GO:0019538, GO:0023052, GO:0036211, GO:0038023, GO:0043170, GO:0043412, GO:0044237, GO:0044238, GO:0044260, GO:0044267, GO:0044464, GO:0050789, GO:0050794, GO:0050896, GO:0051716, GO:0060089, GO:0065007, GO:0071704, GO:0071944, GO:0140096, GO:1901564	TP53 Regulates Transcription of DNA Repair Genes
877	CcGene_18469	CcContig_140195	6199	18208	-	Secondary Metabolite	1778.1phosphatidylinositol 4-kinase alpha 1 isoform X3 [Daucus carota subsp. sativus]	GO:0004366, GO:0005783, GO:0019432	Triglyceride biosynthesis
878	CcGene_08011	CcContig_050383	9771	11477	-	Secondary Metabolite	8935.1putative glycerol-3-phosphate transporter 1 [Daucus carota subsp. sativus]	GO:0016020, GO:0022857, GO:0055062, GO:0055085	Gluconeogenesis
879	CcGene_04257	CcContig_002491	35341	37521	-	Secondary Metabolite	KAK1373619.1General transcription factor IIH subunit [Heracleum sosnowskyi]	GO:0005675, GO:0006289, GO:0006357	Dual Incision in GG-NER
880	CcGene_10874	CcContig_105094	9309	11735	-	Secondary Metabolite	0345.1ubiquitin-conjugating enzyme E2 5-like [Apium graveolens]	GO:0000209, GO:0005634, GO:0006511, GO:0061631	Antigen processing: Ubiquitination & Proteasome degradation
881	CcGene_18332	CcContig_138816	73380	76415	+	Secondary Metabolite	8487.2serine/arginine-rich splicing factor RS31 isoform X1 [Daucus carota subsp. sativus]	GO:0000398, GO:0003723, GO:0016607	mRNA Splicing - Major Pathway
882	CcGene_25753	CcContig_138846	61624	66078	-	Secondary Metabolite	5820.1NADP-dependent malic enzyme [Daucus carota subsp. sativus]	GO:0004473, GO:0006090, GO:0006108, GO:0009507, GO:0051287	Pyruvate metabolism
883	CcGene_19718	CcContig_132118	21334	23063	+	Secondary Metabolite	KAL1823189.1hypothetical protein ACET3Z_009967 [Daucus carota]	GO:0005506, GO:0005783, GO:0016125, GO:0020037, GO:0051777	Endogenous sterols
884	CcGene_08108	CcContig_141311	47630	51692	-	Secondary Metabolite	4285.1DNA replication licensing factor MCM5 [Daucus carota subsp. sativus]	GO:0000727, GO:0003688, GO:0003697, GO:0005524, GO:0005634, GO:0006270, GO:0017116, GO:0042555, GO:0043138	DNA replication Initiation
885	CcGene_23988	CcContig_133248	27104	31493	+	Secondary Metabolite	9595.1ankyrin repeat-containing protein ITN1-like [Apium graveolens]	GO:0005515, GO:0005886	ARMS-mediated activation; RND2 GTPase cycle; RND1 GTPase cycle
886	CcGene_27284	CcContig_047395	19727	21045	-	Secondary Metabolite	7257.1benzoate carboxyl methyltransferase-like isoform X2 [Daucus carota subsp. sativus]	GO:0008757, GO:0032259	Methylation
887	CcGene_12050	CcContig_144973	35079	37995	-	Alkaloid Biosynthesis	5325.1anthranilate phosphoribosyltransferase, chloroplastic isoform X2 [Daucus carota subsp. sativus]	GO:0000162, GO:0004048, GO:0005829	Tryptophan biosynthesis
888	CcGene_19940	CcContig_122186	11385	19078	+	Secondary Metabolite	8506.1protein NRT1/ PTR FAMILY 5.2 [Daucus carota subsp. sativus]	GO:0004838, GO:0006572, GO:0009058, GO:0016020, GO:0022857, GO:0030170, GO:0055085	Tyrosine catabolism
889	CcGene_24983	CcContig_126754	36351	39337	+	Secondary Metabolite	KAK1357227.1Ribulose bisphosphate carboxylase/oxygenase activase [Heracleum sosnowskyi]	GO:0005524, GO:0009570, GO:0009579, GO:0016887, GO:0046863	Auxin signalling
890	CcGene_00741	CcContig_136808	14318	16148	+	Secondary Metabolite	KAL1820047.1hypothetical protein ACET3Z_014916 [Daucus carota]	GO:0008171, GO:0008757, GO:0032259, GO:0046983	Methylation
891	CcGene_20029	CcContig_138838	44363	48781	+	Secondary Metabolite	8671.1UTP--glucose-1-phosphate uridylyltransferase 3, chloroplastic [Daucus carota subsp. sativus]	GO:0003977, GO:0006048	Synthesis of UDP-N-acetyl-glucosamine
892	CcGene_23989	CcContig_099765	36316	45572	+	Secondary Metabolite	3916.1methyl-CpG-binding domain-containing protein 9 isoform X2 [Daucus carota subsp. sativus]	GO:0005515, GO:0005634	TFAP2 (AP-2) family regulates transcription of cell cycle factors
893	CcGene_02811	CcContig_130993	42214	45206	+	Secondary Metabolite	2372.1DNA-(apurinic or apyrimidinic site) endonuclease, chloroplastic [Daucus carota subsp. sativus]	GO:0003677, GO:0003906, GO:0005634, GO:0006284, GO:0008081, GO:0008311	Abasic sugar-phosphate removal via the single-nucleotide replacement pathway
894	CcGene_17767	CcContig_144111	22526	26130	-	Secondary Metabolite	0786.1uncharacterized protein LOC108213493 isoform X1 [Daucus carota subsp. sativus]	GO:0004605, GO:0005739, GO:0016024, GO:0032049	Cardiolipin biosynthesis
895	CcGene_15985	CcContig_113015	27355	32123	+	Secondary Metabolite	KAL1818572.1hypothetical protein ACET3Z_013441 [Daucus carota]	GO:0004477, GO:0004488, GO:0005829, GO:0035999	Metabolism of folate and pterines
896	CcGene_11997	CcContig_111315	28716	42524	+	Secondary Metabolite	0898.1uncharacterized protein LOC141701139 [Apium graveolens]		Lysine biosynthesis VI
897	CcGene_02977	CcContig_047989	327	1313	+	Secondary Metabolite	Belongs to the AAA ATPase family	GO:0005739, GO:0006400, GO:0009691, GO:0052381	Synthesis of wybutosine at G37 of tRNA(Phe); tRNA modification in the nucleus and cytosol
898	CcGene_10000	CcContig_144152	3490	6488	+	Secondary Metabolite	9495.1pentatricopeptide repeat-containing protein At2g22070 [Daucus carota subsp. sativus]	GO:0005515, GO:0008270	Brassinosteroid signaling
899	CcGene_09176	CcContig_092791	83968	86312	+	Terpenoid Biosynthesis	KAL1823256.1hypothetical protein ACET3Z_010034 [Daucus carota]	GO:0004420, GO:0005515, GO:0005778, GO:0005789, GO:0008299, GO:0015936, GO:0016126	Mevalonate pathway
900	CcGene_26996	CcContig_004051	16995	20042	+	Secondary Metabolite	6460.1methyl-CpG-binding domain-containing protein 7 isoform X2 [Daucus carota subsp. sativus]	GO:0003677	RNA Polymerase I Transcription Initiation; HDACs deacetylate histones; Regulation of TP53 Activity through Acetylation; Regulation of PTEN gene transcription; Plastid glycolysis; Calvin cycle
901	CcGene_10803	CcContig_076573	12045	15293	+	Secondary Metabolite	KAK1389811.1Serine hydroxymethyltransferase [Heracleum sosnowskyi]	GO:0004372, GO:0005737, GO:0006565, GO:0008270, GO:0030170, GO:0035999, GO:0046655, GO:0050897, GO:0070905	Metabolism of folate and pterines
902	CcGene_07998	CcContig_062358	12393	18486	+	Secondary Metabolite	3825.1protein NAR1 [Daucus carota subsp. sativus]	GO:0005829	Cytosolic iron-sulfur cluster assembly
903	CcGene_15289	CcContig_001636	39262	39593	-	Secondary Metabolite	KAL1831270.1hypothetical protein ACET3Z_000921 [Daucus carota]	GO:0003676, GO:0003887, GO:0006287, GO:0006297, GO:0008296, GO:0043625, GO:0045004	Resolution of AP sites via the single-nucleotide replacement pathway; Resolution of AP sites via the multiple-nucleotide patch replacement pathway; Gap-filling DNA repair synthesis and ligation in GG-NER; APEX1-Independent Resolution of AP Sites via the Single Nucleotide Replacement Pathway
904	CcGene_09005	CcContig_138566	7629	13372	+	Secondary Metabolite	cyclic nucleotide-gated ion channel	GO:0000398, GO:0005686, GO:0071011, GO:0002376, GO:0003674, GO:0005215, GO:0005216, GO:0005244, GO:0005249, GO:0005261, GO:0005267, GO:0005575, GO:0005623, GO:0005886, GO:0005887, GO:0006810, GO:0006811, GO:0006812, GO:0006813, GO:0006950, GO:0006952, GO:0006955, GO:0008150, GO:0008219, GO:0008324, GO:0009626, GO:0009987, GO:0012501, GO:0015075, GO:0015077, GO:0015079, GO:0015267, GO:0015318, GO:0015672, GO:0016020, GO:0016021, GO:0022803, GO:0022832, GO:0022836, GO:0022838, GO:0022839, GO:0022843, GO:0022857, GO:0022890, GO:0030001, GO:0031224, GO:0031226, GO:0033554, GO:0034050, GO:0034220, GO:0042391, GO:0044425, GO:0044459, GO:0044464, GO:0045087, GO:0046873, GO:0050896, GO:0051179, GO:0051234, GO:0051716, GO:0055085, GO:0065007, GO:0065008, GO:0071804, GO:0071805, GO:0071944, GO:0098655, GO:0098660, GO:0098662	mRNA Splicing - Minor Pathway
905	CcGene_11461	CcContig_001896	35143	43758	+	Secondary Metabolite	KAK1367953.1hypothetical protein POM88_034045 [Heracleum sosnowskyi]	GO:0005634, GO:0006511, GO:0008270, GO:0016567, GO:0061630	E3 ubiquitin ligases ubiquitinate target proteins
906	CcGene_11956	CcContig_092888	45526	48071	+	Secondary Metabolite	8572.1S-adenosylmethionine decarboxylase proenzyme [Daucus carota subsp. sativus]	GO:0004014, GO:0005829, GO:0006597, GO:0008295	Spermidine biosynthesis; Spermine biosynthesis
907	CcGene_21021	CcContig_137475	36184	41446	-	Secondary Metabolite	KAK1396451.1Vacuolar amino acid transporter 1 [Heracleum sosnowskyi]	GO:0003333, GO:0015171, GO:0016020	GABA synthesis, release, reuptake and degradation; Transport of inorganic cations/anions and amino acids/oligopeptides
908	CcGene_04736	CcContig_128699	443	9431	+	Secondary Metabolite	KAL1822106.1hypothetical protein ACET3Z_008884 [Daucus carota]	GO:0003676, GO:0005634, GO:0008168, GO:0032259	Methylation
909	CcGene_21000	CcContig_126466	3486	5569	+	Secondary Metabolite	WOH10163.1hypothetical protein DCAR_0729626 [Daucus carota subsp. sativus]	GO:0003676	Phylloquinone biosynthesis
910	CcGene_12008	CcContig_053820	11165	16878	+	Secondary Metabolite	BOI-related E3 ubiquitin-protein ligase	GO:0003700, GO:0006355, GO:0043565, GO:0003674, GO:0004857, GO:0004866, GO:0004869, GO:0005575, GO:0005622, GO:0005623, GO:0005634, GO:0005737, GO:0006464, GO:0006807, GO:0006915, GO:0008150, GO:0008152, GO:0008219, GO:0009892, GO:0009987, GO:0010466, GO:0010605, GO:0010941, GO:0010951, GO:0012501, GO:0016567, GO:0019222, GO:0019538, GO:0030162, GO:0030234, GO:0030414, GO:0031323, GO:0031324, GO:0032268, GO:0032269, GO:0032446, GO:0036211, GO:0042981, GO:0043027, GO:0043028, GO:0043066, GO:0043067, GO:0043069, GO:0043086, GO:0043154, GO:0043170, GO:0043226, GO:0043227, GO:0043229, GO:0043231, GO:0043281, GO:0043412, GO:0044092, GO:0044237, GO:0044238, GO:0044260, GO:0044267, GO:0044424, GO:0044464, GO:0045861, GO:0048519, GO:0048523, GO:0050789, GO:0050790, GO:0050794, GO:0051171, GO:0051172, GO:0051246, GO:0051248, GO:0051336, GO:0051346, GO:0051865, GO:0052547, GO:0052548, GO:0060255, GO:0060548, GO:0061134, GO:0061135, GO:0065007, GO:0065009, GO:0070647, GO:0071704, GO:0080090, GO:0098772, GO:1901564, GO:2000116, GO:2000117	Salicylic acid signaling
911	CcGene_00681	CcContig_121116	7525	9639	+	Secondary Metabolite	KAL1807305.1hypothetical protein ACET3Z_030373 [Daucus carota]	GO:0016567, GO:0061630	E3 ubiquitin ligases ubiquitinate target proteins
912	CcGene_28460	CcContig_060032	9875	17511	+	Secondary Metabolite	9124.2endoribonuclease Dicer homolog 2 isoform X1 [Daucus carota subsp. sativus]	GO:0003723, GO:0004525, GO:0005634, GO:0005737, GO:0030422	Small interfering RNA (siRNA) biogenesis
913	CcGene_14757	CcContig_060070	17829	20392	-	Secondary Metabolite	KAL1834309.1hypothetical protein ACET3Z_003960 [Daucus carota]	GO:0004144, GO:0005886, GO:0019432	Triglyceride biosynthesis
914	CcGene_12776	CcContig_142249	20220	27231	+	Secondary Metabolite	KAL1809984.1hypothetical protein ACET3Z_026974 [Daucus carota]	GO:0004674, GO:0005524, GO:0005634, GO:0005829, GO:0005956, GO:0018105, GO:0018107, GO:0051726	Polo-like kinase mediated events
915	CcGene_26938	CcContig_124504	41214	44249	-	Secondary Metabolite	6816.1pyruvate dehydrogenase E1 component subunit beta-3, chloroplastic [Daucus carota subsp. sativus]	GO:0004739, GO:0006086	PDH complex synthesizes acetyl-CoA from PYR
916	CcGene_06630	CcContig_128003	10437	13230	-	Secondary Metabolite	KAK1370445.1hypothetical protein POM88_036537 [Heracleum sosnowskyi]	GO:0000723, GO:0006281, GO:0043139	Fanconi Anemia Pathway in DNA repair
917	CcGene_15083	CcContig_058848	2403	9535	+	Secondary Metabolite	7287.1cellulose synthase A catalytic subunit 5 [UDP-forming] [Daucus carota subsp. sativus]	GO:0005802, GO:0005886, GO:0009833, GO:0016760, GO:0030244	Cellulose biosynthesis
918	CcGene_05651	CcContig_076149	986	4687	-	Secondary Metabolite	KAL1823302.1hypothetical protein ACET3Z_010080 [Daucus carota]	GO:0005802, GO:0005886, GO:0009833, GO:0016760, GO:0030244	Cellulose biosynthesis
919	CcGene_09377	CcContig_119513	52729	53295	-	Secondary Metabolite	KAL8145264.1hypothetical protein AgCh_003454 [Apium graveolens]	GO:0008757, GO:0032259	Methylation
920	CcGene_06998	CcContig_001681	5835	6860	+	Secondary Metabolite	9364.1E3 ubiquitin-protein ligase BRE1-like [Apium graveolens]		Regulation of PTEN stability and activity; SUMOylation of ubiquitinylation proteins
921	CcGene_13002	CcContig_141199	44394	51357	+	Secondary Metabolite	KAK1393866.1poly(RC)-binding protein 4 [Heracleum sosnowskyi]	GO:0003729, GO:0005634, GO:0005737, GO:0010468	TP53 Regulates Transcription of Genes Involved in G1 Cell Cycle Arrest
922	CcGene_24999	CcContig_138386	17269	20504	+	Secondary Metabolite	6008.1AP2-like ethylene-responsive transcription factor BBM1 [Daucus carota subsp. sativus]	GO:0003677, GO:0003700, GO:0006355	Primary root development
923	CcGene_04793	CcContig_100790	4399	9978	+	Secondary Metabolite	0236.2homocysteine S-methyltransferase 2 [Daucus carota subsp. sativus]	GO:0008270, GO:0008898, GO:0033528	S-methylmethionine cycle
924	CcGene_11025	CcContig_104405	5095	10655	-	Secondary Metabolite	0355.1probable ATP-dependent DNA helicase CHR12 [Daucus carota subsp. sativus]	GO:0003677, GO:0005524, GO:0005634, GO:0042393, GO:0045944, GO:0140658	Interleukin-7 signaling; RMTs methylate histone arginines; Tetrahydrofolate biosynthesis I; Tetrahydrofolate biosynthesis II
925	CcGene_20950	CcContig_049377	4945	12821	+	Secondary Metabolite	Protein of unknown function (DUF1635)	GO:0004306, GO:0005737, GO:0006646	Synthesis of PE
926	CcGene_02285	CcContig_145056	51032	54229	-	Secondary Metabolite	9213.1serine/arginine-rich SC35-like splicing factor SCL30A isoform X1 [Daucus carota subsp. sativus]	GO:0000398, GO:0003723, GO:0005737, GO:0016607	mRNA Splicing - Major Pathway
927	CcGene_19560	CcContig_113304	8178	10928	-	Secondary Metabolite	1660.1uncharacterized protein LOC141712572 [Apium graveolens]	GO:0003723, GO:0004347, GO:0005730, GO:0006094, GO:0006096, GO:0097367	Gluconeogenesis; Glycolysis; Cytosolic glycolysis; Plastid glycolysis
928	CcGene_29787	CcContig_099998	9945	13092	+	Secondary Metabolite	9809.1cyclin-dependent kinase G-2-like isoform X1 [Apium graveolens]	GO:0004674, GO:0005524, GO:0005634, GO:0006468, GO:0007346	MASTL Facilitates Mitotic Progression
929	CcGene_13000	CcContig_139268	15427	16947	-	Secondary Metabolite	4587.1heat stress transcription factor A-4a-like [Daucus carota subsp. sativus]	GO:0000978, GO:0003700, GO:0005634, GO:0006357, GO:0034605	Regulation of HSF1-mediated heat shock response; Mitochondrial unfolded protein response (UPRmt); Attenuation phase; HSF1 activation; Regulation of seed germination and coleoptile growth under submergence and normal gravity environment
930	CcGene_26645	CcContig_133222	22685	27937	-	Lipid & Polyketide Metabolism	1076.1uncharacterized protein LOC108205612 [Daucus carota subsp. sativus]	GO:0005789, GO:0006672, GO:0030148, GO:0090156	Sphingolipid de novo biosynthesis
931	CcGene_04304	CcContig_027748	649	1590	+	Secondary Metabolite	KAK6140004.1hypothetical protein DH2020_026220 [Rehmannia glutinosa]	GO:0000015, GO:0000287, GO:0004634, GO:0006096	Glycolysis; Cytosolic glycolysis; Plastid glycolysis
932	CcGene_27997	CcContig_122477	59334	62599	-	Lipid & Polyketide Metabolism	KAK1391986.1White-brown complex protein 11 [Heracleum sosnowskyi]	GO:0005524, GO:0016020, GO:0016887, GO:0140359	Ciprofloxacin ADME; Sphingolipid de novo biosynthesis; Iron uptake and transport; Paracetamol ADME; Heme degradation; Heme biosynthesis
933	CcGene_02024	CcContig_001897	7570	8927	+	Secondary Metabolite	5267.2zinc finger protein ENHYDROUS-like [Daucus carota subsp. sativus]	GO:0003700, GO:0005634	Gibberellin signaling
934	CcGene_24048	CcContig_076344	49552	52325	+	Secondary Metabolite	KAL1823296.1hypothetical protein ACET3Z_010074 [Daucus carota]	GO:0004805, GO:0005829, GO:0005992	Trehalose biosynthesis; Trehalose biosynthesis I
935	CcGene_26864	CcContig_050393	20553	31097	+	Secondary Metabolite	8597.1phospholipase D zeta 1 [Daucus carota subsp. sativus]	GO:0004630, GO:0005886, GO:0006654, GO:0009395, GO:0035556	Synthesis of PA
936	CcGene_02508	CcContig_007744	4734	5720	-	Secondary Metabolite	KAL8092755.1hypothetical protein AgCh_034856 [Apium graveolens]	GO:0016255, GO:0042765	Attachment of GPI anchor to uPAR
937	CcGene_08422	CcContig_092890	4757	10328	-	Secondary Metabolite	KAL1806631.1hypothetical protein ACET3Z_029699 [Daucus carota]	GO:0005886, GO:0015385, GO:0015386, GO:0051453, GO:0071805, GO:0098719, GO:1902600	TWIK-related spinal cord K+ channel (TRESK); TWIK related potassium channel (TREK); Tandem pore domain halothane-inhibited K+ channel (THIK); TWIK-releated acid-sensitive K+ channel (TASK); TWIK-related alkaline pH activated K+ channel (TALK)
938	CcGene_27637	CcContig_107959	135373	135748	+	Secondary Metabolite	5681.1E3 ubiquitin-protein ligase RSL1 [Daucus carota subsp. sativus]	GO:0000151, GO:0000209, GO:0005737, GO:0031624, GO:0032436, GO:0061630	Antigen processing: Ubiquitination & Proteasome degradation
939	CcGene_14993	CcContig_138635	1979	2449	-	Secondary Metabolite	WOH15869.1hypothetical protein DCAR_0935415 [Daucus carota subsp. sativus]		Tetrahydrofolate biosynthesis II; Tetrahydrofolate biosynthesis I
940	CcGene_29203	CcContig_129576	38454	44232	-	Secondary Metabolite	5521.1abscisic acid 8'-hydroxylase CYP707A2-like [Apium graveolens]	GO:0005506, GO:0009687, GO:0016125, GO:0016709, GO:0020037	Endogenous sterols
941	CcGene_14991	CcContig_082705	8760	9382	-	Secondary Metabolite	KAL8123082.1hypothetical protein AgCh_011172 [Apium graveolens]	GO:0000976, GO:0003700, GO:0005634, GO:0006950, GO:0045893	Primary root development
942	CcGene_15553	CcContig_046539	27366	30700	+	Secondary Metabolite	5887.1hexokinase-2, chloroplastic [Daucus carota subsp. sativus]	GO:0001678, GO:0004340, GO:0005524, GO:0005536, GO:0005739, GO:0005829, GO:0006006, GO:0006096, GO:0008865, GO:0046835, GO:0051156	Glycolysis; Cytosolic glycolysis; Plastid glycolysis
943	CcGene_05316	CcContig_002011	30930	35880	-	Secondary Metabolite	3783.1protein argonaute MEL1 [Daucus carota subsp. sativus]	GO:0003723, GO:0004521, GO:0005515, GO:0005737, GO:0035194	Post-transcriptional silencing by small RNAs
944	CcGene_20160	CcContig_108036	9471	10737	+	Secondary Metabolite	KAL1817144.1hypothetical protein ACET3Z_019718 [Daucus carota]	GO:0005509, GO:0005886, GO:0009705, GO:0015271, GO:0022841, GO:0030322, GO:0071805	HCN channels; TWIK-related spinal cord K+ channel (TRESK); Voltage gated Potassium channels; TWIK related potassium channel (TREK); Tandem pore domain halothane-inhibited K+ channel (THIK); TWIK-releated acid-sensitive K+ channel (TASK); TWIK-related alkaline pH activated K+ channel (TALK)
945	CcGene_13009	CcContig_108450	121122	121664	-	Secondary Metabolite	ACD44407.1cytochrome oxidase subunit 1, partial [Cornus alternifolia]	GO:0004129, GO:0006123, GO:0015990, GO:0016020, GO:0020037	Mitochondrial protein degradation; Complex IV assembly; Auxin signalling; Reproductive meristem phase change; Lateral root initiation
946	CcGene_09327	CcContig_114390	28723	32713	+	Secondary Metabolite	9209.1putative E3 ubiquitin-protein ligase LUL4 [Apium graveolens]	GO:0016567, GO:0061630	E3 ubiquitin ligases ubiquitinate target proteins
947	CcGene_12193	CcContig_099997	51731	58180	-	Secondary Metabolite	0433.1pyruvate dehydrogenase E1 component subunit beta-3, chloroplastic isoform X1 [Daucus carota subsp. sativus]	GO:0004739, GO:0006086	PDH complex synthesizes acetyl-CoA from PYR
948	CcGene_08862	CcContig_049837	10438	14751	+	Secondary Metabolite	KAK1403274.1Alanine transaminase [Heracleum sosnowskyi]	GO:0004021, GO:0008453, GO:0009853, GO:0030170, GO:0047958	Photorespiration
949	CcGene_27267	CcContig_121359	18195	21639	+	Secondary Metabolite	3672.1protein argonaute 2 [Daucus carota subsp. sativus]	GO:0003723, GO:0004521, GO:0005515, GO:0005737, GO:0035194	Post-transcriptional silencing by small RNAs
950	CcGene_16599	CcContig_114706	18861	23906	+	Secondary Metabolite	0048.1probable cellulose synthase A catalytic subunit 5 [UDP-forming] [Daucus carota subsp. sativus]	GO:0005802, GO:0005886, GO:0009833, GO:0016760, GO:0030244	Cellulose biosynthesis
951	CcGene_22999	CcContig_074763	12592	16101	-	Secondary Metabolite	8641.125.3 kDa vesicle transport protein SEC22-1-like [Daucus carota subsp. sativus]	GO:0000139, GO:0005484, GO:0005789, GO:0005793, GO:0006888, GO:0006890, GO:0012507, GO:0031201, GO:0048280	COPII-mediated vesicle transport; Cargo concentration in the ER; COPI-dependent Golgi-to-ER retrograde traffic; ER-Phagosome pathway; Photorespiration; Glutamate biosynthesis I
952	CcGene_22319	CcContig_140193	43412	56718	-	Secondary Metabolite	7146.1DNA repair protein REV1 isoform X1 [Daucus carota subsp. sativus]	GO:0003684, GO:0003887, GO:0005634, GO:0006281, GO:0017125, GO:0042276, GO:0070987	Translesion synthesis by POLK; Translesion Synthesis by POLH; Translesion synthesis by REV1; Translesion synthesis by POLI
953	CcGene_14498	CcContig_000656	12288	18701	-	Secondary Metabolite	2684.1ABC transporter B family member 20 [Daucus carota subsp. sativus]	GO:0005524, GO:0015421, GO:0016020, GO:0016887, GO:0055085	ABC-family proteins mediated transport
954	CcGene_16416	CcContig_125276	90240	90977	-	Secondary Metabolite	1917.1enoyl-CoA delta isomerase 1, peroxisomal [Daucus carota subsp. sativus]	GO:0004165, GO:0005777, GO:0006635	mitochondrial fatty acid beta-oxidation of unsaturated fatty acids
955	CcGene_05944	CcContig_101050	140272	150220	-	Secondary Metabolite	KAL8144674.1hypothetical protein AgCh_003028 [Apium graveolens]	GO:0005802, GO:0005886, GO:0009833, GO:0016760, GO:0030244	Cellulose biosynthesis
956	CcGene_21007	CcContig_049800	38226	42647	-	Secondary Metabolite	KAL1813111.1hypothetical protein ACET3Z_023176 [Daucus carota]	GO:0005886, GO:0009506, GO:0022857, GO:0055085	Vitamin C (ascorbate) metabolism; Galactosylcyclitol biosynthesis
957	CcGene_28050	CcContig_120199	58498	60794	+	Secondary Metabolite	0615.1probable trehalose-phosphate phosphatase F isoform X1 [Daucus carota subsp. sativus]	GO:0004805, GO:0005992	Trehalose biosynthesis; Trehalose biosynthesis I
958	CcGene_02089	CcContig_117707	32228	38822	-	Secondary Metabolite	7607.1peroxisomal fatty acid beta-oxidation multifunctional protein MFP2 [Daucus carota subsp. sativus]	GO:0003857, GO:0005777, GO:0006635, GO:0070403	Beta oxidation of lauroyl-CoA to decanoyl-CoA-CoA; Beta oxidation of palmitoyl-CoA to myristoyl-CoA; Beta oxidation of myristoyl-CoA to lauroyl-CoA; Beta oxidation of butanoyl-CoA to acetyl-CoA; Beta oxidation of hexanoyl-CoA to butanoyl-CoA; Beta oxidation of octanoyl-CoA to hexanoyl-CoA; Beta oxidation of decanoyl-CoA to octanoyl-CoA-CoA
959	CcGene_08766	CcContig_097752	4799	8810	+	Secondary Metabolite	7628.1tRNA dimethylallyltransferase 2 [Daucus carota subsp. sativus]	GO:0005739, GO:0006400, GO:0052381	Synthesis of wybutosine at G37 of tRNA(Phe); tRNA modification in the nucleus and cytosol
960	CcGene_07661	CcContig_102490	7293	15379	+	Secondary Metabolite	KAL8157332.1hypothetical protein AgCh_002145 [Apium graveolens]	GO:0005737, GO:0005980, GO:0008184, GO:0030170	Glycogen breakdown (glycogenolysis)
961	CcGene_07812	CcContig_144586	31965	38330	+	Secondary Metabolite	KAK1401881.1ATP-dependent DNA helicase [Heracleum sosnowskyi]	GO:0000723, GO:0006281, GO:0043139	Fanconi Anemia Pathway in DNA repair
962	CcGene_26697	CcContig_100189	13522	14141	+	Secondary Metabolite	9623.1uncharacterized protein LOC108212409 [Daucus carota subsp. sativus]	GO:0000723, GO:0003678, GO:0006281	Fanconi Anemia Pathway in DNA repair
963	CcGene_06022	CcContig_049360	60903	63899	-	Secondary Metabolite	2733.1formin-like protein 20 isoform X3 [Daucus carota subsp. sativus]	GO:0003779, GO:0005856, GO:0030036	MET interacts with TNS proteins
964	CcGene_26993	CcContig_047120	76629	78733	-	Secondary Metabolite	8761.1U-box domain-containing protein 4 [Daucus carota subsp. sativus]	GO:0004842, GO:0005515, GO:0016567	Antigen processing: Ubiquitination & Proteasome degradation; Recognition of fungal and bacterial pathogens and immunity response
965	CcGene_00145	CcContig_099832	1412	1561	+	Secondary Metabolite	4503.1uncharacterized protein LOC141705465 [Apium graveolens]	GO:0000723, GO:0006281, GO:0043139	Fanconi Anemia Pathway in DNA repair
966	CcGene_07959	CcContig_136554	11025	13891	+	Secondary Metabolite	KAK1381480.1putative alpha,alpha-trehalose-phosphate synthase [UDP-forming] 9 [Heracleum sosnowskyi]	GO:0004805, GO:0005829, GO:0005992	Trehalose biosynthesis; Trehalose biosynthesis I
967	CcGene_06522	CcContig_048003	21240	30408	+	Secondary Metabolite	0179.1diacylglycerol O-acyltransferase 1 [Daucus carota subsp. sativus]	GO:0004144, GO:0005789, GO:0009941, GO:0019432	Triglyceride biosynthesis
968	CcGene_14034	CcContig_117487	5489	10382	+	Secondary Metabolite	KAK1389079.1Exonuclease/helicase-like [Heracleum sosnowskyi]	GO:0003723, GO:0004521, GO:0005515, GO:0005737, GO:0035194	Post-transcriptional silencing by small RNAs
969	CcGene_22004	CcContig_117224	4807	7599	-	Secondary Metabolite	KAK1376425.1AT-hook motif nuclear-localized protein [Heracleum sosnowskyi]	GO:0003680	Regulation of seed germination and coleoptile growth under submergence and normal gravity environment
970	CcGene_17149	CcContig_132273	10634	25778	+	Secondary Metabolite	6876.1E3 ubiquitin-protein ligase UPL2 [Daucus carota subsp. sativus]	GO:0000209, GO:0004842, GO:0005515	Antigen processing: Ubiquitination & Proteasome degradation
971	CcGene_07050	CcContig_132347	6624	9569	-	Secondary Metabolite	2651.1probable alpha,alpha-trehalose-phosphate synthase [UDP-forming] 10 [Daucus carota subsp. sativus]	GO:0004805, GO:0005829, GO:0005992	Trehalose biosynthesis; Trehalose biosynthesis I
972	CcGene_27221	CcContig_141351	32182	36853	+	Secondary Metabolite	KAK1388787.1Citrate synthase [Heracleum sosnowskyi]	GO:0005759, GO:0005975, GO:0006099, GO:0046912	Citric acid cycle (TCA cycle); The tricarboxylic acid cycle; TCA cycle (plant)
973	CcGene_02074	CcContig_093866	196	2547	+	Secondary Metabolite	2582.1protein argonaute 4 [Daucus carota subsp. sativus]	GO:0003723, GO:0004521, GO:0005737, GO:0035194	Post-transcriptional silencing by small RNAs
974	CcGene_00421	CcContig_097766	19695	34317	-	Secondary Metabolite	2121.1uncharacterized protein LOC108214566 isoform X2 [Daucus carota subsp. sativus]	GO:0004519, GO:0005524, GO:0006298, GO:0016887, GO:0030983, GO:0045910	Mismatch repair (MMR) directed by MSH2:MSH6 (MutSalpha); Mismatch repair (MMR) directed by MSH2:MSH3 (MutSbeta)
975	CcGene_10718	CcContig_108550	78135	82533	+	Secondary Metabolite	7955.1BRAP2 RING ZnF UBP domain-containing protein 1 [Daucus carota subsp. sativus]	GO:0005737, GO:0007265, GO:0008270, GO:0016567, GO:0061630	E3 ubiquitin ligases ubiquitinate target proteins
976	CcGene_06768	CcContig_060839	33148	43750	+	Secondary Metabolite	KAL1824609.1hypothetical protein ACET3Z_011387 [Daucus carota]	GO:0003697, GO:0004520, GO:0005634, GO:0006289, GO:0016788	Dual Incision in GG-NER
977	CcGene_17000	CcContig_109493	85731	87659	+	Secondary Metabolite	KAL1829283.1hypothetical protein ACET3Z_007695 [Daucus carota]	GO:0003735, GO:0005762, GO:0006412	Mitochondrial translation elongation; Mitochondrial translation termination
978	CcGene_06712	CcContig_049019	12748	28017	-	Secondary Metabolite	KAK1385652.1Protein ALWAYS EARLY 3 [Heracleum sosnowskyi]	GO:0003677, GO:0005654, GO:0006357, GO:0017053, GO:0051726	Polo-like kinase mediated events
979	CcGene_28011	CcContig_121099	28539	31526	-	Secondary Metabolite	7267.1cysteine synthase [Daucus carota subsp. sativus]	GO:0004124, GO:0005737, GO:0019344	Cysteine biosynthesis I
980	CcGene_29381	CcContig_059022	42772	61466	+	Secondary Metabolite	7469.1NAD-dependent malic enzyme 62 kDa isoform, mitochondrial [Daucus carota subsp. sativus]	GO:0004471, GO:0005509, GO:0005739, GO:0006090, GO:0006108, GO:0051287	Pyruvate metabolism
981	CcGene_02653	CcContig_015371	21598	39914	+	Secondary Metabolite	9048.2DNA ligase 4 [Daucus carota subsp. sativus]	GO:0003677, GO:0003910, GO:0005524, GO:0006297, GO:0006303, GO:0006310, GO:0032807	Non-homologous end joining (NHEJ); Nonhomologous End-Joining (NHEJ); Gap-filling DNA repair synthesis and ligation in GG-NER
982	CcGene_11991	CcContig_139094	31655	38222	-	Secondary Metabolite	KAL1802464.1hypothetical protein ACET3Z_031111 [Daucus carota]	GO:0003860, GO:0006574	Branched-chain amino acid catabolism; Valine degradation
983	CcGene_11554	CcContig_050416	11672	18502	+	Secondary Metabolite	KAL1816724.1hypothetical protein ACET3Z_019298 [Daucus carota]	GO:0032259, GO:0051741	Methylation
984	CcGene_07005	CcContig_124753	32559	39483	-	Secondary Metabolite	5657.1AMSH-like ubiquitin thioesterase 1 isoform X2 [Daucus carota subsp. sativus]	GO:0005515, GO:0005768, GO:0016020, GO:0061578, GO:0070536, GO:0071108, GO:0140492	Metalloprotease DUBs
985	CcGene_00565	CcContig_076513	35861	45863	+	Secondary Metabolite	0299.1uncharacterized protein LOC108205048 isoform X1 [Daucus carota subsp. sativus]	GO:0003910, GO:0004484, GO:0005524, GO:0006281, GO:0006310, GO:0006370, GO:0006470, GO:0140818	mRNA Capping
986	CcGene_08398	CcContig_098978	132546	135122	-	Secondary Metabolite	0225.1pyruvate dehydrogenase E1 component subunit alpha-3, chloroplastic [Daucus carota subsp. sativus]	GO:0004739, GO:0006086, GO:0043231	PDH complex synthesizes acetyl-CoA from PYR
987	CcGene_26063	CcContig_103967	146463	149956	+	Secondary Metabolite	KAK1393167.1Phosphoglycerate kinase [Heracleum sosnowskyi]	GO:0004618, GO:0005524, GO:0005829, GO:0006094, GO:0006096, GO:0043531	Gluconeogenesis; Glycolysis; Cytosolic glycolysis; Plastid glycolysis
988	CcGene_10992	CcContig_050544	9886	12255	-	Secondary Metabolite	1122.1serine/arginine-rich splicing factor SC35-like isoform X3 [Apium graveolens]	GO:0003723	mRNA Splicing - Minor Pathway; mRNA 3'-end processing; RNA Polymerase II Transcription Termination
989	CcGene_10587	CcContig_119230	75993	82254	-	Secondary Metabolite	8453.13-hydroxyisobutyryl-CoA hydrolase-like protein 5 [Daucus carota subsp. sativus]	GO:0003860, GO:0006574	Valine degradation
990	CcGene_21742	CcContig_121451	5189	6120	-	Secondary Metabolite	KAK1367977.1endoribonuclease Dicer-like [Heracleum sosnowskyi]	GO:0003723, GO:0004525, GO:0005524, GO:0005634, GO:0005737, GO:0010267, GO:0051607	OAS antiviral response
991	CcGene_12946	CcContig_132165	10025	15043	-	Secondary Metabolite	KAL1817684.1hypothetical protein ACET3Z_020258 [Daucus carota]	GO:0003723, GO:0004525, GO:0005634, GO:0005737, GO:0030422	Small interfering RNA (siRNA) biogenesis
992	CcGene_07506	CcContig_123472	30241	31565	+	Secondary Metabolite	WOG95444.1hypothetical protein DCAR_0414763 [Daucus carota subsp. sativus]	GO:0005975, GO:0006098, GO:0017057	Pentose phosphate pathway
993	CcGene_20514	CcContig_092807	15151	16659	-	Secondary Metabolite	KAL1830382.1hypothetical protein ACET3Z_000033 [Daucus carota]	GO:0008171, GO:0008757, GO:0032259, GO:0046983	Methylation
994	CcGene_09536	CcContig_111259	8445	12496	-	Secondary Metabolite	KAL1815365.1hypothetical protein ACET3Z_017939 [Daucus carota]	GO:0000103, GO:0008441, GO:0046854	Sulfate assimilation
995	CcGene_16016	CcContig_119277	38485	43449	-	Secondary Metabolite	2504.1uncharacterized protein LOC108206644 [Daucus carota subsp. sativus]	GO:0005737, GO:0016491	RA biosynthesis pathway
996	CcGene_24805	CcContig_136056	11637	14887	-	Secondary Metabolite	WOH08474.1hypothetical protein DCAR_0727915 [Daucus carota subsp. sativus]	GO:0000398, GO:0003723, GO:0016607	mRNA Splicing - Major Pathway
997	CcGene_14848	CcContig_147212	11398	13343	+	Secondary Metabolite	4762.1fructose-bisphosphate aldolase 1, chloroplastic [Daucus carota subsp. sativus]	GO:0004332, GO:0005829, GO:0006096, GO:0030388	Glycolysis; Cytosolic glycolysis; Plastid glycolysis
998	CcGene_18014	CcContig_137139	5179	29495	-	Secondary Metabolite	source UniProtKB	GO:0005524, GO:0016020, GO:0016887, GO:0055085, GO:0140359	Aspirin ADME; Heme degradation; Atorvastatin ADME; Paracetamol ADME; ABC-family proteins mediated transport; Arsenic uptake and detoxification
999	CcGene_15751	CcContig_092482	93019	102914	+	Secondary Metabolite	KAL1815828.1hypothetical protein ACET3Z_018402 [Daucus carota]	GO:0003825, GO:0004805, GO:0005829, GO:0005992	Trehalose biosynthesis; Trehalose biosynthesis I
1000	CcGene_20989	CcContig_007647	25866	31481	-	Secondary Metabolite	WOH11943.1hypothetical protein DCAR_0831439 [Daucus carota subsp. sativus]	GO:0004672, GO:0005515, GO:0006468	Interleukin-1 signaling; PI5P, PP2A and IER3 Regulate PI3K/AKT Signaling; SNAC1 transcription network involved in drought and salinity tolerance; Response to Drought
1001	CcGene_05230	CcContig_047668	4739	5220	-	Secondary Metabolite	1731.1amino-acid permease BAT1 homolog [Daucus carota subsp. sativus]	GO:0005313, GO:0015180, GO:0015185, GO:0015189, GO:0015812, GO:0016020, GO:0055085	Miscellaneous transport and binding events
1002	CcGene_17997	CcContig_089827	10149	17704	+	Secondary Metabolite	3247.1uncharacterized protein LOC108208450 isoform X1 [Daucus carota subsp. sativus]	GO:0005096, GO:0090630	TBC/RABGAPs
1003	CcGene_20112	CcContig_128566	37001	52225	-	Secondary Metabolite	6598.1phospholipase D zeta 1 isoform X2 [Daucus carota subsp. sativus]	GO:0004630, GO:0005886, GO:0006654, GO:0009395, GO:0035556	Synthesis of PA
1004	CcGene_17008	CcContig_047578	9635	14214	-	Secondary Metabolite	6968.1respiratory burst oxidase homolog protein B [Daucus carota subsp. sativus]	GO:0004601, GO:0005509, GO:0005886, GO:0016174	Neutrophil degranulation; Detoxification of Reactive Oxygen Species; Thyroxine biosynthesis; Recognition of fungal and bacterial pathogens and immunity response; Generation of superoxide radicals
1005	CcGene_09000	CcContig_097794	43991	51247	+	Secondary Metabolite	KAL8126997.1hypothetical protein AgCh_014061 [Apium graveolens]	GO:0003676, GO:0004523	Sulfate activation for sulfonation
1006	CcGene_05559	CcContig_048672	26478	33120	-	Secondary Metabolite	4285.1DNA replication licensing factor MCM5 [Daucus carota subsp. sativus]	GO:0000727, GO:0003688, GO:0003697, GO:0005524, GO:0005634, GO:0006270, GO:0017116, GO:0042555, GO:0043138	DNA replication Initiation
1007	CcGene_09962	CcContig_032902	18106	27903	+	Secondary Metabolite	KAL1827399.1hypothetical protein ACET3Z_005811 [Daucus carota]	GO:0004721, GO:0005515, GO:0009742	Brassinosteroid signaling
1008	CcGene_16542	CcContig_134344	53092	55066	+	Secondary Metabolite	6049.1wax ester synthase/diacylglycerol acyltransferase 4 [Daucus carota subsp. sativus]	GO:0004144, GO:0005886, GO:0019432	Triglyceride biosynthesis
1009	CcGene_20994	CcContig_120541	19269	21314	-	Secondary Metabolite	2512.1serpin-ZX [Daucus carota subsp. sativus]	GO:0004867	Neutrophil degranulation
1010	CcGene_01926	CcContig_124064	127471	135837	-	Secondary Metabolite	0463.2UDP-N-acetylglucosamine diphosphorylase 1 isoform X2 [Daucus carota subsp. sativus]	GO:0003977, GO:0006048	Synthesis of UDP-N-acetyl-glucosamine
1011	CcGene_24634	CcContig_120465	9976	14117	-	Secondary Metabolite	4416.1uncharacterized protein LOC141714820 [Apium graveolens]	GO:0000723, GO:0003678, GO:0006281	Fanconi Anemia Pathway in DNA repair
1012	CcGene_12205	CcContig_004578	9779	14169	-	Secondary Metabolite	7731.1probable alpha,alpha-trehalose-phosphate synthase [UDP-forming] 7 [Daucus carota subsp. sativus]	GO:0004805, GO:0005829, GO:0005992	Trehalose biosynthesis; Trehalose biosynthesis I
1013	CcGene_13480	CcContig_104610	21034	34038	+	Secondary Metabolite	KAL1801805.1hypothetical protein ACET3Z_030452 [Daucus carota]	GO:0004638, GO:0005524, GO:0006189, GO:0009507, GO:0046872	De novo synthesis of IMP
1014	CcGene_21139	CcContig_050508	2805	5413	-	Lipid & Polyketide Metabolism	Regulator of chromosome condensation	GO:0004565, GO:0005789, GO:0005975, GO:0009505, GO:0030148, GO:0047560	Sphingolipid de novo biosynthesis
1015	CcGene_26093	CcContig_106474	9192	9939	+	Secondary Metabolite	7988.1cell division control protein 2 homolog [Daucus carota subsp. sativus]	GO:0000082, GO:0000307, GO:0004693, GO:0005524, GO:0005634, GO:0005737, GO:0006468, GO:0007165, GO:0010389, GO:0010468, GO:0030332, GO:0051445	AURKA Activation by TPX2
1016	CcGene_17683	CcContig_107236	19387	20722	+	Secondary Metabolite	BDN79330.1O-methyltransferase [Cuminum cyminum]	GO:0008171, GO:0008757, GO:0032259, GO:0046983	Methylation
1017	CcGene_13019	CcContig_002039	5072	5883	+	Secondary Metabolite	Ribonuclease H protein	GO:0009055	Pantothenate and coenzyme A biosynthesis III
1018	CcGene_19003	CcContig_136563	12018	24369	-	Secondary Metabolite	KAK1365999.1Nudix hydrolase domain-containing protein [Heracleum sosnowskyi]	GO:0005634, GO:0005737, GO:0016787	Synthesis of pyrophosphates in the cytosol
1019	CcGene_28867	CcContig_049010	60676	63112	-	Secondary Metabolite	5224.1wax ester synthase/diacylglycerol acyltransferase 4 [Daucus carota subsp. sativus]	GO:0004144, GO:0005886, GO:0019432	Triglyceride biosynthesis
1020	CcGene_29200	CcContig_050487	4878	13063	+	Secondary Metabolite	8687.1uncharacterized protein LOC108196097 [Daucus carota subsp. sativus]	GO:0003910, GO:0004484, GO:0005524, GO:0006281, GO:0006310, GO:0006370, GO:0006470, GO:0140818	mRNA Capping
1021	CcGene_20257	CcContig_118853	53413	55743	-	Secondary Metabolite	5116.1wax ester synthase/diacylglycerol acyltransferase 11 [Daucus carota subsp. sativus]	GO:0004144, GO:0005886, GO:0019432	Triglyceride biosynthesis
1022	CcGene_04108	CcContig_001489	27223	28305	+	Secondary Metabolite	6039.1E3 ubiquitin-protein ligase RING1 [Daucus carota subsp. sativus]	GO:0005737, GO:0016567, GO:0061630	E3 ubiquitin ligases ubiquitinate target proteins
1023	CcGene_16810	CcContig_119265	27395	28691	-	Secondary Metabolite	Nuclear chaperone required for maturation and nuclear export of pre-60S ribosome subunits	GO:0005385, GO:0016020, GO:0071577, GO:0000027, GO:0003674, GO:0003824, GO:0005488, GO:0005509, GO:0005575, GO:0005622, GO:0005623, GO:0005737, GO:0005911, GO:0006139, GO:0006364, GO:0006396, GO:0006725, GO:0006807, GO:0006996, GO:0007275, GO:0008150, GO:0008152, GO:0009506, GO:0009507, GO:0009526, GO:0009536, GO:0009553, GO:0009941, GO:0009987, GO:0010467, GO:0016043, GO:0016070, GO:0016072, GO:0016462, GO:0016787, GO:0016817, GO:0016818, GO:0016887, GO:0017111, GO:0022607, GO:0022613, GO:0022618, GO:0030054, GO:0030684, GO:0030687, GO:0031967, GO:0031975, GO:0032501, GO:0032502, GO:0032991, GO:0034470, GO:0034622, GO:0034641, GO:0034660, GO:0040008, GO:0042254, GO:0042255, GO:0042273, GO:0043167, GO:0043169, GO:0043170, GO:0043226, GO:0043227, GO:0043229, GO:0043231, GO:0043933, GO:0044085, GO:0044237, GO:0044238, GO:0044422, GO:0044424, GO:0044434, GO:0044435, GO:0044444, GO:0044446, GO:0044464, GO:0046483, GO:0046872, GO:0048229, GO:0048638, GO:0048856, GO:0050789, GO:0050793, GO:0055044, GO:0065003, GO:0065007, GO:0070925, GO:0071704, GO:0071826, GO:0071840, GO:0090304, GO:1901360, GO:1990904	Zinc efflux and compartmentalization by the SLC30 family; Zinc influx into cells by the SLC39 gene family
1024	CcGene_09086	CcContig_127191	3286	9211	+	Secondary Metabolite	KAK1392289.1DNA-directed primase/polymerase protein [Heracleum sosnowskyi]	GO:0003682, GO:0003887, GO:0005634, GO:0005759, GO:0006264, GO:0009411, GO:0031297, GO:0042276	Translesion synthesis by POLK; Translesion synthesis by REV1; Translesion synthesis by POLI
1025	CcGene_26750	CcContig_140986	13230	14406	+	Secondary Metabolite	7497.1hydroxyethylthiazole kinase [Daucus carota subsp. sativus]	GO:0000287, GO:0004417, GO:0005524, GO:0009228	Thiamine biosynthesis
1026	CcGene_21997	CcContig_133402	6366	22220	-	Lipid & Polyketide Metabolism	4996.1MAP3K epsilon protein kinase 1-like isoform X3 [Daucus carota subsp. sativus]	GO:0004672, GO:0005524, GO:0006468	FCERI mediated MAPK activation; Phytic acid biosynthesis (lipid-independent)
1027	CcGene_11936	CcContig_038081	7	611	-	Secondary Metabolite	WOH12209.1hypothetical protein DCAR_0831710 [Daucus carota subsp. sativus]	GO:0003676, GO:0005634, GO:0006397, GO:0006511, GO:0008270, GO:0016567, GO:0061630	E3 ubiquitin ligases ubiquitinate target proteins
1028	CcGene_27322	CcContig_139532	28172	30071	-	Secondary Metabolite	Belongs to the TRAFAC class myosin-kinesin ATPase superfamily. Kinesin family	GO:0000172, GO:0005655, GO:0006364, GO:0008033, GO:0009249, GO:0033819, GO:0003674, GO:0003774, GO:0003777, GO:0003824, GO:0005575, GO:0005622, GO:0005623, GO:0005856, GO:0005871, GO:0005875, GO:0006928, GO:0007017, GO:0007018, GO:0008150, GO:0008574, GO:0009987, GO:0015630, GO:0016462, GO:0016787, GO:0016817, GO:0016818, GO:0016887, GO:0017111, GO:0032991, GO:0042623, GO:0043226, GO:0043228, GO:0043229, GO:0043232, GO:0044422, GO:0044424, GO:0044430, GO:0044446, GO:0044464, GO:1990939	Protein lipoylation
1029	CcGene_14004	CcContig_049399	17486	19955	-	Secondary Metabolite	6776.2metal-nicotianamine transporter YSL3 isoform X2 [Daucus carota subsp. sativus]	GO:0005886, GO:0010039, GO:0035673, GO:0048316, GO:0051980	Iron uptake and transport in root vascular system; Polar auxin transport
1030	CcGene_07230	CcContig_102840	111381	117195	+	Secondary Metabolite	4187.1probable ethanolamine kinase isoform X1 [Daucus carota subsp. sativus]	GO:0004305, GO:0005737, GO:0006646	Synthesis of PE
1031	CcGene_26727	CcContig_007739	3633	7831	+	Secondary Metabolite	KAK1390463.1Glyoxysomal fatty acid beta-oxidation multifunctional protein MFP-a [Heracleum sosnowskyi]	GO:0003857, GO:0005777, GO:0006635, GO:0070403	Beta oxidation of lauroyl-CoA to decanoyl-CoA-CoA; Beta oxidation of palmitoyl-CoA to myristoyl-CoA; Beta oxidation of myristoyl-CoA to lauroyl-CoA; Beta oxidation of butanoyl-CoA to acetyl-CoA; Beta oxidation of hexanoyl-CoA to butanoyl-CoA; Beta oxidation of octanoyl-CoA to hexanoyl-CoA; Beta oxidation of decanoyl-CoA to octanoyl-CoA-CoA
1032	CcGene_28805	CcContig_004652	5670	8467	-	Secondary Metabolite	nuclear protein	GO:0005634, GO:0006511, GO:0016567, GO:0061630	E3 ubiquitin ligases ubiquitinate target proteins
1033	CcGene_06547	CcContig_050986	771	4085	+	Secondary Metabolite	KAK1396619.1Argonaute [Heracleum sosnowskyi]	GO:0003723, GO:0004521, GO:0005737, GO:0035194	Post-transcriptional silencing by small RNAs
1034	CcGene_21215	CcContig_125247	14872	19667	+	Secondary Metabolite	4199.1solanesyl diphosphate synthase 2, chloroplastic [Daucus carota subsp. sativus]	GO:0004659, GO:0008299, GO:0009507, GO:0010236	Polyisoprenoid biosynthesis
1035	CcGene_11026	CcContig_104405	17737	22723	+	Secondary Metabolite	KAK1365392.1Organic cation/carnitine transporter 1 [Heracleum sosnowskyi]	GO:0016020, GO:0022857, GO:0055085	Abacavir transmembrane transport; Organic cation transport
1036	CcGene_23913	CcContig_047432	18963	20812	+	Secondary Metabolite	3991.2probable choline kinase 3 [Daucus carota subsp. sativus]	GO:0004103, GO:0004305, GO:0005737, GO:0006646, GO:0006656	Synthesis of PE; Synthesis of PC
1037	CcGene_12013	CcContig_108009	6079	7791	+	Secondary Metabolite	KAL1817211.1hypothetical protein ACET3Z_019785 [Daucus carota]	GO:0016757	Xyloglucan biosynthesis
1038	CcGene_05424	CcContig_141721	52678	60534	+	Secondary Metabolite	9846.1ubiquitin receptor RAD23d-like isoform X2 [Apium graveolens]	GO:0003684, GO:0005654, GO:0005829, GO:0006289, GO:0031593, GO:0043130, GO:0043161, GO:0070628	Dual Incision in GG-NER
1039	CcGene_20974	CcContig_110079	10527	12092	+	Secondary Metabolite	7761.1E3 ubiquitin-protein ligase RSL1 [Daucus carota subsp. sativus]	GO:0000151, GO:0000209, GO:0005737, GO:0008270, GO:0031624, GO:0032436, GO:0061630	Antigen processing: Ubiquitination & Proteasome degradation
1040	CcGene_06177	CcContig_113603	66380	75937	+	Secondary Metabolite	5664.1origin of replication complex subunit 3 [Daucus carota subsp. sativus]	GO:0003688, GO:0005656, GO:0005664, GO:0006270, GO:0031261	DNA replication Initiation
1041	CcGene_02949	CcContig_116074	71703	75723	+	Secondary Metabolite	8159.1plastidial pyruvate kinase 4, chloroplastic [Daucus carota subsp. sativus]	GO:0000287, GO:0004743, GO:0005737, GO:0006096, GO:0030955	Glycolysis; Cytosolic glycolysis; Plastid glycolysis
1042	CcGene_28001	CcContig_122477	104261	108881	-	Secondary Metabolite	0454.1protein CURVATURE THYLAKOID 1D, chloroplastic [Apium graveolens]	GO:0009535	Antimicrobial action and antimicrobial resistance in Mtb; Cytosolic glycolysis; Ascorbate biosynthesis
1043	CcGene_06375	CcContig_074677	6840	8485	-	Secondary Metabolite	WOG87663.1hypothetical protein DCAR_0206894 [Daucus carota subsp. sativus]	GO:0003723, GO:0004525, GO:0005634, GO:0005737, GO:0030422	Small interfering RNA (siRNA) biogenesis
1044	CcGene_17931	CcContig_099839	21217	22265	-	Secondary Metabolite	KAL1827539.1hypothetical protein ACET3Z_005951 [Daucus carota]	GO:0005385, GO:0016020, GO:0071577	Zinc efflux and compartmentalization by the SLC30 family; Zinc influx into cells by the SLC39 gene family
1045	CcGene_19119	CcContig_009999	4635	7842	-	Secondary Metabolite	5687.1uncharacterized protein LOC108217360 [Daucus carota subsp. sativus]	GO:0000723, GO:0006281, GO:0043139	Fanconi Anemia Pathway in DNA repair
1046	CcGene_25658	CcContig_106413	70628	72147	-	Secondary Metabolite	KAL2527244.1E3 ubiquitin-protein ligase UPL5 [Abeliophyllum distichum]	GO:0000209, GO:0004842	Antigen processing: Ubiquitination & Proteasome degradation
1047	CcGene_15199	CcContig_060055	4601	7652	-	Secondary Metabolite	4196.1elongation factor 1-beta 2 [Daucus carota subsp. sativus]	GO:0003746, GO:0005085, GO:0005829, GO:0005853, GO:0006414	Eukaryotic Translation Elongation; Translation elongation
1048	CcGene_15114	CcContig_090112	15065	22989	+	Secondary Metabolite	8910.1protein MAEA homolog [Daucus carota subsp. sativus]	GO:0005515, GO:0005634, GO:0005737, GO:0034657, GO:0043161, GO:0061630	Ubiquitin-dependent degradation of Cyclin D
1049	CcGene_00992	CcContig_129854	10059	14110	+	Secondary Metabolite	3750.1serine/arginine-rich SC35-like splicing factor SCL30A [Apium graveolens]	GO:0000398, GO:0003723, GO:0005737, GO:0016607	mRNA Splicing - Major Pathway
1050	CcGene_29306	CcContig_051340	83429	88940	+	Secondary Metabolite	KAL1804645.1hypothetical protein ACET3Z_027713 [Daucus carota]	GO:0005768, GO:0007049, GO:0009705, GO:0016567, GO:0061630	E3 ubiquitin ligases ubiquitinate target proteins
1051	CcGene_26008	CcContig_115398	37736	39246	+	Secondary Metabolite	WOH01264.1hypothetical protein DCAR_0520646 [Daucus carota subsp. sativus]	GO:0080043, GO:0080044	Cytokinins-O-glucoside biosynthesis
1052	CcGene_23178	CcContig_111187	21795	27380	+	Alkaloid Biosynthesis	9036.1anthranilate synthase alpha subunit 1, chloroplastic [Daucus carota subsp. sativus]	GO:0000162, GO:0004049	Tryptophan biosynthesis
1053	CcGene_04031	CcContig_047998	11816	13992	+	Secondary Metabolite	2364.1small ribosomal subunit protein uS10y [Daucus carota subsp. sativus]	GO:0003735, GO:0006412, GO:0022627	Nonsense Mediated Decay (NMD) enhanced by the Exon Junction Complex (EJC); Nonsense Mediated Decay (NMD) independent of the Exon Junction Complex (EJC); Ribosomal scanning and start codon recognition; Formation of a pool of free 40S subunits; Formation of the ternary complex, and subsequently, the 43S complex; L13a-mediated translational silencing of Ceruloplasmin expression; SRP-dependent cotranslational protein targeting to membrane; GDP-D-rhamnose biosynthesis; GDP-L-fucose biosynthesis I (from GDP-D-mannose)
1054	CcGene_05071	CcContig_005976	887	3427	-	Secondary Metabolite	KAK1374353.1ATP-binding cassette containing protein [Heracleum sosnowskyi]	GO:0005524, GO:0015421, GO:0016020, GO:0016887, GO:0055085	ABC-family proteins mediated transport
1055	CcGene_06609	CcContig_114059	7547	14642	-	Secondary Metabolite	KAL1824092.1hypothetical protein ACET3Z_010870 [Daucus carota]	GO:0000151, GO:0000209, GO:0005737, GO:0008270, GO:0031624, GO:0032436, GO:0061630	Antigen processing: Ubiquitination & Proteasome degradation
1056	CcGene_09674	CcContig_116517	42130	46814	+	Secondary Metabolite	KAK1379008.1Dihydrolipoyllysine-residue succinyltransferase [Heracleum sosnowskyi]	GO:0004149, GO:0005739, GO:0006099, GO:0045252	Citric acid cycle (TCA cycle)
1057	CcGene_13014	CcContig_108450	101381	104320	+	Secondary Metabolite	KAK1388278.1Mitotic spindle-associated MMXD complex subunit MIP18 [Heracleum sosnowskyi]	GO:0016226	Cytosolic iron-sulfur cluster assembly
1058	CcGene_20329	CcContig_109376	53525	56795	+	Secondary Metabolite	7987.1probable E3 ubiquitin-protein ligase LOG2 [Daucus carota subsp. sativus]	GO:0016567, GO:0061630	E3 ubiquitin ligases ubiquitinate target proteins
1059	CcGene_05491	CcContig_059336	40000	45580	-	Secondary Metabolite	9378.1ubiquitin-activating enzyme E1 2 isoform X1 [Daucus carota subsp. sativus]	GO:0004839, GO:0005634, GO:0005737, GO:0006511, GO:0006974, GO:0016567	Synthesis of active ubiquitin: roles of E1 and E2 enzymes
1060	CcGene_14863	CcContig_134446	17545	29231	+	Secondary Metabolite	KAL1803009.1hypothetical protein ACET3Z_031656 [Daucus carota]	GO:0016567, GO:0061630	E3 ubiquitin ligases ubiquitinate target proteins
1061	CcGene_16961	CcContig_007609	4461	9003	-	Secondary Metabolite	6999.1bifunctional L-3-cyanoalanine synthase/cysteine synthase 1, mitochondrial [Daucus carota subsp. sativus]	GO:0004124, GO:0005737, GO:0019344	Cysteine biosynthesis I
1062	CcGene_17143	CcContig_095970	18439	22351	-	Secondary Metabolite	KAL1816534.1hypothetical protein ACET3Z_019108 [Daucus carota]	GO:0005802, GO:0005886, GO:0009833, GO:0016760, GO:0030244	Cellulose biosynthesis
1063	CcGene_24525	CcContig_001581	64690	67062	+	Secondary Metabolite	MADS-box protein	GO:0004332, GO:0005829, GO:0006096, GO:0030388, GO:0000003, GO:0003002, GO:0003006, GO:0003674, GO:0003676, GO:0003677, GO:0005488, GO:0005515, GO:0007275, GO:0007389, GO:0008134, GO:0008150, GO:0009653, GO:0009791, GO:0009888, GO:0009908, GO:0010022, GO:0010073, GO:0010093, GO:0010582, GO:0022414, GO:0032501, GO:0032502, GO:0046983, GO:0048367, GO:0048437, GO:0048444, GO:0048449, GO:0048507, GO:0048509, GO:0048608, GO:0048646, GO:0048731, GO:0048856, GO:0050789, GO:0050793, GO:0061458, GO:0065007, GO:0090567, GO:0090696, GO:0090697, GO:0090698, GO:0090701, GO:0097159, GO:0099402, GO:1901363, GO:1905392, GO:1905393	Glycolysis; Cytosolic glycolysis; Plastid glycolysis
1064	CcGene_03832	CcContig_049355	29469	31777	+	Secondary Metabolite	8960.1fructose-bisphosphate aldolase 6, cytosolic [Daucus carota subsp. sativus]	GO:0004332, GO:0005829, GO:0006096, GO:0030388	Glycolysis; Cytosolic glycolysis; Plastid glycolysis
1065	CcGene_25949	CcContig_115974	68487	69890	+	Secondary Metabolite	8447.1E3 ubiquitin ligase PARAQUAT TOLERANCE 3-like [Bidens hawaiensis]	GO:0003676, GO:0005634, GO:0006397, GO:0006511, GO:0008270, GO:0016567, GO:0061630	E3 ubiquitin ligases ubiquitinate target proteins
1066	CcGene_06063	CcContig_110388	15100	17497	+	Secondary Metabolite	KAL6585187.1E3 ubiquitin-protein ligase HW1 [Orobanche minor]	GO:0000209, GO:0004842	Antigen processing: Ubiquitination & Proteasome degradation
1067	CcGene_08694	CcContig_108500	20366	22670	+	Secondary Metabolite	4600.1E3 ubiquitin-protein ligase RSL1 [Daucus carota subsp. sativus]	GO:0000151, GO:0000209, GO:0005737, GO:0008270, GO:0031624, GO:0032436, GO:0061630	Antigen processing: Ubiquitination & Proteasome degradation
1068	CcGene_04006	CcContig_111129	16176	17447	-	Secondary Metabolite	7347.1probable strigolactone esterase DAD2 [Daucus carota subsp. sativus]	GO:0010223, GO:1901601	Strigolactone signaling
1069	CcGene_17854	CcContig_096055	10654	15070	+	Secondary Metabolite	1848.1UDP-arabinose 4-epimerase 1 [Daucus carota subsp. sativus]	GO:0003978, GO:0005829, GO:0033499	Galactose catabolism; Galactose degradation II
1070	CcGene_10913	CcContig_048460	52456	62408	-	Secondary Metabolite	KAK1380084.1Chloride channel protein [Heracleum sosnowskyi]	GO:0005247, GO:0006821, GO:0016020, GO:0043231, GO:0055085	ABC-family proteins mediated transport
1071	CcGene_22901	CcContig_048455	31758	37894	-	Secondary Metabolite	0622.1putative RING-type E3 ubiquitin transferase C3H69 [Daucus carota subsp. sativus]	GO:0000209, GO:0046872, GO:0061630	Antigen processing: Ubiquitination & Proteasome degradation
1072	CcGene_04618	CcContig_097552	24506	36278	-	Secondary Metabolite	6962.1uncharacterized protein LOC108202878 isoform X1 [Daucus carota subsp. sativus]	GO:0005739, GO:0006744, GO:0008681, GO:0016120, GO:0016123, GO:0071949	Ubiquinol biosynthesis
1073	CcGene_11140	CcContig_001208	16620	20125	+	Secondary Metabolite	6615.1uncharacterized protein LOC141673774 [Apium graveolens]	GO:0003887, GO:0003964, GO:0006278	Minus-strand DNA synthesis; Plus-strand DNA synthesis
1074	CcGene_26003	CcContig_103525	33322	34875	-	Secondary Metabolite	KAK1369828.1Acyltransferase-like protein, chloroplastic [Heracleum sosnowskyi]	GO:0004144, GO:0005789, GO:0019432	Triglyceride biosynthesis
1075	CcGene_15705	CcContig_056628	14935	22531	-	Secondary Metabolite	9051.1SWR1-complex protein 4 isoform X2 [Daucus carota subsp. sativus]	GO:0000122, GO:0000812, GO:0003714, GO:0006281, GO:0006338, GO:0035267	Fanconi Anemia Pathway in DNA repair
1076	CcGene_16140	CcContig_113263	7057	12665	+	Secondary Metabolite	0869.1plastidial pyruvate kinase 2 [Apium graveolens]	GO:0000287, GO:0004743, GO:0006096, GO:0009570, GO:0030955	Glycolysis; Plastid glycolysis; Cytosolic glycolysis
1077	CcGene_12990	CcContig_097901	24981	27106	+	Secondary Metabolite	KAL8136098.1hypothetical protein AgCh_010627 [Apium graveolens]	GO:0004144, GO:0005886, GO:0019432	Triglyceride biosynthesis
1078	CcGene_19020	CcContig_146207	128228	133076	+	Secondary Metabolite	5323.1ATP-dependent 6-phosphofructokinase 3-like [Apium graveolens]	GO:0003872, GO:0005737, GO:0006002, GO:0006096	Glycolysis; Cytosolic glycolysis; Plastid glycolysis
1079	CcGene_21927	CcContig_059551	7022	20219	-	Secondary Metabolite	Plant protein of unknown function (DUF641)	GO:0004630, GO:0005886, GO:0006654, GO:0009395, GO:0035556, GO:0008150, GO:0009314, GO:0009416, GO:0009605, GO:0009606, GO:0009628, GO:0009629, GO:0009630, GO:0009639, GO:0009959, GO:0050896	Synthesis of PA
1080	CcGene_03390	CcContig_048457	4247	11528	+	Secondary Metabolite	Belongs to the helicase family	GO:0000287, GO:0004743, GO:0005737, GO:0006096, GO:0030955	Glycolysis; Cytosolic glycolysis; Plastid glycolysis
1081	CcGene_27136	CcContig_141887	47580	48923	-	Secondary Metabolite	BDN79331.1O-methyltransferase [Anthriscus cerefolium]	GO:0008171, GO:0008757, GO:0032259, GO:0046983	Methylation
1082	CcGene_23337	CcContig_137463	23526	38022	-	Secondary Metabolite	6910.1probable E3 ubiquitin-protein ligase ARI8 [Daucus carota subsp. sativus]	GO:0000151, GO:0000209, GO:0005737, GO:0008270, GO:0031624, GO:0032436, GO:0061630	Antigen processing: Ubiquitination & Proteasome degradation
1083	CcGene_17270	CcContig_133652	84659	88838	+	Secondary Metabolite	2656.1E3 ubiquitin-protein ligase RSL1 [Daucus carota subsp. sativus]	GO:0000151, GO:0000209, GO:0003676, GO:0004523, GO:0005737, GO:0008270, GO:0031624, GO:0032436, GO:0061630	Antigen processing: Ubiquitination & Proteasome degradation
1084	CcGene_06773	CcContig_060839	19975	23981	-	Secondary Metabolite	8317.1ubiquitin-conjugating enzyme E2-23 kDa [Daucus carota subsp. sativus]	GO:0000209, GO:0005634, GO:0006511, GO:0061631	Antigen processing: Ubiquitination & Proteasome degradation
1085	CcGene_10122	CcContig_005095	29162	32218	-	Secondary Metabolite	9383.1E3 ubiquitin-protein ligase RDUF2 [Daucus carota subsp. sativus]	GO:0005737, GO:0016567, GO:0061630	E3 ubiquitin ligases ubiquitinate target proteins
1086	CcGene_06005	CcContig_142550	74364	76639	+	Secondary Metabolite	KAL1822845.1hypothetical protein ACET3Z_009623 [Daucus carota]	GO:0003677, GO:0009723, GO:0009739	Metalloprotease DUBs; Regulation of seed germination and coleoptile growth under submergence and normal gravity environment
1087	CcGene_13747	CcContig_099047	6382	12654	-	Secondary Metabolite	KAL1815534.1hypothetical protein ACET3Z_018108 [Daucus carota]	GO:0005506, GO:0007275, GO:0010268, GO:0016125, GO:0016132, GO:0016709, GO:0020037	Endogenous sterols; Brassinosteroid biosynthesis II
1088	CcGene_20998	CcContig_024741	9981	15541	-	Secondary Metabolite	KAL1806701.1hypothetical protein ACET3Z_029769 [Daucus carota]	GO:0016042	Arachidonate production from DAG
1089	CcGene_11653	CcContig_120786	14954	24220	-	Secondary Metabolite	7590.1alpha-1,4 glucan phosphorylase L isozyme, chloroplastic/amyloplastic [Daucus carota subsp. sativus]	GO:0005737, GO:0005980, GO:0008184, GO:0030170	Glycogen breakdown (glycogenolysis)
1090	CcGene_05994	CcContig_051359	2610	3606	+	Lipid & Polyketide Metabolism	9197.1sucrose synthase [Daucus carota subsp. sativus]	GO:0005985, GO:0016157	Biosynthesis of the N-glycan precursor (dolichol lipid-linked oligosaccharide, LLO) and transfer to a nascent protein; Sucrose biosynthesis; Galactose degradation II
1091	CcGene_24280	CcContig_105062	17008	30259	+	Secondary Metabolite	5806.2alpha,alpha-trehalose-phosphate synthase [UDP-forming] 1 isoform X1 [Daucus carota subsp. sativus]	GO:0003825, GO:0004805, GO:0005829, GO:0005992	Trehalose biosynthesis; Trehalose biosynthesis I
1092	CcGene_29276	CcContig_084948	11110	13372	+	Secondary Metabolite	KAK1374353.1ATP-binding cassette containing protein [Heracleum sosnowskyi]	GO:0005524, GO:0015421, GO:0016020, GO:0016887, GO:0055085	ABC-family proteins mediated transport
1093	CcGene_23410	CcContig_045398	22781	28165	+	Secondary Metabolite	2900.1hexokinase-2 [Daucus carota subsp. sativus]	GO:0001678, GO:0004340, GO:0005524, GO:0005536, GO:0005739, GO:0005829, GO:0006006, GO:0006096, GO:0008865, GO:0046835, GO:0051156	Glycolysis; Cytosolic glycolysis; Plastid glycolysis
1094	CcGene_28005	CcContig_005132	14289	20110	-	Secondary Metabolite	4-hydroxy-3-methylbut-2-enyl diphosphate reductase	GO:0000398, GO:0003723, GO:0005515, GO:0071013	mRNA Splicing - Major Pathway
1095	CcGene_15398	CcContig_005066	26754	30295	-	Terpenoid Biosynthesis	KAL1811914.1hypothetical protein ACET3Z_021979 [Daucus carota]	GO:0019288, GO:0046872, GO:0050992, GO:0051745	Methylerythritol phosphate pathway
1096	CcGene_21223	CcContig_120512	16987	18361	-	Secondary Metabolite	KAL1827712.1hypothetical protein ACET3Z_006124 [Daucus carota]	GO:0006833, GO:0009705, GO:0015250, GO:0055085	Passive transport by Aquaporins
1097	CcGene_17180	CcContig_009906	1205	6557	-	Secondary Metabolite	9415.1glutamate--cysteine ligase, chloroplastic [Daucus carota subsp. sativus]	GO:0004357, GO:0006750	Glutathione synthesis and recycling
1098	CcGene_20986	CcContig_003903	18085	18470	+	Secondary Metabolite	5706.1copper transport protein CCH [Daucus carota subsp. sativus]	GO:0046872	Tetrahydrofolate biosynthesis II; Tetrahydrofolate biosynthesis I
1099	CcGene_10996	CcContig_144721	3726	4994	-	Secondary Metabolite	WOH01318.1hypothetical protein DCAR_0520700 [Daucus carota subsp. sativus]	GO:0005515	Tetrahydrofolate biosynthesis II; Tetrahydrofolate biosynthesis I
1100	CcGene_02581	CcContig_119772	12571	15505	-	Secondary Metabolite	3822.1inositol transporter 4-like [Apium graveolens]	GO:0005366, GO:0015798, GO:0016020, GO:0055085	Inositol transporters
1101	CcGene_18004	CcContig_140029	30365	32111	-	Secondary Metabolite	1702.1short-chain dehydrogenase TIC 32 B, chloroplastic-like isoform X2 [Apium graveolens]		RA biosynthesis pathway
1102	CcGene_12023	CcContig_121443	37059	38935	-	Secondary Metabolite	3931.1SKP1-like protein 20 [Apium graveolens]	GO:0005634, GO:0005737, GO:0031146, GO:0097602	Iron uptake and transport; FBXL7 down-regulates AURKA during mitotic entry and in early mitosis; Cyclin D associated events in G1; Antigen processing: Ubiquitination & Proteasome degradation; Orc1 removal from chromatin; Neddylation
1103	CcGene_18012	CcContig_137139	41058	45395	-	Lipid & Polyketide Metabolism	Tubulin/FtsZ family, GTPase domain	GO:0003676	Phytic acid biosynthesis (lipid-independent)
1104	CcGene_12188	CcContig_146201	20244	21800	+	Secondary Metabolite	0700.1tRNA(His) guanylyltransferase 1 [Daucus carota subsp. sativus]	GO:0000287, GO:0006400, GO:0008193	tRNA modification in the nucleus and cytosol
1105	CcGene_07013	CcContig_046996	44079	44974	-	Secondary Metabolite	KAK1360807.1hypothetical protein POM88_045281 [Heracleum sosnowskyi]	GO:0016740	Lysine biosynthesis VI
1106	CcGene_08998	CcContig_115028	4886	12620	-	Secondary Metabolite	5233.1CSC1-like protein HYP1 isoform X2 [Apium graveolens]	GO:0005227, GO:0005886	Neutrophil degranulation
1107	CcGene_17899	CcContig_129146	33353	37559	+	Secondary Metabolite	5899.1probable RNA helicase SDE3 [Daucus carota subsp. sativus]	GO:0003723, GO:0005829, GO:0032574, GO:0035194, GO:0043186	Post-transcriptional silencing by small RNAs
1108	CcGene_09490	CcContig_039871	9117	17528	+	Secondary Metabolite	5727.1cellulose synthase A catalytic subunit 1 [UDP-forming] [Daucus carota subsp. sativus]	GO:0005802, GO:0005886, GO:0009833, GO:0016760, GO:0030244	Cellulose biosynthesis
1109	CcGene_22128	CcContig_004573	7816	11644	+	Secondary Metabolite	8794.1glyceraldehyde-3-phosphate dehydrogenase, cytosolic [Daucus carota subsp. sativus]	GO:0004365, GO:0005829, GO:0006006, GO:0006096, GO:0050661, GO:0051287	Glycolysis; Cytosolic glycolysis
1110	CcGene_13933	CcContig_127167	146512	154433	+	Secondary Metabolite	WOH00949.1hypothetical protein DCAR_0520326 [Daucus carota subsp. sativus]	GO:0000209, GO:0043161, GO:0061630	Antigen processing: Ubiquitination & Proteasome degradation; Ubiquitin-dependent degradation of Cyclin D
1111	CcGene_17894	CcContig_099669	55588	68228	+	Secondary Metabolite	GMH01569.1hypothetical protein Nepgr_003408 [Nepenthes gracilis]	GO:0004021, GO:0008453, GO:0009853, GO:0030170, GO:0047958	Photorespiration
1112	CcGene_03000	CcContig_135682	48830	50310	-	Secondary Metabolite	9690.1mannose-1-phosphate guanylyltransferase 1 [Daucus carota subsp. sativus]	GO:0004475, GO:0005525, GO:0005737, GO:0009298	Synthesis of GDP-mannose; Ascorbate biosynthesis
1113	CcGene_16540	CcContig_134344	36174	37657	+	Secondary Metabolite	1538.1uncharacterized protein LOC141712468 [Apium graveolens]	GO:0000079, GO:0005675, GO:0006281, GO:0006357	Fanconi Anemia Pathway in DNA repair
1114	CcGene_19047	CcContig_140050	53525	56478	-	Secondary Metabolite	8315.1E3 ubiquitin-protein ligase AIP2 [Daucus carota subsp. sativus]	GO:0005737, GO:0016567, GO:0061630	E3 ubiquitin ligases ubiquitinate target proteins
1115	CcGene_04120	CcContig_099705	9860	10577	+	Secondary Metabolite	4891.1thiamine biosynthetic bifunctional enzyme TH1, chloroplastic-like [Apium graveolens]	GO:0008902, GO:0008972, GO:0009228, GO:0009507	Thiamine biosynthesis
1116	CcGene_21741	CcContig_099326	7529	10756	-	Secondary Metabolite	KAK1381772.1Phosphatidylserine decarboxylase proenzyme 1, mitochondrial [Heracleum sosnowskyi]	GO:0004609, GO:0005739, GO:0006646	Synthesis of PE
1117	CcGene_18664	CcContig_128352	96849	101891	+	Secondary Metabolite	9855.1protein argonaute 4A-like [Apium graveolens]	GO:0003723, GO:0004521, GO:0005515, GO:0005737, GO:0035194	Post-transcriptional silencing by small RNAs
1118	CcGene_08024	CcContig_096550	35333	38202	+	Secondary Metabolite	KAL1806225.1hypothetical protein ACET3Z_029293 [Daucus carota]	GO:0000978, GO:0000981, GO:0005634, GO:0006357, GO:0046983	Brassinosteroid signaling; Gibberellin signaling
1119	CcGene_17363	CcContig_098768	13612	14991	+	Secondary Metabolite	Belongs to the STXBP unc-18 SEC1 family	GO:0009416, GO:0009686, GO:0009826, GO:0009908, GO:0045544, GO:0005575, GO:0005622, GO:0005623, GO:0005737, GO:0005768, GO:0012505, GO:0016020, GO:0030897, GO:0031410, GO:0031982, GO:0032991, GO:0033263, GO:0043226, GO:0043227, GO:0043229, GO:0044422, GO:0044424, GO:0044425, GO:0044433, GO:0044440, GO:0044444, GO:0044446, GO:0044464, GO:0097708, GO:0098796, GO:0099023	Gibberellin biosynthesis I (non C-3, non C-13 hydroxylation); Gibberellin biosynthesis II (early C-3 hydroxylation)
1120	CcGene_07415	CcContig_052175	37942	39221	-	Secondary Metabolite	4552.1ribulose bisphosphate carboxylase small subunit 1B, chloroplastic-like [Daucus carota subsp. sativus]	GO:0009506, GO:0009507, GO:0009853, GO:0016984, GO:0019253	Calvin cycle; Photorespiration
1121	CcGene_21193	CcContig_110957	62750	64165	+	Secondary Metabolite	KAK1367576.12-(3-amino-3-carboxypropyl)histidine synthase subunit 1 [Heracleum sosnowskyi]	GO:0017183, GO:0090560	Synthesis of diphthamide-EEF2
1122	CcGene_13120	CcContig_048879	9399	17786	+	Secondary Metabolite	DNA-dependent RNA polymerase catalyzes the transcription of DNA into RNA using the four ribonucleoside triphosphates as substrates	GO:0003676, GO:0003857, GO:0004300, GO:0004523, GO:0005777, GO:0006635, GO:0044594	Beta oxidation of lauroyl-CoA to decanoyl-CoA-CoA; Beta oxidation of palmitoyl-CoA to myristoyl-CoA; Beta oxidation of myristoyl-CoA to lauroyl-CoA; Beta oxidation of butanoyl-CoA to acetyl-CoA; Beta oxidation of hexanoyl-CoA to butanoyl-CoA; Beta oxidation of octanoyl-CoA to hexanoyl-CoA; Beta oxidation of decanoyl-CoA to octanoyl-CoA-CoA
1123	CcGene_13943	CcContig_047073	39475	41576	-	Secondary Metabolite	Protein-tyrosine-phosphatase PTP1-like	GO:0004805, GO:0005829, GO:0005992, GO:0000188, GO:0001932, GO:0001933, GO:0003674, GO:0003824, GO:0004721, GO:0004725, GO:0005575, GO:0005622, GO:0005623, GO:0005634, GO:0005737, GO:0005886, GO:0006464, GO:0006469, GO:0006470, GO:0006793, GO:0006796, GO:0006807, GO:0007154, GO:0007165, GO:0008150, GO:0008152, GO:0009892, GO:0009966, GO:0009968, GO:0009987, GO:0010563, GO:0010605, GO:0010646, GO:0010648, GO:0016020, GO:0016311, GO:0016787, GO:0016788, GO:0016791, GO:0019220, GO:0019222, GO:0019538, GO:0023051, GO:0023052, GO:0023057, GO:0031323, GO:0031324, GO:0031347, GO:0031348, GO:0031399, GO:0031400, GO:0032268, GO:0032269, GO:0033549, GO:0033550, GO:0033673, GO:0035335, GO:0035556, GO:0036211, GO:0042325, GO:0042326, GO:0042578, GO:0043086, GO:0043170, GO:0043226, GO:0043227, GO:0043229, GO:0043231, GO:0043405, GO:0043407, GO:0043408, GO:0043409, GO:0043412, GO:0043549, GO:0044092, GO:0044237, GO:0044238, GO:0044260, GO:0044267, GO:0044424, GO:0044464, GO:0045859, GO:0045936, GO:0048519, GO:0048523, GO:0048583, GO:0048585, GO:0050789, GO:0050790, GO:0050794, GO:0050896, GO:0051171, GO:0051172, GO:0051174, GO:0051246, GO:0051248, GO:0051338, GO:0051348, GO:0051716, GO:0060255, GO:0065007, GO:0065009, GO:0071704, GO:0071900, GO:0071901, GO:0071944, GO:0080090, GO:0080134, GO:0140096, GO:1901564, GO:1902531, GO:1902532, GO:1990264	Trehalose biosynthesis; Trehalose biosynthesis I
1124	CcGene_19310	CcContig_103708	47536	53306	-	Secondary Metabolite	3180.1uncharacterized protein LOC108223429 isoform X1 [Daucus carota subsp. sativus]	GO:0004419, GO:0006552, GO:0046951	Synthesis of Ketone Bodies
1125	CcGene_13615	CcContig_119419	33973	38399	+	Secondary Metabolite	Belongs to the protein kinase superfamily	GO:0000287, GO:0004743, GO:0005737, GO:0006096, GO:0030955, GO:0003674, GO:0003824, GO:0004672, GO:0004674, GO:0005575, GO:0005622, GO:0005623, GO:0005634, GO:0006464, GO:0006468, GO:0006793, GO:0006796, GO:0006807, GO:0007154, GO:0007165, GO:0008150, GO:0008152, GO:0009987, GO:0010468, GO:0016301, GO:0016310, GO:0016740, GO:0016772, GO:0016773, GO:0019222, GO:0019538, GO:0023052, GO:0035556, GO:0036211, GO:0043170, GO:0043226, GO:0043227, GO:0043229, GO:0043231, GO:0043412, GO:0044237, GO:0044238, GO:0044260, GO:0044267, GO:0044424, GO:0044464, GO:0050789, GO:0050794, GO:0050896, GO:0051716, GO:0060255, GO:0065007, GO:0071704, GO:0140096, GO:1901564	Glycolysis; Cytosolic glycolysis; Plastid glycolysis
1126	CcGene_04602	CcContig_095161	19363	21604	-	Secondary Metabolite	KAK1401881.1ATP-dependent DNA helicase [Heracleum sosnowskyi]	GO:0000723, GO:0006281, GO:0043139	Fanconi Anemia Pathway in DNA repair
1127	CcGene_22930	CcContig_003925	26004	27741	-	Secondary Metabolite	KAK1399202.1Peptide-methionine (R)-S-oxide reductase [Heracleum sosnowskyi]	GO:0005737, GO:0006979, GO:0030091, GO:0033743	Protein repair
1128	CcGene_13015	CcContig_002039	16838	17648	+	Secondary Metabolite	KAL1830127.1hypothetical protein ACET3Z_008539 [Daucus carota]	GO:0009055	Pantothenate and coenzyme A biosynthesis III
1129	CcGene_08002	CcContig_050449	1808	3048	+	Secondary Metabolite	2260.1uncharacterized protein At4g28440 [Daucus carota subsp. sativus]		SNAC1 transcription network involved in drought and salinity tolerance; Response to Drought
1130	CcGene_13989	CcContig_118808	70505	73737	-	Secondary Metabolite	1258.1transmembrane emp24 domain-containing protein p24delta3 [Daucus carota subsp. sativus]	GO:0005783, GO:0005793, GO:0005794, GO:0006886, GO:0006888, GO:0007030, GO:0030134	COPI-dependent Golgi-to-ER retrograde traffic; Cargo concentration in the ER; COPI-mediated anterograde transport; COPII-mediated vesicle transport
1131	CcGene_12015	CcContig_108009	34204	35453	-	Secondary Metabolite	9102.1uncharacterized protein LOC108219775 isoform X2 [Daucus carota subsp. sativus]	GO:0097250	Complex IV assembly
1132	CcGene_15276	CcContig_049698	28699	34156	+	Secondary Metabolite	0163.1glyoxysomal processing protease, glyoxysomal isoform X1 [Daucus carota subsp. sativus]	GO:0004252, GO:0005777, GO:0016485	TYSND1 cleaves peroxisomal proteins
1133	CcGene_10020	CcContig_088014	2558	2741	-	Secondary Metabolite	WOG92669.1hypothetical protein DCAR_0311944 [Daucus carota subsp. sativus]	GO:0000151, GO:0004674, GO:0005524, GO:0016567, GO:0061630	E3 ubiquitin ligases ubiquitinate target proteins
1134	CcGene_21230	CcContig_049386	41239	48939	+	Secondary Metabolite	3534.1general transcription and DNA repair factor IIH subunit TFB2 isoform X2 [Daucus carota subsp. sativus]	GO:0000439, GO:0001671, GO:0003690, GO:0005675, GO:0006289	Dual Incision in GG-NER
1135	CcGene_07008	CcContig_143906	42261	49230	+	Secondary Metabolite	1371.1soluble starch synthase 1, chloroplastic/amyloplastic [Daucus carota subsp. sativus]	GO:0004373, GO:0009507	Starch biosynthesis
1136	CcGene_09310	CcContig_059339	23223	29397	-	Secondary Metabolite	2864.1E3 ubiquitin protein ligase RIN2 isoform X1 [Daucus carota subsp. sativus]	GO:0000151, GO:0005829, GO:0005886, GO:0006511, GO:0016567, GO:0034052, GO:0043130, GO:0061630	E3 ubiquitin ligases ubiquitinate target proteins
1137	CcGene_00042	CcContig_003292	43184	49022	+	Secondary Metabolite	KAL1819765.1hypothetical protein ACET3Z_014634 [Daucus carota]	GO:0004742, GO:0006086, GO:0009534, GO:0009941, GO:0045254	PDH complex synthesizes acetyl-CoA from PYR
1138	CcGene_09013	CcContig_118213	24515	28008	-	Secondary Metabolite	8597.1formin-like protein 5 [Daucus carota subsp. sativus]	GO:0045010, GO:0051015	Activation of non-muscle Myosin II; Activation of RHO1 by FZ:DSH complex; Development of root hair
1139	CcGene_00217	CcContig_003318	533	3368	-	Secondary Metabolite	KAL8123925.1hypothetical protein AgCh_011799 [Apium graveolens]	GO:0003923, GO:0006508, GO:0016255, GO:0042765	Attachment of GPI anchor to uPAR
1140	CcGene_00599	CcContig_128168	27464	28893	+	Secondary Metabolite	7082.1elongation factor 1-alpha [Daucus carota subsp. sativus]	GO:0003746, GO:0003924, GO:0005525, GO:0006414	Eukaryotic Translation Elongation; Translation elongation
1141	CcGene_23032	CcContig_098261	105170	112436	+	Secondary Metabolite	0329.1GPI ethanolamine phosphate transferase 2 isoform X1 [Daucus carota subsp. sativus]	GO:0005789, GO:0006506, GO:0051377	Synthesis of glycosylphosphatidylinositol (GPI)
1142	CcGene_19993	CcContig_059667	15152	27214	+	Lipid & Polyketide Metabolism	3612.1uncharacterized protein LOC108200064 [Daucus carota subsp. sativus]		Sphingolipid metabolism
1143	CcGene_14072	CcContig_096109	7	1908	-	Secondary Metabolite	3290.1DEAD-box ATP-dependent RNA helicase 35 isoform X1 [Daucus carota subsp. sativus]	GO:0000398, GO:0003723, GO:0003724, GO:0005681	mRNA Splicing - Major Pathway
1144	CcGene_23998	CcContig_143979	75603	77570	-	Secondary Metabolite	6086.1probable receptor-like protein kinase At1g11050 [Daucus carota subsp. sativus]	GO:0004672, GO:0005524, GO:0006468	Interleukin-1 signaling; PI5P, PP2A and IER3 Regulate PI3K/AKT Signaling; Proline biosynthesis V (from arginine)
1145	CcGene_15012	CcContig_126291	21075	27971	+	Lipid & Polyketide Metabolism	4324.1pleiotropic drug resistance protein 1 [Daucus carota subsp. sativus]	GO:0005524, GO:0016020, GO:0016887, GO:0140359	Ciprofloxacin ADME; Sphingolipid de novo biosynthesis; Iron uptake and transport; Paracetamol ADME; Heme degradation; Heme biosynthesis; Beta-alanine biosynthesis II
1146	CcGene_10822	CcContig_059017	22629	24207	-	Secondary Metabolite	KAL8145265.1hypothetical protein AgCh_003455 [Apium graveolens]	GO:0008757, GO:0032259	Methylation
1147	CcGene_16001	CcContig_033044	61300	62646	+	Secondary Metabolite	5091.1aspartic proteinase nepenthesin-1 [Daucus carota subsp. sativus]	GO:0004190, GO:0005576, GO:0006508	Glutathione biosynthesis; Gamma-glutamyl cycle
1148	CcGene_18184	CcContig_004575	10058	15507	+	Secondary Metabolite	9519.1ABC transporter B family member 4 isoform X2 [Daucus carota subsp. sativus]	GO:0005524, GO:0015421, GO:0016020, GO:0016887, GO:0055085	ABC-family proteins mediated transport
1149	CcGene_10010	CcContig_051415	19495	32688	-	Secondary Metabolite	3476.1uncharacterized protein LOC108199956 [Daucus carota subsp. sativus]	GO:0005524, GO:0008716, GO:0009252, GO:0009507, GO:0046872	Peptidoglycan biosynthesis I
1150	CcGene_13817	CcContig_009858	12808	20219	+	Secondary Metabolite	9712.1E3 ubiquitin-protein ligase BRE1-like 2 isoform X3 [Daucus carota subsp. sativus]	GO:0005634, GO:0016567, GO:0033503, GO:0046872, GO:0061630	E3 ubiquitin ligases ubiquitinate target proteins
1151	CcGene_18745	CcContig_005645	9313	18757	+	Secondary Metabolite	2680.1replication factor C subunit 1 [Daucus carota subsp. sativus]	GO:0003677, GO:0003689, GO:0005524, GO:0005634, GO:0005663, GO:0006260, GO:0006281, GO:0016887	Activation of ATR in response to replication stress
1152	CcGene_12752	CcContig_096351	2903	3910	+	Secondary Metabolite	KAK1372716.1hypothetical protein POM88_028909 [Heracleum sosnowskyi]	GO:0000287, GO:0003676, GO:0008270, GO:0010333, GO:0016114	Secologanin and strictosidine biosynthesis
1153	CcGene_02017	CcContig_137551	17245	19435	+	Secondary Metabolite	5510.1ras-related protein RABA4d-like [Daucus carota subsp. sativus]	GO:0003924, GO:0005525, GO:0005768, GO:0016192	Anchoring of the basal body to the plasma membrane; RAB geranylgeranylation
1154	CcGene_19000	CcContig_123576	15929	20693	+	Flavonoids & Phenylpropanoids	KAK1351822.1Cytochrome P450, family 82, subfamily G, polypeptide 1 [Heracleum sosnowskyi]	GO:0004497, GO:0005506, GO:0016705, GO:0020037, GO:0046246	Androgen biosynthesis; Glucocorticoid biosynthesis; Tricin biosynthesis; Leucodelphinidin biosynthesis; Leucopelargonidin and leucocyanidin biosynthesis
1155	CcGene_08935	CcContig_090189	22424	24130	-	Secondary Metabolite	6803.1E3 ubiquitin-protein ligase At4g11680 isoform X2 [Daucus carota subsp. sativus]	GO:0000325, GO:0006511, GO:0016567, GO:0061630	E3 ubiquitin ligases ubiquitinate target proteins
1156	CcGene_04131	CcContig_123894	18618	19951	-	Secondary Metabolite	KAB1768517.1hypothetical protein FKQ75_29760 [Klebsiella pneumoniae]	GO:0009506, GO:0009507, GO:0009853, GO:0016984, GO:0019253	Calvin cycle; Photorespiration
1157	CcGene_03001	CcContig_100892	9251	33380	-	Secondary Metabolite	5'-nucleotidase domain-containing protein	GO:0003777, GO:0005524, GO:0007018, GO:0008017, GO:0015630	Association of TriC/CCT with target proteins during biosynthesis
1158	CcGene_05453	CcContig_092710	20102	25979	+	Flavonoids & Phenylpropanoids	KAL1831940.1hypothetical protein ACET3Z_001591 [Daucus carota]	GO:0003855, GO:0004764, GO:0009423, GO:0019632	Chorismate via Shikimate Pathway; Chorismate biosynthesis
1159	CcGene_16991	CcContig_098954	4684	8138	+	Secondary Metabolite	4845.1cystinosin homolog [Daucus carota subsp. sativus]	GO:0005774, GO:0015184, GO:0015811	Transport of inorganic cations/anions and amino acids/oligopeptides; Miscellaneous transport and binding events; TCA cycle (plant)
1160	CcGene_29185	CcContig_004593	4186	6898	-	Secondary Metabolite	4754.1phosphomannomutase [Daucus carota subsp. sativus]	GO:0004615, GO:0005829, GO:0006013, GO:0006487, GO:0009298	Synthesis of GDP-mannose
1161	CcGene_08909	CcContig_097021	12782	13932	-	Secondary Metabolite	KAK1382598.1Ribonuclease [Heracleum sosnowskyi]	GO:0003723, GO:0004523, GO:0006298, GO:0032299, GO:0043137	Mismatch repair (MMR) directed by MSH2:MSH6 (MutSalpha); Mismatch repair (MMR) directed by MSH2:MSH3 (MutSbeta)
1162	CcGene_24442	CcContig_048239	2293	16010	+	Secondary Metabolite	2116.1serine/threonine-protein phosphatase BSL3 isoform X2 [Daucus carota subsp. sativus]	GO:0004721, GO:0005515, GO:0009742	Brassinosteroid signaling
1163	CcGene_13996	CcContig_102344	84401	91189	+	Secondary Metabolite	0087.1lysine-specific demethylase JMJ26 [Daucus carota subsp. sativus]	GO:0000118, GO:0000785, GO:0003712, GO:0006357, GO:0031490, GO:0032454	HDMs demethylate histones; Regulation of seed germination and coleoptile growth under submergence and normal gravity environment
1164	CcGene_24986	CcContig_131497	34684	37490	-	Secondary Metabolite	KAL1829862.1hypothetical protein ACET3Z_008274 [Daucus carota]		Pantothenate and coenzyme A biosynthesis III
1165	CcGene_04166	CcContig_001427	11497	11986	+	Secondary Metabolite	4510.1potassium transporter 2 [Apium graveolens]	GO:0005886, GO:0015079, GO:0071805	TWIK-related spinal cord K+ channel (TRESK); TWIK related potassium channel (TREK); Tandem pore domain halothane-inhibited K+ channel (THIK); TWIK-releated acid-sensitive K+ channel (TASK); TWIK-related alkaline pH activated K+ channel (TALK)
1166	CcGene_23018	CcContig_034538	1660	3435	-	Secondary Metabolite	WOG91789.1hypothetical protein DCAR_0311041 [Daucus carota subsp. sativus]	GO:0004497, GO:0005506, GO:0016705, GO:0020037	Synthesis of Leukotrienes (LT) and Eoxins (EX); Eicosanoids; Fatty acids; Miscellaneous substrates; SNAC1 transcription network involved in drought and salinity tolerance; Response to Drought
1167	CcGene_15239	CcContig_096477	8711	14277	-	Secondary Metabolite	KAL1833834.1hypothetical protein ACET3Z_003485 [Daucus carota]	GO:0000727, GO:0003697, GO:0005524, GO:0005634, GO:0006270, GO:0042555, GO:1902969, GO:1990518	DNA replication Initiation
1168	CcGene_01805	CcContig_116876	49510	51099	-	Secondary Metabolite	KAL1814441.1hypothetical protein ACET3Z_017015 [Daucus carota]	GO:0009416, GO:0009686, GO:0016707	Gibberellin biosynthesis I (non C-3, non C-13 hydroxylation); Gibberellin biosynthesis II (early C-3 hydroxylation)
1169	CcGene_11993	CcContig_123903	3245	4259	+	Secondary Metabolite	2337.1probable Histone-lysine N-methyltransferase ATXR5 [Daucus carota subsp. sativus]	GO:0005515	PKMTs methylate histone lysines
1170	CcGene_05996	CcContig_136718	3090	5261	-	Secondary Metabolite	KAL1807357.1hypothetical protein ACET3Z_024347 [Daucus carota]	GO:0016020, GO:0022857, GO:0055085	Cellular hexose transport
1171	CcGene_16996	CcContig_109493	44859	47798	-	Secondary Metabolite	KAL1829280.1hypothetical protein ACET3Z_007692 [Daucus carota]	GO:0000785, GO:0003682, GO:0005634, GO:0006334, GO:0042393	Condensation of Prophase Chromosomes; HuR (ELAVL1) binds and stabilizes mRNA
1172	CcGene_00005	CcContig_140960	54200	56379	-	Lipid & Polyketide Metabolism	KAK2990542.1hypothetical protein RJ640_019822 [Escallonia rubra]	GO:0016020, GO:0022857, GO:0055085	Cellular hexose transport; Phospholipid biosynthesis I
1173	CcGene_09082	CcContig_094001	30655	36459	-	Secondary Metabolite	pre-rRNA-processing protein TSR2	GO:0003723, GO:0004525, GO:0005634, GO:0005737, GO:0030422	Small interfering RNA (siRNA) biogenesis
1174	CcGene_13990	CcContig_118808	79244	84859	+	Secondary Metabolite	KAL1815623.1hypothetical protein ACET3Z_018197 [Daucus carota]	GO:0004046, GO:0005737, GO:0006520	Aflatoxin activation and detoxification; Paracetamol ADME
1175	CcGene_04596	CcContig_095161	91784	95762	-	Secondary Metabolite	2223.1E3 ubiquitin-protein ligase At4g11680 [Daucus carota subsp. sativus]	GO:0000325, GO:0006511, GO:0016567, GO:0061630	E3 ubiquitin ligases ubiquitinate target proteins
1176	CcGene_26754	CcContig_119043	8503	12309	-	Secondary Metabolite	2346.1cellulose synthase-like protein G2 [Daucus carota subsp. sativus]	GO:0005802, GO:0005886, GO:0009833, GO:0016760, GO:0030244	Cellulose biosynthesis
1177	CcGene_18005	CcContig_140029	62042	67085	+	Secondary Metabolite	6092.1tryptophan aminotransferase-related protein 2 [Daucus carota subsp. sativus]	GO:0006520, GO:0008483, GO:0016846	IAA biosynthesis I
1178	CcGene_17677	CcContig_090135	7054	8613	-	Secondary Metabolite	KAL1832934.1hypothetical protein ACET3Z_002585 [Daucus carota]	GO:0005759, GO:0034551, GO:0044183	Complex III assembly
1179	CcGene_13844	CcContig_122881	12493	15509	-	Secondary Metabolite	2393.1cellulose synthase-like protein G1 [Daucus carota subsp. sativus]	GO:0005802, GO:0005886, GO:0009833, GO:0016760, GO:0030244	Cellulose biosynthesis
1180	CcGene_03383	CcContig_121527	11369	23443	+	Secondary Metabolite	8973.1pyruvate kinase isozyme A, chloroplastic-like [Daucus carota subsp. sativus]	GO:0000287, GO:0003924, GO:0004743, GO:0005525, GO:0006096, GO:0009570, GO:0030955	Glycolysis; Plastid glycolysis; Cytosolic glycolysis
1181	CcGene_03007	CcContig_046931	8414	10559	+	Secondary Metabolite	2511.1heat shock cognate 70 kDa protein 2 [Daucus carota subsp. sativus]	GO:0005524, GO:0005737, GO:0140662	HSP90 chaperone cycle for steroid hormone receptors (SHR) in the presence of ligand; AUF1 (hnRNP D0) binds and destabilizes mRNA; Regulation of HSF1-mediated heat shock response; Neutrophil degranulation
1182	CcGene_25900	CcContig_094065	61102	68243	-	Secondary Metabolite	QYB23552.1enolase 1, partial [Oliveria decumbens]	GO:0000015, GO:0000287, GO:0004634, GO:0006096	Glycolysis; Cytosolic glycolysis; Plastid glycolysis
1183	CcGene_18444	CcContig_117199	9765	26992	-	Secondary Metabolite	7580.1alpha-mannosidase I MNS4 isoform X1 [Daucus carota subsp. sativus]	GO:0004571, GO:0005509, GO:0005783, GO:0005975, GO:0016020, GO:1904380, GO:1904382	ER Quality Control Compartment (ERQC)
1184	CcGene_06004	CcContig_142550	89227	90957	+	Secondary Metabolite	WOG91441.1hypothetical protein DCAR_0310690 [Daucus carota subsp. sativus]	GO:0005737, GO:0008113, GO:0034599	Protein repair
1185	CcGene_19961	CcContig_059060	77248	89520	+	Secondary Metabolite	9712.1dihydrolipoyllysine-residue acetyltransferase component 2 of pyruvate dehydrogenase complex, mitochondrial-like [Daucus carota subsp. sativus]	GO:0000786, GO:0003677, GO:0004742, GO:0006086, GO:0006334, GO:0045254	PDH complex synthesizes acetyl-CoA from PYR
1186	CcGene_07473	CcContig_120023	21440	26027	+	Secondary Metabolite	1138.1triosephosphate isomerase, cytosolic [Apium graveolens]	GO:0004807, GO:0005829, GO:0006094, GO:0006096, GO:0019563, GO:0046166	Gluconeogenesis; Glycolysis; Cytosolic glycolysis; Plastid glycolysis
1187	CcGene_16268	CcContig_059433	7053	11715	-	Secondary Metabolite	5288.1argininosuccinate synthase, chloroplastic [Daucus carota subsp. sativus]	GO:0000050, GO:0004055, GO:0005524, GO:0005737, GO:0006526	Urea cycle
1188	CcGene_23088	CcContig_060394	42773	44858	+	Secondary Metabolite	2253.1E3 ubiquitin-protein ligase AIRP2 [Daucus carota subsp. sativus]	GO:0016567, GO:0061630	E3 ubiquitin ligases ubiquitinate target proteins
1189	CcGene_02820	CcContig_124823	82176	82521	+	Secondary Metabolite	KAK1379008.1Dihydrolipoyllysine-residue succinyltransferase [Heracleum sosnowskyi]	GO:0004149, GO:0005739, GO:0006099, GO:0045252	Citric acid cycle (TCA cycle)
1190	CcGene_25398	CcContig_095115	64950	67654	-	Secondary Metabolite	1063.1uncharacterized protein LOC141712141 [Apium graveolens]	GO:0000723, GO:0006281, GO:0043139	Fanconi Anemia Pathway in DNA repair
1191	CcGene_15382	CcContig_125065	61180	63308	-	Secondary Metabolite	0400.1thioredoxin reductase NTRB-like [Apium graveolens]	GO:0004791, GO:0045454	Cell redox homeostasis
1192	CcGene_26458	CcContig_047213	19453	24291	+	Secondary Metabolite	3131.1pyrophosphate--fructose 6-phosphate 1-phosphotransferase subunit beta [Daucus carota subsp. sativus]	GO:0003872, GO:0005524, GO:0005829, GO:0006002, GO:0006096, GO:0009749, GO:0015979, GO:0047334	Glycolysis; Cytosolic glycolysis; Plastid glycolysis
1193	CcGene_27995	CcContig_122477	95146	97127	+	Secondary Metabolite	1121.1uncharacterized protein LOC108205642 [Daucus carota subsp. sativus]		Metabolism of folate and pterines; Pyridoxal 5'-phosphate salvage pathway; Pyridoxal 5'-phosphate biosynthesis
1194	CcGene_11262	CcContig_100491	42639	57289	+	Secondary Metabolite	9455.1protein ALWAYS EARLY 3-like isoform X4 [Daucus carota subsp. sativus]	GO:0003677, GO:0005654, GO:0006357, GO:0017053, GO:0051726	Polo-like kinase mediated events
1195	CcGene_27110	CcContig_052567	9908	12444	+	Secondary Metabolite	9325.1sodium/hydrogen exchanger 1 [Daucus carota subsp. sativus]	GO:0005886, GO:0015385, GO:0015386, GO:0051453, GO:0071805, GO:0098719, GO:1902600	TWIK-related spinal cord K+ channel (TRESK); TWIK related potassium channel (TREK); Tandem pore domain halothane-inhibited K+ channel (THIK); TWIK-releated acid-sensitive K+ channel (TASK); TWIK-related alkaline pH activated K+ channel (TALK)
1196	CcGene_04585	CcContig_002754	13371	40626	+	Lipid & Polyketide Metabolism	Belongs to the peroxisomal membrane protein PXMP2 4 family	GO:0004609, GO:0005509, GO:0008654, GO:0005575, GO:0005622, GO:0005623, GO:0005737, GO:0005777, GO:0005778, GO:0005779, GO:0016020, GO:0016021, GO:0031090, GO:0031224, GO:0031231, GO:0031300, GO:0031301, GO:0031903, GO:0042579, GO:0043226, GO:0043227, GO:0043229, GO:0043231, GO:0044422, GO:0044424, GO:0044425, GO:0044438, GO:0044439, GO:0044444, GO:0044446, GO:0044464, GO:0098588, GO:0098805	Phospholipid biosynthesis I
1197	CcGene_16261	CcContig_100308	58398	59883	-	Secondary Metabolite	KAL1822699.1hypothetical protein ACET3Z_009477 [Daucus carota]	GO:0008612, GO:0019135	Hypusine synthesis from eIF5A-lysine
1198	CcGene_22865	CcContig_097487	115920	117142	-	Secondary Metabolite	KAL1811057.1hypothetical protein ACET3Z_021122 [Daucus carota]	GO:0009416, GO:0009686, GO:0016707	Gibberellin biosynthesis I (non C-3, non C-13 hydroxylation); Gibberellin biosynthesis II (early C-3 hydroxylation)
1199	CcGene_17988	CcContig_106391	47441	53436	+	Secondary Metabolite	6047.1beta-glucosidase 24 [Daucus carota subsp. sativus]	GO:0005975, GO:0008422	Digestion of dietary carbohydrate; Coumarin biosynthesis (via 2-coumarate)
1200	CcGene_02161	CcContig_147085	14180	17470	-	Secondary Metabolite	rRNA processing	GO:0003978, GO:0005829, GO:0033499	Galactose catabolism; Galactose degradation II
1201	CcGene_20273	CcContig_104638	55140	58463	+	Secondary Metabolite	1875.1ribose-phosphate pyrophosphokinase 1 [Daucus carota subsp. sativus]	GO:0000287, GO:0002189, GO:0004749, GO:0005737, GO:0006015, GO:0006164, GO:0009156	5-Phosphoribose 1-diphosphate biosynthesis
1202	CcGene_26007	CcContig_115398	42001	43517	+	Secondary Metabolite	1274.17-deoxyloganetin glucosyltransferase [Daucus carota subsp. sativus]	GO:0080043, GO:0080044	Cytokinins-O-glucoside biosynthesis
1203	CcGene_22384	CcContig_106873	384	6558	-	Terpenoid Biosynthesis	KAN0421019.1hypothetical protein ACYGYE_006864 [Stemona tuberosa]	GO:0004420, GO:0005778, GO:0005789, GO:0008299, GO:0015936, GO:0016126	Mevalonate pathway
1204	CcGene_09020	CcContig_128610	4189	7384	-	Lipid & Polyketide Metabolism	KAL1832293.1hypothetical protein ACET3Z_001944 [Daucus carota]	GO:0006020, GO:0007165, GO:0008934, GO:0046854	Synthesis of IP2, IP, and Ins in the cytosol; Phytic acid biosynthesis (lipid-independent); Ascorbate biosynthesis
1205	CcGene_18493	CcContig_092602	1066	4044	-	Secondary Metabolite	KAK1377287.1hypothetical protein POM88_033480 [Heracleum sosnowskyi]	GO:0000723, GO:0006281, GO:0043139	Fanconi Anemia Pathway in DNA repair
1206	CcGene_06911	CcContig_058939	38008	43385	+	Secondary Metabolite	3428.1uncharacterized protein LOC108215435 [Daucus carota subsp. sativus]	GO:0003723, GO:0005739, GO:0006400, GO:0009982, GO:1990481	tRNA modification in the nucleus and cytosol
1207	CcGene_14630	CcContig_126880	33819	35273	-	Secondary Metabolite	0588.1caffeic acid 3-O-methyltransferase-like isoform X2 [Apium graveolens]	GO:0008171, GO:0008757, GO:0032259	Methylation
1208	CcGene_24581	CcContig_129309	6035	9932	+	Secondary Metabolite	GLT35075.1hypothetical protein SLA2020_095580 [Shorea laevis]	GO:0000209, GO:0006281, GO:0043161, GO:0061631	Antigen processing: Ubiquitination & Proteasome degradation; Ubiquitin-dependent degradation of Cyclin D; Fanconi Anemia Pathway in DNA repair
1209	CcGene_09910	CcContig_059003	2772	5325	+	Alkaloid Biosynthesis	KAL1829177.1hypothetical protein ACET3Z_007589 [Daucus carota]	GO:0000162, GO:0004834, GO:0005737, GO:0030170, GO:0052684	Tryptophan biosynthesis
1210	CcGene_19044	CcContig_140050	11227	19060	+	Secondary Metabolite	9454.1endoribonuclease Dicer homolog 3 isoform X1 [Daucus carota subsp. sativus]	GO:0003723, GO:0004525, GO:0005515, GO:0005634, GO:0005737, GO:0030422	Small interfering RNA (siRNA) biogenesis
1211	CcGene_01918	CcContig_097590	14761	15457	-	Secondary Metabolite	KAK1362998.1Gibberellin 3-beta-dioxygenase 1 [Heracleum sosnowskyi]	GO:0009416, GO:0009686, GO:0016707	Gibberellin biosynthesis I (non C-3, non C-13 hydroxylation); Gibberellin biosynthesis II (early C-3 hydroxylation)
1212	CcGene_15994	CcContig_003876	34569	36100	+	Terpenoid Biosynthesis	6432.1uncharacterized protein LOC108194052 [Daucus carota subsp. sativus]		Carotenoid biosynthesis
1213	CcGene_22411	CcContig_004159	6743	8094	+	Secondary Metabolite	KAL1834441.1hypothetical protein ACET3Z_004092 [Daucus carota]	GO:0005385, GO:0005886, GO:0071577	Zinc efflux and compartmentalization by the SLC30 family; Zinc influx into cells by the SLC39 gene family
1214	CcGene_24840	CcContig_093945	6681	10447	-	Secondary Metabolite	3835.1sucrose-phosphatase 1 [Daucus carota subsp. sativus]	GO:0000287, GO:0005986, GO:0050307	Sucrose biosynthesis
1215	CcGene_12651	CcContig_000101	5340	9792	+	Lipid & Polyketide Metabolism	1490.1uncharacterized protein LOC108222101 [Daucus carota subsp. sativus]	GO:0003975, GO:0006488, GO:0016020	Biosynthesis of the N-glycan precursor (dolichol lipid-linked oligosaccharide, LLO) and transfer to a nascent protein
1216	CcGene_22442	CcContig_000756	54365	55059	+	Secondary Metabolite	MCI01881.1serine/threonine-protein phosphatase BSL1-like [Trifolium medium]	GO:0004722, GO:0005634, GO:0005886, GO:0009742, GO:0046872	Brassinosteroid signaling
1217	CcGene_17361	CcContig_098768	32486	34456	+	Secondary Metabolite	1326.1large ribosomal subunit protein P1-like [Apium graveolens]	GO:0002181, GO:0003735, GO:0006414, GO:0022625, GO:0030295, GO:0043021	Eukaryotic Translation Elongation; Translation elongation
1218	CcGene_06016	CcContig_049360	34222	43379	+	Secondary Metabolite	WOG99600.1hypothetical protein DCAR_0518953 [Daucus carota subsp. sativus]	GO:0005515, GO:0061630	Antigen processing: Ubiquitination & Proteasome degradation
1219	CcGene_18275	CcContig_003334	8426	8944	-	Secondary Metabolite	prolyl 4-hydroxylase	GO:0000325, GO:0006511, GO:0008270, GO:0016020, GO:0016567, GO:0061630	E3 ubiquitin ligases ubiquitinate target proteins
1220	CcGene_25992	CcContig_093066	23183	26073	-	Secondary Metabolite	KAL1822944.1hypothetical protein ACET3Z_009722 [Daucus carota]	GO:0004856, GO:0005829, GO:0005997, GO:0016310	Formation of xylulose-5-phosphate; Xylose degradation
1221	CcGene_23876	CcContig_015469	68622	74672	-	Secondary Metabolite	6558.1DNA replication licensing factor MCM7 [Daucus carota subsp. sativus]	GO:0000727, GO:0003697, GO:0005524, GO:0005634, GO:0006270, GO:0006271, GO:0016887, GO:0017116, GO:0042555	DNA replication Initiation
1222	CcGene_16729	CcContig_146961	72058	76423	-	Secondary Metabolite	4520.1uncharacterized protein LOC108224411 [Daucus carota subsp. sativus]	GO:0003676, GO:0005737, GO:0032259, GO:0160102	Methylation
1223	CcGene_12542	CcContig_086013	122555	129239	-	Secondary Metabolite	KAL1834719.1hypothetical protein ACET3Z_004370 [Daucus carota]	GO:0004777, GO:0009450	Degradation of GABA
1224	CcGene_26312	CcContig_145698	27392	43775	+	Secondary Metabolite	KAH6789491.1NAD-dependent malic enzyme 2 [Perilla frutescens var. frutescens]	GO:0004471, GO:0005739, GO:0006090, GO:0006108, GO:0051287	Pyruvate metabolism
1225	CcGene_01149	CcContig_141631	34966	45727	+	Secondary Metabolite	The coatomer is a cytosolic protein complex that binds to dilysine motifs and reversibly associates with Golgi non- clathrin-coated vesicles, which further mediate biosynthetic protein transport from the ER, via the Golgi up to the trans Golgi network. Coatomer complex is required for budding from Golgi membranes, and is essential for the retrograde Golgi-to-ER transport of dilysine-tagged proteins	GO:0004347, GO:0005829, GO:0006094, GO:0006096, GO:0048029, GO:0051156, GO:0097367, GO:0005575, GO:0005622, GO:0005623, GO:0005737, GO:0005794, GO:0005798, GO:0006810, GO:0006886, GO:0006888, GO:0006890, GO:0006891, GO:0008104, GO:0008150, GO:0012505, GO:0012506, GO:0015031, GO:0015833, GO:0016020, GO:0016192, GO:0030117, GO:0030120, GO:0030126, GO:0030135, GO:0030137, GO:0030659, GO:0030660, GO:0030662, GO:0030663, GO:0031090, GO:0031410, GO:0031982, GO:0032991, GO:0033036, GO:0034613, GO:0042886, GO:0043226, GO:0043227, GO:0043229, GO:0043231, GO:0044422, GO:0044424, GO:0044425, GO:0044431, GO:0044433, GO:0044444, GO:0044446, GO:0044464, GO:0045184, GO:0046907, GO:0048193, GO:0048475, GO:0051179, GO:0051234, GO:0051641, GO:0051649, GO:0070727, GO:0071702, GO:0071705, GO:0097708, GO:0098588, GO:0098796, GO:0098805	Gluconeogenesis; Glycolysis; Cytosolic glycolysis; Plastid glycolysis
1226	CcGene_17389	CcContig_133415	91062	91898	+	Secondary Metabolite	KAK1381104.1Senescence-specific family protein [Heracleum sosnowskyi]	GO:0004222, GO:0006508, GO:0008270, GO:0030198, GO:0030574, GO:0031012	Collagen degradation
1227	CcGene_07743	CcContig_058814	9728	17504	+	Secondary Metabolite	KAL1829056.1hypothetical protein ACET3Z_007468 [Daucus carota]	GO:0005737, GO:0005980, GO:0008184, GO:0030170	Glycogen breakdown (glycogenolysis)
1228	CcGene_17154	CcContig_131250	27528	38651	+	Secondary Metabolite	Belongs to the TUB family	GO:0000287, GO:0004743, GO:0005737, GO:0006096, GO:0030955, GO:0001067, GO:0003674, GO:0003676, GO:0003677, GO:0003700, GO:0005488, GO:0005543, GO:0005575, GO:0005622, GO:0005623, GO:0005634, GO:0005829, GO:0005886, GO:0006355, GO:0007275, GO:0008150, GO:0008289, GO:0009536, GO:0009555, GO:0009605, GO:0009607, GO:0009620, GO:0009889, GO:0010468, GO:0010556, GO:0016020, GO:0019219, GO:0019222, GO:0031323, GO:0031326, GO:0032501, GO:0032502, GO:0035091, GO:0043167, GO:0043168, GO:0043207, GO:0043226, GO:0043227, GO:0043229, GO:0043231, GO:0044212, GO:0044424, GO:0044444, GO:0044464, GO:0048229, GO:0048856, GO:0050789, GO:0050794, GO:0050896, GO:0051171, GO:0051252, GO:0051704, GO:0051707, GO:0060255, GO:0065007, GO:0071944, GO:0080090, GO:0097159, GO:0140110, GO:1901363, GO:1903506, GO:2000112, GO:2001141	Glycolysis; Cytosolic glycolysis; Plastid glycolysis
1229	CcGene_24785	CcContig_014931	11194	14809	+	Secondary Metabolite	4245.1succinate dehydrogenase [ubiquinone] iron-sulfur subunit 2, mitochondrial [Daucus carota subsp. sativus]	GO:0005739, GO:0006099, GO:0009055, GO:0016491, GO:0022904, GO:0051537	Citric acid cycle (TCA cycle)
1230	CcGene_26987	CcContig_047120	23516	27514	-	Secondary Metabolite	KAL1809974.1hypothetical protein ACET3Z_026964 [Daucus carota]	GO:0004656, GO:0005506, GO:0005783, GO:0018401, GO:0031418	Collagen biosynthesis and modifying enzymes
1231	CcGene_15251	CcContig_126646	44615	48330	+	Secondary Metabolite	5717.1cellulose synthase-like protein G3 [Daucus carota subsp. sativus]	GO:0005802, GO:0005886, GO:0009833, GO:0016760, GO:0030244	Cellulose biosynthesis
1232	CcGene_15013	CcContig_047797	35778	40538	-	Secondary Metabolite	KAL1829552.1hypothetical protein ACET3Z_007964 [Daucus carota]	GO:0005227, GO:0005886	Neutrophil degranulation
1233	CcGene_11297	CcContig_108123	24171	40083	-	Secondary Metabolite	1254.1E3 ubiquitin-protein ligase PRT6 isoform X1 [Daucus carota subsp. sativus]	GO:0000151, GO:0005737, GO:0008270, GO:0016567, GO:0061630, GO:0071596	E3 ubiquitin ligases ubiquitinate target proteins
1234	CcGene_05029	CcContig_121413	26315	28801	-	Secondary Metabolite	f-box protein	GO:0004506, GO:0005783, GO:0016020, GO:0016126, GO:0050660, GO:0000003, GO:0003006, GO:0007275, GO:0008150, GO:0009790, GO:0009791, GO:0009793, GO:0010154, GO:0022414, GO:0032501, GO:0032502, GO:0048316, GO:0048608, GO:0048731, GO:0048856, GO:0061458	Cholesterol biosynthesis
1235	CcGene_20741	CcContig_046860	22723	26100	-	Secondary Metabolite	8517.1hexokinase-1 [Daucus carota subsp. sativus]	GO:0001678, GO:0004340, GO:0005524, GO:0005536, GO:0005739, GO:0005829, GO:0006006, GO:0006096, GO:0008865, GO:0046835, GO:0051156	Glycolysis; Cytosolic glycolysis; Plastid glycolysis
1236	CcGene_00023	CcContig_140199	23887	25724	+	Secondary Metabolite	4128.1SPX domain-containing protein 1 [Daucus carota subsp. sativus]	GO:0016036	Response to phosphate deficiency
1237	CcGene_03822	CcContig_119967	10938	18113	+	Secondary Metabolite	6772.1acetolactate synthase small subunit 2, chloroplastic [Daucus carota subsp. sativus]	GO:0003984, GO:0005829, GO:0009099, GO:1990610	Valine biosynthesis
1238	CcGene_12480	CcContig_013253	9054	15787	+	Secondary Metabolite	9050.12-isopropylmalate synthase A [Daucus carota subsp. sativus]	GO:0003852, GO:0009098, GO:0009507	Leucine biosynthesis
1239	CcGene_08226	CcContig_144233	144531	145211	-	Secondary Metabolite	4905.1peroxiredoxin-2E, chloroplastic [Daucus carota subsp. sativus]	GO:0005737, GO:0008379, GO:0034599, GO:0042744, GO:0045454	Detoxification of Reactive Oxygen Species
1240	CcGene_09014	CcContig_118213	32285	33095	-	Secondary Metabolite	KAL1823087.1hypothetical protein ACET3Z_009865 [Daucus carota]	GO:0009055	Pantothenate and coenzyme A biosynthesis III
1241	CcGene_29765	CcContig_101998	15792	19252	+	Secondary Metabolite	6318.1protein argonaute 1-like [Daucus carota subsp. sativus]	GO:0003723, GO:0004521, GO:0005515, GO:0005737, GO:0035194	Post-transcriptional silencing by small RNAs
1242	CcGene_13879	CcContig_051705	11965	14104	+	Secondary Metabolite	KAL8111763.1hypothetical protein AgCh_019461 [Apium graveolens]	GO:0003921, GO:0005829, GO:0006177	De novo synthesis of GMP
1243	CcGene_24783	CcContig_103777	13619	19482	+	Secondary Metabolite	KAL1828047.1hypothetical protein ACET3Z_006459 [Daucus carota]	GO:0003729, GO:0005634, GO:0008168, GO:0032259, GO:0036396	Methylation
1244	CcGene_04017	CcContig_010131	1448	2777	-	Secondary Metabolite	WOH09120.1hypothetical protein DCAR_0728575 [Daucus carota subsp. sativus]	GO:0004674, GO:0005524, GO:0005886, GO:0006468	Interleukin-1 signaling; Proline biosynthesis V (from arginine)
1245	CcGene_28128	CcContig_047057	2153	10399	-	Secondary Metabolite	KAL1817684.1hypothetical protein ACET3Z_020258 [Daucus carota]	GO:0003723, GO:0004525, GO:0005634, GO:0005737, GO:0030422	Small interfering RNA (siRNA) biogenesis
1246	CcGene_11521	CcContig_120032	33992	36844	+	Secondary Metabolite	AUZ98426.1ent-kaurenoic acid oxidase [Trachyspermum ammi]	GO:0005506, GO:0005783, GO:0016125, GO:0020037, GO:0051777	Endogenous sterols
1247	CcGene_07614	CcContig_039130	39795	46368	+	Secondary Metabolite	KAL1812589.1hypothetical protein ACET3Z_022654 [Daucus carota]	GO:0006099, GO:0006121, GO:0008177, GO:0009055, GO:0050660	Citric acid cycle (TCA cycle); The tricarboxylic acid cycle; TCA cycle (plant)
1248	CcGene_24344	CcContig_051317	27778	31652	-	Secondary Metabolite	2341.1acetyl-CoA acetyltransferase 2 isoform X2 [Daucus carota subsp. sativus]	GO:0003985, GO:0005739, GO:0006635	Beta oxidation of lauroyl-CoA to decanoyl-CoA-CoA; Beta oxidation of palmitoyl-CoA to myristoyl-CoA; Mitochondrial Fatty Acid Beta-Oxidation; Beta oxidation of myristoyl-CoA to lauroyl-CoA; Beta oxidation of hexanoyl-CoA to butanoyl-CoA; Beta oxidation of octanoyl-CoA to hexanoyl-CoA; Beta oxidation of decanoyl-CoA to octanoyl-CoA-CoA
1249	CcGene_16600	CcContig_112018	2727	11279	+	Secondary Metabolite	KAL1822638.1hypothetical protein ACET3Z_009416 [Daucus carota]	GO:0003723, GO:0004042, GO:0004358, GO:0006526, GO:0006592	Ornithine biosynthesis
1250	CcGene_12404	CcContig_104960	7789	14149	-	Secondary Metabolite	3428.1pyrophosphate--fructose 6-phosphate 1-phosphotransferase subunit alpha [Daucus carota subsp. sativus]	GO:0003872, GO:0005524, GO:0005829, GO:0006096, GO:0009749, GO:0015979, GO:0047334	Glycolysis; Cytosolic glycolysis; Plastid glycolysis
1251	CcGene_21604	CcContig_107451	13002	15673	-	Secondary Metabolite	3808.1putative trehalose-phosphate phosphatase J [Apium graveolens]	GO:0004805, GO:0005992	Trehalose biosynthesis; Trehalose biosynthesis I
1252	CcGene_27999	CcContig_122477	32498	36735	+	Secondary Metabolite	9309.1probable mitochondrial adenine nucleotide transporter BTL3 [Daucus carota subsp. sativus]	GO:0055085	Vitamin B5 (pantothenate) metabolism
1253	CcGene_15089	CcContig_107200	40881	44723	+	Secondary Metabolite	6986.1fructose-bisphosphate aldolase 1, chloroplastic-like [Apium graveolens]	GO:0004332, GO:0005829, GO:0006096, GO:0030388	Glycolysis; Cytosolic glycolysis; Plastid glycolysis
1254	CcGene_07763	CcContig_050662	13339	16054	+	Secondary Metabolite	Enoyl-CoA hydratase/isomerase	GO:0004365, GO:0005829, GO:0006006, GO:0006096, GO:0050661, GO:0051287, GO:0005575, GO:0005622, GO:0005623, GO:0005737, GO:0005739, GO:0043226, GO:0043227, GO:0043229, GO:0043231, GO:0044424, GO:0044444, GO:0044464	Glycolysis; Cytosolic glycolysis
1255	CcGene_28154	CcContig_100206	13158	17253	-	Secondary Metabolite	KAL1812221.1hypothetical protein ACET3Z_022286 [Daucus carota]	GO:0005247, GO:0006821, GO:0009671, GO:0009705, GO:0055085	ABC-family proteins mediated transport
1256	CcGene_16003	CcContig_033044	51089	52212	-	Secondary Metabolite	5820.1senescence-specific cysteine protease SAG39-like [Daucus carota subsp. sativus]	GO:0004197, GO:0005764, GO:0006508	RUNX1 regulates transcription of genes involved in differentiation of keratinocytes; MHC class II antigen presentation; Activation of Matrix Metalloproteinases; Anther and pollen development
1257	CcGene_18780	CcContig_123150	95526	99053	-	Secondary Metabolite	1300.21-acylglycerol-3-phosphate O-acyltransferase [Daucus carota subsp. sativus]	GO:0004623, GO:0006654, GO:0042171, GO:0055088	Synthesis of PA
1258	CcGene_03224	CcContig_128808	86536	87949	+	Secondary Metabolite	BAD30034.1gibberellin 20-oxidase2 [Daucus carota]	GO:0009416, GO:0009686, GO:0009826, GO:0009908, GO:0045544	Gibberellin biosynthesis I (non C-3, non C-13 hydroxylation); Gibberellin biosynthesis II (early C-3 hydroxylation)
1259	CcGene_01029	CcContig_143171	80109	88707	-	Secondary Metabolite	Belongs to the cytochrome P450 family	GO:0000049, GO:0003729, GO:0003743, GO:0005515, GO:0006413, GO:0022627, GO:0043022, GO:0003674, GO:0003824, GO:0004497, GO:0005575, GO:0008150, GO:0008152, GO:0009058, GO:0016020, GO:0016491, GO:0016705, GO:0016709, GO:0019748, GO:0044550, GO:0055114	Ribosomal scanning and start codon recognition; Formation of the ternary complex, and subsequently, the 43S complex; Formation of a pool of free 40S subunits; Translation initiation complex formation
1260	CcGene_21446	CcContig_047990	43008	49376	+	Secondary Metabolite	4767.1dihydrolipoyllysine-residue succinyltransferase component of 2-oxoglutarate dehydrogenase complex 2, mitochondrial [Daucus carota subsp. sativus]	GO:0004149, GO:0005739, GO:0006099, GO:0045252	Citric acid cycle (TCA cycle)
1261	CcGene_04016	CcContig_116327	12380	16408	+	Secondary Metabolite	B3 domain-containing transcription factor	GO:0004473, GO:0006090, GO:0006108, GO:0009507, GO:0051287, GO:0003674, GO:0003676, GO:0003677, GO:0005488, GO:0005575, GO:0005622, GO:0005623, GO:0005634, GO:0005654, GO:0006950, GO:0008150, GO:0009266, GO:0009409, GO:0009628, GO:0009909, GO:0010048, GO:0031974, GO:0031981, GO:0043226, GO:0043227, GO:0043229, GO:0043231, GO:0043233, GO:0043565, GO:0044422, GO:0044424, GO:0044428, GO:0044446, GO:0044464, GO:0048580, GO:0048831, GO:0050789, GO:0050793, GO:0050896, GO:0051239, GO:0065007, GO:0070013, GO:0097159, GO:1901363, GO:2000026, GO:2000241	Pyruvate metabolism; Regulation of pyruvate metabolism
1262	CcGene_26011	CcContig_003919	34	915	+	Flavonoids & Phenylpropanoids	0348.1BOI-related E3 ubiquitin-protein ligase 1 [Daucus carota subsp. sativus]	GO:0004842, GO:0043067	TNFR1-induced proapoptotic signaling; Regulation of necroptotic cell death; IKK complex recruitment mediated by RIP1; Regulation of TNFR1 signaling; TNFR1-induced NF-kappa-B signaling pathway; NOD1/2 Signaling Pathway; Ub-specific processing proteases; TNF receptor superfamily (TNFSF) members mediating non-canonical NF-kB pathway; Chorismate biosynthesis
1263	CcGene_21038	CcContig_033703	20644	22701	+	Secondary Metabolite	1524.1L-lactate dehydrogenase B [Daucus carota subsp. sativus]	GO:0004459, GO:0005737, GO:0006089, GO:0006090	Pyruvate metabolism
1264	CcGene_11433	CcContig_120263	92079	94937	-	Secondary Metabolite	KAK1397781.1Phosphoglycerate kinase [Heracleum sosnowskyi]	GO:0004618, GO:0005524, GO:0005829, GO:0006094, GO:0006096, GO:0043531	Gluconeogenesis; Glycolysis; Cytosolic glycolysis; Plastid glycolysis
1265	CcGene_13780	CcContig_001829	57516	60693	-	Secondary Metabolite	KAL1834914.1hypothetical protein ACET3Z_004565 [Daucus carota]	GO:0003934, GO:0005525, GO:0005737, GO:0006729, GO:0008270, GO:0046654	Tetrahydrofolate biosynthesis I; Tetrahydrofolate biosynthesis II
1266	CcGene_05458	CcContig_048226	14175	17181	-	Secondary Metabolite	4815.1putative RING-type E3 ubiquitin transferase C3H69 isoform X2 [Daucus carota subsp. sativus]	GO:0000209, GO:0046872, GO:0061630	Antigen processing: Ubiquitination & Proteasome degradation
1267	CcGene_07900	CcContig_093554	11322	18067	+	Secondary Metabolite	4160.1low-specificity L-threonine aldolase 1-like [Apium graveolens]	GO:0005829, GO:0006545, GO:0006567, GO:0008732	Threonine degradation
1268	CcGene_11992	CcContig_131699	7205	9601	+	Secondary Metabolite	KAL1808207.1hypothetical protein ACET3Z_025197 [Daucus carota]	GO:0003333, GO:0015171, GO:0016020	Proton-coupled neutral amino acid transporters; Amino acid transport across the plasma membrane; Salicylic acid signaling
1269	CcGene_14693	CcContig_142787	6236	7722	-	Secondary Metabolite	E3 UFM1-protein ligase 1 homolog	GO:0006833, GO:0015250, GO:0016020, GO:0055085	Passive transport by Aquaporins
1270	CcGene_04597	CcContig_095161	71839	74374	+	Secondary Metabolite	3179.1bifunctional UDP-glucose 4-epimerase and UDP-xylose 4-epimerase 1-like [Daucus carota subsp. sativus]	GO:0003978, GO:0005829, GO:0033499	Galactose catabolism; Galactose degradation II
1271	CcGene_25810	CcContig_048205	24888	27991	+	Secondary Metabolite	5624.1phosphoribosylformylglycinamidine cyclo-ligase, chloroplastic [Daucus carota subsp. sativus]	GO:0004637, GO:0004641, GO:0005829, GO:0006189, GO:0046084	De novo synthesis of IMP
1272	CcGene_16999	CcContig_109493	31939	32632	+	Secondary Metabolite	WOH14273.1hypothetical protein DCAR_0933792 [Daucus carota subsp. sativus]		Biotin biosynthesis II; Threonine degradation
1273	CcGene_18925	CcContig_034001	1649	4135	-	Secondary Metabolite	1469.2uncharacterized protein LOC108198216 [Daucus carota subsp. sativus]	GO:0000723, GO:0006281, GO:0043139	Fanconi Anemia Pathway in DNA repair
1274	CcGene_04027	CcContig_047998	2268	2711	+	Secondary Metabolite	8224.1probable calcium-binding protein CML13 isoform X2 [Daucus carota subsp. sativus]	GO:0005509, GO:0016460	PKA activation; Stimuli-sensing channels; RHO GTPases activate PAKs; RAF activation; VEGFR2 mediated vascular permeability; DAG and IP3 signaling; Ion transport by P-type ATPases; Ion homeostasis; Calcineurin activates NFAT; CREB1 phosphorylation through the activation of CaMKII/CaMKK/CaMKIV cascasde; Cam-PDE 1 activation; CLEC7A (Dectin-1) induces NFAT activation; eNOS activation; CaMK IV-mediated phosphorylation of CREB; Synthesis of IP3 and IP4 in the cytosol; RHO GTPases activate IQGAPs; Unblocking of NMDA receptors, glutamate binding and activation; Protein methylation; Tetrahydrobiopterin (BH4) synthesis, recycling, salvage and regulation; Extra-nuclear estrogen signaling; Sodium/Calcium exchangers; RAS processing; Reduction of cytosolic Ca++ levels; Glycogen breakdown (glycogenolysis); Ca2+ pathway; Activation of Ca-permeable Kainate Receptor; Inactivation, recovery and regulation of the phototransduction cascade; Activation of RAC1 downstream of NMDARs; Smooth Muscle Contraction; High laminar flow shear stress activates signaling by PIEZO1 and PECAM1:CDH5:KDR in endothelial cells; FCERI mediated Ca+2 mobilization; Platelet degranulation
1275	CcGene_06664	CcContig_121505	26630	28550	-	Secondary Metabolite	3401.1acetylserotonin O-methyltransferase [Daucus carota subsp. sativus]	GO:0008171, GO:0008757, GO:0032259, GO:0046983	Methylation
1276	CcGene_00014	CcContig_049419	2341	8591	+	Secondary Metabolite	5627.1CSC1-like protein At1g10090 isoform X2 [Daucus carota subsp. sativus]	GO:0005227, GO:0005886	Neutrophil degranulation
1277	CcGene_12170	CcContig_105791	5754	21312	+	Secondary Metabolite	WOG84465.1hypothetical protein DCAR_0103648 [Daucus carota subsp. sativus]	GO:0004491, GO:0005739, GO:0006210, GO:0006574, GO:0018478	Valine degradation
1278	CcGene_25902	CcContig_094065	18944	21672	-	Secondary Metabolite	5501.1probable alpha,alpha-trehalose-phosphate synthase [UDP-forming] 9 [Daucus carota subsp. sativus]	GO:0004805, GO:0005829, GO:0005992	Trehalose biosynthesis; Trehalose biosynthesis I
1279	CcGene_02858	CcContig_051328	23266	30314	-	Secondary Metabolite	KAL1833949.1hypothetical protein ACET3Z_003600 [Daucus carota]	GO:0001510, GO:0005634, GO:0005737, GO:0008171, GO:0008173, GO:0030422, GO:0034587	PIWI-interacting RNA (piRNA) biogenesis
1280	CcGene_28365	CcContig_115420	136975	141015	+	Secondary Metabolite	0692.13-ketoacyl CoA thiolase 1, peroxisomal [Daucus carota subsp. sativus]	GO:0003988, GO:0005777, GO:0006635, GO:0010124	Beta oxidation of lauroyl-CoA to decanoyl-CoA-CoA; Beta oxidation of palmitoyl-CoA to myristoyl-CoA; Mitochondrial Fatty Acid Beta-Oxidation; Beta oxidation of myristoyl-CoA to lauroyl-CoA; Beta oxidation of hexanoyl-CoA to butanoyl-CoA; Beta oxidation of octanoyl-CoA to hexanoyl-CoA; Beta oxidation of decanoyl-CoA to octanoyl-CoA-CoA
1281	CcGene_07305	CcContig_106872	33081	35751	+	Secondary Metabolite	KAL1806118.1hypothetical protein ACET3Z_029186 [Daucus carota]	GO:0004376, GO:0006506, GO:0016020, GO:0051751, GO:1990529	Synthesis of glycosylphosphatidylinositol (GPI)
1282	CcGene_16899	CcContig_101591	36893	39314	-	Secondary Metabolite	1885.1elongation factor 1-delta-like [Apium graveolens]	GO:0003746, GO:0005085, GO:0005829, GO:0005853, GO:0006414	Eukaryotic Translation Elongation; Translation elongation
1283	CcGene_27545	CcContig_093955	7782	13677	+	Secondary Metabolite	0430.1probable voltage-gated potassium channel subunit beta [Daucus carota subsp. sativus]	GO:0005249, GO:0005737, GO:0071805	HCN channels; TWIK-related spinal cord K+ channel (TRESK); Voltage gated Potassium channels; TWIK related potassium channel (TREK); Tandem pore domain halothane-inhibited K+ channel (THIK); TWIK-releated acid-sensitive K+ channel (TASK); TWIK-related alkaline pH activated K+ channel (TALK)
1284	CcGene_13655	CcContig_117785	38056	39923	+	Secondary Metabolite	7783.1serine/arginine-rich splicing factor RSZ22A [Daucus carota subsp. sativus]	GO:0000398, GO:0003723, GO:0008270, GO:0016607	mRNA Splicing - Major Pathway
1285	CcGene_22917	CcContig_117111	17035	20420	+	Secondary Metabolite	Plant calmodulin-binding domain	GO:0000151, GO:0000209, GO:0003676, GO:0004523, GO:0005737, GO:0008270, GO:0031624, GO:0032436, GO:0061630	Antigen processing: Ubiquitination & Proteasome degradation
1286	CcGene_04414	CcContig_133352	9254	14627	+	Secondary Metabolite	6472.1uncharacterized protein LOC141696191 [Apium graveolens]	GO:0000723, GO:0003678, GO:0006281	Fanconi Anemia Pathway in DNA repair
1287	CcGene_11132	CcContig_137753	1169	13226	+	Secondary Metabolite	1911.1alpha,alpha-trehalose-phosphate synthase [UDP-forming] 1 isoform X1 [Daucus carota subsp. sativus]	GO:0003825, GO:0004805, GO:0005829, GO:0005992	Trehalose biosynthesis; Trehalose biosynthesis I
1288	CcGene_02887	CcContig_099770	15066	18887	-	Secondary Metabolite	9105.1acyl-coenzyme A oxidase 3, peroxisomal isoform X1 [Daucus carota subsp. sativus]	GO:0003997, GO:0005504, GO:0005777, GO:0033540, GO:0055088, GO:0071949	Beta-oxidation of very long chain fatty acids
1289	CcGene_09121	CcContig_005668	4979	9447	-	Secondary Metabolite	8251.1serine hydroxymethyltransferase 3, chloroplastic [Daucus carota subsp. sativus]	GO:0004372, GO:0005737, GO:0006565, GO:0008270, GO:0030170, GO:0035999, GO:0046655, GO:0050897, GO:0070905	Metabolism of folate and pterines
1290	CcGene_26393	CcContig_092686	18617	26581	-	Secondary Metabolite	KAK1363906.1RING-type E3 ubiquitin transferase [Heracleum sosnowskyi]	GO:0016567, GO:0046872, GO:0061630	E3 ubiquitin ligases ubiquitinate target proteins
1291	CcGene_06713	CcContig_003307	85086	90795	+	Secondary Metabolite	6556.1probable E3 ubiquitin-protein ligase ARI2 isoform X1 [Daucus carota subsp. sativus]	GO:0000151, GO:0000209, GO:0005737, GO:0008270, GO:0031624, GO:0032436, GO:0061630	Antigen processing: Ubiquitination & Proteasome degradation
1292	CcGene_22648	CcContig_128831	37190	39944	+	Secondary Metabolite	3552.1malate dehydrogenase 1, mitochondrial [Daucus carota subsp. sativus]	GO:0005739, GO:0006099, GO:0006108, GO:0030060	Citric acid cycle (TCA cycle); The tricarboxylic acid cycle; TCA cycle (plant)
1293	CcGene_13778	CcContig_001829	45792	48257	-	Secondary Metabolite	8127.1uncharacterized protein LOC141675308 [Apium graveolens]	GO:0000727, GO:0003682, GO:0003688, GO:0003697, GO:0006270, GO:0031261, GO:1902977	DNA replication Initiation
1294	CcGene_05646	CcContig_076149	54447	66621	-	Secondary Metabolite	3195.1bifunctional dethiobiotin synthetase/7,8-diamino-pelargonic acid aminotransferase, mitochondrial isoform X1 [Daucus carota subsp. sativus]	GO:0000287, GO:0004015, GO:0004141, GO:0005524, GO:0005739, GO:0009102, GO:0030170	Biotin biosynthesis II
1295	CcGene_27777	CcContig_118673	45784	55459	+	Secondary Metabolite	KAK1385236.1Serine/threonine-protein phosphatase [Heracleum sosnowskyi]	GO:0004721, GO:0005515, GO:0009742	Brassinosteroid signaling
1296	CcGene_24518	CcContig_115437	38104	39535	+	Secondary Metabolite	3460.1uncharacterized protein LOC108215431 [Daucus carota subsp. sativus]	GO:0000009, GO:0004376, GO:0005789, GO:0006506, GO:0031501	Synthesis of glycosylphosphatidylinositol (GPI)
1297	CcGene_25806	CcContig_035669	11930	14333	+	Secondary Metabolite	3133.1fructose-bisphosphate aldolase 1, chloroplastic [Apium graveolens]	GO:0004332, GO:0005829, GO:0006096, GO:0030388	Glycolysis; Cytosolic glycolysis; Plastid glycolysis
1298	CcGene_27988	CcContig_122477	70912	74214	+	Secondary Metabolite	0440.1ras-related protein Rab11D [Apium graveolens]	GO:0003924, GO:0005525, GO:0005768, GO:0016192	RAB geranylgeranylation; VxPx cargo-targeting to cilium; Anchoring of the basal body to the plasma membrane
1299	CcGene_10335	CcContig_111509	9002	10514	-	Secondary Metabolite	KAK1381774.1Tonoplast intrinsic protein 23 [Heracleum sosnowskyi]	GO:0006833, GO:0009705, GO:0015250, GO:0055085, GO:0005575, GO:0005622, GO:0005623, GO:0005737, GO:0006091, GO:0008150, GO:0008152, GO:0009507, GO:0009534, GO:0009535, GO:0009536, GO:0009579, GO:0009767, GO:0009773, GO:0009987, GO:0010598, GO:0015979, GO:0016020, GO:0019684, GO:0022900, GO:0031976, GO:0031984, GO:0032991, GO:0034357, GO:0042651, GO:0043226, GO:0043227, GO:0043229, GO:0043231, GO:0044237, GO:0044422, GO:0044424, GO:0044425, GO:0044434, GO:0044435, GO:0044436, GO:0044444, GO:0044446, GO:0044464, GO:0055035, GO:0055114, GO:0098796	Passive transport by Aquaporins
1300	CcGene_22754	CcContig_018534	9452	9904	+	Secondary Metabolite	KAL1827714.1hypothetical protein ACET3Z_006126 [Daucus carota]	GO:0003723, GO:0004525, GO:0005634, GO:0005737, GO:0030422	Small interfering RNA (siRNA) biogenesis
1301	CcGene_12999	CcContig_139268	2572	14007	+	Secondary Metabolite	4586.1pentatricopeptide repeat-containing protein At3g16610 [Daucus carota subsp. sativus]	GO:0005515, GO:0008270	Brassinosteroid signaling
1302	CcGene_06556	CcContig_007659	1251	6343	-	Secondary Metabolite	KAL1806811.1hypothetical protein ACET3Z_029879 [Daucus carota]	GO:0000105, GO:0004400, GO:0030170	Histidine biosynthesis I
1303	CcGene_29002	CcContig_061378	21308	23220	+	Secondary Metabolite	5922.1WAT1-related protein At1g21890 [Daucus carota subsp. sativus]	GO:0005886, GO:0022857	Intracellular auxin transport
1304	CcGene_10257	CcContig_046326	82960	86169	+	Secondary Metabolite	KAL1829474.1hypothetical protein ACET3Z_007886 [Daucus carota]	GO:0003978, GO:0005829, GO:0033499	Galactose catabolism; Galactose degradation II
1305	CcGene_15435	CcContig_099066	3269	8440	-	Secondary Metabolite	6219.1sodium/hydrogen exchanger 1 [Daucus carota subsp. sativus]	GO:0005886, GO:0015385, GO:0015386, GO:0051453, GO:0071805, GO:0098719, GO:1902600	TWIK-related spinal cord K+ channel (TRESK); TWIK related potassium channel (TREK); Tandem pore domain halothane-inhibited K+ channel (THIK); TWIK-releated acid-sensitive K+ channel (TASK); TWIK-related alkaline pH activated K+ channel (TALK)
1306	CcGene_16574	CcContig_146694	13055	16023	+	Secondary Metabolite	WOH16305.1hypothetical protein DCAR_0935856 [Daucus carota subsp. sativus]	GO:0000209, GO:0004842, GO:0005515	Antigen processing: Ubiquitination & Proteasome degradation
1307	CcGene_21312	CcContig_115571	8080	11148	+	Secondary Metabolite	4163.1S-sulfo-L-cysteine synthase (O-acetyl-L-serine-dependent), chloroplastic [Daucus carota subsp. sativus]	GO:0004124, GO:0005737, GO:0019344	Cysteine biosynthesis I
1308	CcGene_17713	CcContig_143115	6116	14193	+	Secondary Metabolite	NifU-like protein 3	GO:0004805, GO:0005829, GO:0005992, GO:0003674, GO:0005198, GO:0005488, GO:0005515, GO:0005575, GO:0005622, GO:0005623, GO:0005737, GO:0006091, GO:0008150, GO:0008152, GO:0009507, GO:0009532, GO:0009536, GO:0009570, GO:0009987, GO:0015979, GO:0016043, GO:0019684, GO:0022607, GO:0032947, GO:0034622, GO:0043226, GO:0043227, GO:0043229, GO:0043231, GO:0043933, GO:0044085, GO:0044237, GO:0044422, GO:0044424, GO:0044434, GO:0044435, GO:0044444, GO:0044446, GO:0044464, GO:0048564, GO:0065003, GO:0071840	Trehalose biosynthesis; Trehalose biosynthesis I
1309	CcGene_07994	CcContig_049367	25447	30076	-	Secondary Metabolite	4015.1metal tolerance protein C2 [Daucus carota subsp. sativus]	GO:0005385, GO:0005794, GO:0006829, GO:0006882, GO:0016020, GO:0055085	Zinc efflux and compartmentalization by the SLC30 family; Insulin processing
1310	CcGene_26992	CcContig_047120	10537	12809	-	Secondary Metabolite	KAL1809977.1hypothetical protein ACET3Z_026967 [Daucus carota]	GO:0005515	Peptidoglycan biosynthesis I
1311	CcGene_19998	CcContig_128650	6306	7201	+	Secondary Metabolite	Partner of Y14 and	GO:0000160, GO:0009736, GO:0005575, GO:0005622, GO:0005623, GO:0005634, GO:0005654, GO:0005730, GO:0005737, GO:0008150, GO:0009893, GO:0010468, GO:0010604, GO:0010628, GO:0019222, GO:0031974, GO:0031981, GO:0043226, GO:0043227, GO:0043228, GO:0043229, GO:0043231, GO:0043232, GO:0043233, GO:0044422, GO:0044424, GO:0044428, GO:0044446, GO:0044464, GO:0048518, GO:0050789, GO:0060255, GO:0065007, GO:0070013	Regulation of leaf development
1312	CcGene_25202	CcContig_116966	36758	38673	+	Secondary Metabolite	8437.1fructose-bisphosphate aldolase 1, chloroplastic [Daucus carota subsp. sativus]	GO:0004332, GO:0005829, GO:0006096, GO:0030388	Glycolysis; Cytosolic glycolysis; Plastid glycolysis
1313	CcGene_18994	CcContig_049000	21338	26015	-	Secondary Metabolite	CAO7639817.1unnamed protein product [Plectranthus ornatus]	GO:0000932, GO:0003724, GO:0003729, GO:0005524, GO:0010494, GO:0017148, GO:0033962, GO:0034063	mRNA decay by 5' to 3' exoribonuclease
1314	CcGene_24946	CcContig_073486	17220	29571	-	Secondary Metabolite	8366.1pantothenate kinase 2 [Daucus carota subsp. sativus]	GO:0004594, GO:0005524, GO:0005634, GO:0005829, GO:0015937	Coenzyme A biosynthesis
1315	CcGene_05348	CcContig_095098	6821	13949	-	Secondary Metabolite	KAL1807219.1hypothetical protein ACET3Z_030287 [Daucus carota]	GO:0004739, GO:0006086, GO:0043231	PDH complex synthesizes acetyl-CoA from PYR
1316	CcGene_10046	CcContig_102513	33065	34630	+	Secondary Metabolite	6025.1allene oxide cyclase, chloroplastic [Daucus carota subsp. sativus]	GO:0009695, GO:0046423	Jasmonic acid biosynthesis
1317	CcGene_14119	CcContig_054066	61035	77280	-	Secondary Metabolite	9796.1vanillin aminotransferase [Daucus carota subsp. sativus]	GO:0004015, GO:0009102, GO:0030170	Biotin biosynthesis II
1318	CcGene_27000	CcContig_053063	4082	11501	+	Secondary Metabolite	8113.1protein S-acyltransferase 24 [Daucus carota subsp. sativus]	GO:0000139, GO:0005515, GO:0016409, GO:0018345	Neddylation; Antigen processing: Ubiquitination & Proteasome degradation
1319	CcGene_15657	CcContig_118431	8639	10575	-	Secondary Metabolite	dual specificity protein phosphatase	GO:0005739, GO:0008379, GO:0034599, GO:0042744, GO:0045454, GO:0003674, GO:0003824, GO:0004439, GO:0004721, GO:0005575, GO:0005622, GO:0005623, GO:0005737, GO:0006464, GO:0006470, GO:0006793, GO:0006796, GO:0006807, GO:0008138, GO:0008150, GO:0008152, GO:0009987, GO:0016311, GO:0016787, GO:0016788, GO:0016791, GO:0019538, GO:0034593, GO:0034595, GO:0036211, GO:0042578, GO:0043170, GO:0043226, GO:0043227, GO:0043229, GO:0043231, GO:0043412, GO:0044237, GO:0044238, GO:0044260, GO:0044267, GO:0044424, GO:0044444, GO:0044464, GO:0052866, GO:0071704, GO:0106019, GO:0140096, GO:1901564	Detoxification of Reactive Oxygen Species
1320	CcGene_27228	CcContig_103354	9374	11152	+	Secondary Metabolite	8685.1zinc transporter 11 [Daucus carota subsp. sativus]	GO:0005385, GO:0016020, GO:0071577	Zinc efflux and compartmentalization by the SLC30 family; Zinc influx into cells by the SLC39 gene family
1321	CcGene_11330	CcContig_145595	13398	17899	-	Secondary Metabolite	4370.1acetyl-CoA acetyltransferase 2 [Daucus carota subsp. sativus]	GO:0003985, GO:0005739, GO:0006635	Beta oxidation of lauroyl-CoA to decanoyl-CoA-CoA; Beta oxidation of palmitoyl-CoA to myristoyl-CoA; Mitochondrial Fatty Acid Beta-Oxidation; Beta oxidation of myristoyl-CoA to lauroyl-CoA; Beta oxidation of hexanoyl-CoA to butanoyl-CoA; Beta oxidation of octanoyl-CoA to hexanoyl-CoA; Beta oxidation of decanoyl-CoA to octanoyl-CoA-CoA
1322	CcGene_20516	CcContig_092807	9938	10842	-	Secondary Metabolite	3910.1caffeic acid 3-O-methyltransferase-like [Daucus carota subsp. sativus]	GO:0008171, GO:0008757, GO:0032259, GO:0046983	Methylation
1323	CcGene_25990	CcContig_093066	2408	6585	+	Secondary Metabolite	2503.1receptor protein-tyrosine kinase CEPR1 [Daucus carota subsp. sativus]	GO:0005515	RND2 GTPase cycle; Anther and pollen development
1324	CcGene_02250	CcContig_126344	14948	20717	-	Secondary Metabolite	9262.1chloride channel protein CLC-c [Daucus carota subsp. sativus]	GO:0005247, GO:0006821, GO:0009705, GO:0055085	ABC-family proteins mediated transport
1325	CcGene_06495	CcContig_073306	10474	16304	+	Flavonoids & Phenylpropanoids	7045.1bifunctional 3-dehydroquinate dehydratase/shikimate dehydrogenase, chloroplastic isoform X2 [Daucus carota subsp. sativus]	GO:0003855, GO:0004764, GO:0009423, GO:0019632, GO:0050661	Chorismate via Shikimate Pathway; Chorismate biosynthesis
1326	CcGene_00103	CcContig_114380	13856	15131	+	Secondary Metabolite	7841.1phosphopantothenate--cysteine ligase 2-like [Apium graveolens]	GO:0004632, GO:0005634, GO:0005737, GO:0015937	Coenzyme A biosynthesis
1327	CcGene_05002	CcContig_060080	21426	23051	+	Secondary Metabolite	9901.1putative serine/threonine-protein kinase PBL23 isoform X1 [Apium graveolens]	GO:0004672, GO:0005524, GO:0006468	Interleukin-1 signaling; PI5P, PP2A and IER3 Regulate PI3K/AKT Signaling; Recognition of fungal and bacterial pathogens and immunity response
1328	CcGene_06023	CcContig_049360	54858	60051	-	Secondary Metabolite	2732.1formin-like protein 20 isoform X2 [Daucus carota subsp. sativus]	GO:0003779, GO:0005856, GO:0030036	RHOQ GTPase cycle; RHOG GTPase cycle; RAC2 GTPase cycle; RHOD GTPase cycle; RAC3 GTPase cycle; RHO GTPases Activate Formins; RHOF GTPase cycle; RHOC GTPase cycle; RHOA GTPase cycle; RAC1 GTPase cycle; CDC42 GTPase cycle; RHOB GTPase cycle; Development of root hair
1329	CcGene_03411	CcContig_034284	17617	22826	-	Secondary Metabolite	KAK1371592.1Cellulose synthase [Heracleum sosnowskyi]	GO:0005802, GO:0005886, GO:0009833, GO:0016760, GO:0030244	Cellulose biosynthesis
1330	CcGene_07000	CcContig_109820	27426	29421	+	Secondary Metabolite	9107.1thioredoxin-like protein HCF164, chloroplastic [Daucus carota subsp. sativus]	GO:0009535, GO:0010190, GO:0016671	Interconversion of nucleotide di- and triphosphates; TP53 Regulates Metabolic Genes; Oxidative Stress Induced Senescence; Detoxification of Reactive Oxygen Species; The NLRP3 inflammasome
1331	CcGene_22275	CcContig_106296	6832	11051	+	Secondary Metabolite	4397.1cell division control protein 2 homolog A [Daucus carota subsp. sativus]	GO:0000082, GO:0000307, GO:0004693, GO:0005524, GO:0005634, GO:0005737, GO:0006468, GO:0007165, GO:0010389, GO:0010468, GO:0030332, GO:0051445	AURKA Activation by TPX2
1332	CcGene_05014	CcContig_100530	70748	72462	-	Secondary Metabolite	2008.1protein HOTHEAD-like [Apium graveolens]	GO:0016614, GO:0050660	Choline catabolism
1333	CcGene_27216	CcContig_143012	4387	7324	-	Secondary Metabolite	4873.1abscisic acid 8'-hydroxylase CYP707A1 [Daucus carota subsp. sativus]	GO:0005506, GO:0010295, GO:0016125, GO:0020037	Endogenous sterols
1334	CcGene_08017	CcContig_141747	55568	61433	-	Secondary Metabolite	KAK1385291.1Vacuolar proton pump subunit B [Heracleum sosnowskyi]	GO:0005524, GO:0007035, GO:0033180, GO:0046034, GO:0046961, GO:1902600	Transferrin endocytosis and recycling; ROS and RNS production in phagocytes; Insulin receptor recycling; Amino acids regulate mTORC1; Ion channel transport
1335	CcGene_20627	CcContig_092504	21153	23468	+	Secondary Metabolite	7908.1fructose-bisphosphate aldolase 1, cytoplasmic [Daucus carota subsp. sativus]	GO:0004332, GO:0005829, GO:0006096, GO:0030388	Glycolysis; Cytosolic glycolysis; Plastid glycolysis
1336	CcGene_03331	CcContig_056448	39703	50906	-	Secondary Metabolite	WOG92145.1hypothetical protein DCAR_0311405 [Daucus carota subsp. sativus]	GO:0003723, GO:0004525, GO:0005524, GO:0005634, GO:0005737, GO:0030422	Small interfering RNA (siRNA) biogenesis
1337	CcGene_20805	CcContig_106146	27297	28820	+	Secondary Metabolite	KAL1806449.1hypothetical protein ACET3Z_029517 [Daucus carota]	GO:0004165, GO:0005777, GO:0006635	mitochondrial fatty acid beta-oxidation of unsaturated fatty acids
1338	CcGene_21991	CcContig_137307	55794	66128	+	Secondary Metabolite	KAK1400556.1histone-lysine N-methyltransferase ATX2-like [Heracleum sosnowskyi]	GO:0000785, GO:0005515, GO:0006357	RUNX1 regulates genes involved in megakaryocyte differentiation and platelet function; RUNX1 regulates transcription of genes involved in differentiation of HSCs; Formation of WDR5-containing histone-modifying complexes; Response to cold temperature
1339	CcGene_08772	CcContig_109185	17940	20092	-	Secondary Metabolite	4353.1two-pore potassium channel 5 [Daucus carota subsp. sativus]	GO:0005509, GO:0005886, GO:0009705, GO:0015271, GO:0022841, GO:0030322, GO:0071805	HCN channels; TWIK-related spinal cord K+ channel (TRESK); Voltage gated Potassium channels; TWIK related potassium channel (TREK); Tandem pore domain halothane-inhibited K+ channel (THIK); TWIK-releated acid-sensitive K+ channel (TASK); TWIK-related alkaline pH activated K+ channel (TALK)
1340	CcGene_12867	CcContig_116897	90941	93065	-	Secondary Metabolite	KAL1834575.1hypothetical protein ACET3Z_004226 [Daucus carota]	GO:0005385, GO:0005886, GO:0071577	Zinc efflux and compartmentalization by the SLC30 family; Zinc influx into cells by the SLC39 gene family
1341	CcGene_03863	CcContig_016258	10067	16072	-	Secondary Metabolite	6696.1imidazoleglycerol-phosphate dehydratase, chloroplastic [Daucus carota subsp. sativus]	GO:0000105, GO:0004424	Histidine biosynthesis I
1342	CcGene_29464	CcContig_096608	28038	36664	-	Secondary Metabolite	KAL1830478.1hypothetical protein ACET3Z_000129 [Daucus carota]	GO:0016255, GO:0042765	Attachment of GPI anchor to uPAR
1343	CcGene_05017	CcContig_047836	9226	12928	+	Secondary Metabolite	Plastid-lipid-associated protein	GO:0000785, GO:0005634, GO:0006338, GO:0010468, GO:0034647, GO:0001101, GO:0005575, GO:0005622, GO:0005623, GO:0005737, GO:0005739, GO:0006950, GO:0008150, GO:0009266, GO:0009314, GO:0009409, GO:0009414, GO:0009415, GO:0009416, GO:0009507, GO:0009526, GO:0009532, GO:0009534, GO:0009535, GO:0009536, GO:0009570, GO:0009579, GO:0009628, GO:0009642, GO:0009644, GO:0009719, GO:0009725, GO:0009737, GO:0009892, GO:0010033, GO:0010035, GO:0010109, GO:0010205, GO:0010287, GO:0010319, GO:0016020, GO:0019222, GO:0031323, GO:0031324, GO:0031967, GO:0031975, GO:0031976, GO:0031977, GO:0031984, GO:0033993, GO:0034357, GO:0042221, GO:0042548, GO:0042651, GO:0043155, GO:0043226, GO:0043227, GO:0043229, GO:0043231, GO:0043467, GO:0044422, GO:0044424, GO:0044434, GO:0044435, GO:0044436, GO:0044444, GO:0044446, GO:0044464, GO:0048519, GO:0048523, GO:0050789, GO:0050794, GO:0050896, GO:0055035, GO:0065007, GO:0097305, GO:1901700, GO:1905156	TFAP2 (AP-2) family regulates transcription of cell cycle factors; Reproductive meristem phase change
1344	CcGene_22333	CcContig_114494	21714	26521	+	Secondary Metabolite	8122.1ubiquitin-conjugating enzyme E2 7 [Daucus carota subsp. sativus]	GO:0000209, GO:0006511, GO:0061631	Antigen processing: Ubiquitination & Proteasome degradation
1345	CcGene_18817	CcContig_135385	6425	11661	-	Secondary Metabolite	7780.1isocitrate dehydrogenase [NAD] regulatory subunit 1, mitochondrial [Daucus carota subsp. sativus]	GO:0004449, GO:0005739, GO:0006099, GO:0006102	Citric acid cycle (TCA cycle); The tricarboxylic acid cycle; TCA cycle (plant)
1346	CcGene_02818	CcContig_134057	23917	25867	+	Secondary Metabolite	Reverse transcriptase-like	GO:0005385, GO:0005886, GO:0071577	Zinc efflux and compartmentalization by the SLC30 family; Zinc influx into cells by the SLC39 gene family
1347	CcGene_00386	CcContig_128468	77413	82555	-	Secondary Metabolite	9212.1uncharacterized protein LOC141698419 [Apium graveolens]	GO:0004591, GO:0005739, GO:0006099, GO:0030976, GO:0045252	Citric acid cycle (TCA cycle)
1348	CcGene_21471	CcContig_118921	13818	14330	-	Secondary Metabolite	KAL8125227.1hypothetical protein AgCh_012779 [Apium graveolens]	GO:0006809, GO:0009703, GO:0042128, GO:0071949	Nitrate assimilation
1349	CcGene_19349	CcContig_105086	1039	2414	+	Secondary Metabolite	7033.2probable pyruvate kinase, cytosolic isozyme [Daucus carota subsp. sativus]	GO:0000287, GO:0004743, GO:0005737, GO:0006096, GO:0030955	Glycolysis; Cytosolic glycolysis; Plastid glycolysis
1350	CcGene_01248	CcContig_118002	34119	38043	+	Secondary Metabolite	KAL1803612.1hypothetical protein ACET3Z_032259 [Daucus carota]	GO:0000398, GO:0003723, GO:0003724, GO:0005524, GO:0005634, GO:0016787	mRNA Splicing - Major Pathway
1351	CcGene_04925	CcContig_111692	37176	41936	+	Secondary Metabolite	KAL1829512.1hypothetical protein ACET3Z_007924 [Daucus carota]	GO:0006574, GO:0008442, GO:0050661, GO:0051287	Valine degradation
1352	CcGene_18015	CcContig_117893	8061	10830	-	Secondary Metabolite	KAL1819331.1hypothetical protein ACET3Z_014200 [Daucus carota]		Secologanin and strictosidine biosynthesis; IAA biosynthesis I; Hydroxycinnamic acid serotonin amides biosynthesis
1353	CcGene_22775	CcContig_092963	13189	18638	-	Secondary Metabolite	7925.1aspartokinase 2, chloroplastic isoform X2 [Daucus carota subsp. sativus]	GO:0004072, GO:0005829, GO:0009090, GO:0009570	Homoserine biosynthesis
1354	CcGene_01826	CcContig_126352	131041	137032	-	Secondary Metabolite	4927.1thioredoxin reductase NTRC [Daucus carota subsp. sativus]	GO:0004791, GO:0005737, GO:0019430, GO:0045454	Cell redox homeostasis
1355	CcGene_27895	CcContig_004574	93874	97658	+	Secondary Metabolite	9042.1uncharacterized protein LOC108204223 [Daucus carota subsp. sativus]	GO:0003723, GO:0008168, GO:0032259	Methylation
1356	CcGene_02447	CcContig_106097	29877	33438	-	Alkaloid Biosynthesis	2327.1anthranilate phosphoribosyltransferase, chloroplastic [Daucus carota subsp. sativus]	GO:0000162, GO:0004048, GO:0005829	Tryptophan biosynthesis
1357	CcGene_10201	CcContig_145766	30653	32758	+	Secondary Metabolite	7752.1uncharacterized protein LOC108227222 [Daucus carota subsp. sativus]	GO:0003684, GO:0006303, GO:0035312, GO:0036297	Fanconi Anemia Pathway
1358	CcGene_10461	CcContig_062565	4600	9726	-	Secondary Metabolite	KAL1805725.1hypothetical protein ACET3Z_028793 [Daucus carota]	GO:0005524, GO:0015421, GO:0016020, GO:0016887, GO:0055085	ABC-family proteins mediated transport
1359	CcGene_04967	CcContig_127144	14043	15579	-	Secondary Metabolite	WOH15526.1hypothetical protein DCAR_0935067 [Daucus carota subsp. sativus]	GO:0008757, GO:0032259	Methylation
1360	CcGene_17564	CcContig_102162	150202	152187	-	Secondary Metabolite	1364.1wax ester synthase/diacylglycerol acyltransferase 5 [Daucus carota subsp. sativus]	GO:0004144, GO:0005886, GO:0019432	Triglyceride biosynthesis
1361	CcGene_03712	CcContig_128698	14366	19279	+	Secondary Metabolite	5677.1homocysteine S-methyltransferase 2 [Daucus carota subsp. sativus]	GO:0008270, GO:0008898, GO:0033528	S-methylmethionine cycle
1362	CcGene_01854	CcContig_047314	11203	17513	-	Secondary Metabolite	KAL1824866.1hypothetical protein ACET3Z_011644 [Daucus carota]	GO:0005802, GO:0005886, GO:0009833, GO:0016760, GO:0030244	Cellulose biosynthesis
1363	CcGene_26994	CcContig_047334	26602	30011	+	Secondary Metabolite	KAL1803339.1hypothetical protein ACET3Z_031986 [Daucus carota]	GO:0003700, GO:0006355, GO:0043565	Salicylic acid signaling
1364	CcGene_28938	CcContig_119672	9716	18078	-	Secondary Metabolite	2768.1ATP-dependent 6-phosphofructokinase 5, chloroplastic [Daucus carota subsp. sativus]	GO:0003872, GO:0005524, GO:0005737, GO:0006002, GO:0006096	Glycolysis; Cytosolic glycolysis; Plastid glycolysis
1365	CcGene_17872	CcContig_117193	16778	18761	+	Secondary Metabolite	KAL1831596.1hypothetical protein ACET3Z_001247 [Daucus carota]	GO:0005506, GO:0010295, GO:0016125, GO:0020037	Endogenous sterols
1366	CcGene_14102	CcContig_033204	22567	26992	+	Secondary Metabolite	0426.1DNA-(apurinic or apyrimidinic site) endonuclease, chloroplastic isoform X1 [Daucus carota subsp. sativus]	GO:0003677, GO:0003906, GO:0005634, GO:0006284, GO:0008081, GO:0008311	Abasic sugar-phosphate removal via the single-nucleotide replacement pathway
1367	CcGene_03015	CcContig_110583	16383	20170	+	Secondary Metabolite	9599.1double-stranded RNA-binding protein 1 isoform X2 [Daucus carota subsp. sativus]	GO:0003725, GO:0004525, GO:0005634, GO:0006396, GO:0010468	Interferon alpha/beta signaling
1368	CcGene_29699	CcContig_047054	39948	42337	-	Secondary Metabolite	0514.1cationic amino acid transporter 1 [Daucus carota subsp. sativus]	GO:0005313, GO:0005886, GO:0006865, GO:0015189, GO:0055085	Amino acid transport across the plasma membrane; Miscellaneous transport and binding events
1369	CcGene_04002	CcContig_111129	93950	96017	+	Secondary Metabolite	KAL1823288.1hypothetical protein ACET3Z_010066 [Daucus carota]	GO:0000079, GO:0000307, GO:0005634, GO:0005737, GO:0016538, GO:0044772	Regulation of MITF-M-dependent genes involved in cell cycle and proliferation; Nuclear events stimulated by ALK signaling in cancer; Polo-like kinase mediated events; Cell cycle regulation
1370	CcGene_01651	CcContig_128803	4335	9865	-	Secondary Metabolite	WOG82653.1hypothetical protein DCAR_0101819 [Daucus carota subsp. sativus]	GO:0000166, GO:0000724, GO:0003677, GO:0003887, GO:0005634, GO:0016035, GO:0042276	Translesion synthesis by POLK; Translesion synthesis by REV1; Translesion synthesis by POLI
1371	CcGene_21590	CcContig_006393	21225	25864	-	Secondary Metabolite	KAL1820784.1hypothetical protein ACET3Z_015653 [Daucus carota]	GO:0004623, GO:0006654, GO:0042171, GO:0055088	Synthesis of PA
1372	CcGene_16803	CcContig_130962	34291	36578	+	Secondary Metabolite	1609.1malate dehydrogenase, cytoplasmic [Daucus carota subsp. sativus]	GO:0006099, GO:0006107, GO:0006108, GO:0030060	The tricarboxylic acid cycle; Citric acid cycle (TCA cycle); TCA cycle (plant)
1373	CcGene_07899	CcContig_093554	48227	55482	-	Secondary Metabolite	9224.1SAL1 phosphatase [Daucus carota subsp. sativus]	GO:0000103, GO:0008441	Sulfate assimilation
1374	CcGene_23996	CcContig_051964	21926	38391	-	Secondary Metabolite	8880.1cysteine synthase, chloroplastic/chromoplastic [Apium graveolens]	GO:0004124, GO:0005737, GO:0009567, GO:0009860, GO:0019344	Cysteine synthesis from O-acetylserine; Cysteine biosynthesis I
1375	CcGene_07205	CcContig_097207	34975	42797	-	Secondary Metabolite	KAK1384992.1hypothetical protein POM88_022727 [Heracleum sosnowskyi]	GO:0005267, GO:0005509, GO:0016020, GO:0071805	HCN channels; TWIK-related spinal cord K+ channel (TRESK); TWIK related potassium channel (TREK); Tandem pore domain halothane-inhibited K+ channel (THIK); TWIK-releated acid-sensitive K+ channel (TASK); TWIK-related alkaline pH activated K+ channel (TALK)
1376	CcGene_13998	CcContig_102344	20857	25430	+	Secondary Metabolite	WOH16276.1hypothetical protein DCAR_0935826 [Daucus carota subsp. sativus]	GO:0046872, GO:1900150	Flavin biosynthesis
1377	CcGene_09999	CcContig_127501	23891	30433	-	Secondary Metabolite	8572.1uncharacterized protein LOC108219576 [Daucus carota subsp. sativus]	GO:0001113, GO:0005673	RNA Polymerase II Pre-transcription Events; RNA Polymerase II Transcription Initiation; RNA polymerase II transcribes snRNA genes; RNA Polymerase II Transcription Pre-Initiation And Promoter Opening; RNA Polymerase II Promoter Escape
1378	CcGene_10181	CcContig_035754	12088	13028	+	Secondary Metabolite	9800.1uncharacterized protein LOC115710713 [Cannabis sativa]	GO:0000723, GO:0003678, GO:0006281	Fanconi Anemia Pathway in DNA repair
1379	CcGene_15778	CcContig_009961	1603	14276	+	Secondary Metabolite	1248.1E3 ubiquitin-protein ligase UPL1 [Daucus carota subsp. sativus]	GO:0000209, GO:0004842, GO:0005515	Antigen processing: Ubiquitination & Proteasome degradation
1380	CcGene_29025	CcContig_102389	9925	16276	-	Alkaloid Biosynthesis	0402.1anthranilate synthase alpha subunit 2, chloroplastic isoform X1 [Daucus carota subsp. sativus]	GO:0000162, GO:0004049	Tryptophan biosynthesis
1381	CcGene_04025	CcContig_087864	13259	17438	-	Secondary Metabolite	7576.1probable LRR receptor-like serine/threonine-protein kinase At2g16250 [Daucus carota subsp. sativus]	GO:0004672, GO:0005515, GO:0005524, GO:0006468	Interleukin-1 signaling; Anther and pollen development
1382	CcGene_01036	CcContig_004581	9858	12085	-	Secondary Metabolite	6971.1desiccation protectant protein Lea14 homolog [Daucus carota subsp. sativus]	GO:0005829, GO:0009269	HSFA7/ HSFA6B-regulatory network-induced by drought and ABA.
1383	CcGene_25676	CcContig_098944	1150	1774	-	Secondary Metabolite	WOH12209.1hypothetical protein DCAR_0831710 [Daucus carota subsp. sativus]	GO:0003676, GO:0005634, GO:0006397, GO:0006511, GO:0008270, GO:0016567, GO:0061630	E3 ubiquitin ligases ubiquitinate target proteins
1384	CcGene_18590	CcContig_110579	256041	256486	+	Secondary Metabolite	KAK1360301.1RING-box protein 1a [Heracleum sosnowskyi]	GO:0005634, GO:0006511, GO:0008270, GO:0016567, GO:0031461, GO:0061630, GO:0097602	E3 ubiquitin ligases ubiquitinate target proteins
1385	CcGene_15130	CcContig_005643	21861	45279	-	Secondary Metabolite	8515.1E3 ubiquitin-protein ligase UPL6 [Daucus carota subsp. sativus]	GO:0000209, GO:0006511, GO:0061630	Antigen processing: Ubiquitination & Proteasome degradation
1386	CcGene_20369	CcContig_110961	55778	58012	-	Secondary Metabolite	KAL8147173.1hypothetical protein AgCh_004772 [Apium graveolens]	GO:0003676, GO:0003887, GO:0003964, GO:0004519, GO:0006278, GO:0006313, GO:0015074, GO:0016787	Minus-strand DNA synthesis; Plus-strand DNA synthesis
1387	CcGene_20012	CcContig_003659	12254	15082	-	Lipid & Polyketide Metabolism	5176.1protein BONZAI 1 [Daucus carota subsp. sativus]	GO:0005544, GO:0005886, GO:0071277	Glycerophospholipid biosynthesis; Neutrophil degranulation
1388	CcGene_15969	CcContig_115439	14285	14744	+	Secondary Metabolite	9021.1beta-carotene isomerase D27, chloroplastic [Daucus carota subsp. sativus]	GO:0005506, GO:0009536, GO:0016859, GO:1901601	Strigolactone biosynthesis
1389	CcGene_16848	CcContig_109763	15986	19501	+	Secondary Metabolite	WOG88411.1hypothetical protein DCAR_0207646 [Daucus carota subsp. sativus]	GO:0004069, GO:0006520, GO:0008793, GO:0009058, GO:0030170	Amino acid metabolism
1390	CcGene_13370	CcContig_127900	21534	25587	+	Secondary Metabolite	KAK1381639.1putative E3 ubiquitin-protein ligase ORTHRUS 2 [Heracleum sosnowskyi]	GO:0016567, GO:0046872, GO:0061630	E3 ubiquitin ligases ubiquitinate target proteins
1391	CcGene_27766	CcContig_049323	36345	38093	-	Secondary Metabolite	7483.1fructose-bisphosphate aldolase 5, cytosolic [Apium graveolens]	GO:0004332, GO:0005829, GO:0006096, GO:0030388	Glycolysis; Cytosolic glycolysis; Plastid glycolysis
1392	CcGene_24824	CcContig_047420	5987	10357	-	Secondary Metabolite	plasma membrane ATPase	GO:0004807, GO:0005829, GO:0006094, GO:0006096, GO:0019563, GO:0046166, GO:0003674, GO:0003824, GO:0005215, GO:0005575, GO:0005622, GO:0005623, GO:0005737, GO:0005773, GO:0005774, GO:0005886, GO:0006810, GO:0006811, GO:0006812, GO:0008150, GO:0008324, GO:0008553, GO:0015075, GO:0015077, GO:0015078, GO:0015318, GO:0015399, GO:0015405, GO:0015662, GO:0015672, GO:0016020, GO:0016462, GO:0016787, GO:0016817, GO:0016818, GO:0016887, GO:0017111, GO:0019829, GO:0022804, GO:0022853, GO:0022857, GO:0022890, GO:0031090, GO:0034220, GO:0036442, GO:0042623, GO:0042625, GO:0042626, GO:0043226, GO:0043227, GO:0043229, GO:0043231, GO:0043492, GO:0044422, GO:0044424, GO:0044437, GO:0044444, GO:0044446, GO:0044464, GO:0051179, GO:0051234, GO:0055085, GO:0071944, GO:0090662, GO:0098588, GO:0098655, GO:0098660, GO:0098662, GO:0098805, GO:0099131, GO:0099132, GO:1902600	Gluconeogenesis; Glycolysis; Cytosolic glycolysis; Plastid glycolysis
1393	CcGene_14882	CcContig_122424	15010	19540	+	Secondary Metabolite	KAL1827937.1hypothetical protein ACET3Z_006349 [Daucus carota]	GO:0005886, GO:0006865, GO:0015171, GO:0055085	Amino acid transport across the plasma membrane
1394	CcGene_18690	CcContig_080259	22042	24685	-	Secondary Metabolite	KAK1373069.1Beta-carotene isomerase [Heracleum sosnowskyi]	GO:0005506, GO:0009536, GO:0016859, GO:1901601	Strigolactone biosynthesis
1395	CcGene_06144	CcContig_116618	23178	25065	+	Secondary Metabolite	KAK1390519.1serine/arginine-rich SC35-like splicing factor SCL28 [Heracleum sosnowskyi]	GO:0000398, GO:0003723, GO:0005737, GO:0016607	mRNA Splicing - Major Pathway
1396	CcGene_11010	CcContig_137672	27872	31493	-	Secondary Metabolite	Squamosa promoter-binding-like protein	GO:0015031, GO:0032588, GO:0055038, GO:0003674, GO:0005488, GO:0005515, GO:0005575, GO:0005622, GO:0005623, GO:0005634, GO:0005654, GO:0006355, GO:0006950, GO:0007154, GO:0008150, GO:0009267, GO:0009605, GO:0009889, GO:0009987, GO:0009991, GO:0010468, GO:0010556, GO:0016604, GO:0016607, GO:0019219, GO:0019222, GO:0031323, GO:0031326, GO:0031667, GO:0031668, GO:0031669, GO:0031974, GO:0031981, GO:0033554, GO:0035874, GO:0040008, GO:0042594, GO:0042802, GO:0042803, GO:0043226, GO:0043227, GO:0043229, GO:0043231, GO:0043233, GO:0044422, GO:0044424, GO:0044428, GO:0044446, GO:0044451, GO:0044464, GO:0046983, GO:0048638, GO:0050789, GO:0050793, GO:0050794, GO:0050896, GO:0051171, GO:0051252, GO:0051716, GO:0060255, GO:0065007, GO:0070013, GO:0071496, GO:0080090, GO:0120126, GO:1903506, GO:2000112, GO:2001141	Neutrophil degranulation; Calvin cycle
1397	CcGene_16000	CcContig_003332	1572	4563	-	Secondary Metabolite	RNA recognition motif	GO:0016567, GO:0016740, GO:0001101, GO:0002376, GO:0003674, GO:0003676, GO:0003723, GO:0003727, GO:0003729, GO:0005488, GO:0005575, GO:0005622, GO:0005623, GO:0005737, GO:0006950, GO:0006952, GO:0006955, GO:0008150, GO:0008187, GO:0008266, GO:0009266, GO:0009409, GO:0009507, GO:0009526, GO:0009532, GO:0009534, GO:0009535, GO:0009536, GO:0009570, GO:0009579, GO:0009628, GO:0009631, GO:0009719, GO:0009725, GO:0009737, GO:0009892, GO:0009894, GO:0009895, GO:0009941, GO:0010033, GO:0010319, GO:0010468, GO:0010605, GO:0010608, GO:0016020, GO:0019219, GO:0019222, GO:0031323, GO:0031324, GO:0031329, GO:0031330, GO:0031967, GO:0031975, GO:0031976, GO:0031984, GO:0033993, GO:0034357, GO:0042221, GO:0042651, GO:0043226, GO:0043227, GO:0043229, GO:0043231, GO:0043487, GO:0043489, GO:0044422, GO:0044424, GO:0044434, GO:0044435, GO:0044436, GO:0044444, GO:0044446, GO:0044464, GO:0045087, GO:0045934, GO:0048519, GO:0048523, GO:0050789, GO:0050794, GO:0050896, GO:0051171, GO:0051172, GO:0051252, GO:0051253, GO:0055035, GO:0060255, GO:0065007, GO:0065008, GO:0080090, GO:0097159, GO:0097305, GO:1901363, GO:1901700, GO:1902369	Antigen processing: Ubiquitination & Proteasome degradation; Primary root development
1398	CcGene_14015	CcContig_095707	47881	51117	-	Secondary Metabolite	6029.1leucine--tRNA ligase, cytoplasmic [Daucus carota subsp. sativus]	GO:0002161, GO:0004823, GO:0005524, GO:0006429	Transcriptional and post-translational regulation of MITF-M expression and activity
1399	CcGene_01866	CcContig_103993	121064	122598	-	Secondary Metabolite	0459.1probable aquaporin TIP3-2 [Daucus carota subsp. sativus]	GO:0006833, GO:0015250, GO:0016020, GO:0055085	Passive transport by Aquaporins
1400	CcGene_24455	CcContig_127557	54781	59249	+	Secondary Metabolite	2082.1uncharacterized protein LOC108218842 isoform X5 [Daucus carota subsp. sativus]	GO:0000723, GO:0003678, GO:0006281	Fanconi Anemia Pathway in DNA repair
1401	CcGene_23655	CcContig_117643	28462	29402	-	Secondary Metabolite	Belongs to the formin-like family	GO:0000723, GO:0003678, GO:0006281	Fanconi Anemia Pathway in DNA repair
1402	CcGene_04883	CcContig_001050	4563	11194	+	Secondary Metabolite	0132.1aspartate aminotransferase, cytoplasmic [Daucus carota subsp. sativus]	GO:0004069, GO:0005739, GO:0006520, GO:0009058, GO:0030170	Amino acid metabolism
1403	CcGene_11000	CcContig_053160	476	2580	-	Secondary Metabolite	KAK1398202.1putative wall-associated receptor kinase-like 16 [Heracleum sosnowskyi]	GO:0004674, GO:0005509, GO:0005524, GO:0005886, GO:0006468, GO:0007166, GO:0030247	Interleukin-1 signaling; PI5P, PP2A and IER3 Regulate PI3K/AKT Signaling; Root-specific gene network of NAC10_TF induced by drought, salinity, and ABA; Response to Drought
1404	CcGene_03300	CcContig_046925	71792	72076	+	Secondary Metabolite	2053.1L-lactate dehydrogenase B [Daucus carota subsp. sativus]	GO:0004459, GO:0006089, GO:0006090	Pyruvate metabolism
1405	CcGene_28101	CcContig_085602	11562	17389	-	Secondary Metabolite	0156.1uncharacterized protein LOC108204961 [Daucus carota subsp. sativus]	GO:0003937, GO:0004643, GO:0005829, GO:0006189	De novo synthesis of IMP
1406	CcGene_12680	CcContig_112413	10773	12882	-	Secondary Metabolite	6656.1uncharacterized protein LOC108209951 [Daucus carota subsp. sativus]	GO:0003723, GO:0004521, GO:0005515, GO:0005737, GO:0035194	Post-transcriptional silencing by small RNAs
1407	CcGene_24996	CcContig_059840	18164	20960	-	Secondary Metabolite	KAL1807062.1hypothetical protein ACET3Z_030130 [Daucus carota]	GO:0003700, GO:0005634, GO:0006355, GO:0046983	Gibberellin signaling; Brassinosteroid signaling
1408	CcGene_00036	CcContig_133600	554	1075	+	Secondary Metabolite	KAK1393386.1putative serine/threonine-protein kinase family [Heracleum sosnowskyi]	GO:0004672, GO:0005524, GO:0006468	PI5P, PP2A and IER3 Regulate PI3K/AKT Signaling; Interleukin-1 signaling; Recognition of fungal and bacterial pathogens and immunity response
1409	CcGene_27998	CcContig_122477	5394	8116	+	Secondary Metabolite	0675.1ras-related protein RABH1e [Daucus carota subsp. sativus]	GO:0003924, GO:0005525, GO:0016192	TBC/RABGAPs; COPI-independent Golgi-to-ER retrograde traffic; Retrograde transport at the Trans-Golgi-Network; Neutrophil degranulation; RAB GEFs exchange GTP for GDP on RABs; RAB geranylgeranylation; Regulatory network of nutrient accumulation
1410	CcGene_24621	CcContig_118358	6622	9252	-	Secondary Metabolite	2867.1chloride channel protein CLC-c [Daucus carota subsp. sativus]	GO:0005247, GO:0006821, GO:0009705, GO:0055085	ABC-family proteins mediated transport
1411	CcGene_14997	CcContig_130614	15332	17234	+	Flavonoids & Phenylpropanoids	WOG99277.1hypothetical protein DCAR_0518625 [Daucus carota subsp. sativus]		Flavonoid biosynthesis
1412	CcGene_15008	CcContig_049825	14114	18987	-	Secondary Metabolite	Nuclear transport factor 2 (NTF2) domain	GO:0004674, GO:0005524, GO:0005886, GO:0006468, GO:0007166, GO:0003674, GO:0003676, GO:0003723, GO:0003729, GO:0005488, GO:0005575, GO:0005622, GO:0005623, GO:0005737, GO:0006464, GO:0006508, GO:0006807, GO:0006914, GO:0008150, GO:0008152, GO:0009056, GO:0009987, GO:0010494, GO:0016236, GO:0016579, GO:0019538, GO:0032386, GO:0032879, GO:0032991, GO:0034517, GO:0035770, GO:0035973, GO:0036211, GO:0036464, GO:0043021, GO:0043170, GO:0043226, GO:0043228, GO:0043229, GO:0043232, GO:0043412, GO:0044237, GO:0044238, GO:0044248, GO:0044260, GO:0044267, GO:0044424, GO:0044444, GO:0044464, GO:0044877, GO:0050789, GO:0050794, GO:0051049, GO:0060341, GO:0060627, GO:0060628, GO:0061912, GO:0061919, GO:0065007, GO:0070646, GO:0070647, GO:0071704, GO:0097159, GO:1901363, GO:1901564, GO:1905538, GO:1990861, GO:1990904	Interleukin-1 signaling; PI5P, PP2A and IER3 Regulate PI3K/AKT Signaling; Root-specific gene network of NAC10_TF induced by drought, salinity, and ABA; Response to Drought
1413	CcGene_02964	CcContig_121680	89160	92261	-	Secondary Metabolite	KAL1820918.1hypothetical protein ACET3Z_015787 [Daucus carota]	GO:0004618, GO:0005524, GO:0005829, GO:0006094, GO:0006096, GO:0043531	Gluconeogenesis; Glycolysis; Cytosolic glycolysis; Plastid glycolysis
1414	CcGene_28156	CcContig_145952	18662	26598	-	Secondary Metabolite	3229.1protein argonaute 10 isoform X2 [Daucus carota subsp. sativus]	GO:0003723, GO:0004521, GO:0005515, GO:0005737, GO:0035194	Post-transcriptional silencing by small RNAs
1415	CcGene_17325	CcContig_135930	140164	147989	-	Secondary Metabolite	WOH06387.1hypothetical protein DCAR_0625813 [Daucus carota subsp. sativus]	GO:0004735, GO:0055129	Proline biosynthesis I; Proline biosynthesis V (from arginine)
1416	CcGene_02002	CcContig_144226	38675	39750	+	Secondary Metabolite	KAL1834953.1hypothetical protein ACET3Z_004604 [Daucus carota]	GO:0008168, GO:0015267, GO:0016020, GO:0032259, GO:0055085	Methylation; Arsenic uptake and detoxification
1417	CcGene_15158	CcContig_117919	45470	51400	+	Secondary Metabolite	9717.1pyruvate dehydrogenase E1 component subunit beta-1, mitochondrial [Daucus carota subsp. sativus]	GO:0004739, GO:0006086	PDH complex synthesizes acetyl-CoA from PYR
1418	CcGene_21982	CcContig_111481	70002	73015	-	Terpenoid Biosynthesis	KAL1820427.1hypothetical protein ACET3Z_015296 [Daucus carota]	GO:0008661, GO:0016114	Insulin effects increased synthesis of Xylulose-5-Phosphate; Pentose phosphate pathway; Methylerythritol phosphate pathway; Thiamine biosynthesis; Pyridoxal 5'-phosphate biosynthesis
1419	CcGene_07801	CcContig_011250	11913	14858	+	Secondary Metabolite	2651.1probable alpha,alpha-trehalose-phosphate synthase [UDP-forming] 10 [Daucus carota subsp. sativus]	GO:0004805, GO:0005829, GO:0005992	Trehalose biosynthesis; Trehalose biosynthesis I
1420	CcGene_26149	CcContig_132343	5494	6933	+	Secondary Metabolite	0297.1peroxiredoxin-2 [Daucus carota subsp. sativus]	GO:0005737, GO:0008379, GO:0034599, GO:0042744, GO:0045454	Detoxification of Reactive Oxygen Species
1421	CcGene_26396	CcContig_092686	91046	93779	-	Secondary Metabolite	6402.1succinate dehydrogenase assembly factor 2, mitochondrial [Daucus carota subsp. sativus]	GO:0005739, GO:0006099, GO:0006121, GO:0018293, GO:0034553	Citric acid cycle (TCA cycle)
1422	CcGene_06092	CcContig_110876	57341	64224	-	Secondary Metabolite	KAL1807759.1hypothetical protein ACET3Z_024749 [Daucus carota]	GO:0003684, GO:0005654, GO:0005829, GO:0006289, GO:0031593, GO:0043130, GO:0043161, GO:0070628	Dual Incision in GG-NER
1423	CcGene_11873	CcContig_132276	33050	40413	+	Secondary Metabolite	8389.1IAA-alanine resistance protein 1 [Daucus carota subsp. sativus]	GO:0005385, GO:0006882, GO:0016020, GO:0071577	Zinc efflux and compartmentalization by the SLC30 family; Zinc influx into cells by the SLC39 gene family
1424	CcGene_09792	CcContig_112454	4933	8187	+	Secondary Metabolite	KAL1808788.1hypothetical protein ACET3Z_025778 [Daucus carota]	GO:0004801, GO:0005737, GO:0005975, GO:0006098	Pentose phosphate pathway
1425	CcGene_05988	CcContig_093051	31860	33701	+	Secondary Metabolite	9279.1homocysteine S-methyltransferase 1-like [Daucus carota subsp. sativus]	GO:0008898, GO:0033528	S-methylmethionine cycle
1426	CcGene_21617	CcContig_116449	3833	17841	+	Secondary Metabolite	4224.1vanillin aminotransferase [Daucus carota subsp. sativus]	GO:0004015, GO:0009102, GO:0030170	Biotin biosynthesis II
1427	CcGene_02314	CcContig_144884	21849	22878	+	Secondary Metabolite	Belongs to the peroxidase family. Classical plant (class III) peroxidase subfamily	GO:0009506, GO:0009507, GO:0009853, GO:0016984, GO:0019253, GO:0003674, GO:0003824, GO:0004601, GO:0005575, GO:0005618, GO:0005622, GO:0005623, GO:0005737, GO:0005773, GO:0005911, GO:0008150, GO:0008152, GO:0009505, GO:0009636, GO:0009664, GO:0009987, GO:0016020, GO:0016043, GO:0016209, GO:0016491, GO:0016684, GO:0030054, GO:0030312, GO:0042221, GO:0043226, GO:0043227, GO:0043229, GO:0043231, GO:0044424, GO:0044444, GO:0044464, GO:0045229, GO:0050896, GO:0051716, GO:0055044, GO:0055114, GO:0070887, GO:0071554, GO:0071555, GO:0071669, GO:0071840, GO:0071944, GO:0097237, GO:0098754, GO:0098869, GO:1990748	Calvin cycle; Photorespiration
1428	CcGene_12344	CcContig_109847	13979	29230	+	Secondary Metabolite	9465.1methylmalonate-semialdehyde dehydrogenase [acylating], mitochondrial isoform X3 [Daucus carota subsp. sativus]	GO:0004491, GO:0005739, GO:0006210, GO:0006574, GO:0018478	Valine degradation
1429	CcGene_02848	CcContig_048012	27968	29510	-	Secondary Metabolite	5822.1probable methyltransferase TCM_000336 [Daucus carota subsp. sativus]	GO:0008757, GO:0032259	Methylation
1430	CcGene_03858	CcContig_121298	23021	25387	-	Secondary Metabolite	Dynamin family	GO:0005366, GO:0015798, GO:0016020, GO:0016740, GO:0055085, GO:0000003, GO:0002682, GO:0002683, GO:0002831, GO:0002832, GO:0003006, GO:0005575, GO:0005622, GO:0005623, GO:0005737, GO:0006996, GO:0007275, GO:0008150, GO:0009507, GO:0009526, GO:0009527, GO:0009536, GO:0009657, GO:0009668, GO:0009707, GO:0009791, GO:0009941, GO:0009987, GO:0010027, GO:0010228, GO:0010363, GO:0010941, GO:0016043, GO:0019867, GO:0022414, GO:0031090, GO:0031347, GO:0031348, GO:0031967, GO:0031968, GO:0031969, GO:0031975, GO:0032101, GO:0032102, GO:0032501, GO:0032502, GO:0034051, GO:0042170, GO:0043067, GO:0043069, GO:0043226, GO:0043227, GO:0043229, GO:0043231, GO:0043900, GO:0043901, GO:0044422, GO:0044424, GO:0044434, GO:0044435, GO:0044444, GO:0044446, GO:0044464, GO:0045088, GO:0045824, GO:0048519, GO:0048523, GO:0048583, GO:0048585, GO:0048608, GO:0048731, GO:0048856, GO:0050776, GO:0050777, GO:0050789, GO:0050794, GO:0060548, GO:0061024, GO:0061458, GO:0065007, GO:0071840, GO:0080134, GO:0080135, GO:0098588, GO:0098805, GO:1900424, GO:1900425, GO:1902477, GO:1902478	Inositol transporters
1431	CcGene_08195	CcContig_124956	93485	93958	+	Secondary Metabolite	7355.1glucosamine 6-phosphate N-acetyltransferase [Daucus carota subsp. sativus]	GO:0004343, GO:0005783, GO:0005793, GO:0005794, GO:0006048, GO:0048029	Synthesis of UDP-N-acetyl-glucosamine
1432	CcGene_24005	CcContig_127727	5059	6048	-	Secondary Metabolite	KAK1377914.1RING-type E3 ubiquitin transferase [Heracleum sosnowskyi]	GO:0004842, GO:0016567	Recognition of fungal and bacterial pathogens and immunity response
1433	CcGene_18000	CcContig_138209	81455	82612	-	Secondary Metabolite	KAL1833370.1hypothetical protein ACET3Z_003021 [Daucus carota]	GO:0000981, GO:0003677, GO:0006355	HATs acetylate histones; Regulation of embryo development
1434	CcGene_25008	CcContig_117514	37993	42342	+	Secondary Metabolite	7004.1WD repeat-containing protein 26 homolog [Daucus carota subsp. sativus]	GO:0005515	Regulation of pyruvate metabolism
1435	CcGene_21348	CcContig_107183	31442	32637	-	Secondary Metabolite	KAB1768517.1hypothetical protein FKQ75_29760 [Klebsiella pneumoniae]	GO:0009506, GO:0009507, GO:0009853, GO:0016984, GO:0019253	Calvin cycle; Photorespiration
1436	CcGene_09010	CcContig_118213	66335	85853	+	Secondary Metabolite	1405.1kinesin-like protein KIN-7K, chloroplastic isoform X1 [Daucus carota subsp. sativus]	GO:0003777, GO:0005524, GO:0007018, GO:0008017	COPI-dependent Golgi-to-ER retrograde traffic; Separation of Sister Chromatids; Amplification  of signal from unattached  kinetochores via a MAD2  inhibitory signal; RHO GTPases Activate Formins; Resolution of Sister Chromatid Cohesion; Kinesins; EML4 and NUDC in mitotic spindle formation
1437	CcGene_05016	CcContig_047836	3688	5036	-	Secondary Metabolite	KAK1398235.1Acyl-coenzyme A oxidase 4, peroxisomal [Heracleum sosnowskyi]	GO:0003995, GO:0005777, GO:0006635	Beta oxidation of lauroyl-CoA to decanoyl-CoA-CoA; Beta oxidation of palmitoyl-CoA to myristoyl-CoA; Mitochondrial Fatty Acid Beta-Oxidation; Beta oxidation of myristoyl-CoA to lauroyl-CoA; mitochondrial fatty acid beta-oxidation of unsaturated fatty acids; Beta oxidation of butanoyl-CoA to acetyl-CoA; Beta oxidation of hexanoyl-CoA to butanoyl-CoA; Beta oxidation of octanoyl-CoA to hexanoyl-CoA; Beta oxidation of decanoyl-CoA to octanoyl-CoA-CoA; Lysine catabolism; Beta-alanine biosynthesis II
1438	CcGene_20398	CcContig_059126	52078	52952	+	Secondary Metabolite	KAK1366882.1S-adenosylmethionine decarboxylase proenzyme [Heracleum sosnowskyi]	GO:0004014, GO:0005829, GO:0006597, GO:0008295	Spermidine biosynthesis; Spermine biosynthesis
1439	CcGene_15017	CcContig_140629	61990	62537	-	Secondary Metabolite	KAK1403874.1Polyadenylate-binding protein [Heracleum sosnowskyi]	GO:0000209, GO:0003723, GO:0005634, GO:0005737, GO:0034450, GO:0090263	Deadenylation of mRNA; L13a-mediated translational silencing of Ceruloplasmin expression; Antigen processing: Ubiquitination & Proteasome degradation; AUF1 (hnRNP D0) binds and destabilizes mRNA; Degradation of AXIN; Nonsense Mediated Decay (NMD) enhanced by the Exon Junction Complex (EJC); Nonsense Mediated Decay (NMD) independent of the Exon Junction Complex (EJC); Translation initiation complex formation
1440	CcGene_12064	CcContig_122838	27148	28628	-	Secondary Metabolite	KAK1371937.1Caffeic acid 3-O-methyltransferase [Heracleum sosnowskyi]	GO:0008171, GO:0008757, GO:0032259, GO:0046983	Methylation
1441	CcGene_08938	CcContig_124589	44279	45514	+	Secondary Metabolite	WOG87418.1hypothetical protein DCAR_0206642 [Daucus carota subsp. sativus]	GO:0005385, GO:0005773, GO:0005886, GO:0071577	Zinc efflux and compartmentalization by the SLC30 family; Zinc influx into cells by the SLC39 gene family
1442	CcGene_22985	CcContig_005069	26778	30335	+	Secondary Metabolite	KAL1823028.1hypothetical protein ACET3Z_009806 [Daucus carota]	GO:0006890, GO:0060628, GO:0070939	COPI-dependent Golgi-to-ER retrograde traffic
1443	CcGene_21337	CcContig_101929	3728	7375	-	Secondary Metabolite	KAK1384255.1ATP-dependent DNA helicase [Heracleum sosnowskyi]	GO:0000723, GO:0006281, GO:0043139	Fanconi Anemia Pathway in DNA repair
1444	CcGene_09573	CcContig_096080	9605	12697	-	Secondary Metabolite	7400.1glutamyl-tRNA reductase 2 [Daucus carota subsp. sativus]	GO:0008883, GO:0033014, GO:0050661	Tetrapyrrole biosynthesis I
1445	CcGene_10656	CcContig_046747	28867	34955	+	Secondary Metabolite	KAL1814982.1hypothetical protein ACET3Z_017556 [Daucus carota]	GO:0004521, GO:0004674, GO:0005515, GO:0005524, GO:0006397, GO:0006468, GO:0036498, GO:0070059, GO:1990604	IRE1alpha activates chaperones
1446	CcGene_14001	CcContig_102344	55864	60000	-	Secondary Metabolite	6886.1protein NRT1/ PTR FAMILY 1.2 [Daucus carota subsp. sativus]	GO:0005886, GO:0022857, GO:0055085	Neutrophil degranulation; Toll Like Receptor 9 (TLR9) Cascade; Proton/oligopeptide cotransporters; SLC15A4:TASL-dependent IRF5 activation
1447	CcGene_01021	CcContig_001900	14965	25033	+	Secondary Metabolite	KAO0366838.1L-galactose dehydrogenase [Mangifera indica]	GO:0000287, GO:0004427, GO:0005829, GO:0006796, GO:0010349, GO:0019853	Cytosolic tRNA aminoacylation; Pyrophosphate hydrolysis; Ascorbate biosynthesis
1448	CcGene_05023	CcContig_143185	17027	21088	-	Secondary Metabolite	BAO79382.1hypothetical plant O-methyltransferase [Anthriscus sylvestris]	GO:0008171, GO:0008757, GO:0032259, GO:0046983	Methylation; Serotonin and melatonin biosynthesis; Tricin biosynthesis
1449	CcGene_04395	CcContig_047669	75286	82466	+	Secondary Metabolite	(-)-germacrene D synthase-like	GO:0004149, GO:0005739, GO:0006099, GO:0045252	Citric acid cycle (TCA cycle)
1450	CcGene_22434	CcContig_106269	71371	79063	+	Secondary Metabolite	4798.1cellulose synthase A catalytic subunit 1 [UDP-forming] [Daucus carota subsp. sativus]	GO:0005802, GO:0005886, GO:0009833, GO:0016760, GO:0030244	Cellulose biosynthesis
1451	CcGene_02671	CcContig_138695	14781	18326	+	Secondary Metabolite	6625.1fructose-bisphosphate aldolase 1, chloroplastic [Daucus carota subsp. sativus]	GO:0004332, GO:0005829, GO:0006096, GO:0030388	Glycolysis; Cytosolic glycolysis; Plastid glycolysis
1452	CcGene_23016	CcContig_034538	35817	39787	-	Secondary Metabolite	2017.1probable alpha,alpha-trehalose-phosphate synthase [UDP-forming] 7 [Daucus carota subsp. sativus]	GO:0004805, GO:0005829, GO:0005992	Trehalose biosynthesis; Trehalose biosynthesis I
1453	CcGene_06940	CcContig_117742	18671	21768	+	Secondary Metabolite	WOG95280.1hypothetical protein DCAR_0414592 [Daucus carota subsp. sativus]	GO:0016567, GO:0046872, GO:0061630	E3 ubiquitin ligases ubiquitinate target proteins
1454	CcGene_22994	CcContig_074763	55810	57652	+	Secondary Metabolite	4432.1small ribosomal subunit protein uS2 [Daucus carota subsp. sativus]	GO:0000028, GO:0002181, GO:0003735, GO:0022627, GO:0030686	Nonsense Mediated Decay (NMD) independent of the Exon Junction Complex (EJC); Nonsense Mediated Decay (NMD) enhanced by the Exon Junction Complex (EJC); SRP-dependent cotranslational protein targeting to membrane; Ribosomal scanning and start codon recognition; GTP hydrolysis and joining of the 60S ribosomal subunit; Formation of the ternary complex, and subsequently, the 43S complex; Formation of a pool of free 40S subunits; Translation initiation complex formation
1455	CcGene_11386	CcContig_111701	9895	16848	+	Secondary Metabolite	0382.1allantoinase isoform X1 [Daucus carota subsp. sativus]	GO:0000256, GO:0004038, GO:0005737, GO:0006145, GO:0008270, GO:0050897	Allantoin degradation
1456	CcGene_17848	CcContig_055124	32000	35544	-	Secondary Metabolite	3531.1putative helicase CHR10 isoform X3 [Apium graveolens]	GO:0003678, GO:0006281, GO:0006338	Fanconi Anemia Pathway in DNA repair
1457	CcGene_01794	CcContig_094200	40614	44249	-	Secondary Metabolite	KAK1396807.1putative Binding protein [Heracleum sosnowskyi]	GO:0006511, GO:0016567, GO:0061630	E3 ubiquitin ligases ubiquitinate target proteins
1458	CcGene_29798	CcContig_094985	15933	19528	+	Secondary Metabolite	KAL1804214.1hypothetical protein ACET3Z_032861 [Daucus carota]	GO:0005802, GO:0005886, GO:0009833, GO:0016760, GO:0030244	Cellulose biosynthesis
1459	CcGene_13870	CcContig_133957	15330	22556	+	Secondary Metabolite	8975.2uncharacterized protein LOC108228024 [Daucus carota subsp. sativus]	GO:0004806, GO:0005737, GO:0005811, GO:0016020, GO:0019433, GO:0055088	Triglyceride catabolism
1460	CcGene_01033	CcContig_143171	11204	16668	+	Secondary Metabolite	stay-green	GO:0004775, GO:0004776, GO:0005739, GO:0006099, GO:0009361, GO:0005575, GO:0005622, GO:0005623, GO:0005737, GO:0009507, GO:0009526, GO:0009532, GO:0009536, GO:0009570, GO:0009941, GO:0016020, GO:0031090, GO:0031967, GO:0031969, GO:0031975, GO:0042170, GO:0043226, GO:0043227, GO:0043229, GO:0043231, GO:0044422, GO:0044424, GO:0044434, GO:0044435, GO:0044444, GO:0044446, GO:0044464	Citric acid cycle (TCA cycle); The tricarboxylic acid cycle; TCA cycle (plant)
1461	CcGene_21013	CcContig_005816	5661	9154	+	Secondary Metabolite	3123.2DNA polymerase epsilon catalytic subunit A [Daucus carota subsp. sativus]	GO:0006259	Activation of pre-replication complex; DNA replication Initiation
1462	CcGene_04024	CcContig_087864	65024	68026	+	Secondary Metabolite	KAL1813067.1hypothetical protein ACET3Z_023132 [Daucus carota]	GO:0005515, GO:0005739	Intracellular auxin transport
1463	CcGene_21003	CcContig_142885	11050	13451	+	Secondary Metabolite	KAL8156784.1hypothetical protein AgCh_001768 [Apium graveolens]	GO:0003677, GO:0003700, GO:0006355, GO:0009873	Underwater shoot and internode elongation
1464	CcGene_17811	CcContig_125356	197849	202003	+	Secondary Metabolite	KAK1370607.1serine/arginine-rich SC35-like splicing factor SCL28 [Heracleum sosnowskyi]	GO:0000398, GO:0003723, GO:0005737, GO:0016607	mRNA Splicing - Major Pathway
1465	CcGene_06987	CcContig_047423	58194	59491	+	Secondary Metabolite	0677.1heavy metal-associated isoprenylated plant protein 31 [Daucus carota subsp. sativus]	GO:0046872	SNAC1 transcription network involved in drought and salinity tolerance; Response to Drought
1466	CcGene_08240	CcContig_024939	11280	13634	-	Lipid & Polyketide Metabolism	4574.1glycolipid transfer protein 1 [Apium graveolens]	GO:0005829, GO:0016020, GO:0035627, GO:0120009, GO:1902387, GO:1902388	Glycosphingolipid transport
1467	CcGene_27490	CcContig_099395	5513	8618	+	Secondary Metabolite	7334.1elongation factor 1-alpha [Daucus carota subsp. sativus]	GO:0003746, GO:0003924, GO:0005525, GO:0006414	Eukaryotic Translation Elongation; Translation elongation
1468	CcGene_24216	CcContig_112707	52027	55405	-	Secondary Metabolite	9192.1ornithine transcarbamylase, chloroplastic [Daucus carota subsp. sativus]	GO:0004585, GO:0006591, GO:0016597, GO:0019240, GO:0043231	Citrulline biosynthesis
1469	CcGene_17926	CcContig_109762	9068	9907	-	Secondary Metabolite	Calcium-dependent protein kinase	GO:0005737, GO:0008379, GO:0034599, GO:0042744, GO:0045454, GO:0001101, GO:0003674, GO:0003824, GO:0004672, GO:0004674, GO:0004683, GO:0005488, GO:0005515, GO:0005516, GO:0005575, GO:0005622, GO:0005623, GO:0005634, GO:0005783, GO:0005789, GO:0006464, GO:0006468, GO:0006793, GO:0006796, GO:0006807, GO:0007154, GO:0007165, GO:0008150, GO:0008152, GO:0009719, GO:0009725, GO:0009737, GO:0009738, GO:0009755, GO:0009931, GO:0009987, GO:0010033, GO:0010857, GO:0012505, GO:0016020, GO:0016301, GO:0016310, GO:0016740, GO:0016772, GO:0016773, GO:0018105, GO:0018193, GO:0018209, GO:0019538, GO:0023052, GO:0031984, GO:0032870, GO:0033993, GO:0035556, GO:0036211, GO:0042175, GO:0042221, GO:0043170, GO:0043226, GO:0043227, GO:0043229, GO:0043231, GO:0043412, GO:0044237, GO:0044238, GO:0044260, GO:0044267, GO:0044422, GO:0044424, GO:0044425, GO:0044432, GO:0044444, GO:0044446, GO:0044464, GO:0046777, GO:0050789, GO:0050794, GO:0050896, GO:0051716, GO:0065007, GO:0070887, GO:0071215, GO:0071229, GO:0071310, GO:0071396, GO:0071495, GO:0071704, GO:0097305, GO:0097306, GO:0098827, GO:0140096, GO:1901564, GO:1901700, GO:1901701	Detoxification of Reactive Oxygen Species
1470	CcGene_26429	CcContig_046775	26007	27519	-	Secondary Metabolite	KAL6200882.1hypothetical protein ACLB2K_024597 [Fragaria x ananassa]	GO:0005366, GO:0015798, GO:0016020, GO:0055085	Inositol transporters
1471	CcGene_23097	CcContig_046803	22096	24772	+	Terpenoid Biosynthesis	1605.14-hydroxy-3-methylbut-2-enyl diphosphate reductase, chloroplastic-like isoform X2 [Daucus carota subsp. sativus]	GO:0019288, GO:0046872, GO:0050992, GO:0051745	Methylerythritol phosphate pathway
1472	CcGene_29498	CcContig_124616	18433	21072	+	Secondary Metabolite	3212.1sedoheptulose-1,7-bisphosphatase, chloroplastic [Daucus carota subsp. sativus]	GO:0005737, GO:0005986, GO:0006000, GO:0006002, GO:0006094, GO:0030388, GO:0042132	Gluconeogenesis
1473	CcGene_02985	CcContig_005071	26402	32441	-	Secondary Metabolite	WOG87663.1hypothetical protein DCAR_0206894 [Daucus carota subsp. sativus]	GO:0003723, GO:0004525, GO:0005634, GO:0005737, GO:0030422	Small interfering RNA (siRNA) biogenesis
1474	CcGene_28738	CcContig_098414	9382	13126	+	Secondary Metabolite	8320.1ferrochelatase-1, chloroplastic/mitochondrial [Daucus carota subsp. sativus]	GO:0004325, GO:0005739, GO:0006783	Heme biosynthesis; Heme synthesis
1475	CcGene_19011	CcContig_147312	15562	19465	+	Secondary Metabolite	Aux IAA proteins are short-lived transcriptional factors that function as repressors of early auxin response genes at low auxin concentrations	GO:0048544, GO:0003674, GO:0003700, GO:0006355, GO:0008150, GO:0009719, GO:0009725, GO:0009733, GO:0009889, GO:0010033, GO:0010200, GO:0010243, GO:0010468, GO:0010556, GO:0019219, GO:0019222, GO:0031323, GO:0031326, GO:0042221, GO:0042493, GO:0050789, GO:0050794, GO:0050896, GO:0051171, GO:0051252, GO:0060255, GO:0065007, GO:0080090, GO:0140110, GO:1901698, GO:1901700, GO:1903506, GO:2000112, GO:2001141	Recognition of fungal and bacterial pathogens and immunity response
1476	CcGene_26462	CcContig_047213	37735	41725	+	Lipid & Polyketide Metabolism	0663.1accelerated cell death 11 isoform X1 [Daucus carota subsp. sativus]	GO:0005829, GO:0016020, GO:0035627, GO:0120009, GO:1902387, GO:1902388	Glycosphingolipid transport
1477	CcGene_23265	CcContig_138903	7965	14303	-	Secondary Metabolite	9438.1carbon catabolite repressor protein 4 homolog 1 isoform X1 [Daucus carota subsp. sativus]	GO:0000289, GO:0004535, GO:0005634, GO:0005737, GO:0030014	Deadenylation of mRNA
1478	CcGene_02014	CcContig_095206	10777	12410	+	Secondary Metabolite	1139.12-oxoglutarate-dependent dioxygenase DAO [Daucus carota subsp. sativus]	GO:0016706	Gibberellin biosynthesis III (early C-13 hydroxylation); Gibberellin biosynthesis I (non C-3, non C-13 hydroxylation)
1479	CcGene_19987	CcContig_095102	165083	166273	-	Secondary Metabolite	KAL8101079.1hypothetical protein AgCh_033092 [Apium graveolens]	GO:0003676, GO:0004523	HSFA7/ HSFA6B-regulatory network-induced by drought and ABA.
1480	CcGene_05004	CcContig_047530	17306	18905	-	Secondary Metabolite	0861.1cytochrome P450 734A1-like [Apium graveolens]	GO:0004497, GO:0005506, GO:0016705, GO:0020037	Synthesis of Leukotrienes (LT) and Eoxins (EX); Eicosanoids; Fatty acids; Miscellaneous substrates; Synthesis of (16-20)-hydroxyeicosatetraenoic acids (HETE); Trans-zeatin biosynthesis
1481	CcGene_07917	CcContig_046662	1422	3432	+	Secondary Metabolite	KDO75915.1hypothetical protein CISIN_1g025880mg [Citrus sinensis]	GO:0016567, GO:0061630	E3 ubiquitin ligases ubiquitinate target proteins
1482	CcGene_26788	CcContig_047867	19809	23023	+	Secondary Metabolite	KAL1813040.1hypothetical protein ACET3Z_023105 [Daucus carota]	GO:0005739, GO:0006099, GO:0006108, GO:0030060	Citric acid cycle (TCA cycle); The tricarboxylic acid cycle; TCA cycle (plant)
1483	CcGene_17976	CcContig_130992	43721	51165	+	Flavonoids & Phenylpropanoids	KAK1355504.1Chorismate synthase [Heracleum sosnowskyi]	GO:0004107, GO:0005829, GO:0009073, GO:0009423, GO:0010181	Chorismate via Shikimate Pathway; Chorismate biosynthesis
1484	CcGene_09992	CcContig_123914	4213	7593	-	Secondary Metabolite	KAK1364930.1Serine/threonine-protein phosphatase [Heracleum sosnowskyi]	GO:0004722, GO:0005634, GO:0005737	Regulation of PLK1 Activity at G2/M Transition; RHO GTPases activate PKNs; RHO GTPases activate PAKs; RAF activation; Gibberellin signaling; Jasmonic acid signaling
1485	CcGene_20812	CcContig_048684	3979	5927	+	Secondary Metabolite	5818.1uncharacterized protein LOC108225463 [Daucus carota subsp. sativus]	GO:0000079, GO:0005675, GO:0006281, GO:0006357	Fanconi Anemia Pathway in DNA repair
1486	CcGene_02227	CcContig_103879	44228	57267	+	Secondary Metabolite	7802.1diacylglycerol O-acyltransferase 1 isoform X1 [Daucus carota subsp. sativus]	GO:0004144, GO:0005789, GO:0009941, GO:0019432	Triglyceride biosynthesis
1487	CcGene_20931	CcContig_096961	935	5166	-	Secondary Metabolite	KAK1355855.1Cellulose synthase [Heracleum sosnowskyi]	GO:0005802, GO:0005886, GO:0009833, GO:0016760, GO:0030244	Cellulose biosynthesis
1488	CcGene_08504	CcContig_110062	12509	14705	+	Secondary Metabolite	5340.1ABC transporter B family member 3 [Daucus carota subsp. sativus]	GO:0005524, GO:0015421, GO:0016020, GO:0016887, GO:0055085	ABC-family proteins mediated transport
1489	CcGene_01275	CcContig_093178	25820	32919	-	Secondary Metabolite	KAK1375987.1Malic enzyme [Heracleum sosnowskyi]	GO:0004473, GO:0006090, GO:0006108, GO:0009507, GO:0051287	Pyruvate metabolism
1490	CcGene_16435	CcContig_026606	14982	20835	+	Secondary Metabolite	KAL1815015.1hypothetical protein ACET3Z_017589 [Daucus carota]	GO:0000398, GO:0003723, GO:0005654, GO:0005737, GO:0061574	mRNA Splicing - Major Pathway
1491	CcGene_06038	CcContig_118201	21150	23816	-	Secondary Metabolite	1751.1inositol transporter 4 [Daucus carota subsp. sativus]	GO:0005366, GO:0015798, GO:0016020, GO:0055085	Inositol transporters
1492	CcGene_26212	CcContig_040726	28995	34246	-	Secondary Metabolite	8418.1DEAD-box ATP-dependent RNA helicase 42 [Daucus carota subsp. sativus]	GO:0000398, GO:0003676, GO:0003724, GO:0005524, GO:0005634	mRNA Splicing - Major Pathway
1493	CcGene_26995	CcContig_138775	4185	6388	-	Secondary Metabolite	Belongs to the TRAFAC class dynamin-like GTPase superfamily. Dynamin Fzo YdjA family	GO:0046983, GO:0000266, GO:0003674, GO:0003824, GO:0003924, GO:0005488, GO:0005515, GO:0005575, GO:0005622, GO:0005623, GO:0005737, GO:0005739, GO:0005773, GO:0005774, GO:0005856, GO:0005886, GO:0005911, GO:0006810, GO:0006950, GO:0006952, GO:0006996, GO:0007005, GO:0008017, GO:0008092, GO:0008150, GO:0009506, GO:0009524, GO:0009605, GO:0009607, GO:0009620, GO:0009987, GO:0010035, GO:0010038, GO:0015631, GO:0016020, GO:0016043, GO:0016192, GO:0016462, GO:0016787, GO:0016817, GO:0016818, GO:0017111, GO:0030054, GO:0031090, GO:0042221, GO:0043207, GO:0043226, GO:0043227, GO:0043228, GO:0043229, GO:0043231, GO:0043232, GO:0044422, GO:0044424, GO:0044437, GO:0044444, GO:0044446, GO:0044464, GO:0046686, GO:0048285, GO:0050832, GO:0050896, GO:0051179, GO:0051234, GO:0051704, GO:0051707, GO:0055044, GO:0071840, GO:0071944, GO:0098542, GO:0098588, GO:0098805	Jasmonic acid signaling
1494	CcGene_21929	CcContig_005648	17486	22658	-	Secondary Metabolite	KAK1379703.1cell division control protein 2-like [Heracleum sosnowskyi]	GO:0000082, GO:0000307, GO:0004693, GO:0005524, GO:0005634, GO:0005737, GO:0006468, GO:0007165, GO:0010389, GO:0010468, GO:0030332, GO:0051445	AURKA Activation by TPX2
1495	CcGene_03234	CcContig_046861	23182	30124	-	Secondary Metabolite	7617.1chloride channel protein CLC-c [Daucus carota subsp. sativus]	GO:0005247, GO:0006821, GO:0009705, GO:0055085	ABC-family proteins mediated transport
1496	CcGene_10313	CcContig_122858	7709	10109	-	Secondary Metabolite	KAK1389811.1Serine hydroxymethyltransferase [Heracleum sosnowskyi]	GO:0004372, GO:0005737, GO:0006565, GO:0008270, GO:0030170, GO:0035999, GO:0046655, GO:0050897, GO:0070905	Metabolism of folate and pterines
1497	CcGene_28985	CcContig_057748	16955	18821	+	Secondary Metabolite	9128.1large ribosomal subunit protein uL2x [Daucus carota subsp. sativus]	GO:0002181, GO:0003723, GO:0003735, GO:0022625	Nonsense Mediated Decay (NMD) enhanced by the Exon Junction Complex (EJC); Nonsense Mediated Decay (NMD) independent of the Exon Junction Complex (EJC); GTP hydrolysis and joining of the 60S ribosomal subunit; Protein hydroxylation; SRP-dependent cotranslational protein targeting to membrane; Major pathway of rRNA processing in the nucleolus and cytosol; L13a-mediated translational silencing of Ceruloplasmin expression; Formation of a pool of free 40S subunits
1498	CcGene_14389	CcContig_000884	13499	15803	+	Secondary Metabolite	KAL1824040.1hypothetical protein ACET3Z_010818 [Daucus carota]	GO:0004144, GO:0005886, GO:0019432	Triglyceride biosynthesis
1499	CcGene_10646	CcContig_098971	40018	43045	+	Alkaloid Biosynthesis	0220.1tryptophan synthase beta chain 1 [Apium graveolens]	GO:0000162, GO:0004834, GO:0009570	Tryptophan biosynthesis
1500	CcGene_26541	CcContig_002160	12844	13449	+	Secondary Metabolite	KAK1379008.1Dihydrolipoyllysine-residue succinyltransferase [Heracleum sosnowskyi]	GO:0004149, GO:0005739, GO:0006099, GO:0045252	Citric acid cycle (TCA cycle)
1501	CcGene_00257	CcContig_133941	19618	22679	+	Secondary Metabolite	2622.1E3 ubiquitin-protein ligase AIRP2 isoform X1 [Daucus carota subsp. sativus]	GO:0005829, GO:0016567, GO:0061630	E3 ubiquitin ligases ubiquitinate target proteins
1502	CcGene_22412	CcContig_004159	24027	29315	+	Secondary Metabolite	5829.1protein argonaute 2 [Daucus carota subsp. sativus]	GO:0003723, GO:0004521, GO:0005515, GO:0005737, GO:0035194	Post-transcriptional silencing by small RNAs
1503	CcGene_04011	CcContig_055691	31397	33970	+	Secondary Metabolite	7317.1probable inactive receptor kinase At1g48480 [Daucus carota subsp. sativus]	GO:0004672, GO:0005524, GO:0006468	Interleukin-1 signaling; PI5P, PP2A and IER3 Regulate PI3K/AKT Signaling; Anther and pollen development
1504	CcGene_14998	CcContig_130614	8498	11665	-	Secondary Metabolite	9845.1uncharacterized protein LOC108220555 [Daucus carota subsp. sativus]	GO:0005509	CLEC7A (Dectin-1) induces NFAT activation; FCERI mediated Ca+2 mobilization; Ca2+ pathway
1505	CcGene_22230	CcContig_131508	9963	11147	-	Secondary Metabolite	oberon 3	GO:0005737, GO:0016567, GO:0061630, GO:0001708, GO:0007275, GO:0007389, GO:0008150, GO:0009653, GO:0009790, GO:0009880, GO:0009888, GO:0009933, GO:0009987, GO:0010014, GO:0030154, GO:0032501, GO:0032502, GO:0045165, GO:0048507, GO:0048532, GO:0048856, GO:0048869, GO:0090421	E3 ubiquitin ligases ubiquitinate target proteins
1506	CcGene_25084	CcContig_009881	12200	15169	-	Secondary Metabolite	KAL1830882.1hypothetical protein ACET3Z_000533 [Daucus carota]	GO:0004069, GO:0006520, GO:0008793, GO:0009058, GO:0030170	Amino acid metabolism
1507	CcGene_02003	CcContig_144226	20460	26743	+	Secondary Metabolite	KAL1808767.1hypothetical protein ACET3Z_025757 [Daucus carota]	GO:0005634	SUMOylation of DNA damage response and repair proteins; G2/M DNA damage checkpoint; Processing of DNA double-strand break ends; Recruitment and ATM-mediated phosphorylation of repair and signaling proteins at DNA double strand breaks; Nonhomologous End-Joining (NHEJ)
1508	CcGene_06021	CcContig_049360	10436	14508	+	Secondary Metabolite	CEN-like protein	GO:0000160, GO:0005515, GO:0009736, GO:0000003, GO:0003006, GO:0007275, GO:0008150, GO:0009791, GO:0009908, GO:0010228, GO:0022414, GO:0032501, GO:0032502, GO:0048367, GO:0048608, GO:0048731, GO:0048856, GO:0061458, GO:0090567	Short day regulated expression of florigens; Long day regulated expression of florigens
1509	CcGene_11302	CcContig_046987	12814	16840	+	Secondary Metabolite	methyl-cpg-binding	GO:0000209, GO:0004842, GO:0005515, GO:0003674, GO:0005488, GO:0005575, GO:0005622, GO:0005623, GO:0005634, GO:0019899, GO:0043226, GO:0043227, GO:0043229, GO:0043231, GO:0044424, GO:0044464	Antigen processing: Ubiquitination & Proteasome degradation
1510	CcGene_07741	CcContig_058814	32889	34706	-	Secondary Metabolite	2696.1metal tolerance protein 1 isoform X2 [Daucus carota subsp. sativus]	GO:0005385, GO:0005773, GO:0005886, GO:0071577	Zinc efflux and compartmentalization by the SLC30 family; Zinc influx into cells by the SLC39 gene family
1511	CcGene_08778	CcContig_093912	31764	35372	-	Secondary Metabolite	1,3-beta-glucan synthase component	GO:0003677, GO:0003906, GO:0005634, GO:0006284, GO:0008081, GO:0008270, GO:0008311	Abasic sugar-phosphate removal via the single-nucleotide replacement pathway
1512	CcGene_20007	CcContig_064780	428	6171	-	Secondary Metabolite	KAL1802455.1hypothetical protein ACET3Z_031102 [Daucus carota]	GO:0006885, GO:0012505, GO:0015297, GO:0016020, GO:1902600	Brassinosteroid signaling
1513	CcGene_00018	CcContig_007669	3608	3967	+	Terpenoid Biosynthesis	Terpenoid cyclases/protein prenyltransferase alpha-alpha toroid		-
1514	CcGene_00075	CcContig_128745	7538	8257	+	Secondary Metabolite	Cytochrome p450	GO:0006952	-
1515	CcGene_00101	CcContig_004750	3646	6994	+	Secondary Metabolite	G-type lectin S-receptor-like serine threonine-protein kinase	GO:0004497, GO:0005506, GO:0016705, GO:0020037, GO:0003674, GO:0003824, GO:0004672, GO:0004674, GO:0005488, GO:0005515, GO:0005516, GO:0005575, GO:0005623, GO:0005886, GO:0006464, GO:0006468, GO:0006793, GO:0006796, GO:0006807, GO:0008150, GO:0008152, GO:0009987, GO:0016020, GO:0016301, GO:0016310, GO:0016740, GO:0016772, GO:0016773, GO:0019538, GO:0036211, GO:0043170, GO:0043412, GO:0044237, GO:0044238, GO:0044260, GO:0044267, GO:0044464, GO:0071704, GO:0071944, GO:0140096, GO:1901564	-
1516	CcGene_00137	CcContig_114630	67610	69743	+	Secondary Metabolite	4143.1geraniol 8-hydroxylase [Daucus carota subsp. sativus]	GO:0004497, GO:0005506, GO:0016705, GO:0020037	-
1517	CcGene_00185	CcContig_026909	4593	6528	-	Secondary Metabolite	KAL1828614.1hypothetical protein ACET3Z_007026 [Daucus carota]	GO:0004497, GO:0005506, GO:0016125, GO:0016705, GO:0020037	-
1518	CcGene_00218	CcContig_003318	30296	37791	+	Terpenoid Biosynthesis	40s ribosomal protein	GO:0005096, GO:0006886, GO:0008270, GO:0030127, GO:0070971, GO:0090110	ko03010,map03010
1519	CcGene_00234	CcContig_111310	55357	58025	+	Terpenoid Biosynthesis	KAL1834201.1hypothetical protein ACET3Z_003852 [Daucus carota]	GO:0000287, GO:0010333, GO:0016102	-
1520	CcGene_00247	CcContig_133767	9434	16307	-	Lipid & Polyketide Metabolism	0375.1uncharacterized protein LOC108219674 isoform X2 [Daucus carota subsp. sativus]	GO:0016491	-
1521	CcGene_00288	CcContig_046383	101870	102527	+	Secondary Metabolite	Ras of Complex, Roc, domain of DAPkinase	GO:0004497, GO:0005506, GO:0016705, GO:0020037, GO:0003674, GO:0003824, GO:0003924, GO:0005575, GO:0005622, GO:0005623, GO:0005634, GO:0005737, GO:0007275, GO:0007623, GO:0008150, GO:0009314, GO:0009416, GO:0009628, GO:0009639, GO:0009640, GO:0009791, GO:0010468, GO:0016462, GO:0016787, GO:0016817, GO:0016818, GO:0017111, GO:0019222, GO:0032501, GO:0032502, GO:0032922, GO:0043226, GO:0043227, GO:0043229, GO:0043231, GO:0044424, GO:0044464, GO:0048511, GO:0048856, GO:0050789, GO:0050896, GO:0060255, GO:0065007	-
1522	CcGene_00311	CcContig_046715	35535	36033	-	Secondary Metabolite	KAL1819513.1hypothetical protein ACET3Z_014382 [Daucus carota]	GO:0004497, GO:0005506, GO:0016705, GO:0020037	-
1523	CcGene_00316	CcContig_009864	20987	23141	-	Terpenoid Biosynthesis	KAL1820836.1hypothetical protein ACET3Z_015705 [Daucus carota]	GO:0009570, GO:0010436, GO:0016121	-
1524	CcGene_00323	CcContig_003921	5983	7663	+	Secondary Metabolite	2437.1cytochrome P450 76A1 [Daucus carota subsp. sativus]	GO:0004497, GO:0005506, GO:0016705, GO:0020037	-
1525	CcGene_00363	CcContig_006336	16867	18733	+	Lipid & Polyketide Metabolism	7156.1probable cinnamyl alcohol dehydrogenase 6 isoform X1 [Daucus carota subsp. sativus]	GO:0008270, GO:0009809, GO:0045551	-
1526	CcGene_00465	CcContig_007716	27421	29159	-	Flavonoids & Phenylpropanoids	KAK1371660.1putative flavonoid 3-hydroxylase [Heracleum sosnowskyi]	GO:0004497, GO:0005506, GO:0016705, GO:0020037	-
1527	CcGene_00466	CcContig_007716	33093	34832	-	Secondary Metabolite	KAL1830986.1hypothetical protein ACET3Z_000637 [Daucus carota]	GO:0004497, GO:0005506, GO:0016705, GO:0020037	-
1528	CcGene_00467	CcContig_007716	30415	32020	-	Secondary Metabolite	KAL1830985.1hypothetical protein ACET3Z_000636 [Daucus carota]	GO:0004497, GO:0005506, GO:0016705, GO:0020037	-
1529	CcGene_00468	CcContig_007716	992	2574	+	Secondary Metabolite	KAL1830989.1hypothetical protein ACET3Z_000640 [Daucus carota]	GO:0004497, GO:0005506, GO:0016705, GO:0020037	-
1530	CcGene_00469	CcContig_007716	37862	39664	-	Secondary Metabolite	1343.1cytochrome P450 71AU50 [Daucus carota subsp. sativus]	GO:0004497, GO:0005506, GO:0016705, GO:0020037	-
1531	CcGene_00515	CcContig_047992	58910	62266	+	Secondary Metabolite	4289.1leucine-rich repeat receptor-like protein kinase TDR [Daucus carota subsp. sativus]	GO:0004672, GO:0005515, GO:0005524, GO:0006468	-
1532	CcGene_00660	CcContig_015207	11037	13085	+	Secondary Metabolite	KAL1831947.1hypothetical protein ACET3Z_001598 [Daucus carota]	GO:0005509, GO:0009654, GO:0015979, GO:0019898	-
1533	CcGene_00673	CcContig_138427	3494	12348	+	Terpenoid Biosynthesis	KAL1819498.1hypothetical protein ACET3Z_014367 [Daucus carota]	GO:0004660, GO:0005965, GO:0018343	-
1534	CcGene_00791	CcContig_059666	13019	14514	+	Flavonoids & Phenylpropanoids	WOH14838.1hypothetical protein DCAR_0934363 [Daucus carota subsp. sativus]	GO:0016747, GO:0030639	-
1535	CcGene_00843	CcContig_093864	244560	247055	-	Lipid & Polyketide Metabolism	0066.1G-type lectin S-receptor-like serine/threonine-protein kinase At4g27290 [Apium graveolens]	GO:0004672, GO:0005524, GO:0006468, GO:0048544	-
1536	CcGene_00878	CcContig_132302	40283	44913	+	Secondary Metabolite	KAK1403766.1Shikimate kinase [Heracleum sosnowskyi]	GO:0004765, GO:0005829, GO:0009507	-
1537	CcGene_00882	CcContig_109525	3468	6911	-	Terpenoid Biosynthesis	1005.2ent-copalyl diphosphate synthase, chloroplastic [Daucus carota subsp. sativus]	GO:0000287, GO:0009507, GO:0009686, GO:0010333	-
1538	CcGene_00884	CcContig_046295	1523	2676	-	Secondary Metabolite	9258.1alkane hydroxylase MAH1-like [Daucus carota subsp. sativus]	GO:0004497, GO:0005506, GO:0016705, GO:0020037	-
1539	CcGene_00887	CcContig_046295	5768	7327	-	Secondary Metabolite	9258.1alkane hydroxylase MAH1-like [Daucus carota subsp. sativus]	GO:0004497, GO:0005506, GO:0016705, GO:0020037	-
1540	CcGene_00937	CcContig_096456	25626	27675	+	Secondary Metabolite	4356.1syntaxin-132 isoform X2 [Daucus carota subsp. sativus]	GO:0000149, GO:0005484, GO:0005886, GO:0006886, GO:0006887, GO:0006906, GO:0012505, GO:0031201	-
1541	CcGene_00988	CcContig_128253	30418	36870	-	Terpenoid Biosynthesis	KAK1390246.1Geranylgeranyl transferase type-2 subunit beta [Heracleum sosnowskyi]	GO:0004663, GO:0005968, GO:0018344	-
1542	CcGene_01181	CcContig_060847	6819	8410	-	Secondary Metabolite	3202.1cytochrome P450 CYP72A219-like [Daucus carota subsp. sativus]	GO:0004497, GO:0005506, GO:0016705, GO:0020037	-
1543	CcGene_01182	CcContig_060847	9867	10901	-	Secondary Metabolite	KAK1353908.1Secologanin synthase [Heracleum sosnowskyi]	GO:0004497, GO:0005506, GO:0016705, GO:0020037	-
1544	CcGene_01214	CcContig_076173	65257	67092	+	Secondary Metabolite	9509.1homeobox-leucine zipper protein HAT5 [Daucus carota subsp. sativus]	GO:0000981, GO:0005634, GO:0043565, GO:0045893	-
1545	CcGene_01215	CcContig_076173	31622	34250	+	Secondary Metabolite	KAK1363375.1Ent-kaurenoic acid oxidase 1 [Heracleum sosnowskyi]	GO:0004497, GO:0005506, GO:0016125, GO:0016705, GO:0020037	-
1546	CcGene_01296	CcContig_084957	6217	7836	+	Secondary Metabolite	AQY76213.1cytochrome P450 [Elaeoselinum garganicum]	GO:0004497, GO:0005506, GO:0016705, GO:0020037	-
1547	CcGene_01361	CcContig_002131	2111	3582	-	Lipid & Polyketide Metabolism	Aluminum-activated malate transporter	GO:0016628, GO:0000325, GO:0003674, GO:0005215, GO:0005310, GO:0005342, GO:0005575, GO:0005622, GO:0005623, GO:0005737, GO:0005773, GO:0005774, GO:0006810, GO:0006811, GO:0006820, GO:0006835, GO:0008150, GO:0008509, GO:0008514, GO:0009705, GO:0015075, GO:0015140, GO:0015318, GO:0015556, GO:0015711, GO:0015740, GO:0015743, GO:0015849, GO:0016020, GO:0022857, GO:0031090, GO:0034220, GO:0043226, GO:0043227, GO:0043229, GO:0043231, GO:0044422, GO:0044424, GO:0044437, GO:0044444, GO:0044446, GO:0044464, GO:0046942, GO:0046943, GO:0051179, GO:0051234, GO:0055085, GO:0071423, GO:0071702, GO:0098588, GO:0098656, GO:0098805, GO:1903825, GO:1905039	-
1548	CcGene_01363	CcContig_002131	16417	16878	+	Terpenoid Biosynthesis	WOH05998.1hypothetical protein DCAR_0625421 [Daucus carota subsp. sativus]		-
1549	CcGene_01423	CcContig_141202	11480	12783	-	Secondary Metabolite	3402.1abscisic acid 8'-hydroxylase 2 [Daucus carota subsp. sativus]	GO:0004497, GO:0005506, GO:0016125, GO:0016705, GO:0020037	-
1550	CcGene_01562	CcContig_111176	37338	39108	-	Secondary Metabolite	8300.1cytochrome P450 736A117 [Daucus carota subsp. sativus]	GO:0004497, GO:0005506, GO:0016705, GO:0020037	-
1551	CcGene_01571	CcContig_111176	59889	61519	-	Secondary Metabolite	KAL1810366.1hypothetical protein ACET3Z_027356 [Daucus carota]	GO:0004497, GO:0005506, GO:0016705, GO:0020037	-
1552	CcGene_01573	CcContig_111176	64399	66002	-	Secondary Metabolite	KAL1810365.1hypothetical protein ACET3Z_027355 [Daucus carota]	GO:0004497, GO:0005506, GO:0016705, GO:0020037	-
1553	CcGene_01574	CcContig_111176	40872	42597	-	Secondary Metabolite	KAK1363186.1Cytochrome P450, E-class, group I [Heracleum sosnowskyi]	GO:0004497, GO:0005506, GO:0016705, GO:0020037	-
1554	CcGene_01577	CcContig_111176	43274	45772	-	Secondary Metabolite	KAK1363186.1Cytochrome P450, E-class, group I [Heracleum sosnowskyi]	GO:0004497, GO:0005506, GO:0016705, GO:0020037	-
1555	CcGene_01616	CcContig_141047	13832	15471	-	Secondary Metabolite	2990.1cytochrome P450 734A1 [Daucus carota subsp. sativus]	GO:0004497, GO:0005506, GO:0016705, GO:0020037	-
1556	CcGene_01620	CcContig_115001	5347	7020	-	Flavonoids & Phenylpropanoids	KAL1834369.1hypothetical protein ACET3Z_004020 [Daucus carota]	GO:0016491	-
1557	CcGene_01637	CcContig_115936	32	630	-	Secondary Metabolite	KAL1805158.1hypothetical protein ACET3Z_028226 [Daucus carota]		-
1558	CcGene_01677	CcContig_107257	21366	22381	+	Terpenoid Biosynthesis	KAK1404331.1(+)-delta-cadinene synthase [Heracleum sosnowskyi]	GO:0010333	-
1559	CcGene_01709	CcContig_131904	19001	20906	+	Secondary Metabolite	KAL1828688.1hypothetical protein ACET3Z_007100 [Daucus carota]	GO:0004497, GO:0005506, GO:0016705, GO:0020037	-
1560	CcGene_01729	CcContig_104769	14083	18223	+	Secondary Metabolite	KAK1385342.1Remorin like [Heracleum sosnowskyi]		-
1561	CcGene_01740	CcContig_005722	2300	2625	+	Secondary Metabolite	Belongs to the cytochrome P450 family	GO:0003674, GO:0003824, GO:0004497, GO:0005575, GO:0006082, GO:0006725, GO:0006790, GO:0006807, GO:0006950, GO:0006952, GO:0008150, GO:0008152, GO:0009058, GO:0009605, GO:0009607, GO:0009987, GO:0016020, GO:0016143, GO:0016491, GO:0016705, GO:0016709, GO:0019748, GO:0019757, GO:0019760, GO:0034641, GO:0042343, GO:0042430, GO:0043207, GO:0043436, GO:0044237, GO:0044281, GO:0044550, GO:0046483, GO:0050896, GO:0051704, GO:0051707, GO:0055114, GO:0071704, GO:0098542, GO:1901135, GO:1901360, GO:1901564, GO:1901657	ko00140,ko00905,ko00943,ko01100,ko01110,ko04913,ko04917,ko04927,ko04934,map00140,map00905,map00943,map01100,map01110,map04913,map04917,map04927,map04934
1562	CcGene_01760	CcContig_049810	29016	32247	+	Terpenoid Biosynthesis	KAL1833222.1hypothetical protein ACET3Z_002873 [Daucus carota]	GO:0009570, GO:0010436, GO:0016121	-
1563	CcGene_01803	CcContig_116876	20624	30504	+	Secondary Metabolite	2244.2pleiotropic drug resistance protein 1 [Daucus carota subsp. sativus]	GO:0005524, GO:0016020, GO:0016887, GO:0140359	-
1564	CcGene_01846	CcContig_122855	75	6292	+	Secondary Metabolite	WOH12850.1hypothetical protein DCAR_0832359 [Daucus carota subsp. sativus]	GO:0005634, GO:0042752	-
1565	CcGene_01880	CcContig_147351	39325	40697	+	Secondary Metabolite	AQY76218.1cytochrome p450 [Elaeoselinum garganicum]	GO:0004497, GO:0005506, GO:0016705, GO:0020037	-
1566	CcGene_01896	CcContig_136090	16884	18731	+	Secondary Metabolite	8855.1beta-amyrin 6-beta-monooxygenase [Daucus carota subsp. sativus]	GO:0004497, GO:0005506, GO:0016125, GO:0016705, GO:0020037	-
1567	CcGene_01904	CcContig_116797	2291	10814	-	Secondary Metabolite	4675.1vesicle-fusing ATPase [Daucus carota subsp. sativus]	GO:0005524, GO:0005795, GO:0006891, GO:0016887, GO:0035494, GO:0043001	-
1568	CcGene_01920	CcContig_097590	105203	105800	+	Terpenoid Biosynthesis	KAK1381853.1(E)-beta-caryophyllene synthase [Heracleum sosnowskyi]	GO:0000287, GO:0010333	-
1569	CcGene_01921	CcContig_097590	103517	105028	+	Terpenoid Biosynthesis	AZL40028.1guaiene synthase [Thapsia laciniata]	GO:0000287, GO:0010333	-
1570	CcGene_02039	CcContig_047543	23802	31389	-	Secondary Metabolite	KAL1812642.1hypothetical protein ACET3Z_022707 [Daucus carota]	GO:0004497, GO:0005506, GO:0016705, GO:0020037	-
1571	CcGene_02053	CcContig_147067	9929	11983	-	Secondary Metabolite	AQY76214.1cytochrome P450 [Elaeoselinum garganicum]	GO:0004497, GO:0005506, GO:0016705, GO:0020037	-
1572	CcGene_02134	CcContig_002916	59314	62498	+	Flavonoids & Phenylpropanoids	5701.1uncharacterized protein LOC108209355 [Daucus carota subsp. sativus]		-
1573	CcGene_02146	CcContig_102397	45758	52325	-	Lipid & Polyketide Metabolism	8578.1uncharacterized protein LOC108227763 [Daucus carota subsp. sativus]	GO:0016491	-
1574	CcGene_02154	CcContig_005662	18045	19329	+	Secondary Metabolite	Cytochrome P450 superfamily;Cytochrome P450 superfamily		-
1575	CcGene_02179	CcContig_102682	14287	18762	+	Terpenoid Biosynthesis	KAL1806762.1hypothetical protein ACET3Z_029830 [Daucus carota]	GO:0000287, GO:0010333	-
1576	CcGene_02182	CcContig_007621	12509	16292	-	Secondary Metabolite	8665.1trimethyltridecatetraene synthase-like [Apium graveolens]	GO:0004497, GO:0005506, GO:0016705, GO:0020037	-
1577	CcGene_02212	CcContig_138716	74439	76719	+	Secondary Metabolite	2620.1uncharacterized protein LOC141670585 [Apium graveolens]		-
1578	CcGene_02216	CcContig_139157	13133	15044	+	Secondary Metabolite	9905.1cytochrome P450 72A397-like [Apium graveolens]	GO:0004497, GO:0005506, GO:0016705, GO:0020037	-
1579	CcGene_02286	CcContig_145056	37185	39188	-	Secondary Metabolite	KAK1390946.1Beta-amyrin 28-monooxygenase [Heracleum sosnowskyi]	GO:0004497, GO:0005506, GO:0016125, GO:0016705, GO:0020037	-
1580	CcGene_02331	CcContig_046862	743	1253	-	Secondary Metabolite	cytochrome P450	GO:0080043, GO:0080044, GO:0003674, GO:0003824, GO:0004497, GO:0005575, GO:0008150, GO:0008152, GO:0009058, GO:0016020, GO:0016491, GO:0016705, GO:0016709, GO:0019748, GO:0044550, GO:0055114	-
1581	CcGene_02344	CcContig_046406	7423	10214	-	Secondary Metabolite	Oxysterol-binding protein-related protein	GO:0004497, GO:0005506, GO:0016705, GO:0020037	-
1582	CcGene_02381	CcContig_099762	5136	6278	+	Flavonoids & Phenylpropanoids	KAK1363487.1Chalcone-flavanone isomerase family protein [Heracleum sosnowskyi]		-
1583	CcGene_02411	CcContig_103650	54794	57849	+	Lipid & Polyketide Metabolism	KAL1807906.1hypothetical protein ACET3Z_024896 [Daucus carota]	GO:0032440	-
1584	CcGene_02432	CcContig_124839	10447	11846	-	Secondary Metabolite	4307.2cytochrome P450 76T24 [Daucus carota subsp. sativus]	GO:0004497, GO:0005506, GO:0016705, GO:0020037	-
1585	CcGene_02450	CcContig_100883	186529	188574	+	Secondary Metabolite	0612.1protein LYK5 [Apium graveolens]	GO:0004672, GO:0005524, GO:0006468	-
1586	CcGene_02458	CcContig_100883	92724	98257	-	Secondary Metabolite	8414.1cytochrome P450 97B2, chloroplastic [Daucus carota subsp. sativus]	GO:0004497, GO:0005506, GO:0009507, GO:0016705, GO:0020037	-
1587	CcGene_02553	CcContig_135906	13549	14465	-	Secondary Metabolite	KAL1807207.1hypothetical protein ACET3Z_030275 [Daucus carota]	GO:0004364, GO:0005737, GO:0006749	-
1588	CcGene_02604	CcContig_076390	47917	52519	-	Terpenoid Biosynthesis	3621.1phospholipid-transporting ATPase 1 [Daucus carota subsp. sativus]	GO:0000287, GO:0005524, GO:0005886, GO:0016887, GO:0045332, GO:0140326	-
1589	CcGene_02626	CcContig_046501	83950	85722	+	Secondary Metabolite	6213.1cytochrome P450 81Q32 [Daucus carota subsp. sativus]	GO:0004497, GO:0005506, GO:0016705, GO:0020037	-
1590	CcGene_02630	CcContig_046501	86379	88366	+	Secondary Metabolite	6213.1cytochrome P450 81Q32 [Daucus carota subsp. sativus]	GO:0004497, GO:0005506, GO:0016705, GO:0020037	-
1591	CcGene_02708	CcContig_112040	12610	15535	-	Secondary Metabolite	KAL1812031.1hypothetical protein ACET3Z_022096 [Daucus carota]	GO:0003729, GO:0005737, GO:0010608	-
1592	CcGene_02736	CcContig_111194	52768	55933	+	Flavonoids & Phenylpropanoids	WOH09700.1hypothetical protein DCAR_0729158 [Daucus carota subsp. sativus]	GO:0004106, GO:0005737, GO:0009073, GO:0046417	-
1593	CcGene_02784	CcContig_092937	30667	32014	-	Flavonoids & Phenylpropanoids	WOG82033.1hypothetical protein DCAR_0101192 [Daucus carota subsp. sativus]	GO:0016491	-
1594	CcGene_02847	CcContig_048012	13669	15474	-	Flavonoids & Phenylpropanoids	4990.1dihydroflavonol 4-reductase [Daucus carota subsp. sativus]	GO:0009718, GO:0045552	-
1595	CcGene_02866	CcContig_132090	7814	15958	+	Secondary Metabolite	KAL1809963.1hypothetical protein ACET3Z_026953 [Daucus carota]	GO:0004497, GO:0004672, GO:0005506, GO:0005524, GO:0006468, GO:0016705, GO:0020037	-
1596	CcGene_02939	CcContig_046535	81168	84554	+	Secondary Metabolite	6327.1uncharacterized protein LOC108193970 [Daucus carota subsp. sativus]		-
1597	CcGene_03087	CcContig_137061	37703	42371	+	Lipid & Polyketide Metabolism	9501.1uncharacterized protein LOC108220283 [Daucus carota subsp. sativus]		-
1598	CcGene_03138	CcContig_115288	72544	73821	-	Secondary Metabolite	KAK1380558.1Cytochrome P450, family 76, subfamily C, polypeptide 6 [Heracleum sosnowskyi]	GO:0004497, GO:0005506, GO:0016705, GO:0020037	-
1599	CcGene_03175	CcContig_113543	6224	8576	-	Terpenoid Biosynthesis	0804.1sesquiterpene synthase 2-like [Daucus carota subsp. sativus]	GO:0000287, GO:0010333	-
1600	CcGene_03187	CcContig_059270	17265	19159	+	Secondary Metabolite	KAL1808042.1hypothetical protein ACET3Z_025032 [Daucus carota]	GO:0004497, GO:0005506, GO:0016705, GO:0020037	-
1601	CcGene_03266	CcContig_003285	3551	11303	+	Lipid & Polyketide Metabolism	8844.13-oxoacyl-[acyl-carrier-protein] synthase II, chloroplastic [Daucus carota subsp. sativus]	GO:0004315, GO:0005739, GO:0006633, GO:0009570	-
1602	CcGene_03292	CcContig_007791	5810	7679	+	Secondary Metabolite	Histidinol-phosphate aminotransferase	GO:0005506, GO:0005737, GO:0016706, GO:0000105, GO:0003674, GO:0003824, GO:0004400, GO:0005575, GO:0005622, GO:0005623, GO:0006082, GO:0006520, GO:0006547, GO:0006725, GO:0006807, GO:0008150, GO:0008152, GO:0008483, GO:0008652, GO:0009058, GO:0009507, GO:0009532, GO:0009536, GO:0009570, GO:0009987, GO:0016053, GO:0016740, GO:0016769, GO:0018130, GO:0019438, GO:0019752, GO:0034641, GO:0043226, GO:0043227, GO:0043229, GO:0043231, GO:0043436, GO:0044237, GO:0044238, GO:0044249, GO:0044281, GO:0044283, GO:0044422, GO:0044424, GO:0044434, GO:0044435, GO:0044444, GO:0044446, GO:0044464, GO:0046394, GO:0046483, GO:0052803, GO:0071704, GO:1901360, GO:1901362, GO:1901564, GO:1901566, GO:1901576, GO:1901605, GO:1901607	ko00340,ko00350,ko00360,ko00400,ko00401,ko00960,ko01100,ko01110,ko01130,ko01230,map00340,map00350,map00360,map00400,map00401,map00960,map01100,map01110,map01130,map01230
1603	CcGene_03324	CcContig_046500	8367	8973	-	Secondary Metabolite	KAK1396311.1caffeoylshikimate esterase-like [Heracleum sosnowskyi]	GO:0016020, GO:0016298	-
1604	CcGene_03363	CcContig_132541	60490	61942	-	Terpenoid Biosynthesis	WOG86218.1hypothetical protein DCAR_0205419 [Daucus carota subsp. sativus]	GO:0000287, GO:0010333	-
1605	CcGene_03364	CcContig_132541	59783	60345	-	Terpenoid Biosynthesis	WOG86218.1hypothetical protein DCAR_0205419 [Daucus carota subsp. sativus]	GO:0000287, GO:0010333	-
1606	CcGene_03376	CcContig_105677	5654	8133	+	Secondary Metabolite	DNA-directed RNA polymerases I, II, and III subunit	GO:0000428, GO:0003674, GO:0003824, GO:0003899, GO:0005575, GO:0005622, GO:0005623, GO:0005634, GO:0005654, GO:0005665, GO:0005666, GO:0005730, GO:0005736, GO:0006139, GO:0006351, GO:0006360, GO:0006366, GO:0006383, GO:0006725, GO:0006807, GO:0008150, GO:0008152, GO:0009058, GO:0009059, GO:0009987, GO:0010467, GO:0016070, GO:0016591, GO:0016740, GO:0016772, GO:0016779, GO:0018130, GO:0019438, GO:0030880, GO:0031974, GO:0031981, GO:0032774, GO:0032991, GO:0034062, GO:0034641, GO:0034645, GO:0034654, GO:0043170, GO:0043226, GO:0043227, GO:0043228, GO:0043229, GO:0043231, GO:0043232, GO:0043233, GO:0044237, GO:0044238, GO:0044249, GO:0044260, GO:0044271, GO:0044422, GO:0044424, GO:0044428, GO:0044446, GO:0044451, GO:0044452, GO:0044464, GO:0046483, GO:0055029, GO:0061695, GO:0070013, GO:0071704, GO:0090304, GO:0097659, GO:0097747, GO:0140098, GO:1901360, GO:1901362, GO:1901576, GO:1902494, GO:1990234	ko00230,ko00240,ko01100,ko03020,ko04623,ko05016,ko05169,map00230,map00240,map01100,map03020,map04623,map05016,map05169
1607	CcGene_03412	CcContig_034284	15340	16994	+	Flavonoids & Phenylpropanoids	3134.16,7,8-trihydroxycoumarin synthase-like [Apium graveolens]	GO:0004497, GO:0005506, GO:0016705, GO:0020037	-
1608	CcGene_03439	CcContig_121889	9714	13572	-	Secondary Metabolite	Belongs to the cytochrome P450 family		-
1609	CcGene_03455	CcContig_111592	43358	45669	-	Secondary Metabolite	8700.1fatty acid hydroperoxide lyase, chloroplastic [Daucus carota subsp. sativus]	GO:0004497, GO:0005506, GO:0016125, GO:0016705, GO:0020037	-
1610	CcGene_03480	CcContig_140327	10703	13664	+	Secondary Metabolite	KAL1826721.1hypothetical protein ACET3Z_005133 [Daucus carota]	GO:0006629, GO:0008889	-
1611	CcGene_03518	CcContig_076308	14894	16564	+	Lipid & Polyketide Metabolism	WOG95072.1hypothetical protein DCAR_0314374 [Daucus carota subsp. sativus]	GO:0016491	-
1612	CcGene_03521	CcContig_076308	17115	18634	+	Lipid & Polyketide Metabolism	0190.1chloroplast envelope quinone oxidoreductase homolog [Daucus carota subsp. sativus]	GO:0008270, GO:0016491	-
1613	CcGene_03549	CcContig_143400	1358	2342	+	Terpenoid Biosynthesis	Terpenoid cyclases/protein prenyltransferase alpha-alpha toroid		-
1614	CcGene_03638	CcContig_147034	16102	18658	-	Terpenoid Biosynthesis	6648.1uncharacterized protein LOC108194201 [Daucus carota subsp. sativus]		-
1615	CcGene_03658	CcContig_134063	68876	71134	+	Lipid & Polyketide Metabolism	KAK1399732.1Alcohol dehydrogenase superfamily, zinc-type [Heracleum sosnowskyi]	GO:0008270, GO:0016491	-
1616	CcGene_03727	CcContig_009901	871	9779	+	Terpenoid Biosynthesis	8458.1uncharacterized protein LOC108192248 isoform X2 [Daucus carota subsp. sativus]		-
1617	CcGene_03772	CcContig_143966	15784	19422	+	Secondary Metabolite	Belongs to the cytochrome P450 family	GO:0003674, GO:0003824, GO:0004497, GO:0006629, GO:0006694, GO:0007275, GO:0008150, GO:0008152, GO:0008202, GO:0008610, GO:0009058, GO:0010268, GO:0010295, GO:0010817, GO:0016125, GO:0016128, GO:0016129, GO:0016131, GO:0016132, GO:0016491, GO:0016705, GO:0016709, GO:0032501, GO:0032502, GO:0042445, GO:0042446, GO:0042592, GO:0044238, GO:0048856, GO:0048878, GO:0055088, GO:0055114, GO:0065007, GO:0065008, GO:0071704, GO:1901360, GO:1901362, GO:1901576, GO:1901615, GO:1901617	ko00906,map00906
1618	CcGene_03795	CcContig_107165	25591	26573	+	Secondary Metabolite	Cytochrome p450	GO:0003674, GO:0003824, GO:0004497, GO:0006629, GO:0006694, GO:0007275, GO:0008150, GO:0008152, GO:0008202, GO:0008610, GO:0009058, GO:0010268, GO:0010817, GO:0016125, GO:0016128, GO:0016129, GO:0016131, GO:0016132, GO:0016491, GO:0032501, GO:0032502, GO:0042445, GO:0042446, GO:0042592, GO:0044238, GO:0048856, GO:0048878, GO:0055088, GO:0055114, GO:0065007, GO:0065008, GO:0071704, GO:1901360, GO:1901362, GO:1901576, GO:1901615, GO:1901617	ko00830,ko01100,map00830,map01100
1619	CcGene_03823	CcContig_119967	18478	20007	-	Lipid & Polyketide Metabolism	KAL1827050.1hypothetical protein ACET3Z_005462 [Daucus carota]	GO:0016628	-
1620	CcGene_03825	CcContig_106888	40214	41065	-	Secondary Metabolite	4310.1uncharacterized protein LOC141683475 [Apium graveolens]		-
1621	CcGene_03943	CcContig_115329	21737	28911	+	Secondary Metabolite	5496.1uncharacterized protein LOC108209210 [Daucus carota subsp. sativus]	GO:0000977, GO:0003682, GO:0005634, GO:0042393, GO:0045944	-
1622	CcGene_04116	CcContig_001489	79565	82787	-	Secondary Metabolite	6027.1cytochrome P450 720B2 [Daucus carota subsp. sativus]	GO:0004497, GO:0005506, GO:0007275, GO:0010268, GO:0016125, GO:0016132, GO:0016705, GO:0020037	-
1623	CcGene_04149	CcContig_036731	15142	17594	-	Flavonoids & Phenylpropanoids	1671.16,7,8-trihydroxycoumarin synthase-like [Daucus carota subsp. sativus]	GO:0004497, GO:0005506, GO:0016705, GO:0020037	-
1624	CcGene_04357	CcContig_076474	10071	13290	+	Terpenoid Biosynthesis	9165.13-dehydroquinate synthase, chloroplastic [Daucus carota subsp. sativus]	GO:0003856, GO:0005737, GO:0009073	-
1625	CcGene_04358	CcContig_141189	12845	18897	-	Secondary Metabolite	8966.1sterol 14-demethylase [Daucus carota subsp. sativus]	GO:0004497, GO:0005506, GO:0016705, GO:0020037	-
1626	CcGene_04436	CcContig_087121	20149	21755	+	Secondary Metabolite	KAK1376454.1(S)-N-methylcoclaurine 3'-hydroxylase isozyme 1-like [Heracleum sosnowskyi]	GO:0004497, GO:0005506, GO:0016705, GO:0020037	-
1627	CcGene_04541	CcContig_123162	45464	46907	-	Secondary Metabolite	6770.1cytochrome P450 81Q32 [Daucus carota subsp. sativus]	GO:0004497, GO:0005506, GO:0016705, GO:0020037	-
1628	CcGene_04578	CcContig_033177	11393	19446	+	Secondary Metabolite	7947.1protein transport protein SEC24 A [Daucus carota subsp. sativus]	GO:0000149, GO:0006886, GO:0008270, GO:0030127, GO:0070971, GO:0090110	-
1629	CcGene_04629	CcContig_116104	64482	66149	+	Secondary Metabolite	5162.1cytochrome P450 CYP736A12 [Daucus carota subsp. sativus]	GO:0004497, GO:0005506, GO:0016705, GO:0020037	-
1630	CcGene_04680	CcContig_101751	5359	6869	-	Secondary Metabolite	3245.1cytochrome P450 CYP71D312-like [Apium graveolens]	GO:0004497, GO:0005506, GO:0016705, GO:0020037	-
1631	CcGene_04689	CcContig_096125	7083	10074	-	Terpenoid Biosynthesis	N-terminal C2 in EEIG1 and EHBP1 proteins	GO:0004674, GO:0005524, GO:0005886, GO:0006468	ko04530,map04530
1632	CcGene_04703	CcContig_119713	20064	24681	+	Terpenoid Biosynthesis	Terpenoid cyclases/protein prenyltransferase alpha-alpha toroid		-
1633	CcGene_04830	CcContig_035951	3033	5595	+	Terpenoid Biosynthesis	Squalene monooxygenase-like		ko00100,ko00909,ko01100,ko01110,ko01130,map00100,map00909,map01100,map01110,map01130
1634	CcGene_04856	CcContig_127223	12619	14081	+	Secondary Metabolite	3259.1UDP-glucosyltransferase 74AE2 [Daucus carota subsp. sativus]	GO:0080043, GO:0080044	-
1635	CcGene_04867	CcContig_004607	3256	4989	+	Terpenoid Biosynthesis	KAK1353890.19-cis-epoxycarotenoid dioxygenase [Heracleum sosnowskyi]	GO:0009570, GO:0010436, GO:0016121	-
1636	CcGene_05122	CcContig_002378	2952	4136	-	Secondary Metabolite	WOH06596.1hypothetical protein DCAR_0626024 [Daucus carota subsp. sativus]	GO:0046872	-
1637	CcGene_05168	CcContig_110937	11000	20051	+	Secondary Metabolite	0671.1transcription initiation factor TFIID subunit 6 isoform X2 [Daucus carota subsp. sativus]	GO:0000124, GO:0003713, GO:0005669, GO:0016251, GO:0046695, GO:0046982, GO:0051123	-
1638	CcGene_05199	CcContig_106393	38802	39977	+	Terpenoid Biosynthesis	4324.1photosystem I reaction center subunit VI, chloroplastic [Daucus carota subsp. sativus]	GO:0009535, GO:0009538, GO:0015979	-
1639	CcGene_05251	CcContig_112737	130607	132066	+	Flavonoids & Phenylpropanoids	KAL1820806.1hypothetical protein ACET3Z_015675 [Daucus carota]	GO:0016491	-
1640	CcGene_05270	CcContig_112008	36989	40142	+	Secondary Metabolite	KAL1822949.1hypothetical protein ACET3Z_009727 [Daucus carota]	GO:0003700, GO:0005634, GO:0006355, GO:0043565, GO:0046983	-
1641	CcGene_05331	CcContig_033255	1268	2924	+	Lipid & Polyketide Metabolism	0497.1acyl carrier protein 1, chloroplastic [Daucus carota subsp. sativus]	GO:0000036, GO:0006633, GO:0031177	-
1642	CcGene_05371	CcContig_137629	8288	16716	-	Terpenoid Biosynthesis	0324.1carotenoid 9,10(9',10')-cleavage dioxygenase 1-like isoform X2 [Daucus carota subsp. sativus]	GO:0009570, GO:0010436, GO:0016121	-
1643	CcGene_05430	CcContig_121587	15515	17535	+	Lipid & Polyketide Metabolism	3160.18-hydroxygeraniol dehydrogenase [Daucus carota subsp. sativus]	GO:0008270, GO:0009809, GO:0045551	-
1644	CcGene_05431	CcContig_121587	3020	5097	+	Lipid & Polyketide Metabolism	7853.1mannitol dehydrogenase [Daucus carota subsp. sativus]	GO:0008270, GO:0009809, GO:0045551	-
1645	CcGene_05436	CcContig_084915	3930	9895	+	Secondary Metabolite	ALO61913.1NADPH cytochrome P450 oxidoreductase [Thapsia laciniata]	GO:0003958, GO:0005829, GO:0010181, GO:0050660	-
1646	CcGene_05462	CcContig_085824	28921	32203	-	Secondary Metabolite	5899.1uncharacterized protein LOC108209482 [Daucus carota subsp. sativus]		-
1647	CcGene_05614	CcContig_102576	29985	30769	+	Lipid & Polyketide Metabolism	6017.1abscisic acid receptor PYL9-like [Apium graveolens]	GO:0004864, GO:0005634, GO:0005737, GO:0009738, GO:0010427, GO:0038023	-
1648	CcGene_05676	CcContig_007599	19544	21733	+	Secondary Metabolite	9296.2cytochrome P450 93A3-like [Daucus carota subsp. sativus]	GO:0004497, GO:0005506, GO:0016705, GO:0020037	-
1649	CcGene_05678	CcContig_007599	15255	16892	-	Secondary Metabolite	0613.1cytochrome P450 93A3-like [Daucus carota subsp. sativus]	GO:0004497, GO:0005506, GO:0016705, GO:0020037	-
1650	CcGene_05694	CcContig_076571	23331	26297	-	Secondary Metabolite	5160.1cytochrome P450 724B1-like [Apium graveolens]	GO:0004497, GO:0005506, GO:0016125, GO:0016705, GO:0020037	-
1651	CcGene_05763	CcContig_009855	11872	20569	+	Secondary Metabolite	KAL1817924.1hypothetical protein ACET3Z_020498 [Daucus carota]	GO:0005829, GO:0010181, GO:0016491, GO:0050660	-
1652	CcGene_05800	CcContig_096294	3266	5583	+	Secondary Metabolite	9750.1uncharacterized protein LOC108220480 isoform X1 [Daucus carota subsp. sativus]		-
1653	CcGene_05832	CcContig_106490	9787	14461	-	Secondary Metabolite	Mitogen-activated protein kinase kinase kinase	GO:0005524, GO:0016020, GO:0016887, GO:0140359, GO:0000226, GO:0001932, GO:0001934, GO:0003674, GO:0003824, GO:0004672, GO:0004674, GO:0005575, GO:0005622, GO:0005623, GO:0005737, GO:0006464, GO:0006468, GO:0006793, GO:0006796, GO:0006807, GO:0006950, GO:0006996, GO:0007010, GO:0007017, GO:0007154, GO:0007165, GO:0007346, GO:0008150, GO:0008152, GO:0009893, GO:0009987, GO:0010562, GO:0010604, GO:0016043, GO:0016301, GO:0016310, GO:0016740, GO:0016772, GO:0016773, GO:0019220, GO:0019222, GO:0019538, GO:0023014, GO:0023052, GO:0030865, GO:0031098, GO:0031122, GO:0031323, GO:0031325, GO:0031399, GO:0031401, GO:0032147, GO:0032268, GO:0032270, GO:0033554, GO:0033674, GO:0035556, GO:0036211, GO:0042325, GO:0042327, GO:0043085, GO:0043170, GO:0043412, GO:0043549, GO:0043622, GO:0044093, GO:0044237, GO:0044238, GO:0044260, GO:0044267, GO:0044424, GO:0044464, GO:0045859, GO:0045860, GO:0045937, GO:0048518, GO:0048522, GO:0050789, GO:0050790, GO:0050794, GO:0050896, GO:0051171, GO:0051173, GO:0051174, GO:0051246, GO:0051247, GO:0051338, GO:0051347, GO:0051716, GO:0051726, GO:0060255, GO:0065007, GO:0065009, GO:0071704, GO:0071840, GO:0080090, GO:0097435, GO:0140096, GO:1901564	ko04016,map04016
1654	CcGene_05844	CcContig_076657	1305	1753	-	Terpenoid Biosynthesis	Carotenoid oxygenase		-
1655	CcGene_05859	CcContig_046439	6810	8228	-	Secondary Metabolite	KAL1831064.1hypothetical protein ACET3Z_000715 [Daucus carota]	GO:0004497, GO:0005506, GO:0016125, GO:0016705, GO:0020037	-
1656	CcGene_05861	CcContig_046439	36772	38205	-	Secondary Metabolite	KAL1831062.1hypothetical protein ACET3Z_000713 [Daucus carota]	GO:0004497, GO:0005506, GO:0016125, GO:0016705, GO:0020037	-
1657	CcGene_05862	CcContig_046439	49911	51327	-	Secondary Metabolite	WOG81897.1hypothetical protein DCAR_0101053 [Daucus carota subsp. sativus]	GO:0004497, GO:0005506, GO:0016125, GO:0016705, GO:0020037	-
1658	CcGene_05897	CcContig_101497	27669	31081	-	Lipid & Polyketide Metabolism	9508.1chloroplast envelope quinone oxidoreductase homolog [Daucus carota subsp. sativus]	GO:0016491	-
1659	CcGene_05898	CcContig_101497	24851	27018	-	Lipid & Polyketide Metabolism	7136.1chloroplast envelope quinone oxidoreductase homolog [Daucus carota subsp. sativus]	GO:0016491	-
1660	CcGene_05901	CcContig_101497	41952	43816	-	Lipid & Polyketide Metabolism	9266.1quinone-oxidoreductase QR1, chloroplastic [Daucus carota subsp. sativus]	GO:0016491	-
1661	CcGene_05939	CcContig_144333	58274	58629	+	Secondary Metabolite	Cytochrome P450 superfamily;Cytochrome P450 superfamily		-
1662	CcGene_06028	CcContig_045769	420	785	+	Secondary Metabolite	Cytochrome P450 superfamily		-
1663	CcGene_06029	CcContig_045769	39061	40670	+	Secondary Metabolite	5199.1beta-amyrin 6-beta-monooxygenase [Daucus carota subsp. sativus]	GO:0004497, GO:0005506, GO:0016125, GO:0016705, GO:0020037	-
1664	CcGene_06030	CcContig_045769	25632	26043	+	Secondary Metabolite	7861.1beta-amyrin 6-beta-monooxygenase-like [Apium graveolens]	GO:0004497, GO:0005506, GO:0016705, GO:0020037	-
1665	CcGene_06031	CcContig_045769	27678	29160	+	Secondary Metabolite	KAL1808639.1hypothetical protein ACET3Z_025629 [Daucus carota]	GO:0004497, GO:0005506, GO:0016125, GO:0016705, GO:0020037	-
1666	CcGene_06032	CcContig_045769	35717	37356	+	Secondary Metabolite	7719.1beta-amyrin 6-beta-monooxygenase-like [Apium graveolens]	GO:0004497, GO:0005506, GO:0016125, GO:0016705, GO:0020037	-
1667	CcGene_06114	CcContig_003087	9488	12520	+	Lipid & Polyketide Metabolism	KAK1382322.1Beta-ketoacyl-[acyl-carrier-protein] synthase I [Heracleum sosnowskyi]	GO:0004315, GO:0005739, GO:0006633	-
1668	CcGene_06178	CcContig_113603	55837	60168	+	Flavonoids & Phenylpropanoids	KAK1366222.1Phenylacetic acid degradation-related domain-containing protein [Heracleum sosnowskyi]	GO:0047617	-
1669	CcGene_06210	CcContig_136843	9912	12434	+	Secondary Metabolite	AP2-like ethylene-responsive transcription factor	GO:0004497, GO:0005506, GO:0016705, GO:0020037, GO:0003674, GO:0003700, GO:0006355, GO:0008150, GO:0009889, GO:0010468, GO:0010556, GO:0019219, GO:0019222, GO:0031323, GO:0031326, GO:0050789, GO:0050794, GO:0051171, GO:0051252, GO:0060255, GO:0065007, GO:0080090, GO:0140110, GO:1903506, GO:2000112, GO:2001141	-
1670	CcGene_06277	CcContig_126527	7169	9652	-	Secondary Metabolite	KAL1817885.1hypothetical protein ACET3Z_020459 [Daucus carota]	GO:0010073	-
1671	CcGene_06289	CcContig_049402	16042	18518	+	Secondary Metabolite	7054.1cytochrome P450 85A1 [Daucus carota subsp. sativus]	GO:0004497, GO:0005506, GO:0007275, GO:0010268, GO:0016125, GO:0016132, GO:0016705, GO:0020037	-
1672	CcGene_06351	CcContig_080213	20416	21690	+	Secondary Metabolite	KAL1824952.1hypothetical protein ACET3Z_011730 [Daucus carota]	GO:0004497, GO:0005506, GO:0016705, GO:0020037	-
1673	CcGene_06356	CcContig_121996	40710	43816	+	Secondary Metabolite	6092.1cytochrome P450 84A1-like [Apium graveolens]	GO:0004497, GO:0005506, GO:0016705, GO:0020037	-
1674	CcGene_06391	CcContig_050406	2631	5316	-	Terpenoid Biosynthesis	5264.1sesquiterpene synthase Cop-like [Daucus carota subsp. sativus]	GO:0000287, GO:0010333, GO:0016102	-
1675	CcGene_06411	CcContig_062032	11	725	-	Secondary Metabolite	AQY76214.1cytochrome P450 [Elaeoselinum garganicum]	GO:0004497, GO:0005506, GO:0016705, GO:0020037	-
1676	CcGene_06500	CcContig_106822	31136	32290	-	Flavonoids & Phenylpropanoids	zinc finger CCCH domain-containing protein	GO:0005504, GO:0006631, GO:0009570, GO:0016872	-
1677	CcGene_06509	CcContig_009942	4785	7753	+	Flavonoids & Phenylpropanoids	2948.1trans-cinnamate 4-monooxygenase [Daucus carota subsp. sativus]	GO:0005506, GO:0009808, GO:0016710, GO:0020037	-
1678	CcGene_06583	CcContig_123833	126761	128640	-	Secondary Metabolite	1635.1trimethyltridecatetraene synthase-like [Apium graveolens]	GO:0004497, GO:0005506, GO:0016705, GO:0020037	-
1679	CcGene_06584	CcContig_123833	133797	135569	-	Secondary Metabolite	9645.1trimethyltridecatetraene synthase [Daucus carota subsp. sativus]	GO:0004497, GO:0005506, GO:0016705, GO:0020037	-
1680	CcGene_06586	CcContig_123833	130126	132050	-	Secondary Metabolite	1230.1trimethyltridecatetraene synthase [Daucus carota subsp. sativus]	GO:0004497, GO:0005506, GO:0016705, GO:0020037	-
1681	CcGene_06627	CcContig_035430	6072	7603	+	Terpenoid Biosynthesis	KAL1831854.1hypothetical protein ACET3Z_001505 [Daucus carota]	GO:0004506, GO:0005783, GO:0016020, GO:0016126, GO:0050660	-
1682	CcGene_06644	CcContig_140109	5064	6018	+	Lipid & Polyketide Metabolism	5392.1abscisic acid receptor PYL9 [Daucus carota subsp. sativus]	GO:0004864, GO:0005634, GO:0005737, GO:0009738, GO:0010427, GO:0038023	-
1683	CcGene_06725	CcContig_009939	49305	50860	+	Secondary Metabolite	WOH12126.1hypothetical protein DCAR_0831625 [Daucus carota subsp. sativus]	GO:0004497, GO:0005506, GO:0016705, GO:0020037	-
1684	CcGene_06880	CcContig_004177	21840	23496	-	Secondary Metabolite	AQY76210.1cytochrome P450 [Elaeoselinum garganicum]	GO:0004497, GO:0005506, GO:0016705, GO:0020037	-
1685	CcGene_06913	CcContig_058939	58569	61708	-	Terpenoid Biosynthesis	2555.1terpene synthase 10-like [Apium graveolens]	GO:0000287, GO:0010333	-
1686	CcGene_06962	CcContig_121582	4880	13751	-	Secondary Metabolite	cytochrome P450	GO:0004298, GO:0005839, GO:0003674, GO:0003824, GO:0004497, GO:0005575, GO:0008150, GO:0008152, GO:0009058, GO:0016020, GO:0016491, GO:0016705, GO:0016709, GO:0019748, GO:0022603, GO:0040034, GO:0044550, GO:0050789, GO:0050793, GO:0055114, GO:0065007, GO:0090709, GO:1905428	-
1687	CcGene_06993	CcContig_047423	22419	24032	-	Secondary Metabolite	WOG91349.1hypothetical protein DCAR_0310598 [Daucus carota subsp. sativus]	GO:0004497, GO:0005506, GO:0016705, GO:0020037	-
1688	CcGene_07042	CcContig_106297	3914	6591	+	Secondary Metabolite	9292.1uncharacterized protein LOC108220125 [Daucus carota subsp. sativus]		-
1689	CcGene_07079	CcContig_005093	10069	12281	-	Secondary Metabolite	5259.1cytochrome P450 78A5 [Daucus carota subsp. sativus]	GO:0004497, GO:0005506, GO:0016705, GO:0020037	-
1690	CcGene_07124	CcContig_147404	11553	14455	-	Secondary Metabolite	KAL1827576.1hypothetical protein ACET3Z_005988 [Daucus carota]	GO:0004497, GO:0005506, GO:0016705, GO:0020037	-
1691	CcGene_07251	CcContig_118273	8808	15057	-	Secondary Metabolite	6409.1protein WEAK CHLOROPLAST MOVEMENT UNDER BLUE LIGHT 1 [Daucus carota subsp. sativus]		-
1692	CcGene_07294	CcContig_048928	4351	6745	+	Secondary Metabolite	9160.1uncharacterized protein LOC108197708 [Daucus carota subsp. sativus]		-
1693	CcGene_07349	CcContig_058869	32	560	-	Secondary Metabolite	8789.1iridoid oxidase-like [Daucus carota subsp. sativus]	GO:0004497, GO:0005506, GO:0016705, GO:0020037	-
1694	CcGene_07381	CcContig_048519	75655	77689	+	Lipid & Polyketide Metabolism	RPM1-interacting protein	GO:0008270, GO:0009809, GO:0045551	-
1695	CcGene_07407	CcContig_052175	58988	60466	-	Lipid & Polyketide Metabolism	KAL1828907.1hypothetical protein ACET3Z_007319 [Daucus carota]	GO:0006633, GO:0016020, GO:0016747	-
1696	CcGene_07432	CcContig_047224	41775	42270	+	Secondary Metabolite	6222.1cytochrome P450 711A1 isoform X2 [Daucus carota subsp. sativus]	GO:0004497, GO:0005506, GO:0016705, GO:0020037	-
1697	CcGene_07435	CcContig_047224	39681	41734	+	Secondary Metabolite	6218.1cytochrome P450 711A1 isoform X1 [Daucus carota subsp. sativus]	GO:0004497, GO:0005506, GO:0016705, GO:0020037	-
1698	CcGene_07479	CcContig_003300	20528	22543	+	Secondary Metabolite	KAL1822421.1hypothetical protein ACET3Z_009199 [Daucus carota]	GO:0004497, GO:0005506, GO:0016705, GO:0020037	-
1699	CcGene_07480	CcContig_003300	27570	29210	+	Secondary Metabolite	0613.1cytochrome P450 93A3-like [Daucus carota subsp. sativus]	GO:0004497, GO:0005506, GO:0016705, GO:0020037	-
1700	CcGene_07507	CcContig_123472	14295	23416	+	Secondary Metabolite	Protein of unknown function (DUF3741)	GO:0000932, GO:0003724, GO:0003729, GO:0005524, GO:0010494, GO:0017148, GO:0033962, GO:0034063	-
1701	CcGene_07514	CcContig_110529	43023	46815	-	Terpenoid Biosynthesis	KAL1820119.1hypothetical protein ACET3Z_014988 [Daucus carota]	GO:0005811, GO:0016104, GO:0042300	-
1702	CcGene_07579	CcContig_089986	95471	97520	-	Terpenoid Biosynthesis	4783.1calmodulin [Salmonella enterica]	GO:0005509	-
1703	CcGene_07622	CcContig_110769	24529	32825	+	Secondary Metabolite	AFU10536.1chloroplast cytochrome P450 monooxygenase 97A3 [Daucus carota]	GO:0005506, GO:0009507, GO:0010291, GO:0016123, GO:0016705, GO:0020037	-
1704	CcGene_07646	CcContig_002146	5814	7516	-	Secondary Metabolite	1572.1xanthotoxin 5-hydroxylase CYP82C4-like [Daucus carota subsp. sativus]	GO:0004497, GO:0005506, GO:0016705, GO:0020037	-
1705	CcGene_07649	CcContig_002146	2452	5347	+	Lipid & Polyketide Metabolism	1880.1chloroplast envelope quinone oxidoreductase homolog [Daucus carota subsp. sativus]	GO:0016491	-
1706	CcGene_07658	CcContig_114265	12235	14258	+	Secondary Metabolite	0959.1caffeoylshikimate esterase [Daucus carota subsp. sativus]	GO:0016020, GO:0016298	-
1707	CcGene_07709	CcContig_108288	22294	24465	-	Lipid & Polyketide Metabolism	Carrier of the growing fatty acid chain in fatty acid biosynthesis	GO:0006633, GO:0016020, GO:0016747, GO:0005575, GO:0005622, GO:0005623, GO:0005737, GO:0009507, GO:0009536, GO:0043226, GO:0043227, GO:0043229, GO:0043231, GO:0044424, GO:0044444, GO:0044464	-
1708	CcGene_07847	CcContig_135231	23640	25292	-	Secondary Metabolite	4024.1pentatricopeptide repeat-containing protein At1g71490 [Daucus carota subsp. sativus]	GO:0003723, GO:0005515, GO:0009451, GO:0043231	-
1709	CcGene_07856	CcContig_144133	30709	33701	+	Secondary Metabolite	KAK1394217.1Abscisic acid 8'-hydroxylase 2 [Heracleum sosnowskyi]	GO:0004497, GO:0005506, GO:0016125, GO:0016705, GO:0020037	-
1710	CcGene_07861	CcContig_092201	16439	22267	+	Secondary Metabolite	KAL1817122.1hypothetical protein ACET3Z_019696 [Daucus carota]	GO:0005096, GO:0090630	-
1711	CcGene_07932	CcContig_051304	41025	42435	+	Secondary Metabolite	8706.2glucan endo-1,3-beta-glucosidase-like [Daucus carota subsp. sativus]	GO:0004553, GO:0005975	-
1712	CcGene_07938	CcContig_051304	2802	5101	-	Lipid & Polyketide Metabolism	2564.1abscisic acid receptor PYL3 [Daucus carota subsp. sativus]	GO:0004864, GO:0005634, GO:0005737, GO:0009738, GO:0010427, GO:0038023	-
1713	CcGene_07946	CcContig_124928	16027	16539	-	Secondary Metabolite	KAK1405360.1Clathrin light chain [Heracleum sosnowskyi]	GO:0005198, GO:0006886, GO:0030130, GO:0030132, GO:0032050, GO:0072583	-
1714	CcGene_08022	CcContig_003323	25777	26452	+	Secondary Metabolite	acetyltransferase component of pyruvate dehydrogenase	GO:0003674, GO:0005488, GO:0005515, GO:0005575, GO:0005622, GO:0005623, GO:0005737, GO:0005829, GO:0005840, GO:0005886, GO:0009507, GO:0009526, GO:0009536, GO:0009941, GO:0016020, GO:0019904, GO:0022626, GO:0031967, GO:0031975, GO:0032991, GO:0043226, GO:0043227, GO:0043228, GO:0043229, GO:0043231, GO:0043232, GO:0044422, GO:0044424, GO:0044434, GO:0044435, GO:0044444, GO:0044445, GO:0044446, GO:0044464, GO:0071944, GO:1990904	ko00010,ko00020,ko00620,ko01100,ko01110,ko01120,ko01130,ko01200,map00010,map00020,map00620,map01100,map01110,map01120,map01130,map01200
1715	CcGene_08067	CcContig_130102	100860	104585	-	Secondary Metabolite	KAL1834847.1hypothetical protein ACET3Z_004498 [Daucus carota]	GO:0004497, GO:0005506, GO:0007275, GO:0010268, GO:0016125, GO:0016132, GO:0016705, GO:0020037	-
1716	CcGene_08252	CcContig_123953	9644	9992	+	Secondary Metabolite	Cytochrome P450 94A2-like		ko00073,map00073
1717	CcGene_08253	CcContig_123953	3922	7324	-	Secondary Metabolite	Cytochrome P450 94A2-like	GO:0004190, GO:0006508	ko00073,map00073
1718	CcGene_08256	CcContig_123953	73161	78921	+	Secondary Metabolite	WOH00857.1hypothetical protein DCAR_0520233 [Daucus carota subsp. sativus]	GO:0004497, GO:0005506, GO:0009507, GO:0016117, GO:0016705, GO:0020037	-
1719	CcGene_08277	CcContig_098846	22974	23933	-	Flavonoids & Phenylpropanoids	0683.1trans-cinnamate 4-monooxygenase [Daucus carota subsp. sativus]	GO:0005506, GO:0009808, GO:0016710, GO:0020037	-
1720	CcGene_08328	CcContig_141192	35759	37770	+	Lipid & Polyketide Metabolism	0732.12-alkenal reductase (NADP(+)-dependent) [Daucus carota subsp. sativus]	GO:0032440	-
1721	CcGene_08329	CcContig_141192	62816	63631	-	Terpenoid Biosynthesis	KAL8107826.1hypothetical protein AgCh_024292 [Apium graveolens]	GO:0000287, GO:0010333	-
1722	CcGene_08330	CcContig_145087	7498	8023	+	Secondary Metabolite	Belongs to the cytochrome P450 family	GO:0000003, GO:0003006, GO:0003674, GO:0003824, GO:0004497, GO:0006066, GO:0006082, GO:0006629, GO:0006694, GO:0006714, GO:0006720, GO:0006721, GO:0007275, GO:0008150, GO:0008152, GO:0008202, GO:0008610, GO:0009058, GO:0009314, GO:0009416, GO:0009628, GO:0009639, GO:0009687, GO:0009791, GO:0009987, GO:0010114, GO:0010154, GO:0010162, GO:0010268, GO:0010295, GO:0010431, GO:0010817, GO:0016125, GO:0016128, GO:0016129, GO:0016131, GO:0016132, GO:0016491, GO:0016705, GO:0016709, GO:0019752, GO:0021700, GO:0022414, GO:0022611, GO:0032501, GO:0032502, GO:0032504, GO:0032787, GO:0042445, GO:0042446, GO:0042592, GO:0043288, GO:0043436, GO:0044237, GO:0044238, GO:0044255, GO:0044281, GO:0048316, GO:0048608, GO:0048609, GO:0048731, GO:0048838, GO:0048856, GO:0048878, GO:0050896, GO:0055088, GO:0055114, GO:0061458, GO:0065007, GO:0065008, GO:0071695, GO:0071704, GO:0097438, GO:1901360, GO:1901362, GO:1901576, GO:1901615, GO:1901617, GO:1902644	ko00906,map00906
1723	CcGene_08407	CcContig_098978	182108	183739	-	Lipid & Polyketide Metabolism	9046.13-ketoacyl-CoA synthase 1 [Daucus carota subsp. sativus]	GO:0006633, GO:0016020, GO:0016747	-
1724	CcGene_08423	CcContig_004284	9902	13699	+	Lipid & Polyketide Metabolism	heterogeneous nuclear ribonucleoprotein	GO:0006633, GO:0016020, GO:0016747	ko03015,map03015
1725	CcGene_08432	CcContig_006421	15925	18344	-	Terpenoid Biosynthesis	9267.1beta-bisabolene synthase [Daucus carota subsp. sativus]	GO:0000287, GO:0010333, GO:0016102	-
1726	CcGene_08453	CcContig_058815	54966	57220	+	Secondary Metabolite	KAK1365486.1Laccase [Heracleum sosnowskyi]	GO:0005507, GO:0046274, GO:0048046, GO:0052716	-
1727	CcGene_08524	CcContig_001491	13146	28933	-	Terpenoid Biosynthesis	KAK1367066.1hypothetical protein POM88_042627 [Heracleum sosnowskyi]	GO:0005634	-
1728	CcGene_08539	CcContig_076188	5536	8112	-	Terpenoid Biosynthesis	0036.1(R)-limonene synthase 1, chloroplastic-like [Daucus carota subsp. sativus]	GO:0000287, GO:0010333, GO:0016102	-
1729	CcGene_08557	CcContig_047051	50155	53447	+	Terpenoid Biosynthesis	4942.1sesquiterpene synthase Cop [Daucus carota subsp. sativus]	GO:0000287, GO:0010333, GO:0016102	-
1730	CcGene_08613	CcContig_112301	24531	25012	-	Terpenoid Biosynthesis	KAL8116243.1hypothetical protein AgCh_022664 [Apium graveolens]	GO:0010444, GO:0048316	-
1731	CcGene_08627	CcContig_141674	30467	32537	+	Secondary Metabolite	KAL1802920.1hypothetical protein ACET3Z_031567 [Daucus carota]		-
1732	CcGene_08709	CcContig_003911	33896	35144	+	Flavonoids & Phenylpropanoids	Isoflavone reductase homolog	GO:0010073	-
1733	CcGene_08792	CcContig_118399	47696	52420	+	Secondary Metabolite	KAK1399996.1Cytokinin trans-hydroxylase [Heracleum sosnowskyi]	GO:0004497, GO:0005506, GO:0010268, GO:0016131, GO:0016705, GO:0020037	-
1734	CcGene_08977	CcContig_124172	12710	14285	-	Flavonoids & Phenylpropanoids	WXG23782.1chalcone synthase [Heracleum moellendorffii]	GO:0016747, GO:0030639	-
1735	CcGene_09078	CcContig_093924	1920	3695	+	Secondary Metabolite	KAL8110637.1hypothetical protein AgCh_026396 [Apium graveolens]	GO:0004497, GO:0005506, GO:0016705, GO:0020037	-
1736	CcGene_09079	CcContig_093924	5451	7204	+	Secondary Metabolite	1563.1cytochrome P450 71A9 [Daucus carota subsp. sativus]	GO:0004497, GO:0005506, GO:0016705, GO:0020037	-
1737	CcGene_09223	CcContig_004285	4932	5930	+	Secondary Metabolite	KAK1361507.1caffeoylshikimate esterase-like [Heracleum sosnowskyi]	GO:0016787	-
1738	CcGene_09345	CcContig_076345	5896	7481	+	Secondary Metabolite	4160.2geraniol 8-hydroxylase [Daucus carota subsp. sativus]	GO:0004497, GO:0005506, GO:0016705, GO:0020037	-
1739	CcGene_09414	CcContig_003281	1976	4642	+	Lipid & Polyketide Metabolism	3748.1uncharacterized protein LOC108215708 [Daucus carota subsp. sativus]	GO:0008270, GO:0016491	-
1740	CcGene_09466	CcContig_076818	4247	5959	-	Terpenoid Biosynthesis	4783.1calmodulin [Salmonella enterica]	GO:0005509	-
1741	CcGene_09491	CcContig_059077	1031	3742	-	Secondary Metabolite	2648.1NADPH--cytochrome P450 reductase 1-like [Apium graveolens]	GO:0003958, GO:0005829, GO:0010181, GO:0050660	-
1742	CcGene_09634	CcContig_127175	26817	31353	-	Terpenoid Biosynthesis	7602.1carotenoid cleavage dioxygenase 7, chloroplastic [Apium graveolens]	GO:0016121, GO:0045549	-
1743	CcGene_09736	CcContig_055969	6832	8861	+	Secondary Metabolite	7997.1cytochrome P450 93A3 [Daucus carota subsp. sativus]	GO:0004497, GO:0005506, GO:0016705, GO:0020037	-
1744	CcGene_09749	CcContig_099099	38890	41922	-	Secondary Metabolite	9894.1cytochrome P450 94A2-like [Apium graveolens]	GO:0004497, GO:0005506, GO:0016705, GO:0020037	-
1745	CcGene_09821	CcContig_106889	30126	33852	-	Secondary Metabolite	KAL1824786.1hypothetical protein ACET3Z_011564 [Daucus carota]	GO:0005524, GO:0016020, GO:0016887, GO:0140359	-
1746	CcGene_09830	CcContig_002573	1	439	+	Secondary Metabolite	ATP synthase protein	GO:0004497, GO:0005506, GO:0016705, GO:0020037, GO:0005575, GO:0005622, GO:0005623, GO:0005737, GO:0006996, GO:0008150, GO:0009507, GO:0009534, GO:0009535, GO:0009536, GO:0009579, GO:0009657, GO:0009658, GO:0009987, GO:0016020, GO:0016043, GO:0022607, GO:0031976, GO:0031984, GO:0033614, GO:0034357, GO:0034622, GO:0042651, GO:0043226, GO:0043227, GO:0043229, GO:0043231, GO:0043461, GO:0043933, GO:0044085, GO:0044422, GO:0044424, GO:0044434, GO:0044435, GO:0044436, GO:0044444, GO:0044446, GO:0044464, GO:0055035, GO:0065003, GO:0070071, GO:0071840	-
1747	CcGene_09861	CcContig_085502	12096	16651	+	Secondary Metabolite	KAL1821155.1hypothetical protein ACET3Z_016024 [Daucus carota]	GO:0003677, GO:0003689, GO:0005634, GO:0005663, GO:0006261, GO:0006281, GO:0016887	-
1748	CcGene_09932	CcContig_092579	82125	84557	-	Terpenoid Biosynthesis	3747.2myb family transcription factor PHL11-like [Daucus carota subsp. sativus]	GO:0003677, GO:0003700	-
1749	CcGene_09933	CcContig_092579	79380	80855	+	Flavonoids & Phenylpropanoids	2627.1isoflavone reductase homolog [Daucus carota subsp. sativus]	GO:0016491	-
1750	CcGene_10006	CcContig_049902	22991	25335	+	Secondary Metabolite	0716.1uncharacterized protein LOC108197575 isoform X2 [Daucus carota subsp. sativus]		-
1751	CcGene_10028	CcContig_038285	42503	44955	+	Flavonoids & Phenylpropanoids	1671.16,7,8-trihydroxycoumarin synthase-like [Daucus carota subsp. sativus]	GO:0004497, GO:0005506, GO:0016705, GO:0020037	-
1752	CcGene_10041	CcContig_121634	6824	8542	-	Secondary Metabolite	KAL8093888.1hypothetical protein AgCh_035681 [Apium graveolens]	GO:0015276, GO:0016020, GO:0034220	-
1753	CcGene_10127	CcContig_123040	10065	11066	-	Secondary Metabolite	Cytochrome P450 superfamily		-
1754	CcGene_10137	CcContig_124851	70593	72059	-	Lipid & Polyketide Metabolism	KAL1803344.1hypothetical protein ACET3Z_031991 [Daucus carota]	GO:0006633, GO:0016020, GO:0016747	-
1755	CcGene_10140	CcContig_059188	141	1198	-	Terpenoid Biosynthesis	KAK1375139.1heat shock 70 kDa protein 16 [Heracleum sosnowskyi]	GO:0005634, GO:0005829, GO:0006457	-
1756	CcGene_10270	CcContig_142670	31857	36473	+	Terpenoid Biosynthesis	7264.1protoheme IX farnesyltransferase, mitochondrial [Daucus carota subsp. sativus]	GO:0005739, GO:0006784, GO:0008495, GO:0016020	-
1757	CcGene_10284	CcContig_045776	61370	66741	+	Secondary Metabolite	9768.1small GTPase LIP1 isoform X2 [Daucus carota subsp. sativus]	GO:0003924, GO:0005525, GO:0006886, GO:0012505	-
1758	CcGene_10301	CcContig_051334	2716	4622	+	Secondary Metabolite	WOH12386.1hypothetical protein DCAR_0831889 [Daucus carota subsp. sativus]	GO:0005506, GO:0009808, GO:0016710, GO:0020037	-
1759	CcGene_10302	CcContig_051334	7025	7646	+	Flavonoids & Phenylpropanoids	0683.1trans-cinnamate 4-monooxygenase [Daucus carota subsp. sativus]	GO:0005506, GO:0009808, GO:0016710, GO:0020037	-
1760	CcGene_10305	CcContig_051334	10360	12423	+	Secondary Metabolite	WOH12386.1hypothetical protein DCAR_0831889 [Daucus carota subsp. sativus]	GO:0005506, GO:0009808, GO:0016710, GO:0020037	-
1761	CcGene_10329	CcContig_141069	5381	16280	-	Secondary Metabolite	KAK1372811.1Zinc finger and BTB domain-containing protein [Heracleum sosnowskyi]	GO:0009941	-
1762	CcGene_10410	CcContig_138535	32159	34436	-	Flavonoids & Phenylpropanoids	9221.1flavonol synthase/flavanone 3-hydroxylase isoform X1 [Daucus carota subsp. sativus]	GO:0016706	-
1763	CcGene_10436	CcContig_047702	2428	2619	-	Secondary Metabolite	atexpb2,athexp beta 1.4,expb2	GO:0000902, GO:0005575, GO:0005618, GO:0005623, GO:0008150, GO:0009653, GO:0009664, GO:0009826, GO:0009827, GO:0009828, GO:0009987, GO:0016020, GO:0016043, GO:0016049, GO:0030312, GO:0032502, GO:0032989, GO:0040007, GO:0042545, GO:0044464, GO:0045229, GO:0048589, GO:0048856, GO:0048869, GO:0060560, GO:0071554, GO:0071555, GO:0071669, GO:0071840, GO:0071944	-
1764	CcGene_10445	CcContig_059356	2085	3747	-	Secondary Metabolite	KAL1826639.1hypothetical protein ACET3Z_005051 [Daucus carota]	GO:0004497, GO:0005506, GO:0016705, GO:0020037	-
1765	CcGene_10463	CcContig_130905	29799	31086	-	Secondary Metabolite	6209.1putative ubiquitin-like-specific protease 1B [Daucus carota subsp. sativus]	GO:0006508, GO:0008234	-
1766	CcGene_10466	CcContig_049334	5681	6391	+	Secondary Metabolite	WOH14748.1hypothetical protein DCAR_0934270 [Daucus carota subsp. sativus]		-
1767	CcGene_10502	CcContig_047126	2410	2799	-	Secondary Metabolite	Cytochrome P450 superfamily		-
1768	CcGene_10578	CcContig_142156	58960	59629	-	Secondary Metabolite	Belongs to the cytochrome P450 family	GO:0006952, GO:0000003, GO:0003006, GO:0003674, GO:0003824, GO:0004497, GO:0006066, GO:0006082, GO:0006629, GO:0006694, GO:0006714, GO:0006720, GO:0006721, GO:0007275, GO:0008150, GO:0008152, GO:0008202, GO:0008610, GO:0009058, GO:0009314, GO:0009416, GO:0009628, GO:0009639, GO:0009687, GO:0009791, GO:0009987, GO:0010114, GO:0010154, GO:0010162, GO:0010268, GO:0010295, GO:0010431, GO:0010817, GO:0016125, GO:0016128, GO:0016129, GO:0016131, GO:0016132, GO:0016491, GO:0016705, GO:0016709, GO:0019752, GO:0021700, GO:0022414, GO:0022611, GO:0032501, GO:0032502, GO:0032504, GO:0032787, GO:0042445, GO:0042446, GO:0042592, GO:0043288, GO:0043436, GO:0044237, GO:0044238, GO:0044255, GO:0044281, GO:0048316, GO:0048608, GO:0048609, GO:0048731, GO:0048838, GO:0048856, GO:0048878, GO:0050896, GO:0055088, GO:0055114, GO:0061458, GO:0065007, GO:0065008, GO:0071695, GO:0071704, GO:0097438, GO:1901360, GO:1901362, GO:1901576, GO:1901615, GO:1901617, GO:1902644	ko00906,map00906
1769	CcGene_10675	CcContig_012142	111042	114472	-	Secondary Metabolite	KAL1822598.1hypothetical protein ACET3Z_009376 [Daucus carota]	GO:0004497, GO:0005506, GO:0010268, GO:0016131, GO:0016705, GO:0020037	-
1770	CcGene_10690	CcContig_047324	17376	23445	-	Terpenoid Biosynthesis	Cytochrome c oxidase is the component of the respiratory chain that catalyzes the reduction of oxygen to water. Subunits 1- 3 form the functional core of the enzyme complex. Subunit 2 transfers the electrons from cytochrome c via its binuclear copper A center to the bimetallic center of the catalytic subunit 1	GO:0031262, GO:0051315, GO:0006091, GO:0006119, GO:0006139, GO:0006163, GO:0006725, GO:0006753, GO:0006793, GO:0006796, GO:0006807, GO:0008150, GO:0008152, GO:0009117, GO:0009123, GO:0009126, GO:0009141, GO:0009144, GO:0009150, GO:0009161, GO:0009167, GO:0009199, GO:0009205, GO:0009259, GO:0009987, GO:0015980, GO:0016310, GO:0017144, GO:0019637, GO:0019693, GO:0022900, GO:0022904, GO:0034641, GO:0042773, GO:0044237, GO:0044238, GO:0044281, GO:0045333, GO:0046034, GO:0046483, GO:0055086, GO:0055114, GO:0071704, GO:0072521, GO:1901135, GO:1901360, GO:1901564	ko00190,ko01100,ko04260,ko04714,ko04932,ko05010,ko05012,ko05016,map00190,map01100,map04260,map04714,map04932,map05010,map05012,map05016
1771	CcGene_10710	CcContig_136997	6764	8748	+	Secondary Metabolite	Cytochrome P450 superfamily		-
1772	CcGene_10737	CcContig_060058	10330	12127	-	Secondary Metabolite	isoform X1	GO:0004497, GO:0005506, GO:0016705, GO:0020037	-
1773	CcGene_10738	CcContig_060058	16684	26334	-	Secondary Metabolite	KAK6237557.1hypothetical protein QUC31_003026 [Theobroma cacao]	GO:0004497, GO:0005506, GO:0016705, GO:0020037	-
1774	CcGene_10739	CcContig_060058	13460	14319	-	Secondary Metabolite	KAL1824354.1hypothetical protein ACET3Z_011132 [Daucus carota]	GO:0004497, GO:0005506, GO:0016705, GO:0020037	-
1775	CcGene_10810	CcContig_109510	6775	11526	-	Secondary Metabolite	6234.2MADS-box protein SOC1 [Daucus carota subsp. sativus]	GO:0000978, GO:0000981, GO:0005634, GO:0045944, GO:0046983	-
1776	CcGene_10982	CcContig_046253	2253	5461	-	Secondary Metabolite	AQY76209.1cytochrome P450 [Elaeoselinum garganicum]	GO:0004497, GO:0005506, GO:0016705, GO:0020037	-
1777	CcGene_11062	CcContig_109479	6543	8296	+	Flavonoids & Phenylpropanoids	KAL1804064.1hypothetical protein ACET3Z_032711 [Daucus carota]	GO:0016747, GO:0030639	-
1778	CcGene_11063	CcContig_109479	20943	26643	+	Secondary Metabolite	6548.1uncharacterized protein LOC108202589 [Daucus carota subsp. sativus]	GO:0008270	-
1779	CcGene_11131	CcContig_137753	81955	86910	+	Terpenoid Biosynthesis	3575.1diphosphomevalonate decarboxylase 2 [Daucus carota subsp. sativus]	GO:0004163, GO:0005829, GO:0019287	-
1780	CcGene_11176	CcContig_010084	78513	84870	-	Secondary Metabolite	4336.1homeobox-leucine zipper protein ATHB-15-like [Apium graveolens]	GO:0003677, GO:0003700, GO:0008289	-
1781	CcGene_11182	CcContig_104022	30954	32179	-	Flavonoids & Phenylpropanoids	4785.1type III polyketide synthase B [Daucus carota subsp. sativus]	GO:0016747, GO:0030639	-
1782	CcGene_11185	CcContig_120152	5984	8623	+	Terpenoid Biosynthesis	2725.1(R)-limonene synthase 1, chloroplastic-like [Daucus carota subsp. sativus]	GO:0000287, GO:0010333, GO:0016102	-
1783	CcGene_11243	CcContig_111052	11012	15758	+	Lipid & Polyketide Metabolism	1191.1S-(hydroxymethyl)glutathione dehydrogenase [Daucus carota subsp. sativus]	GO:0016491	-
1784	CcGene_11267	CcContig_125072	19556	21956	-	Secondary Metabolite	0489.1cytochrome P450 85A1 [Daucus carota subsp. sativus]	GO:0004497, GO:0005506, GO:0007275, GO:0010268, GO:0016125, GO:0016132, GO:0016705, GO:0020037	-
1785	CcGene_11309	CcContig_093410	41927	42919	-	Secondary Metabolite	CAL8802602.1unnamed protein product [Arabis ciliata]		-
1786	CcGene_11353	CcContig_048275	19477	27931	+	Secondary Metabolite	9148.1cytochrome P450 734A1-like isoform X1 [Daucus carota subsp. sativus]	GO:0004497, GO:0005506, GO:0016705, GO:0020037	-
1787	CcGene_11373	CcContig_126818	21330	24407	-	Terpenoid Biosynthesis	8680.1probable terpene synthase 12 [Daucus carota subsp. sativus]	GO:0000287, GO:0010333, GO:0016102	-
1788	CcGene_11399	CcContig_115922	30625	35502	+	Secondary Metabolite	2718.1nuclear transport factor 2 isoform X1 [Daucus carota subsp. sativus]	GO:0003729, GO:0005829, GO:1990904	-
1789	CcGene_11421	CcContig_120263	172395	173050	+	Terpenoid Biosynthesis	AUZ98428.1ent-kaurene synthase isoform X2 [Trachyspermum ammi]	GO:0000287, GO:0009507, GO:0009686, GO:0010333	-
1790	CcGene_11424	CcContig_120263	158700	162263	+	Terpenoid Biosynthesis	9616.1ent-kaurene synthase TSP4, chloroplastic isoform X2 [Daucus carota subsp. sativus]	GO:0000287, GO:0009507, GO:0009686, GO:0010333	-
1791	CcGene_11436	CcContig_120263	163191	165840	+	Terpenoid Biosynthesis	8749.1terpene synthase 6, chloroplastic [Daucus carota subsp. sativus]	GO:0000287, GO:0009507, GO:0009686, GO:0010333	-
1792	CcGene_11457	CcContig_005159	3890	5978	-	Secondary Metabolite	Cytochrome p450		-
1793	CcGene_11481	CcContig_145301	41359	46340	-	Secondary Metabolite	5790.1EP1-like glycoprotein 2 [Daucus carota subsp. sativus]	GO:0004497	-
1794	CcGene_11508	CcContig_076658	495	1904	+	Flavonoids & Phenylpropanoids	7942.1oxoglutarate-dependent flavonoid 7-O-demethylase 1-like [Apium graveolens]		-
1795	CcGene_11545	CcContig_128462	8862	10862	-	Secondary Metabolite	8315.1cytochrome P450 CYP749A22-like [Daucus carota subsp. sativus]	GO:0004497, GO:0005506, GO:0016705, GO:0020037	-
1796	CcGene_11623	CcContig_099778	65782	71015	-	Secondary Metabolite	ALO61914.1NADPH cytochrome P450 oxidoreductase [Thapsia laciniata]	GO:0003958, GO:0005829, GO:0010181, GO:0050660	-
1797	CcGene_11658	CcContig_134205	31075	34875	-	Secondary Metabolite	2712.1cysteine synthase 2 [Daucus carota subsp. sativus]	GO:0005737, GO:0019344	-
1798	CcGene_11673	CcContig_087803	12674	14448	+	Secondary Metabolite	1133.1uncharacterized protein LOC108213851 isoform X1 [Daucus carota subsp. sativus]		-
1799	CcGene_11718	CcContig_050441	3310	8608	-	Secondary Metabolite	8903.1uncharacterized protein LOC108227982 [Daucus carota subsp. sativus]		-
1800	CcGene_11744	CcContig_127679	9962	16445	-	Secondary Metabolite	KAL1822940.1hypothetical protein ACET3Z_009718 [Daucus carota]	GO:0004553, GO:0005975	-
1801	CcGene_11794	CcContig_048028	9830	19612	+	Terpenoid Biosynthesis	KAL1808373.1hypothetical protein ACET3Z_025363 [Daucus carota]	GO:0003777, GO:0005524, GO:0007018, GO:0008017	-
1802	CcGene_11795	CcContig_128162	22259	22708	-	Secondary Metabolite	KAL1817067.1hypothetical protein ACET3Z_019641 [Daucus carota]		-
1803	CcGene_11862	CcContig_117121	110187	112851	-	Terpenoid Biosynthesis	KAK1405401.1Santalene synthase [Heracleum sosnowskyi]	GO:0000287, GO:0010333, GO:0016102	-
1804	CcGene_11894	CcContig_141389	23786	24758	+	Terpenoid Biosynthesis	6082.1squalene synthase 1-like [Daucus carota subsp. sativus]	GO:0004311, GO:0005789, GO:0045338, GO:0051996	-
1805	CcGene_11941	CcContig_003962	4387	4599	+	Flavonoids & Phenylpropanoids	Belongs to the chalcone isomerase family	GO:0003674, GO:0005488, GO:0005504, GO:0005575, GO:0005622, GO:0005623, GO:0005737, GO:0006082, GO:0006629, GO:0006631, GO:0008150, GO:0008152, GO:0008289, GO:0009507, GO:0009532, GO:0009536, GO:0009570, GO:0009987, GO:0019752, GO:0031406, GO:0032787, GO:0033293, GO:0036094, GO:0043167, GO:0043168, GO:0043177, GO:0043226, GO:0043227, GO:0043229, GO:0043231, GO:0043436, GO:0044237, GO:0044238, GO:0044255, GO:0044281, GO:0044422, GO:0044424, GO:0044434, GO:0044435, GO:0044444, GO:0044446, GO:0044464, GO:0071704	-
1806	CcGene_12077	CcContig_102482	15854	16681	+	Secondary Metabolite	WOG99520.1hypothetical protein DCAR_0518873 [Daucus carota subsp. sativus]		-
1807	CcGene_12104	CcContig_007701	3679	10234	+	Secondary Metabolite	KAL1813357.1hypothetical protein ACET3Z_023422 [Daucus carota]	GO:0003723, GO:0004386, GO:0005524, GO:0005622	-
1808	CcGene_12137	CcContig_050481	20855	22912	+	Secondary Metabolite	KAK1379566.1Cytochrome P450, family 704, subfamily B, polypeptide 1 [Heracleum sosnowskyi]	GO:0004497, GO:0005506, GO:0016705, GO:0020037	-
1809	CcGene_12179	CcContig_146201	117901	119844	+	Secondary Metabolite	WOG90744.1hypothetical protein DCAR_0309988 [Daucus carota subsp. sativus]	GO:0004497, GO:0005506, GO:0016705, GO:0020037	-
1810	CcGene_12216	CcContig_046242	45636	56517	+	Terpenoid Biosynthesis	4785.1mediator of RNA polymerase II transcription subunit 12 [Daucus carota subsp. sativus]	GO:0003712, GO:0006357, GO:0016592	-
1811	CcGene_12236	CcContig_102070	43947	46225	+	Secondary Metabolite	WOG87506.1hypothetical protein DCAR_0206734 [Daucus carota subsp. sativus]	GO:0004497, GO:0005506, GO:0016705, GO:0020037	-
1812	CcGene_12237	CcContig_102070	51816	55131	+	Secondary Metabolite	KAL1827572.1hypothetical protein ACET3Z_005984 [Daucus carota]	GO:0004497, GO:0005506, GO:0016705, GO:0020037	-
1813	CcGene_12239	CcContig_102070	24695	26868	+	Secondary Metabolite	KAL8089730.1hypothetical protein AgCh_039281 [Apium graveolens]	GO:0004497, GO:0005506, GO:0016705, GO:0020037	-
1814	CcGene_12259	CcContig_093889	1771	7603	+	Secondary Metabolite	KAA8538077.1hypothetical protein F0562_027685 [Nyssa sinensis]	GO:0004497, GO:0005506, GO:0016705, GO:0020037	-
1815	CcGene_12313	CcContig_135531	106658	109597	-	Secondary Metabolite	5319.1beta-amyrin 28-monooxygenase [Daucus carota subsp. sativus]	GO:0004497, GO:0005506, GO:0016125, GO:0016705, GO:0020037	-
1816	CcGene_12356	CcContig_003874	21418	22981	-	Flavonoids & Phenylpropanoids	4614.1bifunctional pinoresinol-lariciresinol reductase-like [Apium graveolens]	GO:0016491	-
1817	CcGene_12357	CcContig_003874	5000	6605	+	Flavonoids & Phenylpropanoids	5018.2isoflavone reductase homolog [Daucus carota subsp. sativus]	GO:0016491	-
1818	CcGene_12368	CcContig_048702	22987	24256	-	Secondary Metabolite	KAL1824347.1hypothetical protein ACET3Z_011125 [Daucus carota]	GO:0004497, GO:0005506, GO:0016705, GO:0020037	-
1819	CcGene_12370	CcContig_048702	17495	19640	-	Secondary Metabolite	9757.1geraniol 8-hydroxylase [Daucus carota subsp. sativus]	GO:0004497, GO:0005506, GO:0016705, GO:0020037	-
1820	CcGene_12396	CcContig_006359	6781	8584	+	Flavonoids & Phenylpropanoids	ABG78790.1flavone synthase I [Cuminum cyminum]	GO:0005506, GO:0005737, GO:0016706, GO:0033759, GO:0051553	-
1821	CcGene_12429	CcContig_115259	38014	42061	-	Terpenoid Biosynthesis	KAL1811870.1hypothetical protein ACET3Z_021935 [Daucus carota]	GO:0030599, GO:0042545, GO:0046910	-
1822	CcGene_12438	CcContig_003858	46331	47053	-	Secondary Metabolite	6306.1beta-amyrin 6-beta-monooxygenase-like [Daucus carota subsp. sativus]	GO:0004497, GO:0005506, GO:0016125, GO:0016705, GO:0020037	-
1823	CcGene_12441	CcContig_003858	44935	46270	-	Secondary Metabolite	0101.1LOW QUALITY PROTEIN: beta-amyrin 6-beta-monooxygenase [Daucus carota subsp. sativus]	GO:0004497, GO:0005506, GO:0016125, GO:0016705, GO:0020037	-
1824	CcGene_12446	CcContig_047123	104428	106167	-	Terpenoid Biosynthesis	KAL1813002.1hypothetical protein ACET3Z_023067 [Daucus carota]	GO:0009570, GO:0010436, GO:0016121	-
1825	CcGene_12466	CcContig_009974	4381	7786	+	Secondary Metabolite	KAL1818041.1hypothetical protein ACET3Z_020615 [Daucus carota]	GO:0000151, GO:0005515, GO:0005737	-
1826	CcGene_12494	CcContig_059638	11945	13601	+	Secondary Metabolite	cytochrome P450	GO:0000981, GO:0005634, GO:0043565, GO:0045893	-
1827	CcGene_12516	CcContig_033497	22919	24406	+	Secondary Metabolite	ANO53925.1hydroxycinnamoyl-CoA shikimate/quinate hydroxycinnamoyl transferase [Daucus carota subsp. carota]	GO:0016747	-
1828	CcGene_12518	CcContig_033497	4053	9791	-	Secondary Metabolite	3049.1probable protein phosphatase 2C 60 [Daucus carota subsp. sativus]	GO:0004722, GO:0006470, GO:0043169	-
1829	CcGene_12591	CcContig_122849	11285	12428	-	Secondary Metabolite	7958.1photosystem I reaction center subunit XI, chloroplastic [Daucus carota subsp. sativus]	GO:0009535, GO:0009538, GO:0015979	-
1830	CcGene_12636	CcContig_135575	41192	45106	+	Secondary Metabolite	3904.1putative serine/threonine-protein kinase PBL25 [Apium graveolens]	GO:0004672, GO:0005524, GO:0006468	-
1831	CcGene_12666	CcContig_005679	26848	28817	+	Terpenoid Biosynthesis	BDO47141.1terpene synthase [Angelica archangelica]	GO:0000287, GO:0010333	-
1832	CcGene_12688	CcContig_028762	10624	12290	-	Secondary Metabolite	5161.1cytokinin hydroxylase-like [Daucus carota subsp. sativus]	GO:0004497, GO:0005506, GO:0016705, GO:0020037	-
1833	CcGene_12787	CcContig_073292	22796	25084	+	Secondary Metabolite	0672.1cytochrome P450 78A5-like [Apium graveolens]	GO:0004497, GO:0005506, GO:0016705, GO:0020037	-
1834	CcGene_12825	CcContig_073267	58129	59453	+	Lipid & Polyketide Metabolism	KAK1362574.13-ketoacyl-CoA synthase [Heracleum sosnowskyi]	GO:0006633, GO:0016020, GO:0016747	-
1835	CcGene_12826	CcContig_073267	40399	41739	+	Lipid & Polyketide Metabolism	KAK1362573.13-ketoacyl-CoA synthase [Heracleum sosnowskyi]	GO:0006633, GO:0016020, GO:0016747	-
1836	CcGene_12982	CcContig_000941	5766	7620	+	Secondary Metabolite	1754.1cytochrome P450 704C1 [Daucus carota subsp. sativus]	GO:0004497, GO:0005506, GO:0016705, GO:0020037	-
1837	CcGene_13083	CcContig_136609	5593	6636	-	Secondary Metabolite	KAL1824347.1hypothetical protein ACET3Z_011125 [Daucus carota]	GO:0004497, GO:0005506, GO:0016705, GO:0020037	-
1838	CcGene_13086	CcContig_005108	7591	10340	+	Terpenoid Biosynthesis	BDO47130.1terpene synthase [Angelica archangelica]	GO:0000287, GO:0010333, GO:0016102	-
1839	CcGene_13098	CcContig_125168	17672	20721	+	Secondary Metabolite	WOH09996.1hypothetical protein DCAR_0729457 [Daucus carota subsp. sativus]	GO:0003723, GO:0004518, GO:0005634, GO:0005829, GO:0006402	-
1840	CcGene_13163	CcContig_048068	19381	20937	+	Secondary Metabolite	8439.1desmethyl-deoxy-podophyllotoxin synthase-like [Daucus carota subsp. sativus]	GO:0004497, GO:0005506, GO:0016705, GO:0020037	-
1841	CcGene_13189	CcContig_107360	3614	5278	-	Lipid & Polyketide Metabolism	6419.1acyl carrier protein 1, chloroplastic [Daucus carota subsp. sativus]	GO:0000036, GO:0006633, GO:0031177	-
1842	CcGene_13249	CcContig_007638	14019	14604	-	Secondary Metabolite	KAL1815819.1hypothetical protein ACET3Z_018393 [Daucus carota]	GO:0004497, GO:0005506, GO:0016705, GO:0020037	-
1843	CcGene_13251	CcContig_007638	26646	27498	-	Secondary Metabolite	1589.1cytochrome P450 CYP72A219-like [Daucus carota subsp. sativus]	GO:0004497, GO:0005506, GO:0016705, GO:0020037	-
1844	CcGene_13252	CcContig_007638	18463	22957	-	Secondary Metabolite	KAL1815816.1hypothetical protein ACET3Z_018390 [Daucus carota]	GO:0004497, GO:0005506, GO:0016705, GO:0020037	-
1845	CcGene_13253	CcContig_007638	30689	31442	-	Secondary Metabolite	WOH00772.1hypothetical protein DCAR_0520147 [Daucus carota subsp. sativus]	GO:0004497, GO:0005506, GO:0016705, GO:0020037	-
1846	CcGene_13254	CcContig_048204	22802	25048	+	Lipid & Polyketide Metabolism	6985.1mannitol dehydrogenase [Daucus carota subsp. sativus]	GO:0008270, GO:0009809, GO:0045551	-
1847	CcGene_13283	CcContig_102111	86148	88401	+	Secondary Metabolite	4974.1heavy metal-associated isoprenylated plant protein 7-like isoform X2 [Apium graveolens]	GO:0046872	-
1848	CcGene_13310	CcContig_094338	13272	14078	+	Secondary Metabolite	2633.1glutathione S-transferase U8 [Daucus carota subsp. sativus]	GO:0004364, GO:0005737, GO:0006749	-
1849	CcGene_13438	CcContig_006370	4753	7168	+	Terpenoid Biosynthesis	AZL40026.1epikunzeaol synthase [Thapsia laciniata]	GO:0000287, GO:0010333, GO:0016102	-
1850	CcGene_13466	CcContig_132466	92083	97351	-	Secondary Metabolite	9231.1signal recognition particle subunit SRP54 2 [Daucus carota subsp. sativus]	GO:0003924, GO:0005525, GO:0005786, GO:0005829, GO:0006616, GO:0008312, GO:0016887, GO:0030942	-
1851	CcGene_13494	CcContig_060338	9036	10134	-	Secondary Metabolite	7709.1cytochrome P450 CYP94D108-like [Daucus carota subsp. sativus]	GO:0004497, GO:0005506, GO:0016705, GO:0020037	-
1852	CcGene_13529	CcContig_142491	64534	69343	-	Secondary Metabolite	KAL1831122.1hypothetical protein ACET3Z_000773 [Daucus carota]	GO:0004497, GO:0005506, GO:0016125, GO:0016705, GO:0020037	-
1853	CcGene_13546	CcContig_027145	10946	13794	+	Secondary Metabolite	Belongs to the glutamyl-tRNA reductase family	GO:0003674, GO:0003824, GO:0005575, GO:0005622, GO:0005623, GO:0005737, GO:0006725, GO:0006778, GO:0006779, GO:0006783, GO:0006807, GO:0006950, GO:0006979, GO:0008150, GO:0008152, GO:0008883, GO:0009058, GO:0009507, GO:0009536, GO:0009987, GO:0015994, GO:0015995, GO:0016491, GO:0016620, GO:0016903, GO:0018130, GO:0019438, GO:0033013, GO:0033014, GO:0034641, GO:0042168, GO:0042440, GO:0043226, GO:0043227, GO:0043229, GO:0043231, GO:0044237, GO:0044249, GO:0044271, GO:0044424, GO:0044444, GO:0044464, GO:0046148, GO:0046483, GO:0050896, GO:0051186, GO:0051188, GO:0055114, GO:0071704, GO:0140098, GO:0140101, GO:1901360, GO:1901362, GO:1901564, GO:1901566, GO:1901576	ko00860,ko01100,ko01110,ko01120,map00860,map01100,map01110,map01120
1854	CcGene_13567	CcContig_060044	27773	30615	-	Terpenoid Biosynthesis	NUMOD3 motif (2 copies)	GO:0009507, GO:0010436, GO:0016121	-
1855	CcGene_13604	CcContig_115350	48159	50986	-	Secondary Metabolite	6288.1cytochrome P450 85A1 [Daucus carota subsp. sativus]	GO:0004497, GO:0005506, GO:0007275, GO:0010268, GO:0016125, GO:0016132, GO:0016705, GO:0020037	-
1856	CcGene_13694	CcContig_095213	17219	21804	-	Secondary Metabolite	KAL1803059.1hypothetical protein ACET3Z_031706 [Daucus carota]	GO:0004683, GO:0005509, GO:0005516, GO:0005524, GO:0005634, GO:0005737, GO:0005886, GO:0009931, GO:0018105, GO:0035556, GO:0046777	-
1857	CcGene_13750	CcContig_059225	22100	24778	-	Secondary Metabolite	KAL1813808.1hypothetical protein ACET3Z_023873 [Daucus carota]	GO:0004497, GO:0005506, GO:0016705, GO:0020037	-
1858	CcGene_13794	CcContig_121881	9885	11340	-	Flavonoids & Phenylpropanoids	1786.1flavonol sulfotransferase-like [Daucus carota subsp. sativus]	GO:0005737, GO:0008146, GO:0051923	-
1859	CcGene_13860	CcContig_137512	112110	120982	-	Secondary Metabolite	8864.1CLP protease regulatory subunit CLPX2, mitochondrial-like isoform X1 [Daucus carota subsp. sativus]	GO:0005524, GO:0005759, GO:0006457, GO:0016887, GO:0140662	-
1860	CcGene_13886	CcContig_117166	69758	70105	+	Terpenoid Biosynthesis	KAK1357525.1Geranyl diphosphate synthase large subunit [Heracleum sosnowskyi]	GO:0004311	-
1861	CcGene_13944	CcContig_005701	14825	19735	+	Secondary Metabolite	7604.13beta,22alpha-dihydroxysteroid 3-dehydrogenase isoform X1 [Daucus carota subsp. sativus]	GO:0004497, GO:0005506, GO:0007275, GO:0010268, GO:0016125, GO:0016132, GO:0016705, GO:0020037	-
1862	CcGene_14037	CcContig_059349	14859	20181	+	Terpenoid Biosynthesis	2829.1ent-copalyl diphosphate synthase 5 isoform X1 [Daucus carota subsp. sativus]	GO:0000287, GO:0009507, GO:0009686, GO:0010333	-
1863	CcGene_14038	CcContig_117898	22913	26755	+	Secondary Metabolite	6994.1uncharacterized protein LOC108195362 [Daucus carota subsp. sativus]		-
1864	CcGene_14089	CcContig_060035	15495	18921	-	Secondary Metabolite	Tudor domain	GO:0019478, GO:0051499	-
1865	CcGene_14165	CcContig_110257	81636	83723	-	Secondary Metabolite	KAL1807639.1hypothetical protein ACET3Z_024629 [Daucus carota]	GO:0004497, GO:0005506, GO:0016705, GO:0020037	-
1866	CcGene_14170	CcContig_100771	20410	22352	-	Secondary Metabolite	5032.1cytochrome P450 72A397 [Daucus carota subsp. sativus]	GO:0004497, GO:0005506, GO:0016705, GO:0020037	-
1867	CcGene_14181	CcContig_076174	84118	85714	-	Terpenoid Biosynthesis	8386.1geranylgeranyl diphosphate reductase, chloroplastic [Daucus carota subsp. sativus]	GO:0009535, GO:0015979, GO:0015995, GO:0016628	-
1868	CcGene_14182	CcContig_129224	27190	28862	+	Secondary Metabolite	1851.1desmethyl-deoxy-podophyllotoxin synthase [Daucus carota subsp. sativus]	GO:0004497, GO:0005506, GO:0016705, GO:0020037	-
1869	CcGene_14292	CcContig_049805	17087	20533	+	Terpenoid Biosynthesis	8195.1squalene monooxygenase SE2 [Daucus carota subsp. sativus]	GO:0004506, GO:0005783, GO:0016020, GO:0016126, GO:0050660	-
1870	CcGene_14362	CcContig_109817	13300	17855	+	Secondary Metabolite	3979.1pentatricopeptide repeat-containing protein At5g66520 [Daucus carota subsp. sativus]	GO:0004497, GO:0005506, GO:0005515, GO:0016705, GO:0020037	-
1871	CcGene_14501	CcContig_106020	10236	11864	+	Secondary Metabolite	4742.1pentatricopeptide repeat-containing protein At2g42920, chloroplastic [Daucus carota subsp. sativus]	GO:0003723, GO:0005515, GO:0009451, GO:0043231	-
1872	CcGene_14513	CcContig_116707	7305	9025	-	Secondary Metabolite	KAL1819504.1hypothetical protein ACET3Z_014373 [Daucus carota]	GO:0004497, GO:0005506, GO:0016705, GO:0020037	-
1873	CcGene_14551	CcContig_010057	1987	4306	-	Secondary Metabolite	Non-catalytic subunit	GO:0004497, GO:0005506, GO:0016125, GO:0016705, GO:0020037	-
1874	CcGene_14599	CcContig_064765	3972	4543	-	Terpenoid Biosynthesis	KAK1357871.1hypothetical protein POM88_051127 [Heracleum sosnowskyi]		-
1875	CcGene_14673	CcContig_102309	26611	29731	-	Flavonoids & Phenylpropanoids	KAK1369376.1Chalcone isomerase [Heracleum sosnowskyi]	GO:0005504, GO:0009570, GO:0016872	-
1876	CcGene_14683	CcContig_047681	13378	16000	+	Secondary Metabolite	WOH07737.1hypothetical protein DCAR_0727170 [Daucus carota subsp. sativus]	GO:0004497, GO:0005506, GO:0007275, GO:0010268, GO:0016125, GO:0016132, GO:0016705, GO:0020037	-
1877	CcGene_14743	CcContig_120789	4202	4613	-	Terpenoid Biosynthesis	KAF9595177.1hypothetical protein IFM89_037606 [Coptis chinensis]	GO:0004506, GO:0005783, GO:0016020, GO:0016126, GO:0050660	-
1878	CcGene_14819	CcContig_106726	7841	10625	-	Secondary Metabolite	WOG96639.1hypothetical protein DCAR_0415975 [Daucus carota subsp. sativus]	GO:0004497, GO:0005506, GO:0010268, GO:0016131, GO:0016705, GO:0020037	-
1879	CcGene_14918	CcContig_082477	7933	9098	-	Secondary Metabolite	KAL1806139.1hypothetical protein ACET3Z_029207 [Daucus carota]	GO:0005506, GO:0009808, GO:0016710, GO:0020037	-
1880	CcGene_14939	CcContig_127109	77337	79463	-	Lipid & Polyketide Metabolism	KAK1399592.1Alcohol dehydrogenase, C-terminal [Heracleum sosnowskyi]	GO:0008270, GO:0016616	-
1881	CcGene_14940	CcContig_127109	82481	84231	+	Lipid & Polyketide Metabolism	2174.1L-idonate 5-dehydrogenase [Daucus carota subsp. sativus]	GO:0008270, GO:0016616	-
1882	CcGene_14964	CcContig_033101	7588	12948	-	Secondary Metabolite	KAL1817813.1hypothetical protein ACET3Z_020387 [Daucus carota]	GO:0005506, GO:0005783, GO:0009686, GO:0009707, GO:0016709, GO:0020037, GO:0052615	-
1883	CcGene_14965	CcContig_033101	15173	23351	-	Secondary Metabolite	4828.1uncharacterized protein LOC108192837 [Daucus carota subsp. sativus]	GO:0004497, GO:0005506, GO:0016705, GO:0020037	-
1884	CcGene_14977	CcContig_143895	14169	15272	+	Secondary Metabolite	KAL1806284.1hypothetical protein ACET3Z_029352 [Daucus carota]	GO:0003993, GO:0046872	-
1885	CcGene_15049	CcContig_097518	4027	5497	-	Secondary Metabolite	8068.1cytochrome P450 81Q32-like [Daucus carota subsp. sativus]	GO:0004497, GO:0005506, GO:0016705, GO:0020037	-
1886	CcGene_15050	CcContig_097518	7963	9850	-	Secondary Metabolite	8068.1cytochrome P450 81Q32-like [Daucus carota subsp. sativus]	GO:0004497, GO:0005506, GO:0016705, GO:0020037	-
1887	CcGene_15091	CcContig_006463	3415	7977	+	Lipid & Polyketide Metabolism	4935.1enoyl-[acyl-carrier-protein] reductase, mitochondrial-like [Daucus carota subsp. sativus]	GO:0005739, GO:0006631, GO:0019166	-
1888	CcGene_15108	CcContig_002922	21698	22606	-	Secondary Metabolite	4758.1homologous-pairing protein 2 homolog [Apium graveolens]	GO:0000709, GO:0000794, GO:0003690, GO:0007129, GO:0010774, GO:0120230, GO:0120231	-
1889	CcGene_15112	CcContig_107938	17705	20071	-	Terpenoid Biosynthesis	KAL1805553.1hypothetical protein ACET3Z_028621 [Daucus carota]	GO:0000287, GO:0010333, GO:0016102	-
1890	CcGene_15163	CcContig_049365	43169	45377	-	Secondary Metabolite	Belongs to the cytochrome P450 family	GO:0006629, GO:0016788	-
1891	CcGene_15167	CcContig_049365	29677	31487	-	Secondary Metabolite	Belongs to the cytochrome P450 family	GO:0005886, GO:1903424, GO:1903425	-
1892	CcGene_15211	CcContig_142586	23908	33423	-	Secondary Metabolite	8645.1cytokinin dehydrogenase 5 [Daucus carota subsp. sativus]	GO:0009690, GO:0019139, GO:0071949	-
1893	CcGene_15316	CcContig_135877	36427	38164	+	Secondary Metabolite	KAK1368856.1GDSL-like Lipase/Acylhydrolase superfamily protein [Heracleum sosnowskyi]	GO:0016788	-
1894	CcGene_15318	CcContig_015315	10464	14361	-	Secondary Metabolite	KAL1813573.1hypothetical protein ACET3Z_023638 [Daucus carota]	GO:0004497, GO:0005506, GO:0016705, GO:0020037	-
1895	CcGene_15371	CcContig_137864	150315	153257	-	Terpenoid Biosynthesis	KAL1834286.1hypothetical protein ACET3Z_003937 [Daucus carota]	GO:0000287, GO:0010333, GO:0016102	-
1896	CcGene_15379	CcContig_137864	168679	170149	-	Terpenoid Biosynthesis	KAL1834279.1hypothetical protein ACET3Z_003930 [Daucus carota]	GO:0000287, GO:0010333	-
1897	CcGene_15415	CcContig_005092	10307	15700	+	Secondary Metabolite	ALO61922.1NADPH cytochrome P450 oxidoreductase, partial [Daucus carota]	GO:0003958, GO:0005829, GO:0010181, GO:0050660	-
1898	CcGene_15472	CcContig_131800	34059	37903	-	Secondary Metabolite	2291.1cytochrome P450 87A3 isoform X1 [Daucus carota subsp. sativus]	GO:0004497, GO:0005506, GO:0007275, GO:0010268, GO:0016125, GO:0016132, GO:0016705, GO:0020037	-
1899	CcGene_15492	CcContig_005663	5159	15288	+	Secondary Metabolite	2309.1actin-related protein 9 [Daucus carota subsp. sativus]	GO:0006302, GO:0006355, GO:0031011	-
1900	CcGene_15536	CcContig_047993	11500	13515	+	Secondary Metabolite	KAL1807076.1hypothetical protein ACET3Z_030144 [Daucus carota]	GO:0004497, GO:0005506, GO:0016705, GO:0020037	-
1901	CcGene_15574	CcContig_115783	116170	119043	+	Terpenoid Biosynthesis	KAK1370337.1Basic-leucine zipper transcription factor [Heracleum sosnowskyi]	GO:0000978, GO:0000981, GO:0006357	-
1902	CcGene_15644	CcContig_004693	3031	7847	+	Secondary Metabolite	cytochrome P450	GO:0004672, GO:0006468, GO:0048544	-
1903	CcGene_15666	CcContig_094457	7675	12084	-	Lipid & Polyketide Metabolism	KAL1834031.1hypothetical protein ACET3Z_003682 [Daucus carota]	GO:0004315, GO:0005739, GO:0006633	-
1904	CcGene_15667	CcContig_094457	26899	29896	-	Lipid & Polyketide Metabolism	8130.13-oxoacyl-[acyl-carrier-protein] synthase I, chloroplastic-like [Apium graveolens]	GO:0004315, GO:0005739, GO:0006633	-
1905	CcGene_15725	CcContig_109468	43195	47384	-	Secondary Metabolite	7675.1dolichyl-diphosphooligosaccharide--protein glycosyltransferase subunit STT3B [Daucus carota subsp. sativus]	GO:0004576, GO:0016020	-
1906	CcGene_15737	CcContig_095515	13258	20599	+	Secondary Metabolite	MDV3191337.1hypothetical protein [Candidatus Phytoplasma australasiaticum]		-
1907	CcGene_15755	CcContig_118746	12129	16044	+	Secondary Metabolite	KAK1366878.1hypothetical protein POM88_042439 [Heracleum sosnowskyi]		-
1908	CcGene_15761	CcContig_065119	5499	7134	-	Terpenoid Biosynthesis	8592.1transcription factor HHO6 [Daucus carota subsp. sativus]	GO:0003677, GO:0003700, GO:0006355	-
1909	CcGene_15792	CcContig_142912	28232	30480	-	Secondary Metabolite	2778.2shikimate O-hydroxycinnamoyltransferase [Daucus carota subsp. sativus]	GO:0016747	-
1910	CcGene_15804	CcContig_096573	32556	34704	-	Flavonoids & Phenylpropanoids	5841.1phenylcoumaran benzylic ether reductase Pyrc5 [Daucus carota subsp. sativus]		-
1911	CcGene_15871	CcContig_003314	55332	57411	-	Secondary Metabolite	AQY76220.1cytochrome P450 [Elaeoselinum garganicum]	GO:0004497, GO:0005506, GO:0016705, GO:0020037	-
1912	CcGene_15879	CcContig_113318	26721	28728	-	Secondary Metabolite	4160.2geraniol 8-hydroxylase [Daucus carota subsp. sativus]	GO:0004497, GO:0005506, GO:0016705, GO:0020037	-
1913	CcGene_15958	CcContig_001368	27261	29198	+	Secondary Metabolite	Structure-specific nuclease with 5'-flap endonuclease and 5'-3' exonuclease activities involved in DNA replication and repair. During DNA replication, cleaves the 5'-overhanging flap structure that is generated by displacement synthesis when DNA polymerase encounters the 5'-end of a downstream Okazaki fragment. It enters the flap from the 5'-end and then tracks to cleave the flap base, leaving a nick for ligation. Also involved in the long patch base excision repair (LP-BER) pathway, by cleaving within the apurinic apyrimidinic (AP) site-terminated flap. Acts as a genome stabilization factor that prevents flaps from equilibrating into structurs that lead to duplications and deletions. Also possesses 5'-3' exonuclease activity on nicked or gapped double- stranded DNA, and exhibits RNase H activity. Also involved in replication and repair of rDNA and in repairing mitochondrial DNA	GO:0004497, GO:0005506, GO:0016705, GO:0020037	ko03030,ko03410,ko03450,map03030,map03410,map03450
1914	CcGene_15967	CcContig_120857	12462	24937	-	Terpenoid Biosynthesis	3564.1galacturonokinase [Daucus carota subsp. sativus]	GO:0005524, GO:0005829, GO:0006012, GO:0016301, GO:0016773	-
1915	CcGene_16027	CcContig_096796	52771	55257	+	Terpenoid Biosynthesis	BDO47141.1terpene synthase [Angelica archangelica]	GO:0000287, GO:0010333	-
1916	CcGene_16049	CcContig_133996	47072	49809	+	Secondary Metabolite	WOH07945.1hypothetical protein DCAR_0727380 [Daucus carota subsp. sativus]	GO:0004672, GO:0005524, GO:0006468	-
1917	CcGene_16088	CcContig_010053	2561	6254	+	Flavonoids & Phenylpropanoids	KAL8096952.1hypothetical protein AgCh_030146 [Apium graveolens]	GO:0016491	-
1918	CcGene_16123	CcContig_003935	3929	5572	+	Secondary Metabolite	RWP-RK domain	GO:0004497, GO:0005506, GO:0016705, GO:0020037, GO:0001101, GO:0003674, GO:0003700, GO:0005575, GO:0005622, GO:0005623, GO:0005634, GO:0006082, GO:0006355, GO:0006807, GO:0006950, GO:0008150, GO:0008152, GO:0009414, GO:0009415, GO:0009628, GO:0009889, GO:0009987, GO:0010035, GO:0010118, GO:0010167, GO:0010468, GO:0010556, GO:0019219, GO:0019222, GO:0031323, GO:0031326, GO:0042126, GO:0042128, GO:0042221, GO:0043226, GO:0043227, GO:0043229, GO:0043231, GO:0043436, GO:0044237, GO:0044281, GO:0044424, GO:0044464, GO:0050789, GO:0050794, GO:0050896, GO:0051171, GO:0051252, GO:0060255, GO:0065007, GO:0071704, GO:0071941, GO:0080090, GO:0140110, GO:1901698, GO:1901700, GO:1903506, GO:2000112, GO:2001057, GO:2001141	-
1919	CcGene_16126	CcContig_121585	63540	64579	+	Secondary Metabolite	Glycosyl transferase family 21	GO:0005654	-
1920	CcGene_16150	CcContig_126064	5769	8306	+	Secondary Metabolite	ANO53926.1p-coumaroyl shikimate/quinate 3'-hydroxylase 1 [Daucus carota subsp. carota]	GO:0004497, GO:0005506, GO:0016705, GO:0020037	-
1921	CcGene_16205	CcContig_111702	10926	14870	+	Secondary Metabolite	9006.1monodehydroascorbate reductase [Daucus carota subsp. sativus]	GO:0005737, GO:0016651	-
1922	CcGene_16234	CcContig_035657	7891	10817	+	Terpenoid Biosynthesis	KAL1829581.1hypothetical protein ACET3Z_007993 [Daucus carota]	GO:0005811, GO:0016104, GO:0042300	-
1923	CcGene_16235	CcContig_035657	6023	7230	+	Terpenoid Biosynthesis	WOG89683.1hypothetical protein DCAR_0208921 [Daucus carota subsp. sativus]	GO:0005811, GO:0016104, GO:0042300	-
1924	CcGene_16263	CcContig_100308	54359	54741	+	Secondary Metabolite	WOG91285.1hypothetical protein DCAR_0310533 [Daucus carota subsp. sativus]		-
1925	CcGene_16289	CcContig_133218	15979	17261	+	Secondary Metabolite	8170.1cytochrome P450 72A397-like [Daucus carota subsp. sativus]	GO:0004497, GO:0005506, GO:0016705, GO:0020037	-
1926	CcGene_16290	CcContig_133218	19536	22722	+	Secondary Metabolite	4858.1cytochrome P450 CYP72A219 [Daucus carota subsp. sativus]	GO:0004497, GO:0005506, GO:0009805, GO:0016020, GO:0016705, GO:0020037	-
1927	CcGene_16291	CcContig_133218	35833	40947	+	Secondary Metabolite	7874.1cytochrome P450 CYP72A219-like [Daucus carota subsp. sativus]	GO:0004497, GO:0005506, GO:0016705, GO:0020037	-
1928	CcGene_16402	CcContig_143275	67187	67786	-	Secondary Metabolite	WOG96543.1hypothetical protein DCAR_0415879 [Daucus carota subsp. sativus]		-
1929	CcGene_16501	CcContig_120014	55878	57475	+	Flavonoids & Phenylpropanoids	Protein of unknown function (DUF1517)	GO:0003735, GO:0006412, GO:0015935, GO:0070181	-
1930	CcGene_16525	CcContig_105326	3558	4595	+	Terpenoid Biosynthesis	KAK1375677.1Triterpene C-23 carboxylase [Heracleum sosnowskyi]	GO:0004497, GO:0005506, GO:0016705, GO:0020037	-
1931	CcGene_16613	CcContig_114798	21306	22525	-	Terpenoid Biosynthesis	AHC54050.1gamma-terpinene synthase [Coriandrum sativum]	GO:0000287, GO:0010333	-
1932	CcGene_16616	CcContig_114798	22559	23957	-	Terpenoid Biosynthesis	8496.1terpene synthase 10 isoform X3 [Daucus carota subsp. sativus]	GO:0010333	-
1933	CcGene_16661	CcContig_136257	5949	7537	+	Secondary Metabolite	8861.1cytochrome P450 CYP736A12 [Daucus carota subsp. sativus]	GO:0004497, GO:0005506, GO:0016705, GO:0020037	-
1934	CcGene_16721	CcContig_095139	9622	10501	-	Secondary Metabolite	Plant non-specific lipid-transfer proteins transfer phospholipids as well as galactolipids across membranes. May play a role in wax or cutin deposition in the cell walls of expanding epidermal cells and certain secretory tissues	GO:0004497, GO:0005506, GO:0016705, GO:0020037, GO:0005575, GO:0006810, GO:0006869, GO:0008150, GO:0010876, GO:0016020, GO:0033036, GO:0051179, GO:0051234, GO:0071702	-
1935	CcGene_16722	CcContig_122932	20164	28015	+	Secondary Metabolite	Cytochrome P450 superfamily;Cytochrome P450 superfamily;Cytochrome P450 superfamily		-
1936	CcGene_16757	CcContig_073491	3880	5690	-	Secondary Metabolite	KAL1812535.1hypothetical protein ACET3Z_022600 [Daucus carota]	GO:0004497, GO:0005506, GO:0016705, GO:0020037	-
1937	CcGene_16800	CcContig_116416	9412	11081	-	Secondary Metabolite	4697.1cytochrome P450 71A9 [Daucus carota subsp. sativus]	GO:0004497, GO:0005506, GO:0016705, GO:0020037	-
1938	CcGene_16811	CcContig_054933	3516	5924	-	Terpenoid Biosynthesis	KAL1816010.1hypothetical protein ACET3Z_018584 [Daucus carota]	GO:0005515	-
1939	CcGene_16818	CcContig_097769	59239	65442	+	Secondary Metabolite	4464.1cytochrome P450 CYP82D47-like [Apium graveolens]	GO:0004497, GO:0005506, GO:0016705, GO:0020037	-
1940	CcGene_16839	CcContig_001358	58759	59900	+	Terpenoid Biosynthesis	KAL1834209.1hypothetical protein ACET3Z_003860 [Daucus carota]		-
1941	CcGene_16883	CcContig_125253	6720	7626	+	Flavonoids & Phenylpropanoids	9424.1cinnamoyl-CoA reductase 1 [Daucus carota subsp. sativus]	GO:0016616	-
1942	CcGene_16900	CcContig_101591	15819	17273	+	Secondary Metabolite	3952.1cytochrome P450 94B3 [Daucus carota subsp. sativus]	GO:0004497, GO:0005506, GO:0016705, GO:0020037	-
1943	CcGene_16953	CcContig_134964	28398	30731	-	Secondary Metabolite	HCNGP-like protein	GO:0004497, GO:0005506, GO:0016705, GO:0020037	-
1944	CcGene_17096	CcContig_139681	20184	21572	-	Flavonoids & Phenylpropanoids	7945.1oxoglutarate-dependent flavonoid 7-O-demethylase 1-like [Apium graveolens]	GO:0005506, GO:0016706	-
1945	CcGene_17152	CcContig_106181	5701	6591	+	Secondary Metabolite	5430.1cytokinin hydroxylase-like [Daucus carota subsp. sativus]	GO:0004497, GO:0005506, GO:0016705, GO:0020037	-
1946	CcGene_17197	CcContig_114774	34739	37218	+	Lipid & Polyketide Metabolism	KAK1353937.1Sinapyl alcohol dehydrogenase [Heracleum sosnowskyi]	GO:0008270, GO:0009809, GO:0045551	-
1947	CcGene_17200	CcContig_114774	51178	52759	+	Lipid & Polyketide Metabolism	2904.1probable mannitol dehydrogenase [Daucus carota subsp. sativus]	GO:0008270, GO:0009809, GO:0045551	-
1948	CcGene_17216	CcContig_001199	60792	70043	-	Terpenoid Biosynthesis	3412.1uncharacterized protein LOC108215422 [Daucus carota subsp. sativus]	GO:0003824	-
1949	CcGene_17242	CcContig_104591	74691	76341	-	Secondary Metabolite	9030.1BTB/POZ domain-containing protein At3g49900 [Daucus carota subsp. sativus]	GO:0005515	-
1950	CcGene_17317	CcContig_076368	21450	23567	-	Secondary Metabolite	8966.1sterol 14-demethylase [Daucus carota subsp. sativus]	GO:0004497, GO:0005506, GO:0016705, GO:0020037	-
1951	CcGene_17400	CcContig_131322	106466	109857	+	Flavonoids & Phenylpropanoids	1246.1flavonol synthase/flavanone 3-hydroxylase [Daucus carota subsp. sativus]	GO:0002238, GO:0005506, GO:0009805, GO:0045431, GO:0045486, GO:0051555	-
1952	CcGene_17495	CcContig_046502	41293	43839	-	Terpenoid Biosynthesis	0804.1sesquiterpene synthase 2-like [Daucus carota subsp. sativus]	GO:0000287, GO:0010333	-
1953	CcGene_17507	CcContig_106259	10533	12191	-	Terpenoid Biosynthesis	KAK1388737.115-cis-phytoene synthase [Heracleum sosnowskyi]	GO:0004311, GO:0016117	-
1954	CcGene_17725	CcContig_093610	36192	36832	+	Terpenoid Biosynthesis	synthase	GO:0000175, GO:0000932, GO:0006402, GO:0003674, GO:0003824, GO:0005575, GO:0005622, GO:0005623, GO:0005737, GO:0005777, GO:0005911, GO:0006629, GO:0006644, GO:0006714, GO:0006720, GO:0006721, GO:0006793, GO:0006796, GO:0006950, GO:0008150, GO:0008152, GO:0008299, GO:0008300, GO:0008610, GO:0009056, GO:0009058, GO:0009395, GO:0009506, GO:0009605, GO:0009607, GO:0009611, GO:0009975, GO:0009987, GO:0010333, GO:0010334, GO:0016042, GO:0016106, GO:0016114, GO:0016115, GO:0016829, GO:0016835, GO:0016838, GO:0019637, GO:0030054, GO:0042214, GO:0042579, GO:0043207, GO:0043226, GO:0043227, GO:0043229, GO:0043231, GO:0044237, GO:0044238, GO:0044242, GO:0044248, GO:0044249, GO:0044255, GO:0044424, GO:0044444, GO:0044464, GO:0045338, GO:0045339, GO:0046246, GO:0046434, GO:0050896, GO:0051704, GO:0051707, GO:0051761, GO:0051762, GO:0055044, GO:0071704, GO:0080016, GO:0080017, GO:0080027, GO:1901575, GO:1901576	ko00909,ko01100,ko01110,map00909,map01100,map01110
1955	CcGene_17729	CcContig_005227	2023	5034	-	Secondary Metabolite	3486.1cytochrome P450 714A1 [Daucus carota subsp. sativus]	GO:0004497, GO:0005506, GO:0016705, GO:0020037	-
1956	CcGene_17764	CcContig_005635	1877	11564	+	Secondary Metabolite	5443.1uncharacterized protein LOC132277621 [Cornus florida]	GO:0004061, GO:0004497, GO:0005506, GO:0016705, GO:0020037	-
1957	CcGene_17843	CcContig_138980	10295	12118	-	Secondary Metabolite	1415.1cytochrome P450 71B34 isoform X1 [Daucus carota subsp. sativus]	GO:0004497, GO:0005506, GO:0016705, GO:0020037	-
1958	CcGene_17845	CcContig_138980	7222	8696	-	Secondary Metabolite	WOG84350.1hypothetical protein DCAR_0103533 [Daucus carota subsp. sativus]	GO:0004497, GO:0005506, GO:0016705, GO:0020037	-
1959	CcGene_17858	CcContig_125224	7560	9206	-	Secondary Metabolite	KAL1830991.1hypothetical protein ACET3Z_000642 [Daucus carota]	GO:0004497, GO:0005506, GO:0016705, GO:0020037	-
1960	CcGene_17870	CcContig_107280	23872	25320	+	Lipid & Polyketide Metabolism	KAL1830366.1hypothetical protein ACET3Z_000017 [Daucus carota]	GO:0016491	-
1961	CcGene_17871	CcContig_107280	20753	22904	+	Lipid & Polyketide Metabolism	KAL1830365.1hypothetical protein ACET3Z_000016 [Daucus carota]	GO:0016491	-
1962	CcGene_17886	CcContig_049341	16264	18751	-	Secondary Metabolite	WNH25324.1phenylalanine ammonia-lyase [Angelica dahurica]	GO:0005737, GO:0006559, GO:0016841	-
1963	CcGene_17918	CcContig_100694	19625	20872	-	Lipid & Polyketide Metabolism	9351.12-methylene-furan-3-one reductase-like [Daucus carota subsp. sativus]	GO:0008270, GO:0016628	-
1964	CcGene_17948	CcContig_108175	42615	47705	+	Lipid & Polyketide Metabolism	KAL8144708.1hypothetical protein AgCh_003050 [Apium graveolens]	GO:0004315, GO:0005739, GO:0006633	-
1965	CcGene_17977	CcContig_130992	17788	29837	+	Flavonoids & Phenylpropanoids	7722.1aminodeoxychorismate synthase, chloroplastic isoform X1 [Daucus carota subsp. sativus]	GO:0005737, GO:0008153, GO:0009396, GO:0046820	-
1966	CcGene_17979	CcContig_114899	56688	62216	+	Flavonoids & Phenylpropanoids	KAL1832839.1hypothetical protein ACET3Z_002490 [Daucus carota]	GO:0005515, GO:0019005, GO:0031146	-
1967	CcGene_17980	CcContig_114899	45283	49434	-	Flavonoids & Phenylpropanoids	KAL1832842.1hypothetical protein ACET3Z_002493 [Daucus carota]	GO:0005504, GO:0006631, GO:0009570, GO:0016872	-
1968	CcGene_18083	CcContig_107710	23063	25621	-	Terpenoid Biosynthesis	4702.1(+)-alpha-terpineol synthase [Daucus carota subsp. sativus]	GO:0000287, GO:0010333, GO:0016102	-
1969	CcGene_18195	CcContig_135376	10253	15844	-	Secondary Metabolite	4886.1uncharacterized protein LOC108216594 [Daucus carota subsp. sativus]	GO:0003677, GO:0003700	-
1970	CcGene_18269	CcContig_145115	32963	33968	-	Secondary Metabolite	Arginine/serine-rich protein PNISR	GO:0004497, GO:0005506, GO:0016705, GO:0020037	-
1971	CcGene_18351	CcContig_007721	8578	9728	-	Lipid & Polyketide Metabolism	1995.12-methylene-furan-3-one reductase [Daucus carota subsp. sativus]	GO:0008270, GO:0016628	-
1972	CcGene_18373	CcContig_141041	182611	183983	-	Secondary Metabolite	AQY76218.1cytochrome p450 [Elaeoselinum garganicum]	GO:0004497, GO:0005506, GO:0016705, GO:0020037	-
1973	CcGene_18375	CcContig_141041	113489	121623	+	Secondary Metabolite	KAL1810702.1hypothetical protein ACET3Z_020767 [Daucus carota]	GO:0008233	-
1974	CcGene_18442	CcContig_138587	8157	10624	+	Flavonoids & Phenylpropanoids	Fatty-acid-binding protein	GO:0003674, GO:0005488, GO:0005504, GO:0005575, GO:0005622, GO:0005623, GO:0005737, GO:0006082, GO:0006629, GO:0006631, GO:0008150, GO:0008152, GO:0008289, GO:0009507, GO:0009532, GO:0009536, GO:0009570, GO:0009987, GO:0019752, GO:0031406, GO:0032787, GO:0033293, GO:0036094, GO:0043167, GO:0043168, GO:0043177, GO:0043226, GO:0043227, GO:0043229, GO:0043231, GO:0043436, GO:0044237, GO:0044238, GO:0044255, GO:0044281, GO:0044422, GO:0044424, GO:0044434, GO:0044435, GO:0044444, GO:0044446, GO:0044464, GO:0071704	-
1975	CcGene_18449	CcContig_112448	30924	31727	-	Secondary Metabolite	0472.1probable glutathione S-transferase [Daucus carota subsp. sativus]	GO:0004364, GO:0005737, GO:0006749	-
1976	CcGene_18476	CcContig_052698	31089	34481	+	Lipid & Polyketide Metabolism	KAL8126397.1hypothetical protein AgCh_013624 [Apium graveolens]	GO:0005829, GO:0008270, GO:0046294, GO:0051903	-
1977	CcGene_18497	CcContig_007654	22360	24049	-	Secondary Metabolite	AQY76216.1cytochrome P450 [Elaeoselinum garganicum]	GO:0004497, GO:0005506, GO:0016705, GO:0020037	-
1978	CcGene_18528	CcContig_124511	49780	55537	+	Terpenoid Biosynthesis	AGZ61882.1carotenoid isomerase [Daucus carota subsp. sativus]	GO:0016117, GO:0016491, GO:0046608	-
1979	CcGene_18548	CcContig_006355	21404	24045	+	Lipid & Polyketide Metabolism	KAL1830725.1hypothetical protein ACET3Z_000376 [Daucus carota]	GO:0006633, GO:0016020, GO:0016747	-
1980	CcGene_18630	CcContig_123864	31587	33310	+	Terpenoid Biosynthesis	7851.1phytoene synthase 2, chloroplastic [Daucus carota subsp. sativus]	GO:0004311, GO:0016117	-
1981	CcGene_18636	CcContig_119232	21476	26662	+	Secondary Metabolite	KAK1379606.1Ran guanine nucleotide release factor [Heracleum sosnowskyi]	GO:0005085, GO:0005634, GO:0006606, GO:0031267	-
1982	CcGene_18667	CcContig_128352	84658	88086	+	Secondary Metabolite	KAL1813438.1hypothetical protein ACET3Z_023503 [Daucus carota]	GO:0047545	-
1983	CcGene_18819	CcContig_093452	21635	37427	+	Flavonoids & Phenylpropanoids	5702.1histone-lysine N-methyltransferase ATX3 isoform X2 [Daucus carota subsp. sativus]	GO:0003677, GO:0005515, GO:0005634, GO:0006357	-
1984	CcGene_18831	CcContig_058846	95931	98230	-	Lipid & Polyketide Metabolism	2564.1abscisic acid receptor PYL3 [Daucus carota subsp. sativus]	GO:0004864, GO:0005634, GO:0005737, GO:0009738, GO:0010427, GO:0038023	-
1985	CcGene_18850	CcContig_096630	6742	12813	+	Secondary Metabolite	4270.1polyadenylate-binding protein 2 [Daucus carota subsp. sativus]	GO:0008143	-
1986	CcGene_18855	CcContig_111501	18369	21976	+	Terpenoid Biosynthesis	7911.1ras-related protein Rab7 [Daucus carota subsp. sativus]	GO:0003924, GO:0005525, GO:0005774	-
1987	CcGene_18860	CcContig_144533	92101	93957	-	Secondary Metabolite	9997.1uncharacterized protein LOC135152817 [Daucus carota subsp. sativus]		-
1988	CcGene_18894	CcContig_096127	30126	32469	-	Secondary Metabolite	KAK1386951.1Caffeoylshikimate esterase [Heracleum sosnowskyi]	GO:0016020, GO:0016298	-
1989	CcGene_18898	CcContig_009861	6164	18197	-	Secondary Metabolite	KAK1384114.1WD40 repeat-containing protein SMU1 [Heracleum sosnowskyi]	GO:0000398, GO:0005515, GO:0071011	-
1990	CcGene_18930	CcContig_054211	21319	23882	+	Secondary Metabolite	9869.1cytochrome P450 72A15 [Daucus carota subsp. sativus]	GO:0004497, GO:0005506, GO:0016705, GO:0020037	-
1991	CcGene_18941	CcContig_144057	29419	31795	-	Flavonoids & Phenylpropanoids	2154.1bifunctional dihydroflavonol 4-reductase/flavanone 4-reductase [Daucus carota subsp. sativus]	GO:0009718, GO:0045552	-
1992	CcGene_19046	CcContig_140050	40982	42948	+	Lipid & Polyketide Metabolism	0403.13-ketoacyl-CoA synthase 10 [Daucus carota subsp. sativus]	GO:0006633, GO:0016020, GO:0016747	-
1993	CcGene_19064	CcContig_129448	17431	25780	+	Terpenoid Biosynthesis	4094.1geranylgeranyl transferase type-2 subunit alpha 1 [Daucus carota subsp. sativus]	GO:0004663, GO:0005515, GO:0005968, GO:0018344	-
1994	CcGene_19134	CcContig_105204	11867	13896	-	Secondary Metabolite	KAK1404868.1Secologanin synthase [Heracleum sosnowskyi]	GO:0004497, GO:0005506, GO:0016705, GO:0020037	-
1995	CcGene_19135	CcContig_105204	16399	18253	-	Secondary Metabolite	Cytochrome p450	GO:0004497, GO:0005506, GO:0009805, GO:0016020, GO:0016705, GO:0020037, GO:0000902, GO:0001101, GO:0003674, GO:0003824, GO:0005575, GO:0005622, GO:0005623, GO:0005737, GO:0005783, GO:0006629, GO:0006694, GO:0007154, GO:0007165, GO:0007275, GO:0008150, GO:0008152, GO:0008202, GO:0008395, GO:0008610, GO:0009058, GO:0009653, GO:0009719, GO:0009725, GO:0009741, GO:0009753, GO:0009755, GO:0009826, GO:0009867, GO:0009965, GO:0009987, GO:0010012, GO:0010016, GO:0010033, GO:0010268, GO:0010358, GO:0010817, GO:0012505, GO:0014070, GO:0016043, GO:0016049, GO:0016125, GO:0016128, GO:0016129, GO:0016131, GO:0016132, GO:0016491, GO:0023052, GO:0032501, GO:0032502, GO:0032870, GO:0032989, GO:0033993, GO:0040007, GO:0042221, GO:0042445, GO:0042446, GO:0042592, GO:0043226, GO:0043227, GO:0043229, GO:0043231, GO:0044238, GO:0044424, GO:0044444, GO:0044464, GO:0048366, GO:0048367, GO:0048532, GO:0048589, GO:0048731, GO:0048827, GO:0048856, GO:0048869, GO:0048878, GO:0050789, GO:0050794, GO:0050896, GO:0051716, GO:0055088, GO:0055114, GO:0060560, GO:0065007, GO:0065008, GO:0070887, GO:0071229, GO:0071310, GO:0071395, GO:0071495, GO:0071704, GO:0071840, GO:0080132, GO:0099402, GO:1901360, GO:1901362, GO:1901576, GO:1901615, GO:1901617, GO:1901700, GO:1901701, GO:1905392	ko00905,ko01100,ko01110,map00905,map01100,map01110
1996	CcGene_19158	CcContig_126767	17375	29584	-	Terpenoid Biosynthesis	KAL1824215.1hypothetical protein ACET3Z_010993 [Daucus carota]	GO:0004506, GO:0005525, GO:0005783, GO:0016020, GO:0016126, GO:0050660	-
1997	CcGene_19197	CcContig_002927	35672	36574	+	Terpenoid Biosynthesis	9855.1heterodimeric geranylgeranyl pyrophosphate synthase small subunit, chloroplastic [Daucus carota subsp. sativus]	GO:0004659	-
1998	CcGene_19201	CcContig_007995	3028	3593	-	Secondary Metabolite	Cytochrome P450 superfamily;Cytochrome P450 superfamily		-
1999	CcGene_19245	CcContig_048198	17869	21847	-	Lipid & Polyketide Metabolism	4057.1enoyl-[acyl-carrier-protein] reductase, mitochondrial isoform X1 [Daucus carota subsp. sativus]	GO:0005739, GO:0006631, GO:0019166	-
2000	CcGene_19270	CcContig_124813	21547	27632	+	Terpenoid Biosynthesis	9594.1galactokinase [Daucus carota subsp. sativus]	GO:0004335, GO:0005524, GO:0005829, GO:0006012, GO:0046835	-
2001	CcGene_19302	CcContig_123007	37145	45456	+	Secondary Metabolite	2258.1protein PAT1 homolog [Daucus carota subsp. sativus]	GO:0000290, GO:0000932, GO:0003723, GO:0033962	-
2002	CcGene_19303	CcContig_123007	9300	10967	-	Secondary Metabolite	KAL1816745.1hypothetical protein ACET3Z_019319 [Daucus carota]	GO:0004497, GO:0005506, GO:0016705, GO:0020037	-
2003	CcGene_19304	CcContig_123007	15538	17094	-	Secondary Metabolite	1741.1cytochrome P450 94A2 [Daucus carota subsp. sativus]	GO:0004497, GO:0005506, GO:0016705, GO:0020037	-
2004	CcGene_19352	CcContig_046806	67099	68269	+	Secondary Metabolite	WOH10522.1hypothetical protein DCAR_0729991 [Daucus carota subsp. sativus]	GO:0005886, GO:0015629, GO:0051015, GO:0051017	-
2005	CcGene_19395	CcContig_050503	13846	16917	+	Terpenoid Biosynthesis	Squalene monooxygenase-like	GO:0003682, GO:0001101, GO:0005575, GO:0005622, GO:0005623, GO:0005737, GO:0005783, GO:0006629, GO:0006694, GO:0006950, GO:0008150, GO:0008152, GO:0008202, GO:0008610, GO:0009058, GO:0009414, GO:0009415, GO:0009628, GO:0010035, GO:0012505, GO:0016125, GO:0016126, GO:0042221, GO:0043226, GO:0043227, GO:0043229, GO:0043231, GO:0044238, GO:0044424, GO:0044444, GO:0044464, GO:0050896, GO:0071704, GO:1901360, GO:1901362, GO:1901576, GO:1901615, GO:1901617, GO:1901700	ko00100,ko00909,ko01100,ko01110,ko01130,map00100,map00909,map01100,map01110,map01130
2006	CcGene_19429	CcContig_117431	9438	13107	+	Secondary Metabolite	transposition, RNA-mediated	GO:0000160, GO:0003677, GO:0003700, GO:0009736	-
2007	CcGene_19463	CcContig_115629	32454	34006	-	Terpenoid Biosynthesis	4783.1calmodulin [Salmonella enterica]	GO:0005509	-
2008	CcGene_19547	CcContig_097010	76211	79308	-	Secondary Metabolite	KAL1809944.1hypothetical protein ACET3Z_026934 [Daucus carota]		-
2009	CcGene_19573	CcContig_138179	20642	23435	+	Secondary Metabolite	1707.1uncharacterized protein LOC108206048 [Daucus carota subsp. sativus]		-
2010	CcGene_19627	CcContig_117170	2153	16154	-	Terpenoid Biosynthesis	6651.1cycloartenol Synthase [Daucus carota subsp. sativus]	GO:0005811, GO:0016104, GO:0016866	-
2011	CcGene_19680	CcContig_050540	27681	29535	+	Secondary Metabolite	0500.2xanthotoxin 5-hydroxylase CYP82C2 [Daucus carota subsp. sativus]	GO:0004497, GO:0005506, GO:0016705, GO:0020037	-
2012	CcGene_19683	CcContig_050540	36187	36541	+	Secondary Metabolite	0500.2xanthotoxin 5-hydroxylase CYP82C2 [Daucus carota subsp. sativus]	GO:0004497, GO:0005506, GO:0016705, GO:0020037	-
2013	CcGene_19691	CcContig_050376	24314	26289	-	Secondary Metabolite	KAL1833086.1hypothetical protein ACET3Z_002737 [Daucus carota]	GO:0004497, GO:0005506, GO:0016705, GO:0020037	-
2014	CcGene_19720	CcContig_144472	48854	56220	-	Terpenoid Biosynthesis	5009.1squalene synthase 2 [Daucus carota subsp. sativus]	GO:0004311, GO:0005789, GO:0008610, GO:0045338, GO:0051996	-
2015	CcGene_19747	CcContig_143563	20230	22297	+	Lipid & Polyketide Metabolism	WOH16128.1hypothetical protein DCAR_0935677 [Daucus carota subsp. sativus]	GO:0006633, GO:0016020, GO:0016747	-
2016	CcGene_19764	CcContig_015072	1471	4894	-	Secondary Metabolite	WOG92877.1hypothetical protein DCAR_0312154 [Daucus carota subsp. sativus]	GO:0005524, GO:0016020, GO:0016887, GO:0055085, GO:0140359	-
2017	CcGene_19788	CcContig_002593	6174	11116	+	Terpenoid Biosynthesis	8865.1mitogen-activated protein kinase kinase kinase 3 isoform X1 [Daucus carota subsp. sativus]	GO:0004672, GO:0005524, GO:0006468	-
2018	CcGene_19807	CcContig_113588	19312	21635	-	Terpenoid Biosynthesis	KAK1393329.1myrcene synthase, chloroplastic-like [Heracleum sosnowskyi]	GO:0000287, GO:0010333, GO:0016102	-
2019	CcGene_19810	CcContig_135446	12099	15218	-	Flavonoids & Phenylpropanoids	PGR5-like protein		-
2020	CcGene_19909	CcContig_128829	96	290	-	Secondary Metabolite	Cytochrome P450 superfamily		-
2021	CcGene_19916	CcContig_109567	43533	45985	-	Flavonoids & Phenylpropanoids	1671.16,7,8-trihydroxycoumarin synthase-like [Daucus carota subsp. sativus]	GO:0004497, GO:0005506, GO:0016705, GO:0020037	-
2022	CcGene_19917	CcContig_104277	31836	36073	-	Secondary Metabolite	KAL1815486.1hypothetical protein ACET3Z_018060 [Daucus carota]	GO:0004497, GO:0005506, GO:0016125, GO:0016705, GO:0020037	-
2023	CcGene_19935	CcContig_085081	65784	67560	-	Secondary Metabolite	KAK1391940.1Cytochrome P450, family 78, subfamily A, polypeptide 7 [Heracleum sosnowskyi]	GO:0004497, GO:0005506, GO:0016705, GO:0020037	-
2024	CcGene_19972	CcContig_112969	108968	113315	+	Terpenoid Biosynthesis	KAL1811650.1hypothetical protein ACET3Z_021715 [Daucus carota]	GO:0009570, GO:0010436, GO:0016121	-
2025	CcGene_19979	CcContig_112969	96735	105959	+	Terpenoid Biosynthesis	KAL1811652.1hypothetical protein ACET3Z_021717 [Daucus carota]	GO:0009570, GO:0010436, GO:0016121	-
2026	CcGene_20079	CcContig_136367	56347	57368	-	Secondary Metabolite	KAL8116408.1hypothetical protein AgCh_022778 [Apium graveolens]	GO:0004497, GO:0005506, GO:0016705, GO:0020037	-
2027	CcGene_20107	CcContig_120326	21913	24480	+	Secondary Metabolite	glycolipid biosynthetic process	GO:0008375, GO:0000030, GO:0003674, GO:0003824, GO:0005575, GO:0005622, GO:0005623, GO:0005737, GO:0006082, GO:0006629, GO:0006643, GO:0006664, GO:0006790, GO:0006950, GO:0007154, GO:0008150, GO:0008152, GO:0008194, GO:0008610, GO:0009058, GO:0009247, GO:0009267, GO:0009507, GO:0009526, GO:0009536, GO:0009605, GO:0009941, GO:0009987, GO:0009991, GO:0016036, GO:0016740, GO:0016757, GO:0016758, GO:0031667, GO:0031668, GO:0031669, GO:0031967, GO:0031975, GO:0033554, GO:0042594, GO:0043226, GO:0043227, GO:0043229, GO:0043231, GO:0043436, GO:0044237, GO:0044238, GO:0044249, GO:0044255, GO:0044272, GO:0044281, GO:0044422, GO:0044424, GO:0044434, GO:0044435, GO:0044444, GO:0044446, GO:0044464, GO:0046467, GO:0046505, GO:0046506, GO:0050896, GO:0051716, GO:0070085, GO:0071496, GO:0071704, GO:0097502, GO:1901135, GO:1901137, GO:1901576, GO:1903509	ko00561,ko01100,map00561,map01100
2028	CcGene_20153	CcContig_046799	73365	75035	+	Secondary Metabolite	8478.1premnaspirodiene oxygenase [Daucus carota subsp. sativus]	GO:0004497, GO:0005506, GO:0016705, GO:0020037	-
2029	CcGene_20157	CcContig_046799	68537	72628	+	Secondary Metabolite	8318.1premnaspirodiene oxygenase isoform X1 [Daucus carota subsp. sativus]	GO:0004497, GO:0005506, GO:0016705, GO:0020037	-
2030	CcGene_20182	CcContig_009928	1501	2219	-	Terpenoid Biosynthesis	KAK1369508.1Squalene synthase [Heracleum sosnowskyi]	GO:0004311, GO:0005789, GO:0045338, GO:0051996	-
2031	CcGene_20200	CcContig_048980	7016	11399	+	Lipid & Polyketide Metabolism	KAL1834028.1hypothetical protein ACET3Z_003679 [Daucus carota]	GO:0004315, GO:0005739, GO:0006633	-
2032	CcGene_20219	CcContig_122958	6731	16480	+	Terpenoid Biosynthesis	KAL1812635.1hypothetical protein ACET3Z_022700 [Daucus carota]	GO:0005096	-
2033	CcGene_20291	CcContig_123553	9815	15416	+	Secondary Metabolite	KAL1825688.1hypothetical protein ACET3Z_012466 [Daucus carota]	GO:0004497, GO:0005506, GO:0016705, GO:0020037	-
2034	CcGene_20425	CcContig_128711	5103	6512	-	Secondary Metabolite	0836.1beta-amyrin 6-beta-monooxygenase-like [Daucus carota subsp. sativus]	GO:0004497, GO:0005506, GO:0016125, GO:0016705, GO:0020037	-
2035	CcGene_20435	CcContig_058863	21259	27422	-	Terpenoid Biosynthesis	KAK1375858.1Homogentisate geranylgeranyltransferase [Heracleum sosnowskyi]	GO:0004659, GO:0016020	-
2036	CcGene_20493	CcContig_106170	26105	28098	-	Flavonoids & Phenylpropanoids	8928.1trans-cinnamate:CoA ligase, peroxisomal-like [Apium graveolens]	GO:0106286	-
2037	CcGene_20532	CcContig_007725	555	3032	-	Secondary Metabolite	DnaJ molecular chaperone homology domain	GO:0005515, GO:0005770, GO:0006623, GO:0009267, GO:0016236, GO:0030897, GO:0034058	ko04141,map04141
2038	CcGene_20569	CcContig_094123	5080	8894	+	Secondary Metabolite	4710.1mitogen-activated protein kinase homolog MMK2 [Daucus carota subsp. sativus]	GO:0004707, GO:0005524, GO:0005634, GO:0005737, GO:0006468, GO:0035556	-
2039	CcGene_20589	CcContig_001837	32349	33302	-	Secondary Metabolite	Aspartic proteinase-like protein 2 isoform X1	GO:0004497, GO:0005506, GO:0016705, GO:0020037, GO:0003674, GO:0003824, GO:0004175, GO:0004190, GO:0005575, GO:0005623, GO:0005886, GO:0006508, GO:0006807, GO:0008150, GO:0008152, GO:0008233, GO:0009056, GO:0009057, GO:0016020, GO:0016787, GO:0019538, GO:0030163, GO:0031224, GO:0031225, GO:0031226, GO:0043170, GO:0044238, GO:0044425, GO:0044459, GO:0044464, GO:0046658, GO:0070001, GO:0070011, GO:0071704, GO:0071944, GO:0140096, GO:1901564, GO:1901565, GO:1901575	-
2040	CcGene_20598	CcContig_129034	10840	14915	+	Secondary Metabolite	KAK1365031.1PHD finger protein ALFIN-LIKE 1-like [Heracleum sosnowskyi]	GO:0000976, GO:0003712, GO:0005634, GO:0006355, GO:0042393	-
2041	CcGene_20622	CcContig_059550	12090	13824	+	Lipid & Polyketide Metabolism	KAK1381486.12-methylene-furan-3-one reductase [Heracleum sosnowskyi]	GO:0008270, GO:0016628	-
2042	CcGene_20641	CcContig_059663	56521	58993	+	Lipid & Polyketide Metabolism	KAK1375269.1Alcohol dehydrogenase superfamily [Heracleum sosnowskyi]	GO:0016651, GO:0070402	-
2043	CcGene_20696	CcContig_073280	14291	16086	-	Terpenoid Biosynthesis	KAL1815595.1hypothetical protein ACET3Z_018169 [Daucus carota]	GO:0005811, GO:0016104, GO:0042300	-
2044	CcGene_20697	CcContig_073280	10716	13392	-	Terpenoid Biosynthesis	2941.1beta-amyrin synthase 2 [Daucus carota subsp. sativus]	GO:0005811, GO:0016104, GO:0042300	-
2045	CcGene_20835	CcContig_137564	129652	132170	-	Secondary Metabolite	1286.1cytochrome P450 87A3 [Daucus carota subsp. sativus]	GO:0004497, GO:0005506, GO:0007275, GO:0010268, GO:0016125, GO:0016132, GO:0016705, GO:0020037	-
2046	CcGene_20892	CcContig_100040	6936	10717	+	Lipid & Polyketide Metabolism	3355.1probable mannitol dehydrogenase [Daucus carota subsp. sativus]	GO:0008270, GO:0009809, GO:0045551	-
2047	CcGene_20924	CcContig_106253	8043	8475	-	Secondary Metabolite	cytochrome P450	GO:0005672, GO:0006367	-
2048	CcGene_21025	CcContig_109397	8514	9737	-	Terpenoid Biosynthesis	(-)-germacrene D synthase-like	GO:0000712, GO:0003674, GO:0003824, GO:0006629, GO:0006644, GO:0006720, GO:0006721, GO:0006793, GO:0006796, GO:0008150, GO:0008152, GO:0008299, GO:0008610, GO:0009058, GO:0009987, GO:0010333, GO:0010334, GO:0016829, GO:0016835, GO:0016838, GO:0019637, GO:0042214, GO:0044237, GO:0044238, GO:0044249, GO:0044255, GO:0045338, GO:0046246, GO:0051761, GO:0051762, GO:0071704, GO:1901576	ko00909,map00909
2049	CcGene_21031	CcContig_004614	10284	17682	+	Flavonoids & Phenylpropanoids	KAL8096952.1hypothetical protein AgCh_030146 [Apium graveolens]	GO:0009807, GO:0016491	-
2050	CcGene_21039	CcContig_033703	15907	18942	-	Secondary Metabolite	WOH10930.1hypothetical protein DCAR_0830407 [Daucus carota subsp. sativus]		-
2051	CcGene_21057	CcContig_047121	104907	107710	+	Secondary Metabolite	1627.1O-fucosyltransferase 19-like [Daucus carota subsp. sativus]	GO:0005737	-
2052	CcGene_21089	CcContig_099771	27447	30288	-	Secondary Metabolite	Belongs to the cytochrome P450 family	GO:0005634	ko00130,ko00360,ko00940,ko00941,ko00945,ko01100,ko01110,ko01220,map00130,map00360,map00940,map00941,map00945,map01100,map01110,map01220
2053	CcGene_21194	CcContig_110957	57907	62116	+	Terpenoid Biosynthesis	3228.1phosphomevalonate kinase, peroxisomal [Daucus carota subsp. sativus]	GO:0004631, GO:0005524, GO:0005777, GO:0019287	-
2054	CcGene_21200	CcContig_110957	283462	284840	-	Secondary Metabolite	5274.1protein ROH1A [Daucus carota subsp. sativus]	GO:0016020	-
2055	CcGene_21222	CcContig_090483	3822	4925	+	Secondary Metabolite	KAK1364122.1hypothetical protein POM88_039683 [Heracleum sosnowskyi]	GO:0010005, GO:0043622	-
2056	CcGene_21245	CcContig_051330	18473	20687	-	Secondary Metabolite	3668.1cytokinin dehydrogenase 6 isoform X1 [Daucus carota subsp. sativus]	GO:0009690, GO:0019139, GO:0071949	-
2057	CcGene_21390	CcContig_105233	2045	3519	-	Lipid & Polyketide Metabolism	KAL8158066.1hypothetical protein AgCh_002685 [Apium graveolens]	GO:0000036, GO:0006633, GO:0031177	-
2058	CcGene_21474	CcContig_118921	5672	11366	+	Terpenoid Biosynthesis	Glycosyl hydrolases family 28	GO:0005811, GO:0016104, GO:0042300, GO:0003674, GO:0003824, GO:0004553, GO:0004650, GO:0005575, GO:0005618, GO:0005623, GO:0008150, GO:0009664, GO:0009825, GO:0009827, GO:0009831, GO:0009987, GO:0016043, GO:0016049, GO:0016787, GO:0016798, GO:0030312, GO:0040007, GO:0042545, GO:0042547, GO:0044464, GO:0045229, GO:0071554, GO:0071555, GO:0071669, GO:0071840, GO:0071944	ko00040,ko01100,map00040,map01100
2059	CcGene_21583	CcContig_107330	54322	57882	-	Secondary Metabolite	KAL1825420.1hypothetical protein ACET3Z_012198 [Daucus carota]	GO:0005783, GO:0009850, GO:0010179	-
2060	CcGene_21601	CcContig_123309	19701	20573	-	Secondary Metabolite	KAK1390332.1Peroxiredoxin [Heracleum sosnowskyi]	GO:0005739, GO:0005829, GO:0045454, GO:0051920, GO:0098869	-
2061	CcGene_21680	CcContig_111698	16301	27219	-	Secondary Metabolite	Belongs to the cytochrome P450 family	GO:0000287, GO:0005524, GO:0005802, GO:0005886, GO:0045332, GO:0048194, GO:0140326, GO:0003674, GO:0003824, GO:0004497, GO:0005575, GO:0005622, GO:0005623, GO:0005737, GO:0006629, GO:0006720, GO:0006721, GO:0008150, GO:0008152, GO:0008299, GO:0008610, GO:0009058, GO:0009507, GO:0009526, GO:0009536, GO:0009941, GO:0009987, GO:0010291, GO:0016108, GO:0016109, GO:0016114, GO:0016116, GO:0016117, GO:0016122, GO:0016123, GO:0016491, GO:0031967, GO:0031975, GO:0042440, GO:0043226, GO:0043227, GO:0043229, GO:0043231, GO:0044237, GO:0044238, GO:0044249, GO:0044255, GO:0044422, GO:0044424, GO:0044434, GO:0044435, GO:0044444, GO:0044446, GO:0044464, GO:0046148, GO:0055114, GO:0071704, GO:1901576	ko00906,ko01100,ko01110,map00906,map01100,map01110
2062	CcGene_21681	CcContig_111698	30855	34051	-	Flavonoids & Phenylpropanoids	7136.1exocyst complex component EXO84A [Daucus carota subsp. sativus]	GO:0000145, GO:0006887, GO:0006893, GO:0008104	-
2063	CcGene_21707	CcContig_144822	10792	12489	+	Secondary Metabolite	protease	GO:0004497, GO:0005506, GO:0016705, GO:0020037, GO:0003674, GO:0003824, GO:0004175, GO:0004197, GO:0005575, GO:0005622, GO:0005623, GO:0005634, GO:0006464, GO:0006508, GO:0006807, GO:0008150, GO:0008152, GO:0008233, GO:0008234, GO:0009909, GO:0009911, GO:0009987, GO:0016787, GO:0016926, GO:0016929, GO:0018193, GO:0018205, GO:0019538, GO:0019783, GO:0036211, GO:0043170, GO:0043226, GO:0043227, GO:0043229, GO:0043231, GO:0043412, GO:0044237, GO:0044238, GO:0044260, GO:0044267, GO:0044424, GO:0044464, GO:0048518, GO:0048580, GO:0048582, GO:0048831, GO:0050789, GO:0050793, GO:0051094, GO:0051239, GO:0051240, GO:0065007, GO:0070011, GO:0070137, GO:0070139, GO:0070646, GO:0070647, GO:0071704, GO:0140096, GO:1901564, GO:2000026, GO:2000241, GO:2000243	-
2064	CcGene_21788	CcContig_135365	2943	4970	+	Secondary Metabolite	KAL8116408.1hypothetical protein AgCh_022778 [Apium graveolens]	GO:0004497, GO:0005506, GO:0016705, GO:0020037	-
2065	CcGene_21891	CcContig_128426	43030	44969	+	Secondary Metabolite	Cytochrome P450 superfamily		-
2066	CcGene_21956	CcContig_144738	90	1303	+	Secondary Metabolite	KAL1827358.1hypothetical protein ACET3Z_005770 [Daucus carota]		-
2067	CcGene_22063	CcContig_049905	4037	8872	+	Secondary Metabolite	KAL1814020.1hypothetical protein ACET3Z_024085 [Daucus carota]		-
2068	CcGene_22112	CcContig_127914	61713	64448	-	Secondary Metabolite	9869.1cytochrome P450 72A15 [Daucus carota subsp. sativus]	GO:0004497, GO:0005506, GO:0016705, GO:0020037	-
2069	CcGene_22115	CcContig_127914	71380	72962	+	Secondary Metabolite	KAK1372090.1Geraniol 10-hydroxylase [Heracleum sosnowskyi]	GO:0004497, GO:0005506, GO:0016705, GO:0020037	-
2070	CcGene_22118	CcContig_127914	59659	60727	+	Secondary Metabolite	KAL1810731.1hypothetical protein ACET3Z_020796 [Daucus carota]	GO:0004497, GO:0005506, GO:0016705, GO:0020037	-
2071	CcGene_22125	CcContig_065201	9769	10196	-	Secondary Metabolite	KAK1358823.1Geraniol 8-hydroxylase [Heracleum sosnowskyi]	GO:0004497, GO:0005506, GO:0016705, GO:0020037	-
2072	CcGene_22223	CcContig_102374	203643	242388	-	Secondary Metabolite	KAL1812066.1hypothetical protein ACET3Z_022131 [Daucus carota]	GO:0004674, GO:0005515, GO:0005634, GO:0006468, GO:0016242, GO:0031929, GO:0031931, GO:0031932, GO:0044877	-
2073	CcGene_22271	CcContig_006586	6828	7899	+	Lipid & Polyketide Metabolism	monooxygenase	GO:0004864, GO:0005634, GO:0005737, GO:0009738, GO:0010427, GO:0038023, GO:0003674, GO:0003824, GO:0004497, GO:0007154, GO:0007165, GO:0008150, GO:0008152, GO:0009058, GO:0009719, GO:0009725, GO:0009735, GO:0009741, GO:0009742, GO:0009755, GO:0009850, GO:0009851, GO:0009889, GO:0009987, GO:0010033, GO:0010600, GO:0010817, GO:0014070, GO:0016491, GO:0016705, GO:0016709, GO:0019222, GO:0023052, GO:0031323, GO:0031326, GO:0032350, GO:0032870, GO:0033993, GO:0042221, GO:0042445, GO:0042446, GO:0043401, GO:0044237, GO:0044249, GO:0046885, GO:0048545, GO:0050789, GO:0050794, GO:0050896, GO:0051716, GO:0055114, GO:0065007, GO:0065008, GO:0070887, GO:0071310, GO:0071367, GO:0071383, GO:0071396, GO:0071407, GO:0071495, GO:0090354, GO:0103075, GO:1901700, GO:1901701	ko00380,ko01100,map00380,map01100
2074	CcGene_22294	CcContig_106818	3028	3924	+	Terpenoid Biosynthesis	7955.1geranyl diphosphate phosphohydrolase [Daucus carota subsp. sativus]	GO:0005829, GO:0006203, GO:0035539	-
2075	CcGene_22327	CcContig_131646	3537	5387	+	Terpenoid Biosynthesis	AZL40027.1sesquiterpene synthase [Thapsia laciniata]	GO:0000287, GO:0010333, GO:0016102	-
2076	CcGene_22346	CcContig_048220	8195	13615	+	Terpenoid Biosynthesis	KAL1805774.1hypothetical protein ACET3Z_028842 [Daucus carota]	GO:0000287, GO:0010333, GO:0016102	-
2077	CcGene_22356	CcContig_113910	65510	69061	-	Secondary Metabolite	7159.1transcription factor MYB124 [Daucus carota subsp. sativus]	GO:0000978, GO:0000981, GO:0005634, GO:0006355	-
2078	CcGene_22447	CcContig_133450	2008	5797	+	Secondary Metabolite	Belongs to the MIP aquaporin (TC 1.A.8) family	GO:0000785, GO:0003682, GO:0005634, GO:0006334, GO:0042393, GO:0001101, GO:0003674, GO:0003676, GO:0003723, GO:0003729, GO:0005215, GO:0005372, GO:0005488, GO:0005515, GO:0005575, GO:0005622, GO:0005623, GO:0005737, GO:0005773, GO:0005886, GO:0005887, GO:0005911, GO:0006810, GO:0006811, GO:0006833, GO:0006855, GO:0006950, GO:0008150, GO:0009414, GO:0009415, GO:0009506, GO:0009507, GO:0009536, GO:0009605, GO:0009607, GO:0009624, GO:0009628, GO:0009719, GO:0009725, GO:0009737, GO:0010033, GO:0010035, GO:0015250, GO:0015267, GO:0015318, GO:0015893, GO:0016020, GO:0016021, GO:0019899, GO:0022803, GO:0022838, GO:0022857, GO:0030054, GO:0031224, GO:0031226, GO:0031625, GO:0033993, GO:0034220, GO:0042044, GO:0042221, GO:0042493, GO:0042891, GO:0043207, GO:0043226, GO:0043227, GO:0043229, GO:0043231, GO:0044389, GO:0044424, GO:0044425, GO:0044444, GO:0044459, GO:0044464, GO:0050896, GO:0051179, GO:0051181, GO:0051234, GO:0051704, GO:0051707, GO:0055044, GO:0055085, GO:0071944, GO:0080170, GO:0097159, GO:0097305, GO:1901363, GO:1901700	-
2079	CcGene_22491	CcContig_136290	68960	70645	+	Secondary Metabolite	KAL1823583.1hypothetical protein ACET3Z_010361 [Daucus carota]	GO:0004497, GO:0005506, GO:0016705, GO:0020037	-
2080	CcGene_22570	CcContig_014867	21898	23459	-	Secondary Metabolite	KAK1385542.1putative Tex protein-relatedtranscription accessory protein [Heracleum sosnowskyi]	GO:0003729, GO:0003735, GO:0006412, GO:0009570	-
2081	CcGene_22589	CcContig_097592	13258	15670	+	Secondary Metabolite	KAK1399909.1Hydroxycinnamoyl-CoA shikimate/quinate hydroxycinnamoyl transferase [Heracleum sosnowskyi]	GO:0016747	-
2082	CcGene_22604	CcContig_048683	10989	11991	+	Secondary Metabolite	Belongs to the protein kinase superfamily	GO:0004497, GO:0005506, GO:0016705, GO:0020037, GO:0003674, GO:0003824, GO:0004672, GO:0004674, GO:0005575, GO:0005623, GO:0005886, GO:0006464, GO:0006468, GO:0006793, GO:0006796, GO:0006807, GO:0008150, GO:0008152, GO:0009987, GO:0016020, GO:0016301, GO:0016310, GO:0016740, GO:0016772, GO:0016773, GO:0019538, GO:0036211, GO:0043170, GO:0043412, GO:0044237, GO:0044238, GO:0044260, GO:0044267, GO:0044464, GO:0071704, GO:0071944, GO:0140096, GO:1901564	-
2083	CcGene_22605	CcContig_048683	13912	15591	+	Secondary Metabolite	Trafficking protein particle complex subunit	GO:0004497, GO:0005506, GO:0016705, GO:0020037	-
2084	CcGene_22650	CcContig_009950	2707	5258	-	Secondary Metabolite	KAK1388507.1Protein-serine/threonine phosphatase [Heracleum sosnowskyi]	GO:0004722, GO:0035970, GO:0043169	-
2085	CcGene_22667	CcContig_127770	29745	31133	-	Lipid & Polyketide Metabolism	7052.23-ketoacyl-CoA synthase 12 [Daucus carota subsp. sativus]	GO:0006633, GO:0016020, GO:0016747	-
2086	CcGene_22669	CcContig_127770	105098	106782	+	Secondary Metabolite	4929.1cytochrome P450 71B34 [Daucus carota subsp. sativus]	GO:0004497, GO:0005506, GO:0016705, GO:0020037	-
2087	CcGene_22693	CcContig_107040	1988	3882	+	Secondary Metabolite	0774.1cytochrome P450 CYP82D47 [Daucus carota subsp. sativus]	GO:0004497, GO:0005506, GO:0016705, GO:0020037	-
2088	CcGene_22768	CcContig_117612	94178	95932	-	Secondary Metabolite	WOH04253.1hypothetical protein DCAR_0623662 [Daucus carota subsp. sativus]	GO:0048544	-
2089	CcGene_22769	CcContig_117612	13408	16109	+	Secondary Metabolite	8356.1receptor-like protein kinase THESEUS 1 [Daucus carota subsp. sativus]	GO:0004714, GO:0006468	-
2090	CcGene_22797	CcContig_138657	3690	4078	+	Secondary Metabolite	KAK1394205.1hypothetical protein POM88_013261 [Heracleum sosnowskyi]		-
2091	CcGene_22891	CcContig_004224	48788	57474	-	Secondary Metabolite	Belongs to the cytochrome P450 family	GO:0000993, GO:0031124, GO:0000162, GO:0002376, GO:0003674, GO:0003824, GO:0004497, GO:0005575, GO:0005622, GO:0005623, GO:0005737, GO:0005739, GO:0005783, GO:0005886, GO:0006082, GO:0006520, GO:0006568, GO:0006576, GO:0006586, GO:0006725, GO:0006790, GO:0006807, GO:0006950, GO:0006952, GO:0006955, GO:0007275, GO:0008150, GO:0008152, GO:0008652, GO:0009058, GO:0009072, GO:0009073, GO:0009308, GO:0009309, GO:0009314, GO:0009416, GO:0009605, GO:0009607, GO:0009617, GO:0009625, GO:0009628, GO:0009639, GO:0009641, GO:0009682, GO:0009683, GO:0009684, GO:0009759, GO:0009850, GO:0009851, GO:0009987, GO:0010114, GO:0010817, GO:0012505, GO:0016020, GO:0016043, GO:0016053, GO:0016143, GO:0016144, GO:0016491, GO:0016705, GO:0016709, GO:0018130, GO:0019438, GO:0019748, GO:0019752, GO:0019757, GO:0019758, GO:0019760, GO:0019761, GO:0022622, GO:0032501, GO:0032502, GO:0032787, GO:0033036, GO:0033037, GO:0033554, GO:0034641, GO:0034754, GO:0042343, GO:0042401, GO:0042430, GO:0042435, GO:0042445, GO:0042446, GO:0042545, GO:0042742, GO:0043207, GO:0043226, GO:0043227, GO:0043229, GO:0043231, GO:0043436, GO:0044106, GO:0044237, GO:0044238, GO:0044249, GO:0044271, GO:0044272, GO:0044281, GO:0044283, GO:0044424, GO:0044444, GO:0044464, GO:0044550, GO:0045087, GO:0045229, GO:0046219, GO:0046394, GO:0046483, GO:0048364, GO:0048731, GO:0048830, GO:0048856, GO:0050896, GO:0051179, GO:0051641, GO:0051704, GO:0051707, GO:0051716, GO:0052386, GO:0052482, GO:0052542, GO:0052543, GO:0052544, GO:0052545, GO:0055114, GO:0065007, GO:0065008, GO:0070727, GO:0071554, GO:0071555, GO:0071704, GO:0071840, GO:0071944, GO:0072330, GO:0098542, GO:0099402, GO:1901135, GO:1901137, GO:1901360, GO:1901362, GO:1901564, GO:1901566, GO:1901576, GO:1901605, GO:1901607, GO:1901657, GO:1901659	ko00140,ko00380,ko00966,ko01100,ko01110,ko01210,ko04913,ko04917,ko04927,ko04934,map00140,map00380,map00966,map01100,map01110,map01210,map04913,map04917,map04927,map04934
2092	CcGene_22935	CcContig_003925	12069	13656	+	Flavonoids & Phenylpropanoids	ari8,atari8	GO:0005504, GO:0006631, GO:0009570, GO:0016872	-
2093	CcGene_22937	CcContig_027612	1025	1884	-	Flavonoids & Phenylpropanoids	5355.1oxoglutarate-dependent flavonoid 7-O-demethylase 1-like [Apium graveolens]	GO:0005506, GO:0016706	-
2094	CcGene_22977	CcContig_098443	11533	19702	-	Secondary Metabolite	Belongs to the cytochrome P450 family	GO:0016740	ko00140,ko00905,ko00943,ko01100,ko01110,ko04913,ko04917,ko04927,ko04934,map00140,map00905,map00943,map01100,map01110,map04913,map04917,map04927,map04934
2095	CcGene_23028	CcContig_098261	142776	144359	-	Terpenoid Biosynthesis	BBO53955.1sesquiterpene synthase 2 [Angelica keiskei]	GO:0000287, GO:0010333	-
2096	CcGene_23145	CcContig_144280	40801	44720	-	Secondary Metabolite	6720.2WEB family protein At3g02930, chloroplastic [Daucus carota subsp. sativus]	GO:0007131	-
2097	CcGene_23167	CcContig_048527	28901	48890	-	Secondary Metabolite	KAL1813356.1hypothetical protein ACET3Z_023421 [Daucus carota]	GO:0003723, GO:0036396	-
2098	CcGene_23190	CcContig_094259	18499	20205	-	Secondary Metabolite	4270.1abscisic acid 8'-hydroxylase 3 [Daucus carota subsp. sativus]	GO:0004497, GO:0005506, GO:0007275, GO:0010268, GO:0016125, GO:0016132, GO:0016705, GO:0020037	-
2099	CcGene_23398	CcContig_135618	35658	37849	-	Secondary Metabolite	3443.1cytochrome P450 86B1 [Daucus carota subsp. sativus]	GO:0004497, GO:0005506, GO:0016705, GO:0020037	-
2100	CcGene_23403	CcContig_003644	15595	16569	+	Secondary Metabolite	pfkB family carbohydrate kinase	GO:0004497, GO:0005506, GO:0016705, GO:0020037	-
2101	CcGene_23444	CcContig_106238	31070	34300	+	Secondary Metabolite	KAK1364284.1Cytochrome P450, family 87, subfamily A, polypeptide 2 [Heracleum sosnowskyi]	GO:0004497, GO:0005506, GO:0007275, GO:0010268, GO:0016125, GO:0016132, GO:0016705, GO:0020037	-
2102	CcGene_23513	CcContig_142217	80296	81975	-	Secondary Metabolite	KAK1384886.1Geraniol 8-hydroxylase [Heracleum sosnowskyi]	GO:0004497, GO:0005506, GO:0016705, GO:0020037	-
2103	CcGene_23530	CcContig_004641	6917	9749	-	Terpenoid Biosynthesis	8549.1terpene synthase 10 [Daucus carota subsp. sativus]	GO:0000287, GO:0010333, GO:0016102	-
2104	CcGene_23553	CcContig_121695	11081	12371	+	Alkaloid Biosynthesis	KAK1388043.1putative alkaloid synthase/Surface mucin Hemomucin [Heracleum sosnowskyi]	GO:0009058, GO:0012505, GO:0016844	-
2105	CcGene_23597	CcContig_133279	36520	38059	-	Secondary Metabolite	KAL1824946.1hypothetical protein ACET3Z_011724 [Daucus carota]	GO:0004497, GO:0005506, GO:0016705, GO:0020037	-
2106	CcGene_23672	CcContig_108469	19535	20873	+	Terpenoid Biosynthesis	AZL40027.1sesquiterpene synthase [Thapsia laciniata]	GO:0000287, GO:0010333	-
2107	CcGene_23673	CcContig_108469	24682	26091	-	Terpenoid Biosynthesis	AZL40027.1sesquiterpene synthase [Thapsia laciniata]	GO:0000287, GO:0010333	-
2108	CcGene_23825	CcContig_137287	16592	18649	-	Secondary Metabolite	KAK1391098.13,9-dihydroxypterocarpan 6A-monooxygenase [Heracleum sosnowskyi]	GO:0004497, GO:0005506, GO:0016705, GO:0020037	-
2109	CcGene_23839	CcContig_094551	2326	3329	-	Secondary Metabolite	4377.1cytochrome P450 CYP82D47 [Daucus carota subsp. sativus]	GO:0004497, GO:0005506, GO:0016705, GO:0020037	-
2110	CcGene_23850	CcContig_133410	58313	60181	+	Secondary Metabolite	8901.1cytochrome P450 84A1 [Daucus carota subsp. sativus]	GO:0004497, GO:0005506, GO:0016705, GO:0020037	-
2111	CcGene_23852	CcContig_133410	24316	25516	-	Terpenoid Biosynthesis	7748.1protein EXPRESSION OF TERPENOIDS 1 isoform X1 [Daucus carota subsp. sativus]	GO:0003677, GO:0003700, GO:0005634, GO:0045893	-
2112	CcGene_23903	CcContig_133508	64265	69316	-	Secondary Metabolite	9814.1cytochrome P450 724B1 [Daucus carota subsp. sativus]	GO:0004497, GO:0005506, GO:0016125, GO:0016705, GO:0020037	-
2113	CcGene_24009	CcContig_007624	6964	9591	+	Secondary Metabolite	KAL1820022.1hypothetical protein ACET3Z_014891 [Daucus carota]	GO:0004497, GO:0005506, GO:0016125, GO:0016705, GO:0020037	-
2114	CcGene_24036	CcContig_104457	17563	18089	-	Secondary Metabolite	Cytochrome P450 superfamily;Cytochrome P450 superfamily;Cytochrome P450 superfamily;Cytochrome P450 superfamily;Cytochrome P450 superfamily		-
2115	CcGene_24090	CcContig_058653	88333	94862	-	Secondary Metabolite	7467.1EP1-like glycoprotein 4 [Apium graveolens]	GO:0004497, GO:0005506, GO:0016705, GO:0020037	-
2116	CcGene_24314	CcContig_130881	3159	4813	+	Secondary Metabolite	KAL1815925.1hypothetical protein ACET3Z_018499 [Daucus carota]	GO:0004497, GO:0005506, GO:0016705, GO:0020037	-
2117	CcGene_24369	CcContig_097727	52460	57503	+	Flavonoids & Phenylpropanoids	KAL1823617.1hypothetical protein ACET3Z_010395 [Daucus carota]	GO:0016746, GO:0043531, GO:0098542	-
2118	CcGene_24492	CcContig_056128	8456	10276	-	Flavonoids & Phenylpropanoids	KAK1395033.1Phenylcoumaran benzylic ether reductase [Heracleum sosnowskyi]	GO:0016491	-
2119	CcGene_24673	CcContig_045746	2636	7394	+	Secondary Metabolite	WOG82142.1hypothetical protein DCAR_0101304 [Daucus carota subsp. sativus]	GO:0004765, GO:0005829, GO:0009507	-
2120	CcGene_24730	CcContig_005174	6078	9511	-	Terpenoid Biosynthesis	synthase	GO:0001101, GO:0003674, GO:0003824, GO:0005575, GO:0005622, GO:0005623, GO:0005737, GO:0005829, GO:0006629, GO:0006714, GO:0006720, GO:0006721, GO:0006950, GO:0008150, GO:0008152, GO:0008299, GO:0008610, GO:0009058, GO:0009507, GO:0009532, GO:0009536, GO:0009570, GO:0009605, GO:0009607, GO:0009611, GO:0009625, GO:0009719, GO:0009725, GO:0009753, GO:0009975, GO:0009987, GO:0010033, GO:0010333, GO:0010334, GO:0016098, GO:0016099, GO:0016106, GO:0016114, GO:0016829, GO:0016835, GO:0016838, GO:0034002, GO:0034768, GO:0042214, GO:0042221, GO:0043207, GO:0043226, GO:0043227, GO:0043229, GO:0043231, GO:0043692, GO:0043693, GO:0044237, GO:0044238, GO:0044249, GO:0044255, GO:0044422, GO:0044424, GO:0044434, GO:0044435, GO:0044444, GO:0044446, GO:0044464, GO:0046246, GO:0050550, GO:0050551, GO:0050552, GO:0050896, GO:0051704, GO:0051707, GO:0051761, GO:0051762, GO:0052578, GO:0071704, GO:0080015, GO:0080027, GO:1901576, GO:1901700	ko00900,ko00902,ko01100,ko01110,map00900,map00902,map01100,map01110
2121	CcGene_24808	CcContig_095439	30227	32771	+	Secondary Metabolite	KAL1807025.1hypothetical protein ACET3Z_030093 [Daucus carota]	GO:0003333, GO:0015171, GO:0016020	-
2122	CcGene_24842	CcContig_036119	300	2564	-	Secondary Metabolite	5816.1cytochrome P450 714C2 [Daucus carota subsp. sativus]	GO:0004497, GO:0005506, GO:0016705, GO:0020037	-
2123	CcGene_24875	CcContig_116489	26628	27554	+	Secondary Metabolite	KAL1806814.1hypothetical protein ACET3Z_029882 [Daucus carota]	GO:0004497, GO:0005506, GO:0016705, GO:0020037	-
2124	CcGene_24893	CcContig_053007	22911	32092	+	Secondary Metabolite	1818.2AUGMIN subunit 6 [Daucus carota subsp. sativus]	GO:0008017, GO:0051225, GO:0070652, GO:1990498	-
2125	CcGene_24936	CcContig_027044	14986	26764	-	Secondary Metabolite	7514.1uncharacterized protein LOC108203250 [Daucus carota subsp. sativus]	GO:0000398, GO:0003729, GO:0004386, GO:0071013	-
2126	CcGene_25034	CcContig_001241	8125	13004	-	Secondary Metabolite	0749.1glutamyl-tRNA(Gln) amidotransferase subunit B, chloroplastic/mitochondrial isoform X2 [Daucus carota subsp. sativus]	GO:0032543, GO:0050567, GO:0070681	-
2127	CcGene_25063	CcContig_132139	15065	16553	+	Flavonoids & Phenylpropanoids	4759.1chorismate mutase 2 [Daucus carota subsp. sativus]	GO:0004106, GO:0005737, GO:0009073, GO:0046417	-
2128	CcGene_25076	CcContig_048277	13265	14948	+	Secondary Metabolite	2654.1cytochrome P450 71A9 [Daucus carota subsp. sativus]	GO:0004497, GO:0005506, GO:0016705, GO:0020037	-
2129	CcGene_25167	CcContig_142657	3071	4100	-	Secondary Metabolite	9051.1psoralen synthase-like [Daucus carota subsp. sativus]	GO:0004497, GO:0005506, GO:0016705, GO:0020037	-
2130	CcGene_25232	CcContig_005135	16614	18481	-	Secondary Metabolite	Methyltransferase-like protein	GO:0004497, GO:0005506, GO:0016705, GO:0020037	-
2131	CcGene_25249	CcContig_099987	25704	27057	-	Secondary Metabolite	3871.1pathogen-related protein [Daucus carota subsp. sativus]		-
2132	CcGene_25263	CcContig_133873	27177	63210	-	Secondary Metabolite	KAL1805353.1hypothetical protein ACET3Z_028421 [Daucus carota]	GO:0005524, GO:0005634, GO:0016887, GO:0140658	-
2133	CcGene_25355	CcContig_144304	54082	60559	+	Secondary Metabolite	WOH03447.1hypothetical protein DCAR_0622845 [Daucus carota subsp. sativus]	GO:0046872	-
2134	CcGene_25373	CcContig_135126	5538	8047	+	Terpenoid Biosynthesis	2675.1valerianol synthase TPS8-like [Daucus carota subsp. sativus]	GO:0000287, GO:0010333, GO:0016102	-
2135	CcGene_25382	CcContig_120944	4747	6384	-	Secondary Metabolite	4143.1geraniol 8-hydroxylase [Daucus carota subsp. sativus]	GO:0004497, GO:0005506, GO:0016705, GO:0020037	-
2136	CcGene_25401	CcContig_050603	24661	32128	+	Secondary Metabolite	A-kinase anchor protein	GO:0005524, GO:0005634, GO:0005829, GO:0016887, GO:0030970, GO:0031593, GO:0034098, GO:0051228, GO:0097352	-
2137	CcGene_25425	CcContig_144980	82303	90674	+	Secondary Metabolite	KAL1817974.1hypothetical protein ACET3Z_020548 [Daucus carota]		-
2138	CcGene_25439	CcContig_143005	21492	25283	-	Secondary Metabolite	5086.1YTH domain-containing protein ECT4 [Apium graveolens]	GO:0003729, GO:0005737, GO:0061157	-
2139	CcGene_25473	CcContig_048479	14965	21221	+	Secondary Metabolite	8065.1coatomer subunit gamma-2 [Apium graveolens]	GO:0000139, GO:0005198, GO:0005783, GO:0005793, GO:0006886, GO:0006888, GO:0006891, GO:0009306, GO:0030126	-
2140	CcGene_25538	CcContig_107701	14016	17782	+	Terpenoid Biosynthesis	8315.1uncharacterized protein LOC108219343 isoform X3 [Daucus carota subsp. sativus]		-
2141	CcGene_25570	CcContig_018272	10093	15768	+	Lipid & Polyketide Metabolism	WOG91431.1hypothetical protein DCAR_0310680 [Daucus carota subsp. sativus]	GO:0003960, GO:0005829, GO:0035925, GO:0070402	-
2142	CcGene_25585	CcContig_102193	107800	109526	-	Secondary Metabolite	8498.1plant UBX domain-containing protein 10 [Daucus carota subsp. sativus]	GO:0005783, GO:0043130	-
2143	CcGene_25603	CcContig_127509	1084	2686	-	Secondary Metabolite	AKJ23351.1CYP71AJ14 [Elaeoselinum garganicum]	GO:0004497, GO:0005506, GO:0016705, GO:0020037	-
2144	CcGene_25643	CcContig_027446	141	1198	-	Terpenoid Biosynthesis	KAK1375139.1heat shock 70 kDa protein 16 [Heracleum sosnowskyi]	GO:0005634, GO:0005829, GO:0006457	-
2145	CcGene_25705	CcContig_137633	44066	47797	+	Flavonoids & Phenylpropanoids	7232.1fatty-acid-binding protein 2 [Daucus carota subsp. sativus]	GO:0005504, GO:0009570, GO:0016872	-
2146	CcGene_25726	CcContig_125389	2220	2414	-	Secondary Metabolite	Cytochrome P450 superfamily		-
2147	CcGene_25745	CcContig_111647	16926	19482	-	Terpenoid Biosynthesis	5660.1(+)-alpha-terpineol synthase [Daucus carota subsp. sativus]	GO:0000287, GO:0010333, GO:0016102	-
2148	CcGene_25784	CcContig_059548	24588	25884	+	Secondary Metabolite	KAK1397612.1GATA transcription factor 9 [Heracleum sosnowskyi]	GO:0005634, GO:0006355, GO:0008270, GO:0030154, GO:0043565	-
2149	CcGene_25795	CcContig_133255	24153	28963	-	Lipid & Polyketide Metabolism	Shikimate kinase, chloroplastic	GO:0000287, GO:0003674, GO:0003824, GO:0004765, GO:0005488, GO:0005575, GO:0005622, GO:0005623, GO:0005737, GO:0006082, GO:0006520, GO:0006725, GO:0006793, GO:0006796, GO:0006807, GO:0008150, GO:0008152, GO:0008652, GO:0009058, GO:0009072, GO:0009073, GO:0009507, GO:0009536, GO:0009987, GO:0016053, GO:0016301, GO:0016310, GO:0016740, GO:0016772, GO:0016773, GO:0019438, GO:0019632, GO:0019752, GO:0032787, GO:0043167, GO:0043169, GO:0043226, GO:0043227, GO:0043229, GO:0043231, GO:0043436, GO:0044237, GO:0044238, GO:0044249, GO:0044281, GO:0044283, GO:0044424, GO:0044444, GO:0044464, GO:0046394, GO:0046872, GO:0071704, GO:1901360, GO:1901362, GO:1901564, GO:1901566, GO:1901576, GO:1901615	ko00400,ko01100,ko01110,ko01130,ko01230,map00400,map01100,map01110,map01130,map01230
2150	CcGene_25796	CcContig_131730	24391	26288	-	Secondary Metabolite	KAL1808638.1hypothetical protein ACET3Z_025628 [Daucus carota]	GO:0004497, GO:0005506, GO:0016125, GO:0016705, GO:0020037	-
2151	CcGene_25839	CcContig_010882	13820	18103	-	Secondary Metabolite	KAL1825350.1hypothetical protein ACET3Z_012128 [Daucus carota]	GO:0004497, GO:0005506, GO:0016705, GO:0020037	-
2152	CcGene_25939	CcContig_131360	82824	83684	+	Lipid & Polyketide Metabolism	6219.1abscisic acid receptor PYL8 [Daucus carota subsp. sativus]	GO:0004864, GO:0005634, GO:0005737, GO:0009738, GO:0010427, GO:0038023	-
2153	CcGene_26012	CcContig_100871	3880	5219	-	Secondary Metabolite	Cytochrome P450 superfamily;Cytochrome P450 superfamily;Cytochrome P450 superfamily		-
2154	CcGene_26026	CcContig_124396	190438	191160	-	Terpenoid Biosynthesis	KAL1805553.1hypothetical protein ACET3Z_028621 [Daucus carota]	GO:0010333	-
2155	CcGene_26029	CcContig_124396	187965	189999	-	Terpenoid Biosynthesis	KAL1805553.1hypothetical protein ACET3Z_028621 [Daucus carota]	GO:0000287, GO:0010333	-
2156	CcGene_26107	CcContig_106007	56431	59560	+	Secondary Metabolite	4723.1probable inactive shikimate kinase like 2, chloroplastic [Daucus carota subsp. sativus]	GO:0005829	-
2157	CcGene_26142	CcContig_094974	9060	9850	-	Secondary Metabolite	KAL1817845.1hypothetical protein ACET3Z_020419 [Daucus carota]	GO:0004497, GO:0005506, GO:0016705, GO:0020037	-
2158	CcGene_26152	CcContig_048444	16421	18967	+	Secondary Metabolite	Cytochrome P450 superfamily;Cytochrome P450 superfamily;Cytochrome P450 superfamily;Cytochrome P450 superfamily;Cytochrome P450 superfamily		-
2159	CcGene_26226	CcContig_082467	2956	5781	-	Secondary Metabolite	7904.1cytokinin hydroxylase [Daucus carota subsp. sativus]	GO:0004497, GO:0005506, GO:0016705, GO:0020037	-
2160	CcGene_26293	CcContig_136052	44810	45788	+	Secondary Metabolite	8702.1cytochrome P450 98A2-like [Apium graveolens]	GO:0004497, GO:0005506, GO:0009805, GO:0016020, GO:0016705, GO:0020037	-
2161	CcGene_26362	CcContig_135660	20966	25642	-	Secondary Metabolite	KAF5752812.160S ribosomal protein L11 [Tripterygium wilfordii]	GO:0003723, GO:0003735, GO:0006412, GO:0008270, GO:0022625	-
2162	CcGene_26371	CcContig_004613	21883	24546	+	Terpenoid Biosynthesis	KAK1393329.1myrcene synthase, chloroplastic-like [Heracleum sosnowskyi]	GO:0000287, GO:0010333, GO:0016102	-
2163	CcGene_26383	CcContig_092686	11289	17406	+	Terpenoid Biosynthesis	KAK1363904.1Valerianol synthase TPS8 [Heracleum sosnowskyi]	GO:0000287, GO:0010333, GO:0016102	-
2164	CcGene_26404	CcContig_003933	1024	2520	+	Secondary Metabolite	8145.1cytochrome P450 CYP72A219-like isoform X2 [Apium graveolens]	GO:0004497, GO:0005506, GO:0009805, GO:0016020, GO:0016705, GO:0020037	-
2165	CcGene_26414	CcContig_050518	3645	5827	-	Secondary Metabolite	KAK1353946.1Basic-leucine zipper transcription factor family protein [Heracleum sosnowskyi]	GO:0003700, GO:0006355	-
2166	CcGene_26451	CcContig_119449	6793	9363	-	Secondary Metabolite	1495.1large ribosomal subunit protein uL5c [Daucus carota subsp. sativus]	GO:0003723, GO:0003735, GO:0005840, GO:0006412	-
2167	CcGene_26504	CcContig_120637	19989	21663	+	Secondary Metabolite	KAK1403763.1Cytochrome P450, family 78, subfamily A, polypeptide 7 [Heracleum sosnowskyi]	GO:0004497, GO:0005506, GO:0016705, GO:0020037	-
2168	CcGene_26522	CcContig_144094	50552	51835	-	Secondary Metabolite	1268.1uncharacterized protein LOC108221922 isoform X2 [Daucus carota subsp. sativus]		-
2169	CcGene_26533	CcContig_117649	21454	22065	-	Secondary Metabolite	Cytochrome p450		-
2170	CcGene_26573	CcContig_003958	208	566	-	Secondary Metabolite	cytochrome P450		-
2171	CcGene_26666	CcContig_097699	32347	33017	+	Terpenoid Biosynthesis	AZL40027.1sesquiterpene synthase [Thapsia laciniata]	GO:0010333	-
2172	CcGene_26668	CcContig_097699	281	1020	-	Terpenoid Biosynthesis	AZL40027.1sesquiterpene synthase [Thapsia laciniata]	GO:0010333	-
2173	CcGene_26715	CcContig_097819	4130	15284	-	Secondary Metabolite	KAL1808644.1hypothetical protein ACET3Z_025634 [Daucus carota]	GO:0004674, GO:0005524, GO:0005634, GO:0005737, GO:0006897, GO:0007165, GO:0018105	-
2174	CcGene_26755	CcContig_119043	4355	5650	+	Flavonoids & Phenylpropanoids	KAL1817320.1hypothetical protein ACET3Z_019894 [Daucus carota]	GO:0016747, GO:0030639	-
2175	CcGene_26756	CcContig_102536	16246	17876	-	Secondary Metabolite	Serine aminopeptidase, S33	GO:0004497, GO:0005506, GO:0016705, GO:0020037	-
2176	CcGene_26859	CcContig_076586	19668	21273	-	Secondary Metabolite	AQY76223.1cytochrome P450, partial [Elaeoselinum garganicum]	GO:0004497, GO:0005506, GO:0016705, GO:0020037	-
2177	CcGene_26924	CcContig_109271	17403	26261	+	Lipid & Polyketide Metabolism	0050.1uncharacterized protein LOC135149116 [Daucus carota subsp. sativus]	GO:0004096, GO:0006979, GO:0008610, GO:0020037, GO:0031177	-
2178	CcGene_26977	CcContig_115959	75295	77223	+	Flavonoids & Phenylpropanoids	9159.1flavonoid 3'-monooxygenase CYP75B137 [Daucus carota subsp. sativus]	GO:0004497, GO:0005506, GO:0016705, GO:0020037	-
2179	CcGene_26978	CcContig_115959	72136	74218	+	Secondary Metabolite	KAL1830856.1hypothetical protein ACET3Z_000507 [Daucus carota]	GO:0004497, GO:0005506, GO:0016705, GO:0020037	-
2180	CcGene_26979	CcContig_115959	11515	13446	+	Secondary Metabolite	AQY76220.1cytochrome P450 [Elaeoselinum garganicum]	GO:0004497, GO:0005506, GO:0016705, GO:0020037	-
2181	CcGene_27022	CcContig_118428	661	855	+	Terpenoid Biosynthesis	Terpenoid cyclases/protein prenyltransferase alpha-alpha toroid;Terpenoid cyclases/protein prenyltransferase alpha-alpha toroid		-
2182	CcGene_27076	CcContig_047015	40441	43352	-	Secondary Metabolite	Belongs to the cytochrome P450 family		ko00908,ko01100,ko01110,map00908,map01100,map01110
2183	CcGene_27131	CcContig_033198	4128	7930	+	Terpenoid Biosynthesis	KAL8108330.1hypothetical protein AgCh_024694 [Apium graveolens]	GO:0005811, GO:0016104, GO:0042300	-
2184	CcGene_27226	CcContig_001943	4237	6598	-	Secondary Metabolite	9160.1uncharacterized protein LOC108197708 [Daucus carota subsp. sativus]		-
2185	CcGene_27245	CcContig_106326	409	9551	-	Secondary Metabolite	KAK1372273.1NADPH-dependent diflavin oxidoreductase 1 [Heracleum sosnowskyi]	GO:0005829, GO:0010181, GO:0016491, GO:0050660	-
2186	CcGene_27256	CcContig_009863	50487	53525	-	Secondary Metabolite	KAL8125619.1hypothetical protein AgCh_013046 [Apium graveolens]	GO:0005515, GO:0005739	-
2187	CcGene_27277	CcContig_127389	269	554	-	Terpenoid Biosynthesis	AZL40027.1sesquiterpene synthase [Thapsia laciniata]	GO:0010333	-
2188	CcGene_27337	CcContig_014960	4934	6616	-	Secondary Metabolite	KAL8097088.1hypothetical protein AgCh_030259 [Apium graveolens]	GO:0004497, GO:0005506, GO:0016705, GO:0020037	-
2189	CcGene_27356	CcContig_046870	38544	40797	-	Secondary Metabolite	4270.1abscisic acid 8'-hydroxylase 3 [Daucus carota subsp. sativus]	GO:0004497, GO:0005506, GO:0007275, GO:0010268, GO:0016125, GO:0016132, GO:0016705, GO:0020037	-
2190	CcGene_27393	CcContig_060343	21532	32224	-	Secondary Metabolite	KAL1805578.1hypothetical protein ACET3Z_028646 [Daucus carota]	GO:0008420	-
2191	CcGene_27542	CcContig_010169	1038	2209	+	Terpenoid Biosynthesis	Belongs to the terpene synthase family	GO:0006082, GO:0006629, GO:0006720, GO:0006721, GO:0008150, GO:0008152, GO:0009685, GO:0009987, GO:0010817, GO:0016101, GO:0019752, GO:0042445, GO:0043436, GO:0044237, GO:0044238, GO:0044255, GO:0044281, GO:0065007, GO:0065008, GO:0071704	ko00904,ko01100,ko01110,map00904,map01100,map01110
2192	CcGene_27578	CcContig_033804	1730	2443	+	Terpenoid Biosynthesis	Terpenoid cyclases/protein prenyltransferase alpha-alpha toroid;Terpenoid cyclases/protein prenyltransferase alpha-alpha toroid		-
2193	CcGene_27587	CcContig_007581	75839	77476	+	Secondary Metabolite	5621.1geraniol 8-hydroxylase [Daucus carota subsp. sativus]	GO:0004497, GO:0005506, GO:0016705, GO:0020037	-
2194	CcGene_27590	CcContig_141063	18200	19866	-	Lipid & Polyketide Metabolism	Abscisic acid receptor	GO:0015211, GO:0016020, GO:0001101, GO:0003674, GO:0004857, GO:0004864, GO:0005488, GO:0005515, GO:0005575, GO:0005622, GO:0005623, GO:0005634, GO:0005737, GO:0005829, GO:0006950, GO:0006970, GO:0007154, GO:0007165, GO:0007275, GO:0008150, GO:0008289, GO:0009266, GO:0009409, GO:0009414, GO:0009415, GO:0009628, GO:0009651, GO:0009719, GO:0009725, GO:0009737, GO:0009738, GO:0009755, GO:0009791, GO:0009845, GO:0009892, GO:0009987, GO:0010033, GO:0010035, GO:0010427, GO:0010563, GO:0010605, GO:0010921, GO:0010923, GO:0019208, GO:0019212, GO:0019220, GO:0019222, GO:0019840, GO:0019888, GO:0023052, GO:0030234, GO:0031323, GO:0031324, GO:0031399, GO:0031400, GO:0031406, GO:0032268, GO:0032269, GO:0032501, GO:0032502, GO:0032515, GO:0032870, GO:0033293, GO:0033993, GO:0035303, GO:0035304, GO:0035305, GO:0035308, GO:0036094, GO:0038023, GO:0042221, GO:0042562, GO:0042802, GO:0042803, GO:0043086, GO:0043167, GO:0043168, GO:0043177, GO:0043178, GO:0043226, GO:0043227, GO:0043229, GO:0043231, GO:0043666, GO:0044092, GO:0044424, GO:0044444, GO:0044464, GO:0045936, GO:0046983, GO:0048519, GO:0048523, GO:0048856, GO:0050789, GO:0050790, GO:0050794, GO:0050896, GO:0051171, GO:0051172, GO:0051174, GO:0051246, GO:0051248, GO:0051336, GO:0051346, GO:0051716, GO:0060089, GO:0060255, GO:0065007, GO:0065009, GO:0070887, GO:0071215, GO:0071229, GO:0071310, GO:0071396, GO:0071495, GO:0080090, GO:0090351, GO:0097305, GO:0097306, GO:0098772, GO:1901700, GO:1901701, GO:1905183	ko04016,ko04075,map04016,map04075
2195	CcGene_27664	CcContig_112005	94049	94810	-	Flavonoids & Phenylpropanoids	3750.1AP2-like ethylene-responsive transcription factor ANT [Daucus carota subsp. sativus]		-
2196	CcGene_27690	CcContig_141907	15955	19018	-	Secondary Metabolite	4374.1iridoid oxidase-like [Daucus carota subsp. sativus]	GO:0004497, GO:0005506, GO:0016705, GO:0020037	-
2197	CcGene_27693	CcContig_135312	4509	6853	-	Secondary Metabolite	Serine threonine-protein kinase	GO:0004497, GO:0005506, GO:0016705, GO:0020037	-
2198	CcGene_27710	CcContig_007613	20762	21910	+	Secondary Metabolite	5834.1uncharacterized protein LOC108217517 [Daucus carota subsp. sativus]		-
2199	CcGene_27721	CcContig_143837	58129	60716	+	Terpenoid Biosynthesis	8190.1(R)-limonene synthase 1, chloroplastic-like [Daucus carota subsp. sativus]	GO:0000287, GO:0010333, GO:0016102	-
2200	CcGene_27748	CcContig_047932	7092	8729	+	Secondary Metabolite	5461.1cytochrome P450 93A3-like [Apium graveolens]	GO:0004497, GO:0005506, GO:0016705, GO:0020037	-
2201	CcGene_27753	CcContig_058628	13734	15558	+	Secondary Metabolite	5269.1zinc finger protein BALDIBIS-like [Daucus carota subsp. sativus]	GO:0003700, GO:0005634	-
2202	CcGene_27792	CcContig_127798	10356	11862	-	Secondary Metabolite	6629.1cytochrome P450 76A2 [Daucus carota subsp. sativus]	GO:0004497, GO:0005506, GO:0016705, GO:0020037	-
2203	CcGene_27818	CcContig_143248	7671	13409	+	Secondary Metabolite	3049.1probable protein phosphatase 2C 60 [Daucus carota subsp. sativus]	GO:0004722, GO:0006470, GO:0043169	-
2204	CcGene_27841	CcContig_097526	9399	11013	-	Secondary Metabolite	KAL1815238.1hypothetical protein ACET3Z_017812 [Daucus carota]	GO:0005506, GO:0016020, GO:0016709, GO:0020037	-
2205	CcGene_27903	CcContig_058909	4724	6604	+	Secondary Metabolite	WOH05418.1hypothetical protein DCAR_0624834 [Daucus carota subsp. sativus]	GO:0009507, GO:0015996, GO:0051743	-
2206	CcGene_27912	CcContig_058909	53160	55150	-	Secondary Metabolite	6568.1geraniol 8-hydroxylase-like [Daucus carota subsp. sativus]	GO:0004497, GO:0005506, GO:0016705, GO:0020037	-
2207	CcGene_28038	CcContig_109579	12466	17075	-	Flavonoids & Phenylpropanoids	7101.1chorismate mutase 1, chloroplastic [Daucus carota subsp. sativus]	GO:0004106, GO:0005737, GO:0009073, GO:0046417	-
2208	CcGene_28132	CcContig_124902	22842	24757	-	Secondary Metabolite	KAL1813811.1hypothetical protein ACET3Z_023876 [Daucus carota]	GO:0004497, GO:0005506, GO:0016705, GO:0020037	-
2209	CcGene_28238	CcContig_053013	3199	5606	+	Terpenoid Biosynthesis	4783.1calmodulin [Salmonella enterica]	GO:0005509	-
2210	CcGene_28243	CcContig_060363	1967	3048	-	Secondary Metabolite	Belongs to the glutamyl-tRNA reductase family	GO:0003674, GO:0003824, GO:0005575, GO:0005622, GO:0005623, GO:0005737, GO:0006725, GO:0006778, GO:0006779, GO:0006783, GO:0006807, GO:0006950, GO:0006979, GO:0008150, GO:0008152, GO:0008883, GO:0009058, GO:0009507, GO:0009536, GO:0009987, GO:0015994, GO:0015995, GO:0016491, GO:0016620, GO:0016903, GO:0018130, GO:0019438, GO:0033013, GO:0033014, GO:0034641, GO:0042168, GO:0042440, GO:0043226, GO:0043227, GO:0043229, GO:0043231, GO:0044237, GO:0044249, GO:0044271, GO:0044424, GO:0044444, GO:0044464, GO:0046148, GO:0046483, GO:0050896, GO:0051186, GO:0051188, GO:0055114, GO:0071704, GO:0140098, GO:0140101, GO:1901360, GO:1901362, GO:1901564, GO:1901566, GO:1901576	ko00860,ko01100,ko01110,ko01120,map00860,map01100,map01110,map01120
2211	CcGene_28277	CcContig_046901	3831	4461	-	Terpenoid Biosynthesis	AZL40027.1sesquiterpene synthase [Thapsia laciniata]	GO:0010333	-
2212	CcGene_28385	CcContig_076315	12987	14667	-	Secondary Metabolite	1753.1uncharacterized protein LOC108198511 [Daucus carota subsp. sativus]	GO:0004497, GO:0005506, GO:0016705, GO:0020037	-
2213	CcGene_28433	CcContig_133576	234023	237372	+	Secondary Metabolite	KAK1378115.1caffeoylshikimate esterase-like [Heracleum sosnowskyi]	GO:0016020, GO:0016298	-
2214	CcGene_28465	CcContig_116035	134605	136374	+	Secondary Metabolite	5970.1fatty acid hydroperoxide lyase, chloroplastic [Daucus carota subsp. sativus]	GO:0004497, GO:0005506, GO:0016125, GO:0016705, GO:0020037	-
2215	CcGene_28560	CcContig_141095	11232	12271	+	Terpenoid Biosynthesis	2697.1endo-1,4-beta-xylanase 1 isoform X3 [Daucus carota subsp. sativus]	GO:0004553, GO:0005975	-
2216	CcGene_28575	CcContig_114984	5140	7961	+	Secondary Metabolite	KAL1826302.1hypothetical protein ACET3Z_004714 [Daucus carota]	GO:0004497, GO:0005506, GO:0016705, GO:0020037	-
2217	CcGene_28584	CcContig_139284	27257	28337	+	Secondary Metabolite	KAL1812805.1hypothetical protein ACET3Z_022870 [Daucus carota]	GO:0003677, GO:0005634	-
2218	CcGene_28623	CcContig_017990	10191	10763	-	Secondary Metabolite	3292.2protein indeterminate-domain 6, chloroplastic-like [Daucus carota subsp. sativus]	GO:0003700, GO:0005634	-
2219	CcGene_28627	CcContig_132822	2387	2802	-	Secondary Metabolite	KAK1373419.1hypothetical protein POM88_029612 [Heracleum sosnowskyi]		-
2220	CcGene_28650	CcContig_035302	35732	39280	-	Secondary Metabolite	WOG88294.1hypothetical protein DCAR_0207529 [Daucus carota subsp. sativus]	GO:0003700, GO:0006355	-
2221	CcGene_28674	CcContig_004311	33628	41024	+	Secondary Metabolite	7148.1uncharacterized protein LOC108218631 [Daucus carota subsp. sativus]		-
2222	CcGene_28691	CcContig_116771	65066	67009	-	Secondary Metabolite	2741.1geraniol 8-hydroxylase [Daucus carota subsp. sativus]	GO:0004497, GO:0005506, GO:0016705, GO:0020037	-
2223	CcGene_28709	CcContig_122220	9081	10334	-	Secondary Metabolite	KAL1820910.1hypothetical protein ACET3Z_015779 [Daucus carota]	GO:0004497, GO:0005506, GO:0016705, GO:0020037	-
2224	CcGene_28719	CcContig_059713	5493	7799	-	Secondary Metabolite	WOG83110.1hypothetical protein DCAR_0102284 [Daucus carota subsp. sativus]		-
2225	CcGene_28747	CcContig_036616	15644	17568	-	Secondary Metabolite	KAL1828922.1hypothetical protein ACET3Z_007334 [Daucus carota]	GO:0004497, GO:0005506, GO:0016705, GO:0020037	-
2226	CcGene_28845	CcContig_101918	12889	14878	+	Lipid & Polyketide Metabolism	KAK1405502.1Cinnamyl-alcohol dehydrogenase [Heracleum sosnowskyi]	GO:0008270, GO:0016616	-
2227	CcGene_28873	CcContig_128028	61868	63446	+	Terpenoid Biosynthesis	Carotenoid oxygenase;Carotenoid oxygenase		-
2228	CcGene_28880	CcContig_133945	6614	10530	+	Secondary Metabolite	5685.1histone acetyltransferase TAP1 [Daucus carota subsp. sativus]	GO:0005737, GO:0008080	-
2229	CcGene_28888	CcContig_140001	34274	35659	+	Flavonoids & Phenylpropanoids	1251.1eugenol synthase 1 [Daucus carota subsp. sativus]	GO:0016491	-
2230	CcGene_29033	CcContig_099936	30129	32416	-	Terpenoid Biosynthesis	6837.1squalene monooxygenase SE1 [Daucus carota subsp. sativus]	GO:0004506, GO:0005783, GO:0016020, GO:0016126, GO:0050660	-
2231	CcGene_29053	CcContig_131996	16438	18150	+	Secondary Metabolite	KAK1375327.1Ribonuclease P/MRP protein subunit POP5 [Heracleum sosnowskyi]	GO:0000172, GO:0001682, GO:0004526, GO:0005730, GO:0030681, GO:0033204	-
2232	CcGene_29068	CcContig_092627	3838	4059	+	Secondary Metabolite	Cytochrome P450 superfamily;Cytochrome P450 superfamily		-
2233	CcGene_29085	CcContig_103238	1681	6210	+	Terpenoid Biosynthesis	6058.1rab escort protein 1 [Daucus carota subsp. sativus]	GO:0005092, GO:0005634, GO:0005829, GO:0005968, GO:0006886, GO:0007264, GO:0016192, GO:0018344	-
2234	CcGene_29159	CcContig_000376	33970	36294	-	Secondary Metabolite	0670.1ent-kaurene oxidase [Daucus carota subsp. sativus]	GO:0005506, GO:0005783, GO:0009686, GO:0009707, GO:0016709, GO:0020037, GO:0052615	-
2235	CcGene_29160	CcContig_000376	19798	22844	-	Secondary Metabolite	3618.1ent-kaurene oxidase [Daucus carota subsp. sativus]	GO:0005506, GO:0005783, GO:0009686, GO:0009707, GO:0016709, GO:0020037, GO:0052615	-
2236	CcGene_29161	CcContig_000376	27466	30314	-	Secondary Metabolite	1824.1ent-kaurene oxidase [Daucus carota subsp. sativus]	GO:0005506, GO:0005783, GO:0009686, GO:0009707, GO:0016709, GO:0020037, GO:0052615	-
2237	CcGene_29164	CcContig_136713	36709	40753	-	Terpenoid Biosynthesis	8386.1U4/U6 small nuclear ribonucleoprotein PRP4-like protein [Daucus carota subsp. sativus]	GO:0000398, GO:0005515, GO:0017070, GO:0030621, GO:0046540	-
2238	CcGene_29169	CcContig_111511	1350	6597	+	Secondary Metabolite	0162.1cytochrome P450 76A2-like [Apium graveolens]	GO:0004497, GO:0005506, GO:0016705, GO:0020037	-
2239	CcGene_29218	CcContig_034324	1925	4874	-	Secondary Metabolite	KAL8133595.1hypothetical protein AgCh_008885 [Apium graveolens]	GO:0004497, GO:0005506, GO:0016705, GO:0020037	-
2240	CcGene_29241	CcContig_096940	17951	19203	-	Lipid & Polyketide Metabolism	Removes the phosphate from trehalose 6-phosphate to produce free trehalose	GO:0000036, GO:0006633, GO:0031177, GO:0003674, GO:0003824, GO:0004553, GO:0004805, GO:0005575, GO:0005622, GO:0005623, GO:0005737, GO:0006793, GO:0006796, GO:0006950, GO:0006970, GO:0006979, GO:0008150, GO:0008152, GO:0009507, GO:0009536, GO:0009628, GO:0009651, GO:0009987, GO:0015927, GO:0016311, GO:0016787, GO:0016788, GO:0016791, GO:0016798, GO:0019203, GO:0042578, GO:0043226, GO:0043227, GO:0043229, GO:0043231, GO:0044237, GO:0044424, GO:0044444, GO:0044464, GO:0050896	ko00500,ko01100,map00500,map01100
2241	CcGene_29245	CcContig_060048	14780	19345	-	Secondary Metabolite	Cytochrome p450	GO:0003676, GO:0004523, GO:0003674, GO:0003824, GO:0004497, GO:0005575, GO:0008150, GO:0008152, GO:0009058, GO:0016020, GO:0016491, GO:0016705, GO:0016709, GO:0019748, GO:0044550, GO:0055114	ko00140,ko00380,ko00830,ko00943,ko00980,ko01100,ko04913,ko04917,ko04927,ko04934,ko05204,map00140,map00380,map00830,map00943,map00980,map01100,map04913,map04917,map04927,map04934,map05204
2242	CcGene_29256	CcContig_045778	44686	49602	+	Terpenoid Biosynthesis	4787.1cycloartenol Synthase [Daucus carota subsp. sativus]	GO:0005811, GO:0016104, GO:0016866	-
2243	CcGene_29260	CcContig_045778	40699	42482	+	Terpenoid Biosynthesis	KAL8135301.1hypothetical protein AgCh_010095 [Apium graveolens]	GO:0005811, GO:0016104, GO:0016866	-
2244	CcGene_29289	CcContig_039822	7485	9722	-	Lipid & Polyketide Metabolism	8227.1mannitol dehydrogenase [Daucus carota subsp. sativus]	GO:0008270, GO:0009809, GO:0045551	-
2245	CcGene_29298	CcContig_051340	38256	40803	-	Flavonoids & Phenylpropanoids	8453.1putative serine/threonine-protein kinase [Daucus carota subsp. sativus]	GO:0004674, GO:0005524, GO:0006468	-
2246	CcGene_29353	CcContig_001307	9861	10545	+	Secondary Metabolite	KAL1813809.1hypothetical protein ACET3Z_023874 [Daucus carota]	GO:0004497, GO:0005506, GO:0016705, GO:0020037	-
2247	CcGene_29407	CcContig_079799	63089	67208	-	Secondary Metabolite	2880.1cytochrome P450 CYP82D47-like [Daucus carota subsp. sativus]	GO:0004497, GO:0005506, GO:0005515, GO:0016705, GO:0020037	-
2248	CcGene_29432	CcContig_141831	13770	14228	+	Secondary Metabolite	Cytochrome P450 superfamily		-
2249	CcGene_29500	CcContig_124616	21583	22163	+	Lipid & Polyketide Metabolism	KAL1825180.1hypothetical protein ACET3Z_011958 [Daucus carota]	GO:0004864	-
2250	CcGene_29553	CcContig_096912	73483	75238	+	Secondary Metabolite	6617.1cytochrome P450 CYP736A12-like [Apium graveolens]	GO:0004497, GO:0005506, GO:0016705, GO:0020037	-
2251	CcGene_29558	CcContig_121566	6006	7338	+	Terpenoid Biosynthesis	BDO47135.1terpene synthase [Angelica archangelica]	GO:0000287, GO:0010333	-
2252	CcGene_29571	CcContig_102833	23848	25774	-	Flavonoids & Phenylpropanoids	3074.1flavonol synthase/flavanone 3-hydroxylase-like [Apium graveolens]	GO:0005506, GO:0009813, GO:0016706, GO:0046148	-
2253	CcGene_29602	CcContig_104961	3686	9720	-	Secondary Metabolite	5289.1phytochromobilin:ferredoxin oxidoreductase, chloroplastic [Daucus carota subsp. sativus]	GO:0010024, GO:0050619, GO:0050897	-
2254	CcGene_29696	CcContig_047054	85024	87925	+	Terpenoid Biosynthesis	KAK1373806.1Valerianol synthase TPS8 [Heracleum sosnowskyi]	GO:0000287, GO:0010333	-
2255	CcGene_29704	CcContig_047054	83503	84504	+	Terpenoid Biosynthesis	KAK1373806.1Valerianol synthase TPS8 [Heracleum sosnowskyi]	GO:0010333	-
2256	CcGene_29759	CcContig_138391	65387	68680	-	Lipid & Polyketide Metabolism	1700.12-methylene-furan-3-one reductase-like [Daucus carota subsp. sativus]	GO:0016628	-
2257	CcGene_29762	CcContig_138391	62732	64633	-	Secondary Metabolite	2141.1cytochrome P450 704C1 [Daucus carota subsp. sativus]	GO:0004497, GO:0005506, GO:0016705, GO:0020037	-
2258	CcGene_29797	CcContig_094985	33241	35171	-	Terpenoid Biosynthesis	UDO48186.1chloroplast carotenoid cleavage dioxygenases 4 [Apium graveolens]	GO:0009570, GO:0010436, GO:0016121	-
