miRNA_Acc.,Target_Genes,Total_Interactions,Mean_Expectation,Median_Expectation,Minimum_Expectation,Interactions_LE_1,Interactions_LE_2,Interactions_LE_3,Cleavage_Interactions,Translation_Repression_Interactions
aly-miR838-3p,200,543,3.3996316758747698,3.5,1.0,5,43,223,517,26
ath-miR414,200,379,2.8014511873350925,2.5,0.5,18,153,254,361,18
osa-miR414,200,366,2.8128415300546448,2.5,0.0,15,149,244,343,23
ath-miR5015,199,1149,4.054830287206267,4.0,1.5,0,2,115,1137,12
aly-miR3443-3p,198,1785,3.70812324929972,3.5,2.0,0,16,335,1742,43
ppt-miR414,198,340,3.1882352941176473,3.0,0.0,7,58,207,321,19
osa-miR2919,198,213,3.9976525821596245,4.0,2.0,0,1,21,202,11
gma-miR5031,197,259,4.8301158301158305,5.0,2.5,0,0,3,89,170
ath-miR838,196,372,4.05510752688172,4.0,1.5,0,9,77,124,248
mtr-miR2673a,194,663,2.9822775263951735,3.0,0.0,64,187,348,621,42
mtr-miR2673b,194,663,2.9822775263951735,3.0,0.0,64,187,348,621,42
ath-miR5021,192,205,3.6146341463414635,3.5,1.0,1,14,58,175,30
osa-miR1862f,191,289,4.368512110726644,4.5,2.5,0,0,12,281,8
osa-miR1862g,191,289,4.368512110726644,4.5,2.5,0,0,12,281,8
aqc-miR477d,191,205,3.798780487804878,4.0,1.0,1,4,51,167,38
gma-miR1535a,191,197,4.143401015228426,4.0,2.5,0,0,12,177,20
aly-miR834-3p,189,232,3.9224137931034484,4.0,1.5,0,8,46,217,15
ath-miR834,189,232,3.9224137931034484,4.0,1.5,0,8,46,217,15
ath-miR5658,189,206,2.9733009708737863,3.0,0.0,21,48,110,172,34
bra-miR172c-5p,188,206,3.878640776699029,4.0,2.0,0,8,46,178,28
mtr-miR7698-5p,188,196,3.8073979591836733,4.0,1.5,0,5,50,147,49
cpa-miR8135,188,193,4.174870466321243,4.5,2.5,0,0,19,163,30
stu-miR172c-5p,187,193,3.8860103626943006,4.0,1.0,1,4,24,157,36
ppt-miR1027a,186,210,3.875,4.0,1.0,1,2,46,182,28
ppt-miR1027b,186,210,3.875,4.0,1.0,1,2,46,182,28
aly-miR837-5p,186,201,3.72636815920398,4.0,1.5,0,5,60,187,14
aly-miR169n-3p,186,192,4.075520833333333,4.0,2.0,0,2,15,179,13
ath-miR865-3p,185,209,3.7954545454545454,4.0,1.0,2,5,48,166,43
osa-miR2931,184,195,4.058974358974359,4.0,2.0,0,1,24,176,19
aly-miR3437-3p,183,195,4.312820512820513,4.5,1.5,0,2,11,177,18
gma-miR172b-5p,183,194,4.020618556701031,4.0,1.5,0,1,21,166,28
gra-miR8668,183,187,4.225935828877005,4.5,2.0,0,1,16,157,30
bdi-miR9494,182,216,4.05787037037037,4.0,1.5,0,4,29,194,22
gra-miR172b,182,193,4.010362694300518,4.0,1.5,0,2,26,167,26
sbi-miR5565e,182,185,4.302702702702702,4.5,2.0,0,1,4,161,24
osa-miR5161,181,188,4.204787234042553,4.5,2.5,0,0,14,161,27
gma-miR1512a-3p,181,186,4.123655913978495,4.0,2.5,0,0,18,141,45
ath-miR837-5p,180,196,3.9056122448979593,4.0,0.5,3,4,28,184,12
zma-miR482-3p,180,195,4.021794871794872,4.0,2.0,0,3,19,178,17
bra-miR9559-5p,180,190,3.918421052631579,4.0,1.5,0,6,31,160,30
sly-miR9470-3p,180,188,4.202127659574468,4.25,2.5,0,0,15,151,37
stu-miR8041a-5p,180,185,3.983783783783784,4.0,2.0,0,2,21,151,34
stu-miR8041b-5p,180,185,3.983783783783784,4.0,2.0,0,2,21,151,34
gma-miR9752,179,313,4.087859424920127,4.0,2.0,0,4,40,300,13
zma-miR399e-5p,179,189,3.9404761904761907,4.0,2.0,0,2,31,178,11
ptc-miR6462e,179,187,4.393048128342246,4.5,2.5,0,0,4,172,15
ptc-miR6462f,179,187,4.393048128342246,4.5,2.5,0,0,4,172,15
tae-miR9675-3p,178,193,4.314766839378239,4.5,2.0,0,3,16,148,45
mtr-miR2635,178,191,4.285340314136126,4.5,2.5,0,0,12,152,39
osa-miR2868,178,183,4.136612021857924,4.0,2.5,0,0,17,149,34
lja-miR7535,178,181,4.345303867403315,4.5,2.5,0,0,12,149,32
vvi-miR396b,177,188,4.023936170212766,4.0,2.0,0,1,29,178,10
gma-miR396g,177,186,3.9731182795698925,4.0,0.5,1,3,27,168,18
ath-miR773b-3p,177,185,3.997297297297297,4.0,1.5,0,5,29,158,27
ppt-miR1046-5p,177,185,4.043243243243243,4.0,2.0,0,3,17,141,44
hvu-miR5048a,176,234,3.9358974358974357,4.0,0.0,1,6,42,212,22
hvu-miR5048b,176,234,3.9358974358974357,4.0,0.0,1,6,42,212,22
mtr-miR5264,176,179,4.175977653631285,4.5,2.0,0,2,15,134,45
osa-miR5490,176,179,4.162011173184357,4.0,2.5,0,0,8,116,63
ath-miR8181,175,208,4.313701923076923,4.5,2.0,0,1,8,186,22
osa-miR426,175,182,4.019230769230769,4.0,2.0,0,1,21,162,20
mtr-miR2641,175,181,4.386740331491713,4.5,2.5,0,0,5,175,6
ath-miR4221,174,193,3.8367875647668392,4.0,1.5,0,7,47,145,48
aqc-miR477c,174,189,4.124338624338624,4.0,2.0,0,1,13,161,28
aqc-miR477g,174,189,4.124338624338624,4.0,2.0,0,1,13,161,28
hbr-miR6169,174,187,3.93048128342246,4.0,1.5,0,6,39,157,30
hme-miR-316,174,186,3.9946236559139785,4.0,2.0,0,5,20,128,58
aqc-miR477f,174,184,3.922554347826087,4.0,1.0,1,10,32,142,42
bra-miR5711,173,200,4.2825,4.5,2.0,0,1,10,180,20
ppt-miR1039-5p,173,196,3.99234693877551,4.0,2.0,0,2,29,175,21
aly-miR158b-5p,173,181,4.193370165745856,4.5,2.0,0,1,16,142,39
aly-miR169m-3p,173,180,4.188888888888889,4.0,2.5,0,0,7,163,17
ath-miR426,173,179,4.14245810055866,4.0,2.5,0,0,16,163,16
bdi-miR7773-3p,173,179,4.349162011173185,4.5,2.0,0,2,7,143,36
ath-miR397b,172,179,4.005586592178771,4.0,2.0,0,5,20,134,45
nta-miR6144,172,178,3.9775280898876404,4.0,2.0,0,2,29,157,21
smo-miR396,172,177,4.149717514124294,4.0,2.0,0,1,17,167,10
sbi-miR6223-5p,172,174,4.14367816091954,4.0,2.5,0,0,14,156,18
osa-miR1857-5p,171,188,3.872340425531915,4.0,1.0,1,5,35,162,26
csi-miR3950,171,186,4.147849462365591,4.5,2.0,0,2,28,155,31
cpa-miR477,171,177,4.173728813559322,4.0,2.0,0,1,10,140,37
gma-miR9749,170,196,4.079081632653061,4.0,1.0,1,3,25,184,12
stu-miR8048-5p,170,185,3.9567567567567568,4.0,2.0,0,1,29,151,34
bra-miR5717,170,178,4.03932584269663,4.0,2.0,0,2,32,143,35
mtr-miR5558-5p,170,178,4.241573033707865,4.5,2.5,0,0,17,147,31
rgl-miR7972,170,178,4.134831460674158,4.5,1.5,0,3,20,168,10
bcy-miR529,170,175,4.2371428571428575,4.5,2.5,0,0,13,145,30
bgy-miR529,170,175,4.2371428571428575,4.5,2.5,0,0,13,145,30
cme-miR395b,170,175,4.2371428571428575,4.5,0.5,1,3,13,167,8
cme-miR395c,170,175,4.2371428571428575,4.5,0.5,1,3,13,167,8
mtr-miR395g,170,175,4.2371428571428575,4.5,0.5,1,3,13,167,8
ppt-miR1044-3p,170,175,4.252857142857143,4.5,2.5,0,0,13,146,29
sly-miR5303,170,175,4.098571428571429,4.0,1.0,1,1,14,146,29
aly-miR781-5p,170,173,4.176300578034682,4.0,2.0,0,1,8,153,20
ath-miR781a,170,173,4.176300578034682,4.0,2.0,0,1,8,153,20
ath-miR781b,170,173,4.176300578034682,4.0,2.0,0,1,8,153,20
ptc-miR394a-3p,170,172,4.328488372093023,4.5,2.5,0,0,10,138,34
ptc-miR394b-3p,170,172,4.328488372093023,4.5,2.5,0,0,10,138,34
ath-miR5645a,170,171,4.353801169590644,4.5,3.0,0,0,8,148,23
ath-miR5645b,170,171,4.353801169590644,4.5,3.0,0,0,8,148,23
ath-miR5645d,170,171,4.353801169590644,4.5,3.0,0,0,8,148,23
ath-miR5645e,170,171,4.353801169590644,4.5,3.0,0,0,8,148,23
ath-miR5645f,170,171,4.353801169590644,4.5,3.0,0,0,8,148,23
gma-miR5041-5p,169,203,3.8288177339901477,4.0,2.0,0,5,45,177,26
mtr-miR5260,169,181,4.254143646408839,4.5,2.5,0,0,10,166,15
gra-miR7502b,169,178,4.26685393258427,4.5,1.5,0,2,10,147,31
gra-miR7502c,169,178,4.26685393258427,4.5,1.5,0,2,10,147,31
aly-miR319a-5p,168,187,4.25668449197861,4.5,1.5,0,3,15,167,20
bra-miR319-5p,168,187,4.25668449197861,4.5,1.5,0,3,15,167,20
ath-miR5998a,168,180,4.2,4.5,2.0,0,2,18,151,29
ath-miR5998b,168,180,4.2,4.5,2.0,0,2,18,151,29
stu-miR172e-5p,168,175,3.9785714285714286,4.0,2.0,0,2,29,151,24
mtr-miR2595,168,173,3.9161849710982657,4.0,1.5,0,5,35,162,11
ptc-miR7839,168,171,4.204678362573099,4.5,2.0,0,1,18,149,22
hme-miR-6309-3p,167,187,4.080213903743315,4.0,2.0,0,3,27,157,30
ptc-miR169b-3p,167,175,4.314285714285714,4.5,2.5,0,0,5,156,19
zma-miR172b-5p,167,173,4.0606936416184976,4.5,1.5,0,6,25,145,28
zma-miR172d-5p,167,173,4.0606936416184976,4.5,1.5,0,6,25,145,28
mtr-miR5265,167,171,4.315789473684211,4.5,2.0,0,1,8,152,19
rgl-miR5142,167,170,4.423529411764706,4.5,1.5,0,1,2,133,37
osa-miR413,166,298,4.473154362416107,4.5,3.0,0,0,6,271,27
gma-miR1514a-5p,166,180,4.319444444444445,4.5,2.5,0,0,12,144,36
gra-miR530a,166,177,4.016949152542373,4.0,2.0,0,1,35,153,24
sbi-miR5568e-5p,166,176,4.221590909090909,4.5,2.0,0,1,9,157,19
gma-miR172h-5p,166,175,4.058571428571429,4.0,1.5,0,3,29,150,25
gma-miR172i-5p,166,175,4.058571428571429,4.0,1.5,0,3,29,150,25
gma-miR172j,166,175,4.058571428571429,4.0,1.5,0,3,29,150,25
lja-miR7520,166,175,4.087142857142857,4.0,2.0,0,2,20,163,12
aau-miR396,166,174,4.031609195402299,4.0,2.0,0,1,30,163,11
aly-miR396a-5p,166,174,4.031609195402299,4.0,2.0,0,1,30,163,11
amg-miR396,166,174,4.031609195402299,4.0,2.0,0,1,30,163,11
aqc-miR396a,166,174,4.031609195402299,4.0,2.0,0,1,30,163,11
ata-miR396e-5p,166,174,4.031609195402299,4.0,2.0,0,1,30,163,11
ath-miR396a-5p,166,174,4.031609195402299,4.0,2.0,0,1,30,163,11
bcy-miR396a,166,174,4.031609195402299,4.0,2.0,0,1,30,163,11
bdi-miR396c-5p,166,174,4.031609195402299,4.0,2.0,0,1,30,163,11
bdi-miR396d-5p,166,174,4.031609195402299,4.0,2.0,0,1,30,163,11
bgy-miR396a,166,174,4.031609195402299,4.0,2.0,0,1,30,163,11
cme-miR396b,166,174,4.031609195402299,4.0,2.0,0,1,30,163,11
cpa-miR396,166,174,4.031609195402299,4.0,2.0,0,1,30,163,11
csi-miR396a,166,174,4.031609195402299,4.0,2.0,0,1,30,163,11
csi-miR396b,166,174,4.031609195402299,4.0,2.0,0,1,30,163,11
dpr-miR396,166,174,4.031609195402299,4.0,2.0,0,1,30,163,11
ghr-miR396a,166,174,4.031609195402299,4.0,2.0,0,1,30,163,11
ghr-miR396b,166,174,4.031609195402299,4.0,2.0,0,1,30,163,11
gma-miR396a-5p,166,174,4.031609195402299,4.0,2.0,0,1,30,163,11
gma-miR396i-5p,166,174,4.031609195402299,4.0,2.0,0,1,30,163,11
hbr-miR396b,166,174,4.031609195402299,4.0,2.0,0,1,30,163,11
lja-miR396,166,174,4.031609195402299,4.0,2.0,0,1,30,163,11
mdm-miR396b,166,174,4.031609195402299,4.0,2.0,0,1,30,163,11
mes-miR396a,166,174,4.031609195402299,4.0,2.0,0,1,30,163,11
mes-miR396b,166,174,4.031609195402299,4.0,2.0,0,1,30,163,11
mtr-miR396b-5p,166,174,4.031609195402299,4.0,2.0,0,1,30,163,11
nta-miR396a,166,174,4.031609195402299,4.0,2.0,0,1,30,163,11
osa-miR396a-5p,166,174,4.031609195402299,4.0,2.0,0,1,30,163,11
osa-miR396b-5p,166,174,4.031609195402299,4.0,2.0,0,1,30,163,11
ptc-miR396a,166,174,4.031609195402299,4.0,2.0,0,1,30,163,11
ptc-miR396b,166,174,4.031609195402299,4.0,2.0,0,1,30,163,11
sbi-miR396a,166,174,4.031609195402299,4.0,2.0,0,1,30,163,11
sbi-miR396b,166,174,4.031609195402299,4.0,2.0,0,1,30,163,11
sbi-miR6232b-5p,166,174,4.037356321839081,4.0,2.0,0,2,24,123,51
sly-miR396a-5p,166,174,4.031609195402299,4.0,2.0,0,1,30,163,11
sof-miR396,166,174,4.031609195402299,4.0,2.0,0,1,30,163,11
ssl-miR396,166,174,4.031609195402299,4.0,2.0,0,1,30,163,11
ssp-miR396,166,174,4.031609195402299,4.0,2.0,0,1,30,163,11
tcc-miR396a,166,174,4.031609195402299,4.0,2.0,0,1,30,163,11
tcc-miR396b,166,174,4.031609195402299,4.0,2.0,0,1,30,163,11
vvi-miR396c,166,174,4.031609195402299,4.0,2.0,0,1,30,163,11
vvi-miR396d,166,174,4.031609195402299,4.0,2.0,0,1,30,163,11
zma-miR396a-5p,166,174,4.031609195402299,4.0,2.0,0,1,30,163,11
zma-miR396b-5p,166,174,4.031609195402299,4.0,2.0,0,1,30,163,11
bdi-miR395p-3p,166,172,4.183139534883721,4.5,0.0,2,3,17,156,16
mdm-miR396a,166,172,4.023255813953488,4.0,2.0,0,1,28,161,11
aly-miR169h-3p,166,171,4.2894736842105265,4.5,2.5,0,0,6,152,19
aly-miR169j-3p,166,170,4.208823529411765,4.5,2.5,0,0,12,143,27
aly-miR169k-3p,166,170,4.208823529411765,4.5,2.5,0,0,12,143,27
aly-miR169l-3p,166,170,4.208823529411765,4.5,2.5,0,0,12,143,27
mes-miR397,166,170,4.014705882352941,4.0,1.0,2,13,24,156,14
mtr-miR2643a,166,170,4.2823529411764705,4.5,2.0,0,2,6,150,20
mtr-miR2643b-3p,166,170,4.2823529411764705,4.5,2.0,0,2,6,150,20
osa-miR2105,166,169,4.455621301775148,4.5,2.0,0,1,7,115,54
nta-miR397,166,167,4.017964071856287,4.5,0.5,8,16,27,144,23
stu-miR8051-3p,165,196,4.405612244897959,4.5,2.5,0,0,10,146,50
gra-miR8722,165,185,4.078378378378378,4.0,2.5,0,0,26,120,65
sly-miR6024,165,182,3.853021978021978,4.0,2.0,0,9,39,144,38
gma-miR1510b-3p,165,177,4.076271186440678,4.5,1.5,0,9,28,111,66
gso-miR1510a,165,177,4.076271186440678,4.5,1.5,0,9,28,111,66
gso-miR1510b,165,177,4.076271186440678,4.5,1.5,0,9,28,111,66
zma-miR159g-3p,165,177,4.045197740112994,4.0,1.5,0,1,25,148,29
bdi-miR5185a-5p,165,176,3.9332386363636362,4.0,1.5,0,2,27,138,38
bdi-miR5185b-5p,165,176,3.9332386363636362,4.0,1.5,0,2,27,138,38
bdi-miR5185c-5p,165,176,3.9332386363636362,4.0,1.5,0,2,27,138,38
bdi-miR5185d-5p,165,176,3.9332386363636362,4.0,1.5,0,2,27,138,38
bdi-miR5185e-5p,165,176,3.9332386363636362,4.0,1.5,0,2,27,138,38
bdi-miR5185f-5p,165,176,3.9332386363636362,4.0,1.5,0,2,27,138,38
bdi-miR5185g-5p,165,176,3.9332386363636362,4.0,1.5,0,2,27,138,38
bdi-miR5185h-5p,165,176,3.9332386363636362,4.0,1.5,0,2,27,138,38
bdi-miR5185i-5p,165,176,3.9332386363636362,4.0,1.5,0,2,27,138,38
bdi-miR5185j-5p,165,176,3.9332386363636362,4.0,1.5,0,2,27,138,38
bdi-miR5185k-5p,165,176,3.9332386363636362,4.0,1.5,0,2,27,138,38
nta-miR6156,165,175,3.9971428571428573,4.0,2.0,0,2,21,161,14
sly-miR5302b-3p,165,175,4.12,4.0,2.0,0,2,19,122,53
mtr-miR5254,165,173,4.289017341040463,4.5,2.0,0,1,13,141,32
osa-miR2866,165,173,4.271676300578035,4.5,2.5,0,0,11,124,49
zma-miR482-5p,165,171,4.2631578947368425,4.5,2.5,0,0,9,148,23
nta-miR6020a-5p,165,170,4.176470588235294,4.0,2.5,0,0,16,129,41
hvu-miR6180,165,168,4.446428571428571,4.5,2.0,0,1,1,143,25
mtr-miR2616,164,444,4.596846846846847,5.0,2.5,0,0,12,158,286
osa-miR5075,164,214,4.075934579439252,4.0,2.0,0,8,32,189,25
bdi-miR319a,164,184,4.005434782608695,4.0,1.5,0,3,25,174,10
zma-miR2275d-3p,164,179,4.016759776536313,4.0,1.5,0,2,32,156,23
gma-miR4993,164,175,4.118571428571428,4.5,0.5,1,3,22,147,28
ata-miR2275a-3p,164,173,3.88728323699422,4.0,0.5,1,4,35,154,19
aly-miR161-3p.1,164,172,4.625,5.0,2.5,0,0,3,152,20
bra-miR172d-5p,164,172,4.116279069767442,4.0,2.0,0,1,20,150,22
ppt-miR1052,164,172,4.223837209302325,4.0,2.5,0,0,14,161,11
aly-miR165b-5p,164,169,4.328402366863905,4.5,2.0,0,1,9,154,15
aly-miR397a-5p,164,168,3.9523809523809526,4.0,0.5,5,14,27,132,36
aly-miR397b-5p,164,168,3.9523809523809526,4.0,0.5,5,14,27,132,36
aly-miR4244,164,168,4.151785714285714,4.0,2.0,0,1,16,126,42
ath-miR397a,164,168,3.9523809523809526,4.0,0.5,5,14,27,132,36
bdi-miR397a,164,168,3.9523809523809526,4.0,0.5,5,14,27,132,36
cme-miR397,164,168,3.9523809523809526,4.0,0.5,5,14,27,132,36
csi-miR397,164,168,3.9523809523809526,4.0,0.5,5,14,27,132,36
gma-miR397a,164,168,3.9523809523809526,4.0,0.5,5,14,27,132,36
gma-miR397b-5p,164,168,3.9523809523809526,4.0,0.5,5,14,27,132,36
mtr-miR397-5p,164,168,3.9523809523809526,4.0,0.5,5,14,27,132,36
osa-miR397a,164,168,3.9523809523809526,4.0,0.5,5,14,27,132,36
ptc-miR397a,164,168,3.9523809523809526,4.0,0.5,5,14,27,132,36
rco-miR397,164,168,3.9523809523809526,4.0,0.5,5,14,27,132,36
sbi-miR397-5p,164,168,3.9523809523809526,4.0,0.5,5,14,27,132,36
ssl-miR397,164,168,3.9523809523809526,4.0,0.5,5,14,27,132,36
tcc-miR397,164,168,3.9523809523809526,4.0,0.5,5,14,27,132,36
vvi-miR397a,164,168,3.9523809523809526,4.0,0.5,5,14,27,132,36
aly-miR158a-5p,164,167,4.11377245508982,4.0,2.0,0,1,16,123,44
ath-miR158a-5p,164,167,4.11377245508982,4.0,2.0,0,1,16,123,44
osa-miR1862e,163,250,4.402,4.5,2.0,0,1,11,121,129
hme-miR-14,163,203,4.0073891625615765,4.0,1.5,0,5,33,194,9
lja-miR7531,163,179,4.148044692737431,4.0,2.0,0,1,16,172,7
lja-miR7541,163,178,4.14185393258427,4.0,2.5,0,0,23,163,15
sbi-miR6218-3p,163,176,4.340909090909091,4.5,2.5,0,0,6,143,33
ptc-miR1446a,163,174,4.19683908045977,4.5,2.0,0,1,15,144,30
ptc-miR1446b,163,174,4.19683908045977,4.5,2.0,0,1,15,144,30
ptc-miR1446c,163,174,4.19683908045977,4.5,2.0,0,1,15,144,30
ptc-miR1446d,163,174,4.19683908045977,4.5,2.0,0,1,15,144,30
ptc-miR1446e,163,174,4.19683908045977,4.5,2.0,0,1,15,144,30
aly-miR835-5p,163,173,4.086705202312139,4.0,1.5,0,3,21,121,52
osa-miR1435,163,173,4.234104046242774,4.5,2.0,0,2,8,143,30
sbi-miR1435a,163,173,4.222543352601156,4.5,2.0,0,2,9,141,32
ath-miR835-5p,163,172,4.078488372093023,4.0,1.5,0,3,21,120,52
mes-miR1446,163,172,4.193313953488372,4.5,2.0,0,1,15,143,29
mtr-miR2634,163,171,4.093567251461988,4.0,1.5,0,2,16,141,30
bdi-miR5185m-5p,163,170,4.173529411764706,4.0,1.5,0,3,18,136,34
gma-miR396h,163,170,3.9573529411764707,4.0,2.0,0,3,24,158,12
pta-miR482c,163,170,4.127941176470588,4.0,2.5,0,0,15,144,26
ata-miR5168-5p,163,168,4.252976190476191,4.5,3.0,0,0,10,144,24
bdi-miR7741-5p.1,163,168,4.163690476190476,4.0,2.0,0,1,15,132,36
bdi-miR7777-3p.2,163,167,4.31437125748503,4.5,2.5,0,0,11,124,43
gma-miR396a-3p,163,167,4.341317365269461,4.5,1.5,0,2,13,120,47
gma-miR862b,163,166,4.3147590361445785,4.5,2.0,0,1,8,143,23
hvu-miR6189,163,166,4.36144578313253,4.5,3.0,0,0,3,140,26
ssl-miR948,163,166,4.427710843373494,4.5,3.0,0,0,4,131,35
cca-miR395a,163,165,4.196969696969697,4.5,1.0,1,3,14,148,17
ath-miR5013,162,194,4.452319587628866,4.5,2.5,0,0,8,178,16
gra-miR8782,162,181,4.074585635359116,4.0,2.0,0,2,20,153,28
aly-miR396b-5p,162,173,4.03757225433526,4.0,2.0,0,1,29,163,10
aqc-miR396b,162,173,4.03757225433526,4.0,2.0,0,1,29,163,10
ata-miR396c-5p,162,173,4.03757225433526,4.0,2.0,0,1,29,163,10
ath-miR396b-5p,162,173,4.03757225433526,4.0,2.0,0,1,29,163,10
bcy-miR396b,162,173,4.03757225433526,4.0,2.0,0,1,29,163,10
bdi-miR396e-5p,162,173,4.03757225433526,4.0,2.0,0,1,29,163,10
bgy-miR396b,162,173,4.03757225433526,4.0,2.0,0,1,29,163,10
bna-miR396a,162,173,4.03757225433526,4.0,2.0,0,1,29,163,10
bra-miR396-5p,162,173,4.03757225433526,4.0,2.0,0,1,29,163,10
cca-miR396a-5p,162,173,4.03757225433526,4.0,2.0,0,1,29,163,10
ccl-miR396,162,173,4.03757225433526,4.0,2.0,0,1,29,163,10
cme-miR396a,162,173,4.03757225433526,4.0,2.0,0,1,29,163,10
cme-miR396c,162,173,4.03757225433526,4.0,2.0,0,1,29,163,10
cme-miR396d,162,173,4.03757225433526,4.0,2.0,0,1,29,163,10
gma-miR396b-5p,162,173,4.03757225433526,4.0,2.0,0,1,29,163,10
gma-miR396c,162,173,4.03757225433526,4.0,2.0,0,1,29,163,10
gma-miR396k-5p,162,173,4.03757225433526,4.0,2.0,0,1,29,163,10
mdm-miR396c,162,173,4.03757225433526,4.0,2.0,0,1,29,163,10
mdm-miR396d,162,173,4.03757225433526,4.0,2.0,0,1,29,163,10
mdm-miR396e,162,173,4.03757225433526,4.0,2.0,0,1,29,163,10
mes-miR396c,162,173,4.03757225433526,4.0,2.0,0,1,29,163,10
mes-miR396d,162,173,4.03757225433526,4.0,2.0,0,1,29,163,10
mes-miR396e,162,173,4.03757225433526,4.0,2.0,0,1,29,163,10
mes-miR396f,162,173,4.03757225433526,4.0,2.0,0,1,29,163,10
mtr-miR172c-5p,162,173,4.078034682080925,4.0,1.5,0,1,21,148,25
mtr-miR396a-5p,162,173,4.03757225433526,4.0,2.0,0,1,29,163,10
nta-miR396b,162,173,4.03757225433526,4.0,2.0,0,1,29,163,10
nta-miR396c,162,173,4.03757225433526,4.0,2.0,0,1,29,163,10
osa-miR396c-5p,162,173,4.03757225433526,4.0,2.0,0,1,29,163,10
pta-miR396,162,173,4.03757225433526,4.0,2.0,0,1,29,163,10
ptc-miR396c,162,173,4.03757225433526,4.0,2.0,0,1,29,163,10
ptc-miR396d,162,173,4.03757225433526,4.0,2.0,0,1,29,163,10
ptc-miR396e-5p,162,173,4.03757225433526,4.0,2.0,0,1,29,163,10
rco-miR396,162,173,4.03757225433526,4.0,2.0,0,1,29,163,10
sbi-miR396c,162,173,4.03757225433526,4.0,2.0,0,1,29,163,10
sly-miR396b,162,173,4.03757225433526,4.0,2.0,0,1,29,163,10
stu-miR396-5p,162,173,4.03757225433526,4.0,2.0,0,1,29,163,10
tcc-miR396c,162,173,4.03757225433526,4.0,2.0,0,1,29,163,10
tcc-miR396e,162,173,4.03757225433526,4.0,2.0,0,1,29,163,10
zma-miR396e-5p,162,173,4.03757225433526,4.0,2.0,0,1,29,163,10
zma-miR396f-5p,162,173,4.03757225433526,4.0,2.0,0,1,29,163,10
ata-miR395a-3p,162,172,4.223837209302325,4.5,0.5,3,3,9,156,16
ata-miR395c-3p,162,172,4.223837209302325,4.5,0.5,3,3,9,156,16
ata-miR395d-3p,162,172,4.223837209302325,4.5,0.5,3,3,9,156,16
ata-miR395e-3p,162,172,4.223837209302325,4.5,0.5,3,3,9,156,16
ata-miR395f-3p,162,172,4.223837209302325,4.5,0.5,3,3,9,156,16
bdi-miR395a,162,172,4.223837209302325,4.5,0.5,3,3,9,156,16
bdi-miR395b,162,172,4.223837209302325,4.5,0.5,3,3,9,156,16
bdi-miR395c-3p,162,172,4.223837209302325,4.5,0.5,3,3,9,156,16
bdi-miR395e-3p,162,172,4.223837209302325,4.5,0.5,3,3,9,156,16
bdi-miR395f-3p,162,172,4.223837209302325,4.5,0.5,3,3,9,156,16
bdi-miR395g-3p,162,172,4.223837209302325,4.5,0.5,3,3,9,156,16
bdi-miR395h-3p,162,172,4.223837209302325,4.5,0.5,3,3,9,156,16
bdi-miR395j-3p,162,172,4.223837209302325,4.5,0.5,3,3,9,156,16
bdi-miR395k-3p,162,172,4.223837209302325,4.5,0.5,3,3,9,156,16
bdi-miR395l-3p,162,172,4.223837209302325,4.5,0.5,3,3,9,156,16
bdi-miR395m,162,172,4.223837209302325,4.5,0.5,3,3,9,156,16
bdi-miR395n-3p,162,172,4.223837209302325,4.5,0.5,3,3,9,156,16
bdi-miR395o-3p,162,172,4.223837209302325,4.5,0.5,3,3,9,156,16
bdi-miR395q,162,172,4.223837209302325,4.5,0.5,3,3,9,156,16
cme-miR854,162,172,4.162790697674419,4.5,2.0,0,1,21,118,54
cpa-miR395a,162,172,4.223837209302325,4.5,0.5,3,3,9,156,16
cpa-miR395b,162,172,4.223837209302325,4.5,0.5,3,3,9,156,16
cpa-miR395c,162,172,4.223837209302325,4.5,0.5,3,3,9,156,16
cpa-miR395d,162,172,4.223837209302325,4.5,0.5,3,3,9,156,16
cpa-miR395e,162,172,4.223837209302325,4.5,0.5,3,3,9,156,16
tae-miR395b,162,172,4.223837209302325,4.5,0.5,3,3,9,156,16
ath-miR829-5p,162,171,4.184210526315789,4.0,1.0,1,2,13,140,31
bdi-miR7753-5p,162,171,3.93859649122807,4.0,1.5,0,2,27,147,24
mtr-miR5562-5p,162,171,4.309941520467836,4.5,2.5,0,0,8,149,22
gma-miR530a,162,169,4.186390532544379,4.5,1.0,2,6,16,104,65
gma-miR9742,162,169,4.109467455621302,4.0,2.0,0,1,28,135,34
ppt-miR893,162,169,4.375739644970414,4.5,1.5,0,3,8,131,38
gma-miR1535b,162,168,4.215773809523809,4.5,2.5,0,0,12,154,14
gra-miR7502f,162,168,4.107142857142857,4.0,1.5,0,2,17,140,28
osa-miR2055,162,168,4.217261904761905,4.5,2.0,0,2,17,147,21
osa-miR815a,162,167,4.139221556886228,4.0,2.5,0,0,14,155,12
osa-miR815b,162,167,4.139221556886228,4.0,2.5,0,0,14,155,12
osa-miR815c,162,167,4.139221556886228,4.0,2.5,0,0,14,155,12
gma-miR172g,162,166,4.045180722891566,4.0,2.5,0,0,21,133,33
osa-miR172d-5p,162,166,4.045180722891566,4.0,2.5,0,0,21,133,33
sly-miR397,162,163,3.98159509202454,4.5,0.5,8,16,27,137,26
ddi-miR-7095-5p,161,183,4.278688524590164,4.5,2.0,0,2,14,128,55
zma-miR159e-5p,161,176,4.082386363636363,4.0,1.5,0,3,21,140,36
mes-miR2275,161,175,4.057142857142857,4.0,1.0,3,4,23,144,31
pab-miR396a,161,170,3.985294117647059,4.0,2.0,0,1,29,160,10
vvi-miR396a,161,170,3.985294117647059,4.0,2.0,0,1,29,160,10
gma-miR9725,161,169,4.118343195266272,4.0,2.5,0,0,17,148,21
ppt-miR1075,161,169,4.229289940828402,4.5,2.0,0,1,11,122,47
aly-miR395d-3p,161,168,4.279761904761905,4.5,1.5,0,3,8,155,13
aly-miR395e-3p,161,168,4.279761904761905,4.5,1.5,0,3,8,155,13
aly-miR395g-3p,161,168,4.279761904761905,4.5,1.5,0,3,8,155,13
ath-miR395a,161,168,4.279761904761905,4.5,1.5,0,3,8,155,13
ath-miR395d,161,168,4.279761904761905,4.5,1.5,0,3,8,155,13
ath-miR395e,161,168,4.279761904761905,4.5,1.5,0,3,8,155,13
bna-miR395a,161,168,4.279761904761905,4.5,1.5,0,3,8,155,13
bna-miR395b,161,168,4.279761904761905,4.5,1.5,0,3,8,155,13
bna-miR395c,161,168,4.279761904761905,4.5,1.5,0,3,8,155,13
bra-miR395a-3p,161,168,4.279761904761905,4.5,1.5,0,3,8,155,13
bra-miR395b-3p,161,168,4.279761904761905,4.5,1.5,0,3,8,155,13
bra-miR395c-3p,161,168,4.279761904761905,4.5,1.5,0,3,8,155,13
bra-miR395d-3p,161,168,4.279761904761905,4.5,1.5,0,3,8,155,13
cme-miR395a,161,168,4.279761904761905,4.5,1.5,0,3,8,155,13
cme-miR395d,161,168,4.279761904761905,4.5,1.5,0,3,8,155,13
cme-miR395e,161,168,4.279761904761905,4.5,1.5,0,3,8,155,13
cme-miR395f,161,168,4.279761904761905,4.5,1.5,0,3,8,155,13
csi-miR395,161,168,4.279761904761905,4.5,1.5,0,3,8,155,13
gma-miR395a,161,168,4.279761904761905,4.5,1.5,0,3,8,155,13
gma-miR395b,161,168,4.279761904761905,4.5,1.5,0,3,8,155,13
gma-miR395c,161,168,4.279761904761905,4.5,1.5,0,3,8,155,13
mdm-miR395a,161,168,4.279761904761905,4.5,1.5,0,3,8,155,13
mdm-miR395b,161,168,4.279761904761905,4.5,1.5,0,3,8,155,13
mdm-miR395c,161,168,4.279761904761905,4.5,1.5,0,3,8,155,13
mdm-miR395d,161,168,4.279761904761905,4.5,1.5,0,3,8,155,13
mdm-miR395e,161,168,4.279761904761905,4.5,1.5,0,3,8,155,13
mdm-miR395f,161,168,4.279761904761905,4.5,1.5,0,3,8,155,13
mdm-miR395g,161,168,4.279761904761905,4.5,1.5,0,3,8,155,13
mdm-miR395h,161,168,4.279761904761905,4.5,1.5,0,3,8,155,13
mdm-miR395i,161,168,4.279761904761905,4.5,1.5,0,3,8,155,13
mes-miR395a,161,168,4.279761904761905,4.5,1.5,0,3,8,155,13
mes-miR395b,161,168,4.279761904761905,4.5,1.5,0,3,8,155,13
mes-miR395c,161,168,4.279761904761905,4.5,1.5,0,3,8,155,13
mes-miR395d,161,168,4.279761904761905,4.5,1.5,0,3,8,155,13
nta-miR395a,161,168,4.279761904761905,4.5,1.5,0,3,8,155,13
nta-miR395b,161,168,4.279761904761905,4.5,1.5,0,3,8,155,13
nta-miR395c,161,168,4.279761904761905,4.5,1.5,0,3,8,155,13
ptc-miR395b,161,168,4.279761904761905,4.5,1.5,0,3,8,155,13
ptc-miR395c,161,168,4.279761904761905,4.5,1.5,0,3,8,155,13
ptc-miR395d,161,168,4.279761904761905,4.5,1.5,0,3,8,155,13
ptc-miR395e,161,168,4.279761904761905,4.5,1.5,0,3,8,155,13
ptc-miR395f,161,168,4.279761904761905,4.5,1.5,0,3,8,155,13
ptc-miR395g,161,168,4.279761904761905,4.5,1.5,0,3,8,155,13
ptc-miR395h,161,168,4.279761904761905,4.5,1.5,0,3,8,155,13
ptc-miR395i,161,168,4.279761904761905,4.5,1.5,0,3,8,155,13
ptc-miR395j,161,168,4.279761904761905,4.5,1.5,0,3,8,155,13
ptc-miR395k,161,168,4.279761904761905,4.5,1.5,0,3,8,155,13
rco-miR395a,161,168,4.279761904761905,4.5,1.5,0,3,8,155,13
rco-miR395b,161,168,4.279761904761905,4.5,1.5,0,3,8,155,13
rco-miR395c,161,168,4.279761904761905,4.5,1.5,0,3,8,155,13
rco-miR395d,161,168,4.279761904761905,4.5,1.5,0,3,8,155,13
rco-miR395e,161,168,4.279761904761905,4.5,1.5,0,3,8,155,13
stu-miR395a,161,168,4.279761904761905,4.5,1.5,0,3,8,155,13
stu-miR395b,161,168,4.279761904761905,4.5,1.5,0,3,8,155,13
stu-miR395c,161,168,4.279761904761905,4.5,1.5,0,3,8,155,13
stu-miR395d,161,168,4.279761904761905,4.5,1.5,0,3,8,155,13
stu-miR395e,161,168,4.279761904761905,4.5,1.5,0,3,8,155,13
stu-miR395f,161,168,4.279761904761905,4.5,1.5,0,3,8,155,13
stu-miR395g,161,168,4.279761904761905,4.5,1.5,0,3,8,155,13
stu-miR395h,161,168,4.279761904761905,4.5,1.5,0,3,8,155,13
stu-miR395i,161,168,4.279761904761905,4.5,1.5,0,3,8,155,13
stu-miR395j,161,168,4.279761904761905,4.5,1.5,0,3,8,155,13
tcc-miR395a,161,168,4.279761904761905,4.5,1.5,0,3,8,155,13
tcc-miR395b,161,168,4.279761904761905,4.5,1.5,0,3,8,155,13
vun-miR395,161,168,4.279761904761905,4.5,1.5,0,3,8,155,13
vvi-miR395a,161,168,4.279761904761905,4.5,1.5,0,3,8,155,13
vvi-miR395b,161,168,4.279761904761905,4.5,1.5,0,3,8,155,13
vvi-miR395c,161,168,4.279761904761905,4.5,1.5,0,3,8,155,13
vvi-miR395d,161,168,4.279761904761905,4.5,1.5,0,3,8,155,13
vvi-miR395e,161,168,4.279761904761905,4.5,1.5,0,3,8,155,13
vvi-miR395f,161,168,4.279761904761905,4.5,1.5,0,3,8,155,13
vvi-miR395g,161,168,4.279761904761905,4.5,1.5,0,3,8,155,13
vvi-miR395h,161,168,4.279761904761905,4.5,1.5,0,3,8,155,13
vvi-miR395i,161,168,4.279761904761905,4.5,1.5,0,3,8,155,13
vvi-miR395j,161,168,4.279761904761905,4.5,1.5,0,3,8,155,13
vvi-miR395k,161,168,4.279761904761905,4.5,1.5,0,3,8,155,13
vvi-miR395l,161,168,4.279761904761905,4.5,1.5,0,3,8,155,13
vvi-miR395m,161,168,4.279761904761905,4.5,1.5,0,3,8,155,13
gma-miR166i-5p,161,167,4.479041916167665,4.5,2.5,0,0,4,144,23
tcc-miR530a,161,165,4.206060606060606,4.5,0.5,3,6,13,106,59
zma-miR827-5p,161,165,4.21969696969697,4.5,2.0,0,1,6,138,27
gma-miR394a-3p,161,163,4.42638036809816,4.5,3.0,0,0,5,130,33
ptc-miR530b,161,163,4.08282208588957,4.0,1.0,2,7,15,95,68
ppt-miR902h-5p,161,161,4.270186335403727,4.5,2.5,0,0,6,134,27
ppt-miR902i-5p,161,161,4.270186335403727,4.5,2.5,0,0,6,134,27
osa-miR1854-5p,160,183,4.296448087431694,4.5,2.0,0,2,16,166,17
ath-miR5012,160,172,4.090116279069767,4.0,1.5,0,2,16,139,33
ath-miR5016,160,168,4.130952380952381,4.0,2.0,0,2,20,134,34
osa-miR1858a,160,168,4.2648809523809526,4.25,2.5,0,0,7,66,102
osa-miR1858b,160,168,4.2648809523809526,4.25,2.5,0,0,7,66,102
ppt-miR1222a,160,168,4.199404761904762,4.5,2.5,0,0,14,151,17
gma-miR169j-3p,160,167,4.3293413173652695,4.5,3.0,0,0,4,128,39
stu-miR827-5p,160,167,4.212574850299402,4.5,2.5,0,0,16,138,29
osa-miR1850.1,160,166,4.280120481927711,4.5,0.5,1,3,14,153,13
ahy-miR159,160,165,4.224242424242425,4.5,0.5,4,7,13,130,35
aly-miR159a-3p,160,165,4.224242424242425,4.5,0.5,4,7,13,130,35
ath-miR159a,160,165,4.224242424242425,4.5,0.5,4,7,13,130,35
bna-miR159,160,165,4.224242424242425,4.5,0.5,4,7,13,130,35
bra-miR159a,160,165,4.224242424242425,4.5,0.5,4,7,13,130,35
cme-miR159a,160,165,4.224242424242425,4.5,0.5,4,7,13,130,35
cpa-miR159a,160,165,4.224242424242425,4.5,0.5,4,7,13,130,35
csi-miR159,160,165,4.224242424242425,4.5,0.5,4,7,13,130,35
gma-miR159a-3p,160,165,4.224242424242425,4.5,0.5,4,7,13,130,35
gma-miR159e-3p,160,165,4.224242424242425,4.5,0.5,4,7,13,130,35
hbr-miR159a,160,165,4.224242424242425,4.5,0.5,4,7,13,130,35
htu-miR159a,160,165,4.224242424242425,4.5,0.5,4,7,13,130,35
mes-miR159a,160,165,4.224242424242425,4.5,0.5,4,7,13,130,35
mes-miR159b,160,165,4.224242424242425,4.5,0.5,4,7,13,130,35
mtr-miR159a,160,165,4.224242424242425,4.5,0.5,4,7,13,130,35
nta-miR159,160,165,4.224242424242425,4.5,0.5,4,7,13,130,35
ptc-miR159a,160,165,4.224242424242425,4.5,0.5,4,7,13,130,35
ptc-miR159b,160,165,4.224242424242425,4.5,0.5,4,7,13,130,35
pvu-miR159a.1,160,165,4.224242424242425,4.5,0.5,4,7,13,130,35
rco-miR159,160,165,4.224242424242425,4.5,0.5,4,7,13,130,35
sly-miR159,160,165,4.224242424242425,4.5,0.5,4,7,13,130,35
vvi-miR159c,160,165,4.224242424242425,4.5,0.5,4,7,13,130,35
ata-miR396b-3p,160,164,4.246951219512195,4.5,2.5,0,0,5,127,37
mtr-miR5204,160,164,4.173780487804878,4.5,2.5,0,0,14,147,17
osa-miR3979-3p,160,164,4.1814024390243905,4.0,1.5,0,1,13,144,20
osa-miR5827,160,164,4.254573170731708,4.5,1.5,0,1,7,141,23
cme-miR396e,160,163,4.1503067484662575,4.0,2.0,0,1,17,154,9
mdm-miR396f,160,163,4.1503067484662575,4.0,2.0,0,1,17,154,9
mdm-miR396g,160,163,4.1503067484662575,4.0,2.0,0,1,17,154,9
ptc-miR396f,160,163,4.1503067484662575,4.0,2.0,0,1,17,154,9
mtr-miR5266,160,162,4.561728395061729,4.5,2.0,0,1,3,135,27
osa-miR2275d,159,175,3.9985714285714287,4.0,1.0,1,3,31,155,20
gma-miR1514b-5p,159,171,4.2105263157894735,4.5,2.0,0,1,11,138,33
ath-miR413,159,169,4.088757396449704,4.0,2.0,0,1,20,138,31
sbi-miR1435b,159,168,4.336309523809524,4.5,2.5,0,0,8,130,38
aly-miR3445-5p.2,159,167,4.520958083832335,4.5,3.0,0,0,3,133,34
ath-miR773a,159,167,4.104790419161676,4.0,2.5,0,0,16,141,26
aly-miR774b-5p,159,165,4.115151515151515,4.0,2.0,0,4,18,133,32
vvi-miR477b-3p,159,165,4.245454545454545,4.5,2.5,0,0,11,160,5
bdi-miR159c,159,164,4.201219512195122,4.5,2.5,0,0,11,136,28
bdi-miR2275b,159,164,4.096036585365853,4.0,2.5,0,0,17,151,13
gra-miR8718,159,164,4.222560975609756,4.25,2.5,0,0,8,131,33
gra-miR8746,159,164,4.245426829268292,4.5,1.5,0,2,8,142,22
osa-miR2864.2,159,163,4.263803680981595,4.5,2.0,0,2,10,131,32
hvu-miR6202,159,162,4.2407407407407405,4.5,2.5,0,0,7,113,49
mtr-miR2642,159,162,4.058641975308642,4.0,1.0,2,2,19,131,31
zma-miR172c-5p,159,162,4.327160493827161,4.5,1.5,0,1,11,147,15
aqc-miR530,159,161,4.049689440993789,4.0,1.0,2,7,15,101,60
bdi-miR159a-3p,159,161,4.295031055900621,4.5,1.5,0,4,11,127,34
gra-miR7494d,159,161,4.437888198757764,4.5,2.5,0,0,6,143,18
ppt-miR395,159,161,4.419254658385094,4.5,1.0,1,1,6,143,18
gma-miR9726,158,167,4.158682634730539,4.5,1.5,0,1,25,132,35
smo-miR1097,158,167,4.023952095808383,4.0,1.5,0,2,25,150,17
aly-miR172d-5p,158,165,4.053030303030303,4.0,1.5,0,3,19,143,22
ath-miR172d-5p,158,165,4.053030303030303,4.0,1.5,0,3,19,143,22
pab-miR3709a,158,165,4.33939393939394,4.5,2.0,0,1,14,151,14
aly-miR3445-3p.1,158,164,4.204268292682927,4.0,2.5,0,0,16,133,31
zma-miR159h-3p,158,164,4.182926829268292,4.5,1.0,1,5,17,138,26
zma-miR159i-3p,158,164,4.182926829268292,4.5,1.0,1,5,17,138,26
mtr-miR2597,158,163,4.242331288343558,4.5,2.5,0,0,10,146,17
osa-miR166l-5p,158,163,4.2392638036809815,4.5,2.5,0,0,9,133,30
osa-miR3979-5p,158,163,4.374233128834356,4.5,3.0,0,0,6,123,40
zma-miR395k-3p,158,162,4.253086419753086,4.5,2.5,0,0,9,139,23
dpr-miR397,158,161,4.077639751552795,4.5,1.5,0,5,23,134,27
gma-miR5677,158,161,4.307453416149069,4.5,2.0,0,1,9,90,71
ptc-miR397b,158,161,4.077639751552795,4.5,1.5,0,5,23,134,27
aly-miR165a-5p,158,160,4.359375,4.5,1.5,0,1,8,138,22
ata-miR171a-5p,158,160,4.428125,4.5,1.5,0,1,7,149,11
ppt-miR319d-5p.1,158,159,4.283018867924528,4.5,2.5,0,0,9,127,32
ath-miR847,157,178,3.889044943820225,4.0,2.0,0,1,35,163,15
ptc-miR6457b,157,167,4.161676646706587,4.5,2.0,0,1,15,146,21
aly-miR166g-5p,157,165,4.345454545454546,4.5,2.5,0,0,5,137,28
gma-miR166h-5p,157,165,4.345454545454546,4.5,2.5,0,0,5,137,28
gma-miR166j-5p,157,165,4.345454545454546,4.5,2.5,0,0,5,137,28
stu-miR166c-5p,157,165,4.345454545454546,4.5,2.5,0,0,5,137,28
mtr-miR2630a,157,164,4.1692073170731705,4.5,2.0,0,1,17,126,38
mtr-miR2630b,157,164,4.1692073170731705,4.5,2.0,0,1,17,126,38
mtr-miR2630c,157,164,4.1692073170731705,4.5,2.0,0,1,17,126,38
mtr-miR2630d,157,164,4.1692073170731705,4.5,2.0,0,1,17,126,38
mtr-miR2630e,157,164,4.1692073170731705,4.5,2.0,0,1,17,126,38
mtr-miR2630f,157,164,4.1692073170731705,4.5,2.0,0,1,17,126,38
mtr-miR2630g,157,164,4.1692073170731705,4.5,2.0,0,1,17,126,38
mtr-miR2630h,157,164,4.1692073170731705,4.5,2.0,0,1,17,126,38
mtr-miR2630i,157,164,4.1692073170731705,4.5,2.0,0,1,17,126,38
mtr-miR2630j,157,164,4.1692073170731705,4.5,2.0,0,1,17,126,38
mtr-miR2630k,157,164,4.1692073170731705,4.5,2.0,0,1,17,126,38
mtr-miR2630l,157,164,4.1692073170731705,4.5,2.0,0,1,17,126,38
mtr-miR2630m,157,164,4.1692073170731705,4.5,2.0,0,1,17,126,38
mtr-miR2630n,157,164,4.1692073170731705,4.5,2.0,0,1,17,126,38
mtr-miR2630o,157,164,4.1692073170731705,4.5,2.0,0,1,17,126,38
mtr-miR2630p,157,164,4.1692073170731705,4.5,2.0,0,1,17,126,38
mtr-miR2630q,157,164,4.1692073170731705,4.5,2.0,0,1,17,126,38
mtr-miR2630r,157,164,4.1692073170731705,4.5,2.0,0,1,17,126,38
mtr-miR2630s,157,164,4.1692073170731705,4.5,2.0,0,1,17,126,38
mtr-miR2630t,157,164,4.1692073170731705,4.5,2.0,0,1,17,126,38
mtr-miR2630u,157,164,4.1692073170731705,4.5,2.0,0,1,17,126,38
mtr-miR2630v,157,164,4.1692073170731705,4.5,2.0,0,1,17,126,38
mtr-miR2630w,157,164,4.1692073170731705,4.5,2.0,0,1,17,126,38
mtr-miR2630x,157,164,4.1692073170731705,4.5,2.0,0,1,17,126,38
mtr-miR2630y,157,164,4.1692073170731705,4.5,2.0,0,1,17,126,38
aly-miR172a-5p,157,162,4.185185185185185,4.5,2.0,0,1,18,146,16
mtr-miR5558-3p,157,162,4.20679012345679,4.5,1.5,0,2,17,117,45
pde-miR159,157,162,4.157407407407407,4.5,2.0,0,5,17,128,34
bdi-miR7776-5p.1,157,161,4.416149068322981,4.5,3.0,0,0,5,150,11
ahy-miR394,157,158,4.4145569620253164,4.5,1.5,0,1,10,118,40
aly-miR394a-5p,157,158,4.4145569620253164,4.5,1.5,0,1,10,118,40
aly-miR394b-5p,157,158,4.4145569620253164,4.5,1.5,0,1,10,118,40
ata-miR394-5p,157,158,4.4145569620253164,4.5,1.5,0,1,10,118,40
ath-miR394a,157,158,4.4145569620253164,4.5,1.5,0,1,10,118,40
ath-miR394b-5p,157,158,4.4145569620253164,4.5,1.5,0,1,10,118,40
bdi-miR394,157,158,4.4145569620253164,4.5,1.5,0,1,10,118,40
bna-miR394a,157,158,4.4145569620253164,4.5,1.5,0,1,10,118,40
bna-miR394b,157,158,4.4145569620253164,4.5,1.5,0,1,10,118,40
cca-miR394,157,158,4.4145569620253164,4.5,1.5,0,1,10,118,40
cme-miR394a,157,158,4.4145569620253164,4.5,1.5,0,1,10,118,40
cme-miR394b,157,158,4.4145569620253164,4.5,1.5,0,1,10,118,40
cpa-miR394a,157,158,4.4145569620253164,4.5,1.5,0,1,10,118,40
cpa-miR394b,157,158,4.4145569620253164,4.5,1.5,0,1,10,118,40
csi-miR394,157,158,4.4145569620253164,4.5,1.5,0,1,10,118,40
ghr-miR394a,157,158,4.4145569620253164,4.5,1.5,0,1,10,118,40
ghr-miR394b,157,158,4.4145569620253164,4.5,1.5,0,1,10,118,40
gma-miR394a-5p,157,158,4.4145569620253164,4.5,1.5,0,1,10,118,40
gma-miR394b-5p,157,158,4.4145569620253164,4.5,1.5,0,1,10,118,40
gma-miR394c-5p,157,158,4.4145569620253164,4.5,1.5,0,1,10,118,40
gma-miR394d,157,158,4.4145569620253164,4.5,1.5,0,1,10,118,40
gma-miR394e,157,158,4.4145569620253164,4.5,1.5,0,1,10,118,40
gma-miR394f,157,158,4.4145569620253164,4.5,1.5,0,1,10,118,40
gma-miR394g,157,158,4.4145569620253164,4.5,1.5,0,1,10,118,40
mdm-miR394a,157,158,4.4145569620253164,4.5,1.5,0,1,10,118,40
mdm-miR394b,157,158,4.4145569620253164,4.5,1.5,0,1,10,118,40
mes-miR394a,157,158,4.4145569620253164,4.5,1.5,0,1,10,118,40
mes-miR394b,157,158,4.4145569620253164,4.5,1.5,0,1,10,118,40
nta-miR394,157,158,4.4145569620253164,4.5,1.5,0,1,10,118,40
osa-miR394,157,158,4.4145569620253164,4.5,1.5,0,1,10,118,40
ptc-miR394a-5p,157,158,4.4145569620253164,4.5,1.5,0,1,10,118,40
ptc-miR394b-5p,157,158,4.4145569620253164,4.5,1.5,0,1,10,118,40
sbi-miR394a,157,158,4.4145569620253164,4.5,1.5,0,1,10,118,40
sbi-miR394b,157,158,4.4145569620253164,4.5,1.5,0,1,10,118,40
sly-miR394-5p,157,158,4.4145569620253164,4.5,1.5,0,1,10,118,40
ssl-miR394,157,158,4.4145569620253164,4.5,1.5,0,1,10,118,40
stu-miR384-5p,157,158,4.4145569620253164,4.5,1.5,0,1,10,118,40
tcc-miR394a,157,158,4.4145569620253164,4.5,1.5,0,1,10,118,40
tcc-miR394b,157,158,4.4145569620253164,4.5,1.5,0,1,10,118,40
vvi-miR394b,157,158,4.4145569620253164,4.5,1.5,0,1,10,118,40
zma-miR394a-5p,157,158,4.4145569620253164,4.5,1.5,0,1,10,118,40
zma-miR394b-5p,157,158,4.4145569620253164,4.5,1.5,0,1,10,118,40
gra-miR8785,156,173,4.161849710982659,4.5,2.0,0,1,15,151,22
ath-miR5650,156,172,4.223837209302325,4.0,2.5,0,0,13,140,32
ppt-miR1074,156,165,4.3969696969696965,4.5,2.0,0,1,4,138,27
aly-miR3447-3p,156,163,4.262269938650307,4.5,2.0,0,2,12,142,21
ptc-miR6462a,156,163,4.147239263803681,4.0,2.0,0,1,15,128,35
ptc-miR6462b,156,163,4.147239263803681,4.0,2.0,0,1,15,128,35
ptc-miR6462c-3p,156,163,4.147239263803681,4.0,2.0,0,1,15,128,35
ptc-miR6462d,156,163,4.147239263803681,4.0,2.0,0,1,15,128,35
gma-miR5780d,156,162,4.157407407407407,4.5,2.0,0,1,21,148,14
gra-miR8661,156,162,4.135802469135802,4.0,2.5,0,0,14,141,21
rgl-miR7798,156,162,4.515432098765432,4.5,1.5,0,1,1,136,26
smo-miR1085-3p,156,162,4.348765432098766,4.5,2.5,0,0,8,126,36
smo-miR1088-3p,156,162,3.8919753086419755,4.0,1.5,0,10,33,155,7
aly-miR4236,156,161,4.27639751552795,4.5,3.0,0,0,8,131,30
ppt-miR902k-5p,156,161,4.142857142857143,4.0,2.5,0,0,15,124,37
ppt-miR902l-5p,156,161,4.142857142857143,4.0,2.5,0,0,15,124,37
mtr-miR2619b-5p,156,160,4.190625,4.25,2.5,0,0,14,121,39
mtr-miR7696d-5p,156,160,4.371875,4.5,2.5,0,0,9,115,45
gma-miR1507c-5p,156,159,4.221698113207547,4.0,1.5,0,3,8,132,27
lja-miR7545,156,159,4.430817610062893,4.5,2.5,0,0,7,126,33
osa-miR397b,156,159,4.09433962264151,4.5,1.0,4,12,23,130,29
aly-miR172e-5p,156,158,4.189873417721519,4.5,1.5,0,3,11,130,28
ath-miR172b-5p,156,158,4.189873417721519,4.5,1.5,0,3,11,130,28
ath-miR172e-5p,156,158,4.189873417721519,4.5,1.5,0,3,11,130,28
hbr-miR6485,156,158,4.443037974683544,4.5,3.0,0,0,4,144,14
vvi-miR3633a-5p,156,158,4.341772151898734,4.5,2.5,0,0,11,143,15
stu-miR6024-3p,155,173,3.86271676300578,4.0,2.0,0,9,41,132,41
osa-miR2864.1,155,168,4.169642857142857,4.0,2.5,0,0,13,111,57
tae-miR2275-3p,155,166,4.024096385542169,4.0,1.0,3,4,23,139,27
aly-miR3448-3p,155,165,4.137878787878788,4.0,2.5,0,0,26,152,13
hbr-miR396a,155,165,3.996969696969697,4.0,2.0,0,2,32,147,18
esi-miR3468-3p,155,164,4.079268292682927,4.0,2.5,0,0,25,128,36
hme-miR-9b,155,163,4.251533742331288,4.5,2.0,0,4,14,149,14
pab-miR397,155,163,3.9723926380368098,4.0,0.5,5,14,27,134,29
ddi-miR-7131b,155,162,4.327160493827161,4.5,2.0,0,1,11,145,17
aly-miR856-3p,155,161,4.217391304347826,4.5,2.0,0,1,11,145,16
mtr-miR5234,155,161,4.254658385093168,4.5,2.0,0,1,14,139,22
ptc-miR7819,155,160,4.275,4.5,1.5,0,1,14,106,54
ata-miR9674b-3p,155,159,4.1918238993710695,4.5,2.0,0,2,13,122,37
cpa-miR159b,155,159,4.264150943396227,4.5,1.5,0,4,11,135,24
cre-miR1160.1,155,159,4.449685534591195,4.5,2.5,0,0,6,140,19
mdm-miR159a,155,159,4.264150943396227,4.5,1.5,0,4,11,135,24
mdm-miR159b,155,159,4.264150943396227,4.5,1.5,0,4,11,135,24
osa-miR530-5p,155,159,4.182389937106918,4.5,0.5,3,6,13,104,55
cre-miR917,155,158,4.496835443037975,4.5,2.5,0,0,10,114,44
mdm-miR397a,155,158,3.901898734177215,4.0,0.0,12,18,27,127,31
mdm-miR397b,155,158,3.901898734177215,4.0,0.0,12,18,27,127,31
mtr-miR166e-5p,155,158,4.268987341772152,4.5,2.5,0,0,11,123,35
mtr-miR2658,155,158,4.408227848101266,4.5,2.0,0,2,6,139,19
mtr-miR5751,155,158,4.110759493670886,4.0,2.0,0,1,21,134,24
osa-miR166h-5p,155,158,4.268987341772152,4.5,2.5,0,0,11,123,35
osa-miR395t,155,158,4.329113924050633,4.5,2.0,0,2,7,134,24
zma-miR166m-5p,155,158,4.268987341772152,4.5,2.5,0,0,11,123,35
ath-miR5662,155,157,4.429936305732484,4.5,2.5,0,0,8,127,30
cre-miR1167,155,157,4.334394904458598,4.5,2.5,0,0,7,133,24
ddi-miR-7131c-3p,155,157,4.213375796178344,4.5,1.5,0,1,12,131,26
tae-miR5048-5p,154,190,4.060526315789474,4.0,1.0,1,1,18,186,4
ath-miR774b-3p,154,168,4.092261904761905,4.0,2.0,0,2,21,156,12
aly-miR156h-3p,154,166,4.174698795180723,4.5,2.5,0,0,15,116,50
bdi-miR395f-5p,154,162,4.148148148148148,4.5,2.0,0,2,15,132,30
ath-miR1886.2,154,161,4.107142857142857,4.0,2.0,0,1,10,137,24
ath-miR4243,154,161,4.217391304347826,4.5,2.0,0,1,12,131,30
ata-miR9674c-5p,154,160,4.1375,4.5,1.0,1,2,20,117,43
osa-miR319a-3p.2-3p,154,159,4.537735849056604,4.5,2.5,0,0,6,137,22
osa-miR319b,154,159,4.537735849056604,4.5,2.5,0,0,6,137,22
sbi-miR319a,154,159,4.537735849056604,4.5,2.5,0,0,6,137,22
sbi-miR319b,154,159,4.537735849056604,4.5,2.5,0,0,6,137,22
zma-miR319a-3p,154,159,4.537735849056604,4.5,2.5,0,0,6,137,22
zma-miR319b-3p,154,159,4.537735849056604,4.5,2.5,0,0,6,137,22
zma-miR319c-3p,154,159,4.537735849056604,4.5,2.5,0,0,6,137,22
zma-miR319d-3p,154,159,4.537735849056604,4.5,2.5,0,0,6,137,22
gra-miR172a,154,157,4.202229299363057,4.5,1.5,0,2,13,141,16
osa-miR444d.3,154,156,4.118589743589744,4.5,2.0,0,2,20,135,21
ssp-miR444b.1,154,156,4.118589743589744,4.5,2.0,0,2,20,135,21
csi-miR396c,154,154,4.387987012987013,4.5,2.5,0,0,6,112,42
lja-miR7530,153,178,4.219101123595506,4.5,2.0,0,4,21,156,22
gra-miR530b,153,167,4.050898203592815,4.0,1.0,3,7,19,146,21
zma-miR395o-5p,153,166,4.009036144578313,4.0,2.0,0,3,27,142,24
bdi-miR5059,153,165,4.336363636363636,4.5,1.0,1,1,11,149,16
ath-miR8179,153,163,4.193251533742331,4.5,2.0,0,2,10,140,23
bra-miR5720,153,162,4.317901234567901,4.5,2.5,0,0,14,133,29
cre-miR1156.2,153,162,4.20679012345679,4.5,1.5,0,1,9,137,25
bdi-miR395p-5p,153,160,4.3,4.5,2.5,0,0,8,136,24
osa-miR1438,153,160,4.171875,4.0,2.5,0,0,18,136,24
gma-miR530b,153,159,4.185534591194968,4.5,1.0,2,6,16,94,65
gma-miR530c,153,159,4.185534591194968,4.5,1.0,2,6,16,94,65
gma-miR530d,153,159,4.185534591194968,4.5,1.0,2,6,16,94,65
gma-miR530e,153,159,4.185534591194968,4.5,1.0,2,6,16,94,65
ptc-miR7816,153,159,4.216981132075472,4.0,2.5,0,0,8,130,29
gra-miR827b,153,158,4.310126582278481,4.5,2.5,0,0,11,121,37
ptc-miR7814,153,158,4.341772151898734,4.5,2.5,0,0,14,149,9
mtr-miR5248,153,157,4.3312101910828025,4.5,2.5,0,0,6,135,22
gma-miR9760,153,156,4.184294871794871,4.0,2.0,0,1,11,118,38
gra-miR7484c,153,156,4.381410256410256,4.5,2.5,0,0,4,140,16
pab-miR396b,153,156,4.153846153846154,4.0,2.0,0,1,17,148,8
pab-miR396c,153,156,4.153846153846154,4.0,2.0,0,1,17,148,8
ptc-miR396g-5p,153,156,4.153846153846154,4.0,2.0,0,1,17,148,8
tcc-miR396d,153,156,4.153846153846154,4.0,2.0,0,1,17,148,8
cre-miR909.3,153,155,4.290322580645161,4.5,2.5,0,0,10,125,30
aly-miR156g-3p,152,170,4.264705882352941,4.5,2.0,0,2,14,158,12
ppt-miR1078,152,163,4.127300613496932,4.0,2.5,0,0,16,147,16
hbr-miR476,152,161,4.180124223602484,4.5,1.5,0,1,15,151,10
ptc-miR6464,152,160,4.175,4.0,2.5,0,0,8,131,29
ata-miR166a-5p,152,159,4.289308176100629,4.5,2.5,0,0,6,126,33
bdi-miR166c-5p,152,159,4.289308176100629,4.5,2.5,0,0,6,126,33
gma-miR5678,152,159,4.163522012578617,4.0,2.5,0,0,12,129,30
osa-miR166a-5p,152,159,4.289308176100629,4.5,2.5,0,0,6,126,33
osa-miR166e-5p,152,159,4.289308176100629,4.5,2.5,0,0,6,126,33
zma-miR166b-5p,152,159,4.289308176100629,4.5,2.5,0,0,6,126,33
zma-miR166d-5p,152,159,4.289308176100629,4.5,2.5,0,0,6,126,33
sbi-miR5568d-5p,152,157,4.246815286624204,4.5,2.0,0,2,8,125,32
bna-miR397a,152,156,3.967948717948718,4.25,0.5,5,14,27,124,32
bna-miR397b,152,156,3.967948717948718,4.25,0.5,5,14,27,124,32
osa-miR159f,152,155,4.319354838709677,4.5,1.5,0,4,11,116,39
ppt-miR2079,152,155,4.235483870967742,4.5,1.5,0,1,10,123,32
ptc-miR7835,152,155,4.2612903225806456,4.5,2.0,0,1,10,137,18
pta-miR159b,152,154,4.2564935064935066,4.5,1.0,2,5,9,135,19
rgl-miR7799,152,154,4.444805194805195,4.5,2.0,0,1,4,138,16
osa-miR395x,152,153,4.107843137254902,4.0,2.0,0,3,14,144,9
cme-miR477b,151,161,4.195652173913044,4.5,0.5,2,4,12,119,42
cme-miR530a,151,157,4.171974522292993,4.5,0.5,3,6,13,102,55
htu-miR530,151,157,4.171974522292993,4.5,0.5,3,6,13,102,55
mes-miR530a,151,157,4.171974522292993,4.5,0.5,3,6,13,102,55
mes-miR530b,151,157,4.171974522292993,4.5,0.5,3,6,13,102,55
ptc-miR530a,151,157,4.171974522292993,4.5,0.5,3,6,13,102,55
smo-miR1104,151,157,4.261146496815287,4.5,2.0,0,2,11,132,25
tcc-miR530b,151,157,4.171974522292993,4.5,0.5,3,6,13,102,55
ath-miR840-3p,151,156,4.371794871794871,4.5,2.5,0,0,6,113,43
gra-miR7494e,151,156,4.410256410256411,4.5,3.0,0,0,9,148,8
gra-miR7494f,151,156,4.410256410256411,4.5,3.0,0,0,9,148,8
osa-miR1426,151,155,4.054838709677419,4.0,2.0,0,2,24,124,31
sly-miR9476-5p,151,155,4.208064516129032,4.5,2.0,0,2,12,132,23
gma-miR168b,151,154,4.5064935064935066,4.5,2.0,0,1,7,134,20
gma-miR5037c,151,154,4.454545454545454,4.5,3.0,0,0,2,143,11
gra-miR8777,151,154,4.366883116883117,4.5,3.0,0,0,9,127,27
aly-miR395b-3p,151,153,4.349673202614379,4.5,2.0,0,3,8,141,12
aly-miR395f-3p,151,153,4.349673202614379,4.5,2.0,0,3,8,141,12
aly-miR395h-3p,151,153,4.349673202614379,4.5,2.0,0,3,8,141,12
ath-miR395b,151,153,4.349673202614379,4.5,2.0,0,3,8,141,12
ath-miR395c,151,153,4.349673202614379,4.5,2.0,0,3,8,141,12
ath-miR395f,151,153,4.349673202614379,4.5,2.0,0,3,8,141,12
bna-miR395d,151,153,4.349673202614379,4.5,2.0,0,3,8,141,12
bna-miR395e,151,153,4.349673202614379,4.5,2.0,0,3,8,141,12
bna-miR395f,151,153,4.349673202614379,4.5,2.0,0,3,8,141,12
tae-miR9679-5p,151,153,4.228758169934641,4.5,2.0,0,3,11,112,41
osa-miR5542,151,152,4.235197368421052,4.5,1.0,1,2,10,128,24
pta-miR1313,150,163,4.153374233128834,4.0,0.5,1,3,10,125,38
zma-miR2275a-3p,150,163,4.006134969325154,4.0,2.0,0,3,26,136,27
hvu-miR6196,150,159,4.210691823899371,4.5,1.5,0,3,11,143,16
ath-miR870-3p,150,158,4.2215189873417724,4.5,2.0,0,2,12,124,34
sly-miR6026,150,158,4.2863924050632916,4.5,3.0,0,0,8,110,48
stu-miR6026-3p,150,158,4.2863924050632916,4.5,3.0,0,0,8,110,48
bdi-miR5167a-5p,150,157,4.312101910828026,4.5,2.0,0,1,8,135,22
aly-miR395i,150,156,4.219551282051282,4.5,1.0,2,3,12,141,15
cca-miR395b,150,156,4.219551282051282,4.5,1.0,2,3,12,141,15
cca-miR395c,150,156,4.219551282051282,4.5,1.0,2,3,12,141,15
gma-miR5369,150,156,4.509615384615385,4.5,3.0,0,0,1,128,28
hvu-miR6209,150,155,4.416129032258064,4.5,1.5,0,2,6,124,31
bdi-miR167d-3p,150,154,4.366883116883117,4.5,1.5,0,1,4,123,31
ghr-miR2949b,150,154,4.188311688311688,4.0,1.5,0,2,13,118,36
ghr-miR2949c,150,154,4.188311688311688,4.0,1.5,0,2,13,118,36
osa-miR395f,150,154,4.228896103896104,4.5,2.0,0,1,15,146,8
nta-miR482b-5p,150,153,4.372549019607843,4.5,2.5,0,0,8,136,17
ppt-miR477a-3p,150,153,4.2973856209150325,4.5,1.5,0,1,5,116,37
aqc-miR477a,150,152,4.305921052631579,4.5,1.0,1,4,10,121,31
aqc-miR477b,150,152,4.305921052631579,4.5,1.0,1,4,10,121,31
aqc-miR477e,150,152,4.305921052631579,4.5,1.0,1,4,10,121,31
ath-miR165a-5p,150,152,4.342105263157895,4.5,2.0,0,1,8,135,17
bdi-miR5163a-3p,150,152,4.338815789473684,4.5,3.0,0,0,5,133,19
esi-miR3454c-3p,150,152,4.467105263157895,4.5,2.5,0,0,6,135,17
hme-miR-6302-2-5p,150,151,4.413907284768212,4.5,3.0,0,0,4,141,10
tae-miR5085,149,170,4.264705882352941,4.5,1.5,0,2,9,160,10
aly-miR4233,149,163,3.895705521472393,4.0,2.0,0,1,34,125,38
osa-miR2871a-3p,149,160,4.371875,4.5,2.5,0,0,10,152,8
osa-miR2871b,149,160,4.371875,4.5,2.5,0,0,10,152,8
ath-miR2938,149,159,4.182389937106918,4.0,2.5,0,0,12,129,30
gra-miR166d,149,159,4.144654088050315,4.0,1.5,0,3,13,141,18
mtr-miR156h-3p,149,158,4.262658227848101,4.5,1.5,0,2,7,145,13
bol-miR9409,149,156,4.2756410256410255,4.5,2.0,0,2,15,130,26
cpa-miR8154,149,156,4.144230769230769,4.0,2.5,0,0,19,141,15
hme-miR-190,149,156,4.238782051282051,4.5,1.5,0,1,14,137,19
ptc-miR7826,149,156,4.310897435897436,4.5,2.5,0,0,11,149,7
smo-miR1112-5p,149,156,4.326923076923077,4.5,2.5,0,0,13,130,26
ath-miR8170-3p,149,155,4.195161290322581,4.5,1.0,1,3,10,122,33
bna-miR6029,149,155,4.379032258064516,4.5,2.5,0,0,9,123,32
han-miR3440,149,155,4.435483870967742,4.5,2.5,0,0,8,121,34
ptc-miR7817a,149,155,4.216129032258064,4.0,2.5,0,0,8,135,20
aly-miR3439-5p,149,154,4.194805194805195,4.5,2.5,0,0,8,120,34
aly-miR4248a,149,154,4.159090909090909,4.5,1.5,0,2,18,127,27
aly-miR4248b,149,154,4.159090909090909,4.5,1.5,0,2,18,127,27
aly-miR4248c,149,154,4.159090909090909,4.5,1.5,0,2,18,127,27
bdi-miR159b-3p.1,149,154,4.204545454545454,4.5,0.5,4,7,13,120,34
far-miR159,149,154,4.204545454545454,4.5,0.5,4,7,13,120,34
hvu-miR159a,149,154,4.204545454545454,4.5,0.5,4,7,13,120,34
hvu-miR159b,149,154,4.204545454545454,4.5,0.5,4,7,13,120,34
osa-miR159a.1,149,154,4.204545454545454,4.5,0.5,4,7,13,120,34
osa-miR159b,149,154,4.204545454545454,4.5,0.5,4,7,13,120,34
osa-miR395c,149,154,4.24512987012987,4.5,0.5,2,2,9,143,11
ppt-miR1030h,149,154,4.217532467532467,4.5,0.5,2,3,12,121,33
ptc-miR7817b,149,154,4.285714285714286,4.5,2.5,0,0,12,138,16
sbi-miR159a,149,154,4.204545454545454,4.5,0.5,4,7,13,120,34
sbi-miR395k,149,154,4.24512987012987,4.5,0.5,2,2,9,143,11
sof-miR159a,149,154,4.204545454545454,4.5,0.5,4,7,13,120,34
sof-miR159b,149,154,4.204545454545454,4.5,0.5,4,7,13,120,34
sof-miR159d,149,154,4.204545454545454,4.5,0.5,4,7,13,120,34
ssp-miR159a,149,154,4.204545454545454,4.5,0.5,4,7,13,120,34
tae-miR159a,149,154,4.204545454545454,4.5,0.5,4,7,13,120,34
tae-miR159b,149,154,4.204545454545454,4.5,0.5,4,7,13,120,34
zma-miR159a-3p,149,154,4.204545454545454,4.5,0.5,4,7,13,120,34
zma-miR159b-3p,149,154,4.204545454545454,4.5,0.5,4,7,13,120,34
zma-miR159f-3p,149,154,4.204545454545454,4.5,0.5,4,7,13,120,34
zma-miR159j-3p,149,154,4.204545454545454,4.5,0.5,4,7,13,120,34
zma-miR159k-3p,149,154,4.204545454545454,4.5,0.5,4,7,13,120,34
zma-miR395c-3p,149,154,4.24512987012987,4.5,0.5,2,2,9,143,11
zma-miR395l-3p,149,154,4.24512987012987,4.5,0.5,2,2,9,143,11
zma-miR395m-3p,149,154,4.24512987012987,4.5,0.5,2,2,9,143,11
mes-miR477a,149,153,4.26797385620915,4.5,1.0,1,4,10,119,34
mes-miR477b,149,153,4.26797385620915,4.5,1.0,1,4,10,119,34
mes-miR477c,149,153,4.26797385620915,4.5,1.0,1,4,10,119,34
mes-miR477e,149,153,4.26797385620915,4.5,1.0,1,4,10,119,34
aly-miR169i-3p,149,152,4.368421052631579,4.5,2.5,0,0,6,123,29
gra-miR7492e,149,152,4.319078947368421,4.5,2.5,0,0,10,140,12
gra-miR7492f,149,152,4.319078947368421,4.5,2.5,0,0,10,140,12
gra-miR8742a,149,152,4.225328947368421,4.5,2.5,0,0,10,128,24
gra-miR8742b,149,152,4.225328947368421,4.5,2.5,0,0,10,128,24
osa-miR166k-5p,149,152,4.332236842105263,4.5,2.5,0,0,5,129,23
osa-miR2873b,149,152,4.2006578947368425,4.25,2.0,0,4,7,117,35
sly-miR482e-5p,149,152,4.3256578947368425,4.5,2.5,0,0,10,135,17
ath-miR5023,149,151,4.298013245033113,4.5,3.0,0,0,6,140,11
bdi-miR5184,149,151,4.28476821192053,4.5,3.0,0,0,6,121,30
gma-miR4348b,149,151,4.145695364238411,4.0,2.5,0,0,19,138,13
mtr-miR2671a,149,151,4.370860927152318,4.5,2.5,0,0,7,133,18
mtr-miR2671b,149,151,4.370860927152318,4.5,2.5,0,0,7,133,18
mtr-miR2671c,149,151,4.370860927152318,4.5,2.5,0,0,7,133,18
mtr-miR2671d,149,151,4.370860927152318,4.5,2.5,0,0,7,133,18
mtr-miR2671e,149,151,4.370860927152318,4.5,2.5,0,0,7,133,18
mtr-miR2671f,149,151,4.370860927152318,4.5,2.5,0,0,7,133,18
mtr-miR2671g,149,151,4.370860927152318,4.5,2.5,0,0,7,133,18
mtr-miR2671h,149,151,4.370860927152318,4.5,2.5,0,0,7,133,18
mtr-miR2671i,149,151,4.370860927152318,4.5,2.5,0,0,7,133,18
mtr-miR2671j,149,151,4.370860927152318,4.5,2.5,0,0,7,133,18
smo-miR1099,149,151,4.23841059602649,4.5,2.0,0,1,10,134,17
osa-miR2876-5p,149,150,4.27,4.5,1.0,1,3,11,123,27
aqu-miR-2021-3p,148,205,4.475609756097561,4.5,3.0,0,0,1,193,12
stu-miR156f-3p,148,159,4.050314465408805,4.0,1.5,0,4,24,123,36
gma-miR5775,148,155,4.138709677419355,4.0,1.5,0,2,18,146,9
ptc-miR6471,148,155,4.341935483870968,4.5,2.5,0,0,10,142,13
aly-miR827-5p,148,153,4.310457516339869,4.5,2.0,0,1,13,134,19
ata-miR169h-3p,148,153,4.248366013071895,4.5,2.0,0,1,11,134,19
ath-miR1886.1,148,153,4.333333333333333,4.5,2.0,0,1,5,122,31
osa-miR396d,148,153,4.104575163398692,4.5,0.0,7,8,21,141,12
osa-miR396g,148,153,4.104575163398692,4.5,0.0,7,8,21,141,12
osa-miR396h,148,153,4.104575163398692,4.5,0.0,7,8,21,141,12
osa-miR5079a,148,153,4.1797385620915035,4.5,2.0,0,1,15,127,26
osa-miR5079b,148,153,4.1797385620915035,4.5,2.0,0,1,15,127,26
ppt-miR902b-5p,148,153,4.330065359477124,4.5,2.0,0,2,7,126,27
ppt-miR902c-5p,148,153,4.330065359477124,4.5,2.0,0,2,7,126,27
ppt-miR902d-5p,148,153,4.330065359477124,4.5,2.0,0,2,7,126,27
ppt-miR902e-5p,148,153,4.330065359477124,4.5,2.0,0,2,7,126,27
ppt-miR902f-5p,148,153,4.330065359477124,4.5,2.0,0,2,7,126,27
ppt-miR902g-5p,148,153,4.330065359477124,4.5,2.0,0,2,7,126,27
pti-miR5482,148,153,4.5359477124183005,4.5,2.5,0,0,4,110,43
gma-miR159c,148,152,4.3618421052631575,4.5,0.0,1,1,8,132,20
ata-miR169i-3p,148,151,4.4718543046357615,4.5,2.5,0,0,3,129,22
bdi-miR169e-3p,148,151,4.4718543046357615,4.5,2.5,0,0,3,129,22
rgl-miR7810,148,151,4.122516556291391,4.0,1.5,0,4,13,129,22
aly-miR858-5p,148,149,4.117449664429531,4.5,1.5,0,4,25,122,27
ath-miR858a,148,149,4.117449664429531,4.5,1.5,0,4,25,122,27
esi-miR3452-3p,148,149,4.449664429530201,4.5,3.0,0,0,1,124,25
osa-miR2095-3p,148,149,4.406040268456376,4.5,2.5,0,0,3,99,50
sbi-miR5389,148,149,4.39261744966443,4.5,3.0,0,0,3,119,30
bdi-miR827-5p,147,189,4.161375661375661,4.0,2.5,0,0,26,168,21
aly-miR4241,147,160,4.2125,4.5,2.5,0,0,17,150,10
bdi-miR7776-3p.2,147,159,4.270440251572327,4.5,2.0,0,1,8,123,36
aly-miR829-5p,147,157,4.1687898089171975,4.0,2.0,0,1,10,134,23
mtr-miR5752a,147,157,4.429936305732484,4.5,2.5,0,0,7,130,27
mtr-miR5752b,147,157,4.429936305732484,4.5,2.5,0,0,7,130,27
aly-miR3441-3p.2,147,156,4.076923076923077,4.0,2.0,0,2,22,122,34
ppt-miR477a-5p,147,156,4.384615384615385,4.5,0.0,2,3,10,126,30
ppt-miR477b,147,156,4.384615384615385,4.5,0.0,2,3,10,126,30
ppt-miR477c,147,156,4.384615384615385,4.5,0.0,2,3,10,126,30
ppt-miR477d,147,156,4.384615384615385,4.5,0.0,2,3,10,126,30
ppt-miR477e,147,156,4.384615384615385,4.5,0.0,2,3,10,126,30
mtr-miR5261,147,155,4.130645161290323,4.0,2.0,0,1,12,126,29
ppt-miR2082,147,154,4.214285714285714,4.5,2.0,0,1,16,101,53
aly-miR4249,147,153,4.089869281045751,4.0,2.5,0,0,17,130,23
bdi-miR166h-5p,147,153,4.372549019607843,4.5,3.0,0,0,4,123,30
bdi-miR5185l-3p,147,153,4.315359477124183,4.5,2.0,0,2,10,122,31
osa-miR6248,147,153,4.228758169934641,4.5,2.5,0,0,13,132,21
pab-miR3702,147,153,4.338235294117647,4.5,3.0,0,0,7,125,28
vvi-miR159a,147,153,4.218954248366013,4.5,1.0,1,2,14,127,26
vvi-miR159b,147,153,4.218954248366013,4.5,1.0,1,2,14,127,26
bdi-miR395d-3p,147,152,4.2730263157894735,4.5,2.5,0,0,9,136,16
osa-miR435,147,152,4.381578947368421,4.5,2.5,0,0,7,117,35
osa-miR816,147,152,4.4506578947368425,4.5,3.0,0,0,4,147,5
pta-miR159a,147,152,4.271381578947368,4.5,0.5,2,6,11,129,23
ath-miR843,147,151,4.314569536423841,4.5,2.5,0,0,3,131,20
ppt-miR1037,147,151,4.235099337748345,4.5,2.0,0,2,8,132,19
ppt-miR537a,147,151,4.26158940397351,4.5,2.5,0,0,12,141,10
ppt-miR537b,147,151,4.26158940397351,4.5,2.5,0,0,12,141,10
ppt-miR537c,147,151,4.26158940397351,4.5,2.5,0,0,12,141,10
ppt-miR537d,147,151,4.26158940397351,4.5,2.5,0,0,12,141,10
ath-miR4239,147,150,4.31,4.5,2.5,0,0,8,138,12
bdi-miR5198,147,150,4.253333333333333,4.0,1.5,0,1,9,136,14
mdm-miR7127a,147,150,4.253333333333333,4.5,2.5,0,0,8,127,23
mdm-miR7127b,147,150,4.253333333333333,4.5,2.5,0,0,8,127,23
sly-miR482d-5p,147,150,4.366666666666666,4.5,3.0,0,0,5,129,21
ath-miR868-3p,147,149,4.456375838926174,4.5,3.0,0,0,2,119,30
smo-miR1106,147,149,4.2114093959731544,4.5,2.0,0,3,19,127,22
gma-miR5773,147,148,4.155405405405405,4.0,2.0,0,1,15,118,30
stu-miR397-5p,147,148,3.9527027027027026,4.5,0.5,8,16,27,126,22
gma-miR1522,147,147,4.408163265306122,4.5,2.0,0,1,4,119,28
pde-miR1313,146,162,4.186728395061729,4.5,1.0,1,5,16,116,46
ata-miR2275c-3p,146,157,4.022292993630574,4.0,1.0,3,4,23,133,24
bdi-miR2275c,146,157,4.022292993630574,4.0,1.0,3,4,23,133,24
osa-miR2275a,146,157,4.022292993630574,4.0,1.0,3,4,23,133,24
osa-miR2275b,146,157,4.022292993630574,4.0,1.0,3,4,23,133,24
aly-miR172e-3p,146,156,4.0256410256410255,4.5,0.5,6,9,26,139,17
aly-miR842-3p,146,154,4.321428571428571,4.5,2.0,0,1,9,122,32
ath-miR842,146,154,4.321428571428571,4.5,2.0,0,1,9,122,32
ghr-miR3476-5p,146,153,4.186274509803922,4.5,2.5,0,0,13,139,14
gma-miR395d,146,153,4.222222222222222,4.5,0.5,3,3,8,140,13
gma-miR395e,146,153,4.222222222222222,4.5,0.5,3,3,8,140,13
gma-miR395f,146,153,4.222222222222222,4.5,0.5,3,3,8,140,13
gma-miR395g,146,153,4.222222222222222,4.5,0.5,3,3,8,140,13
ppt-miR1041,146,153,4.326797385620915,4.5,2.0,0,1,8,133,20
zma-miR164b-3p,146,153,4.271241830065359,4.5,1.5,0,2,9,131,22
ath-miR5634,146,152,4.391447368421052,4.5,3.0,0,0,5,135,17
ath-miR854a,146,152,4.092105263157895,4.0,1.0,1,3,16,98,54
ath-miR854b,146,152,4.092105263157895,4.0,1.0,1,3,16,98,54
ath-miR854c,146,152,4.092105263157895,4.0,1.0,1,3,16,98,54
ath-miR854d,146,152,4.092105263157895,4.0,1.0,1,3,16,98,54
ath-miR854e,146,152,4.092105263157895,4.0,1.0,1,3,16,98,54
vvi-miR3630-3p,146,152,4.154605263157895,4.0,2.0,0,1,14,115,37
mtr-miR169l-3p,146,151,3.9900662251655628,4.0,2.0,0,3,36,144,7
osa-miR395b,146,151,4.3344370860927155,4.5,1.0,2,3,4,143,8
osa-miR395d,146,151,4.3344370860927155,4.5,1.0,2,3,4,143,8
osa-miR395e,146,151,4.3344370860927155,4.5,1.0,2,3,4,143,8
osa-miR395g,146,151,4.3344370860927155,4.5,1.0,2,3,4,143,8
osa-miR395h,146,151,4.3344370860927155,4.5,1.0,2,3,4,143,8
osa-miR395i,146,151,4.3344370860927155,4.5,1.0,2,3,4,143,8
osa-miR395j,146,151,4.3344370860927155,4.5,1.0,2,3,4,143,8
osa-miR395k,146,151,4.3344370860927155,4.5,1.0,2,3,4,143,8
osa-miR395l,146,151,4.3344370860927155,4.5,1.0,2,3,4,143,8
osa-miR395m,146,151,4.3344370860927155,4.5,1.0,2,3,4,143,8
osa-miR395n,146,151,4.3344370860927155,4.5,1.0,2,3,4,143,8
osa-miR395p,146,151,4.3344370860927155,4.5,1.0,2,3,4,143,8
osa-miR395q,146,151,4.3344370860927155,4.5,1.0,2,3,4,143,8
osa-miR395r,146,151,4.3344370860927155,4.5,1.0,2,3,4,143,8
osa-miR395s,146,151,4.3344370860927155,4.5,1.0,2,3,4,143,8
osa-miR395y,146,151,4.3344370860927155,4.5,1.0,2,3,4,143,8
ppt-miR1222d,146,151,4.254966887417218,4.5,2.0,0,2,10,126,25
sbi-miR395a,146,151,4.3344370860927155,4.5,1.0,2,3,4,143,8
sbi-miR395b,146,151,4.3344370860927155,4.5,1.0,2,3,4,143,8
sbi-miR395c,146,151,4.3344370860927155,4.5,1.0,2,3,4,143,8
sbi-miR395d,146,151,4.3344370860927155,4.5,1.0,2,3,4,143,8
sbi-miR395e,146,151,4.3344370860927155,4.5,1.0,2,3,4,143,8
sbi-miR395g,146,151,4.3344370860927155,4.5,1.0,2,3,4,143,8
sbi-miR395h,146,151,4.3344370860927155,4.5,1.0,2,3,4,143,8
sbi-miR395i,146,151,4.3344370860927155,4.5,1.0,2,3,4,143,8
sbi-miR395j,146,151,4.3344370860927155,4.5,1.0,2,3,4,143,8
tae-miR395a,146,151,4.3344370860927155,4.5,1.0,2,3,4,143,8
zma-miR395a-3p,146,151,4.3344370860927155,4.5,1.0,2,3,4,143,8
zma-miR395b-3p,146,151,4.3344370860927155,4.5,1.0,2,3,4,143,8
zma-miR395d-3p,146,151,4.3344370860927155,4.5,1.0,2,3,4,143,8
zma-miR395e-3p,146,151,4.3344370860927155,4.5,1.0,2,3,4,143,8
zma-miR395f-3p,146,151,4.3344370860927155,4.5,1.0,2,3,4,143,8
zma-miR395g-3p,146,151,4.3344370860927155,4.5,1.0,2,3,4,143,8
zma-miR395h-3p,146,151,4.3344370860927155,4.5,1.0,2,3,4,143,8
zma-miR395i-3p,146,151,4.3344370860927155,4.5,1.0,2,3,4,143,8
zma-miR395j-3p,146,151,4.3344370860927155,4.5,1.0,2,3,4,143,8
zma-miR395n-3p,146,151,4.3344370860927155,4.5,1.0,2,3,4,143,8
zma-miR395p-3p,146,151,4.3344370860927155,4.5,1.0,2,3,4,143,8
bra-miR9408-3p,146,150,4.191666666666666,4.5,2.5,0,0,9,102,48
hvu-miR397a,146,150,4.203333333333333,4.5,1.0,2,9,18,129,21
mes-miR2950,146,150,4.336666666666667,4.5,2.5,0,0,8,135,15
osa-miR1440b,146,150,4.226666666666667,4.0,2.5,0,0,5,128,22
vvi-miR2950-5p,146,150,4.336666666666667,4.5,2.5,0,0,8,135,15
mtr-miR2656a,146,148,4.425675675675675,4.5,2.5,0,0,2,112,36
mtr-miR2656b,146,148,4.425675675675675,4.5,2.5,0,0,2,112,36
mtr-miR2656c,146,148,4.425675675675675,4.5,2.5,0,0,2,112,36
mtr-miR2656d,146,148,4.425675675675675,4.5,2.5,0,0,2,112,36
mtr-miR2656e,146,148,4.425675675675675,4.5,2.5,0,0,2,112,36
stu-miR167d-3p,146,148,4.493243243243243,4.5,2.0,0,1,3,135,13
aly-miR159a-5p,146,147,4.363945578231292,4.5,2.5,0,0,5,115,32
ath-miR2937,146,146,4.301369863013699,4.5,2.5,0,0,9,120,26
hvu-miR6192,145,156,4.134615384615385,4.0,1.5,0,2,19,140,16
aqc-miR395a,145,155,4.2064516129032254,4.5,2.5,0,0,11,140,15
aqc-miR395b,145,155,4.2064516129032254,4.5,2.5,0,0,11,140,15
bdi-miR2275a,145,155,4.125806451612903,4.0,1.5,0,4,17,130,25
mes-miR395e,145,155,4.2064516129032254,4.5,2.5,0,0,11,140,15
ptc-miR395a,145,155,4.2064516129032254,4.5,2.5,0,0,11,140,15
ata-miR166d-5p,145,154,4.35064935064935,4.5,2.0,0,2,8,108,46
bdi-miR166b-5p,145,154,4.35064935064935,4.5,2.0,0,2,8,108,46
osa-miR166b-5p,145,154,4.35064935064935,4.5,2.0,0,2,8,108,46
zma-miR166a-5p,145,154,4.35064935064935,4.5,2.0,0,2,8,108,46
gma-miR396e,145,153,4.016339869281046,4.0,2.0,0,1,29,142,11
bdi-miR7741-5p.2,145,152,4.217105263157895,4.5,2.0,0,1,11,138,14
aly-miR161-3p.2,145,151,4.314569536423841,4.5,2.0,0,1,6,109,42
lja-miR7533a,145,151,4.188741721854305,4.0,2.0,0,1,10,133,18
lja-miR7533b,145,151,4.188741721854305,4.0,2.0,0,1,10,133,18
mes-miR477d,145,151,4.268211920529802,4.5,1.0,1,4,10,118,33
ahy-miR3513-5p,145,150,4.158333333333333,4.0,2.5,0,0,15,125,25
ath-miR869.2,145,150,4.285,4.5,2.0,0,1,13,124,26
bdi-miR7757-3p.1,145,150,4.04,4.0,2.0,0,1,17,126,24
ddi-miR-7102,145,150,4.236666666666666,4.5,2.5,0,0,11,132,18
mtr-miR2676a,145,149,4.322147651006712,4.5,1.5,0,1,9,129,20
mtr-miR2676b,145,149,4.322147651006712,4.5,1.5,0,1,9,129,20
mtr-miR2676c,145,149,4.322147651006712,4.5,1.5,0,1,9,129,20
mtr-miR2676d,145,149,4.322147651006712,4.5,1.5,0,1,9,129,20
mtr-miR2676e,145,149,4.322147651006712,4.5,1.5,0,1,9,129,20
mtr-miR2676f,145,149,4.322147651006712,4.5,1.5,0,1,9,129,20
stu-miR6023,145,149,4.23489932885906,4.5,2.5,0,0,11,116,33
ath-miR5017-5p,145,148,4.405405405405405,4.5,2.0,0,1,9,125,23
cre-miR1161a,145,148,4.322635135135135,4.5,2.0,0,1,6,126,22
cre-miR1161b,145,148,4.322635135135135,4.5,2.0,0,1,6,126,22
ppt-miR2083-5p,145,148,4.2449324324324325,4.5,1.5,0,1,11,123,25
ptc-miR476b,145,148,4.141891891891892,4.5,2.0,0,2,17,136,12
smo-miR1109,145,148,4.283783783783784,4.5,2.0,0,1,9,127,21
aly-miR868-3p,145,147,4.4523809523809526,4.5,3.0,0,0,2,118,29
gma-miR5672,145,147,4.27891156462585,4.5,2.5,0,0,11,131,16
lja-miR397,145,147,4.049319727891157,4.5,1.0,4,9,20,125,22
osa-miR396a-3p,145,147,4.414965986394558,4.5,1.5,0,1,7,114,33
osa-miR396b-3p,145,147,4.414965986394558,4.5,1.5,0,1,7,114,33
bdi-miR397b-5p,145,146,3.969178082191781,4.5,0.5,8,16,27,122,24
osa-miR5338,145,146,4.195205479452055,4.0,2.0,0,1,14,116,30
ppt-miR1222b,145,146,4.184931506849315,4.5,2.0,0,2,12,127,19
ppt-miR1222c,145,146,4.184931506849315,4.5,2.0,0,2,12,127,19
mtr-miR2657,144,168,4.1711309523809526,4.0,1.5,0,1,21,149,19
osa-miR2926,144,159,4.528301886792453,4.5,2.0,0,1,4,94,65
mdm-miR7124a,144,155,4.054838709677419,4.0,2.0,0,1,23,138,17
mdm-miR7124b,144,155,4.054838709677419,4.0,2.0,0,1,23,138,17
stu-miR172c-3p,144,155,4.106451612903226,4.5,0.5,3,8,18,128,27
esi-miR3455-5p,144,150,4.283333333333333,4.5,2.5,0,0,9,113,37
vvi-miR156e,144,150,4.376666666666667,4.5,1.5,0,7,11,134,16
bdi-miR7736-5p,144,149,4.295302013422819,4.5,2.0,0,1,5,121,28
gra-miR7584e,144,149,4.278523489932886,4.5,2.5,0,0,8,128,21
osa-miR1442,144,149,4.469798657718121,4.5,2.0,0,1,9,108,41
stu-miR398a-5p,144,149,4.345637583892618,4.5,2.0,0,1,6,130,19
bna-miR167d,144,148,4.418918918918919,4.5,3.0,0,0,2,114,34
gma-miR4412-5p,144,148,4.361486486486487,4.5,2.5,0,0,8,124,24
lja-miR167a,144,148,4.418918918918919,4.5,3.0,0,0,2,114,34
lja-miR167b,144,148,4.418918918918919,4.5,3.0,0,0,2,114,34
lja-miR167c,144,148,4.418918918918919,4.5,3.0,0,0,2,114,34
mes-miR477f,144,148,4.304054054054054,4.5,1.0,1,2,8,119,29
mes-miR477g,144,148,4.304054054054054,4.5,1.0,1,2,8,119,29
osa-miR395o,144,148,4.22972972972973,4.5,0.0,2,2,12,137,11
bra-miR9569-5p,144,147,4.159863945578231,4.0,2.0,0,1,13,116,31
osa-miR395a,144,147,4.448979591836735,4.5,2.5,0,0,7,132,15
sbi-miR395l,144,147,4.448979591836735,4.5,2.5,0,0,7,132,15
stu-miR530,144,147,4.227891156462585,4.5,0.5,2,6,13,117,30
tae-miR9653a-3p,144,147,4.357142857142857,4.5,2.5,0,0,7,139,8
mtr-miR2592a-5p,144,146,4.527397260273973,4.5,2.5,0,0,2,103,43
mtr-miR5562-3p,144,146,4.47945205479452,4.5,3.0,0,0,2,116,30
osa-miR5144-5p,144,146,4.184931506849315,4.5,2.0,0,1,14,114,32
aly-miR847-5p,144,145,4.256896551724138,4.5,3.0,0,0,8,119,26
csi-miR530b,144,145,4.106896551724138,4.5,1.0,2,7,15,91,54
gma-miR4996,144,145,4.358620689655172,4.5,2.5,0,0,2,86,59
osa-miR166c-5p,144,145,4.506896551724138,4.5,3.0,0,0,1,116,29
stu-miR8050-5p,144,145,4.5137931034482754,4.5,2.0,0,1,1,118,27
gma-miR5761a,143,154,4.3522727272727275,4.5,2.5,0,0,6,109,45
gma-miR5761b,143,154,4.3522727272727275,4.5,2.5,0,0,6,109,45
ath-miR5643a,143,151,4.251655629139073,4.5,2.0,0,2,16,136,15
ath-miR5643b,143,151,4.251655629139073,4.5,2.0,0,2,16,136,15
aly-miR857-3p,143,149,4.199664429530201,4.5,2.5,0,0,15,141,8
ata-miR172c-5p,143,149,4.1879194630872485,4.5,2.0,0,1,18,138,11
ath-miR857,143,149,4.199664429530201,4.5,2.5,0,0,15,141,8
ath-miR869.1,143,149,4.429530201342282,4.5,2.5,0,0,7,125,24
gma-miR395i,143,149,4.3120805369127515,4.5,0.5,2,3,5,137,12
gma-miR395j,143,149,4.3120805369127515,4.5,0.5,2,3,5,137,12
gma-miR395k,143,149,4.3120805369127515,4.5,0.5,2,3,5,137,12
gma-miR395l,143,149,4.3120805369127515,4.5,0.5,2,3,5,137,12
gma-miR395m,143,149,4.3120805369127515,4.5,0.5,2,3,5,137,12
mtr-miR395a,143,149,4.3120805369127515,4.5,0.5,2,3,5,137,12
mtr-miR395c,143,149,4.3120805369127515,4.5,0.5,2,3,5,137,12
mtr-miR395d,143,149,4.3120805369127515,4.5,0.5,2,3,5,137,12
mtr-miR395e,143,149,4.3120805369127515,4.5,0.5,2,3,5,137,12
mtr-miR395f,143,149,4.3120805369127515,4.5,0.5,2,3,5,137,12
mtr-miR395i,143,149,4.3120805369127515,4.5,0.5,2,3,5,137,12
mtr-miR395j,143,149,4.3120805369127515,4.5,0.5,2,3,5,137,12
mtr-miR395l,143,149,4.3120805369127515,4.5,0.5,2,3,5,137,12
mtr-miR395m,143,149,4.3120805369127515,4.5,0.5,2,3,5,137,12
mtr-miR395n,143,149,4.3120805369127515,4.5,0.5,2,3,5,137,12
mtr-miR395o,143,149,4.3120805369127515,4.5,0.5,2,3,5,137,12
sbi-miR395f,143,149,4.3120805369127515,4.5,0.5,2,3,5,137,12
ath-miR3434-3p,143,148,4.418918918918919,4.5,2.5,0,0,5,125,23
mdm-miR858,143,148,4.1891891891891895,4.5,2.0,0,1,10,118,30
ppt-miR1030a,143,148,4.233108108108108,4.5,1.0,2,3,12,115,33
ppt-miR1030b,143,148,4.233108108108108,4.5,1.0,2,3,12,115,33
ppt-miR1030c,143,148,4.233108108108108,4.5,1.0,2,3,12,115,33
ppt-miR1030d,143,148,4.233108108108108,4.5,1.0,2,3,12,115,33
ppt-miR1030e,143,148,4.233108108108108,4.5,1.0,2,3,12,115,33
ppt-miR1030f,143,148,4.233108108108108,4.5,1.0,2,3,12,115,33
ppt-miR1030g,143,148,4.233108108108108,4.5,1.0,2,3,12,115,33
ath-miR776,143,147,4.2687074829931975,4.5,2.0,0,1,8,125,22
far-miR529,143,147,4.22108843537415,4.5,0.0,3,7,11,125,22
mtr-miR395b,143,147,4.333333333333333,4.5,2.0,0,2,7,138,9
ath-miR5632-3p,143,146,4.167808219178082,4.0,2.5,0,0,12,113,33
ptc-miR6459a-3p,143,146,4.243150684931507,4.5,2.5,0,0,10,126,20
zma-miR167h-3p,143,146,4.458904109589041,4.5,2.5,0,0,6,120,26
zma-miR167i-3p,143,146,4.458904109589041,4.5,2.5,0,0,6,120,26
zma-miR2275d-5p,143,146,4.167808219178082,4.5,2.0,0,1,18,131,15
har-miR156c,143,145,4.196551724137931,4.5,0.5,8,8,15,121,24
rgl-miR7805-5p,143,145,4.3068965517241375,4.5,2.5,0,0,10,124,21
sbi-miR5565f,143,145,4.575862068965518,5.0,2.0,0,1,5,118,27
stu-miR8040-3p,143,144,4.319444444444445,4.5,2.0,0,1,10,135,9
ath-miR5649a,143,143,4.2377622377622375,4.5,2.5,0,0,8,114,29
ath-miR5649b,143,143,4.2377622377622375,4.5,2.5,0,0,8,114,29
csi-miR172a-3p,142,152,4.055921052631579,4.0,0.5,3,8,18,123,29
gma-miR172f,142,152,4.055921052631579,4.0,0.5,3,8,18,123,29
lja-miR172b,142,152,4.055921052631579,4.0,0.5,3,8,18,123,29
lja-miR172c,142,152,4.055921052631579,4.0,0.5,3,8,18,123,29
mdm-miR172a,142,152,4.055921052631579,4.0,0.5,3,8,18,123,29
mdm-miR172b,142,152,4.055921052631579,4.0,0.5,3,8,18,123,29
mdm-miR172c,142,152,4.055921052631579,4.0,0.5,3,8,18,123,29
mtr-miR172d-3p,142,152,4.055921052631579,4.0,0.5,3,8,18,123,29
sbi-miR172a,142,152,4.055921052631579,4.0,0.5,3,8,18,123,29
sbi-miR172c,142,152,4.055921052631579,4.0,0.5,3,8,18,123,29
sbi-miR172d,142,152,4.055921052631579,4.0,0.5,3,8,18,123,29
sbi-miR5564b,142,152,4.0756578947368425,4.0,1.0,1,2,18,143,9
zma-miR172a,142,152,4.055921052631579,4.0,0.5,3,8,18,123,29
zma-miR172b-3p,142,152,4.055921052631579,4.0,0.5,3,8,18,123,29
zma-miR172c-3p,142,152,4.055921052631579,4.0,0.5,3,8,18,123,29
zma-miR172d-3p,142,152,4.055921052631579,4.0,0.5,3,8,18,123,29
osa-miR5833,142,151,4.241721854304636,4.5,2.5,0,0,9,130,21
bdi-miR169c-3p,142,150,4.43,4.5,2.5,0,0,3,116,34
cre-miR1169-3p,142,150,4.343333333333334,4.5,2.5,0,0,8,131,19
ppt-miR902j-5p,142,150,4.203333333333333,4.25,2.5,0,0,10,131,19
gma-miR9766,142,149,4.120805369127517,4.0,2.0,0,2,13,122,27
hbr-miR6175,142,147,4.3231292517006805,4.5,2.0,0,2,9,123,24
ppt-miR1220a,142,147,4.2312925170068025,4.5,2.0,0,1,10,123,24
ppt-miR1220b,142,147,4.2312925170068025,4.5,2.0,0,1,10,123,24
ptc-miR476a,142,147,4.212585034013605,4.5,2.0,0,1,15,132,15
smo-miR1091,142,147,4.290816326530612,4.5,2.0,0,1,13,127,20
stu-miR8045,142,147,4.36734693877551,4.5,2.0,0,2,8,123,24
bdi-miR159b-5p.3,142,146,4.3561643835616435,4.5,2.5,0,0,7,126,20
gma-miR395h,142,146,4.332191780821918,4.5,1.0,1,3,4,135,11
ppt-miR319a,142,146,4.554794520547945,4.5,2.5,0,0,5,114,32
ppt-miR319b,142,146,4.554794520547945,4.5,2.5,0,0,5,114,32
sly-miR319a,142,146,4.554794520547945,4.5,2.5,0,0,5,114,32
ath-miR3440b-3p,142,145,4.337931034482758,4.5,2.5,0,0,6,112,33
aly-miR172b-5p,142,144,4.045138888888889,4.0,2.5,0,0,21,117,27
aly-miR3441-5p.1,142,144,4.104166666666667,4.0,2.0,0,1,12,117,27
aly-miR824-3p,142,144,4.40625,4.5,3.0,0,0,5,92,52
ath-miR824-3p,142,144,4.40625,4.5,3.0,0,0,5,92,52
ddi-miR-7131a-3p,142,144,4.072916666666667,4.0,2.0,0,2,15,127,17
gma-miR5762,142,144,4.4375,4.5,3.0,0,0,3,113,31
ppt-miR1045,142,144,4.40625,4.5,3.0,0,0,4,116,28
stu-miR172b-5p,142,144,4.045138888888889,4.0,2.5,0,0,21,117,27
osa-miR529a,141,152,4.453947368421052,4.5,3.0,0,0,1,123,29
sbi-miR529,141,152,4.453947368421052,4.5,3.0,0,0,1,123,29
ata-miR395c-5p,141,150,4.4366666666666665,4.5,1.0,1,1,6,117,33
nta-miR6153,141,149,4.308724832214765,4.5,2.0,0,1,10,111,38
aly-miR172c-5p,141,148,4.214527027027027,4.0,2.5,0,0,8,135,13
aly-miR172f-5p,141,148,4.214527027027027,4.0,2.5,0,0,8,135,13
aly-miR853-5p,141,148,4.179054054054054,4.0,2.5,0,0,13,118,30
ata-miR166e-5p,141,148,4.402027027027027,4.5,2.5,0,0,5,121,27
ath-miR5664,141,148,4.4425675675675675,4.5,2.5,0,0,5,141,7
bdi-miR166d-5p,141,148,4.402027027027027,4.5,2.5,0,0,5,121,27
osa-miR5809,141,148,4.341216216216216,4.5,2.0,0,1,11,125,23
ptc-miR172b-5p,141,148,4.214527027027027,4.0,2.5,0,0,8,135,13
ptc-miR172g-5p,141,148,4.214527027027027,4.0,2.5,0,0,8,135,13
rgl-miR7800,141,148,4.324324324324325,4.5,1.5,0,1,9,135,13
stu-miR172d-5p,141,148,4.214527027027027,4.0,2.5,0,0,8,135,13
zma-miR166g-5p,141,148,4.402027027027027,4.5,2.5,0,0,5,121,27
pab-miR395,141,147,4.173469387755102,4.5,1.0,2,3,12,134,13
pvu-miR159a.2,141,147,4.346938775510204,4.5,2.5,0,0,4,122,25
sof-miR159e,141,147,4.1938775510204085,4.5,2.0,0,4,14,113,34
ath-miR417,141,146,4.311643835616438,4.5,2.0,0,2,14,128,18
esi-miR3463-5p,141,146,4.291095890410959,4.5,2.0,0,1,8,114,32
gra-miR8775,141,146,4.339041095890411,4.5,3.0,0,0,4,132,14
mtr-miR5758,141,146,4.263698630136986,4.5,2.5,0,0,14,118,28
ath-miR858b,141,145,4.310344827586207,4.5,2.0,0,1,10,115,30
bdi-miR5185b-3p,141,145,4.336206896551724,4.5,2.0,0,1,6,129,16
bdi-miR5185g-3p,141,145,4.336206896551724,4.5,2.0,0,1,6,129,16
bdi-miR5185h-3p,141,145,4.336206896551724,4.5,2.0,0,1,6,129,16
bdi-miR5185i-3p,141,145,4.336206896551724,4.5,2.0,0,1,6,129,16
bna-miR6035,141,145,4.379310344827586,4.5,1.5,0,1,5,108,37
gma-miR4995,141,145,4.36896551724138,4.5,2.0,0,1,8,129,16
ptc-miR319i,141,145,4.3982758620689655,4.5,2.0,0,1,5,116,29
ath-miR1886.3,141,144,4.201388888888889,4.25,1.5,0,2,9,132,12
ath-miR3434-5p,141,144,4.385416666666667,4.5,2.5,0,0,9,118,26
esi-miR3453-5p,141,144,4.451388888888889,4.5,2.5,0,0,4,106,38
mtr-miR167b-3p,141,144,4.548611111111111,4.5,2.0,0,1,3,119,25
mtr-miR2678,141,144,4.152777777777778,4.5,2.5,0,0,17,132,12
osa-miR2097-3p,141,144,4.111111111111111,4.0,2.0,0,2,17,126,18
ptc-miR159c,141,144,4.336805555555555,4.5,0.0,1,1,8,124,20
ptc-miR6450a,141,144,4.395833333333333,4.5,2.0,0,1,6,110,34
zma-miR169f-3p,141,144,4.291666666666667,4.5,1.0,1,1,6,122,22
aly-miR159c-3p,141,143,4.13986013986014,4.5,0.5,4,7,13,120,23
aly-miR846-3p,141,143,4.1223776223776225,4.0,2.5,0,0,6,124,19
ata-miR2118a-3p,141,143,4.395104895104895,4.5,3.0,0,0,5,116,27
ata-miR2118b-3p,141,143,4.395104895104895,4.5,3.0,0,0,5,116,27
ath-miR159c,141,143,4.13986013986014,4.5,0.5,4,7,13,120,23
ath-miR846-3p,141,143,4.1223776223776225,4.0,2.5,0,0,6,124,19
gma-miR1523a,141,143,4.555944055944056,4.5,3.0,0,0,2,116,27
gma-miR1530,141,143,4.206293706293707,4.5,2.0,0,2,12,113,30
mtr-miR2087-3p,141,143,4.339160839160839,4.5,2.5,0,0,5,131,12
ppt-miR529d,141,143,4.241258741258742,4.5,0.0,3,7,11,124,19
ptc-miR477a-5p,141,143,4.3374125874125875,4.5,1.5,0,2,11,119,24
ptc-miR477b,141,143,4.3374125874125875,4.5,1.5,0,2,11,119,24
sly-miR156e-5p,141,142,4.278169014084507,4.5,1.5,0,7,13,129,13
smo-miR1081,141,142,4.26056338028169,4.5,2.5,0,0,10,110,32
vvi-miR3631b-3p,141,141,4.439716312056738,4.5,2.0,0,1,6,111,30
aly-miR834-5p,140,189,4.375661375661376,4.5,2.0,0,1,9,145,44
nta-miR6024,140,152,4.1644736842105265,4.0,2.0,0,4,11,109,43
aly-miR847-3p,140,149,4.080536912751678,4.0,1.5,0,4,17,138,11
osa-miR1854-3p,140,149,4.342281879194631,4.5,2.0,0,2,13,132,17
aly-miR846-5p,140,148,4.16554054054054,4.0,2.5,0,0,8,136,12
ath-miR5020a,140,146,4.373287671232877,4.5,2.5,0,0,10,129,17
bdi-miR5064,140,145,4.337931034482758,4.5,2.5,0,0,9,113,32
bdi-miR7776-5p.2,140,145,4.294827586206897,4.5,2.5,0,0,8,132,13
stu-miR8047,140,145,4.239655172413793,4.5,2.5,0,0,4,109,36
ath-miR780.2,140,144,4.277777777777778,4.5,2.5,0,0,7,126,18
bdi-miR5185a-3p,140,144,4.335069444444445,4.5,2.0,0,1,6,129,15
bdi-miR5185c-3p,140,144,4.335069444444445,4.5,2.0,0,1,6,129,15
bdi-miR5185d-3p,140,144,4.335069444444445,4.5,2.0,0,1,6,129,15
bdi-miR5185e-3p,140,144,4.335069444444445,4.5,2.0,0,1,6,129,15
bdi-miR5185f-3p,140,144,4.335069444444445,4.5,2.0,0,1,6,129,15
bdi-miR5185j-3p,140,144,4.335069444444445,4.5,2.0,0,1,6,129,15
bdi-miR5185k-3p,140,144,4.335069444444445,4.5,2.0,0,1,6,129,15
cre-miR1168.1,140,144,4.517361111111111,4.5,3.0,0,0,1,114,30
mtr-miR2604,140,144,4.413194444444445,4.5,3.0,0,0,3,125,19
rgl-miR5137,140,144,4.472222222222222,4.5,2.5,0,0,4,121,23
ata-miR9863a-5p,140,143,4.325174825174825,4.5,1.5,0,2,10,113,30
ata-miR9863b-5p,140,143,4.325174825174825,4.5,1.5,0,2,10,113,30
bdi-miR395g-5p,140,143,4.426573426573427,4.5,2.5,0,0,4,126,17
mtr-miR2611,140,143,4.304195804195804,4.5,2.0,0,1,7,119,24
ppt-miR902l-3p,140,143,4.323426573426573,4.5,2.5,0,0,7,112,31
aly-miR395c-3p,140,142,4.348591549295775,4.5,2.0,0,3,8,133,9
ath-miR2934-5p,140,142,4.193661971830986,4.5,1.5,0,2,15,112,30
cme-miR156g,140,142,4.190140845070423,4.5,0.5,8,8,15,124,18
cme-miR156h,140,142,4.190140845070423,4.5,0.5,8,8,15,124,18
dpr-miR156a,140,142,4.190140845070423,4.5,0.5,8,8,15,124,18
gma-miR5769,140,142,4.415492957746479,4.5,2.5,0,0,5,122,20
hci-miR156b,140,142,4.190140845070423,4.5,0.5,8,8,15,124,18
mtr-miR5229a,140,142,4.359154929577465,4.5,2.0,0,1,7,108,34
mtr-miR5229b,140,142,4.359154929577465,4.5,2.0,0,1,7,108,34
ptc-miR156k,140,142,4.190140845070423,4.5,0.5,8,8,15,124,18
sbi-miR5568b-5p,140,142,4.334507042253521,4.5,2.0,0,1,5,97,45
smo-miR1089,140,142,4.292253521126761,4.5,1.5,0,2,11,109,33
vvi-miR156a,140,142,4.190140845070423,4.5,0.5,8,8,15,124,18
bdi-miR7732-3p,140,141,4.191489361702128,4.0,2.5,0,0,8,109,32
hbr-miR156,140,141,4.386524822695035,4.5,1.5,0,4,11,122,19
mtr-miR2679a,140,140,4.442857142857143,4.5,2.5,0,0,7,133,7
mtr-miR2679b,140,140,4.442857142857143,4.5,2.5,0,0,7,133,7
mtr-miR2679c,140,140,4.442857142857143,4.5,2.5,0,0,7,133,7
ptc-miR6423,139,280,4.2196428571428575,4.5,1.5,0,3,14,271,9
ghr-miR2950,139,154,4.321428571428571,4.5,2.5,0,0,9,142,12
gma-miR159e-5p,139,151,4.430463576158941,4.5,2.5,0,0,6,112,39
ata-miR2275b-3p,139,150,4.045,4.0,2.0,0,3,27,123,27
esi-miR8630,139,150,4.5,4.5,3.0,0,0,3,134,16
ppt-miR1030i,139,150,4.35,4.5,0.5,2,3,12,110,40
aly-miR472-3p,139,149,4.077181208053691,4.5,1.0,1,5,17,99,50
ath-miR472-3p,139,149,4.077181208053691,4.5,1.0,1,5,17,99,50
gra-miR482,139,149,4.130872483221476,4.0,1.5,0,3,22,125,24
cme-miR530b,139,145,4.327586206896552,4.5,1.5,0,3,12,92,53
ppt-miR1222e,139,145,4.2362068965517246,4.5,2.5,0,0,6,132,13
gma-miR1525,139,144,4.409722222222222,4.5,2.5,0,0,5,123,21
ptc-miR6469,139,144,4.347222222222222,4.5,2.0,0,1,8,115,29
tae-miR9781,139,144,4.354166666666667,4.5,2.5,0,0,9,120,24
ata-miR9674a-5p,139,143,4.318181818181818,4.5,3.0,0,0,6,131,12
gma-miR2111a,139,143,4.395104895104895,4.5,2.0,0,1,7,108,35
gma-miR2111d,139,143,4.395104895104895,4.5,2.0,0,1,7,108,35
pta-miR159c,139,143,4.223776223776224,4.5,1.5,0,4,11,120,23
ptc-miR1450,139,143,4.395104895104895,4.5,3.0,0,0,1,98,45
smo-miR159,139,143,4.223776223776224,4.5,1.5,0,4,11,120,23
tae-miR9674b-5p,139,143,4.318181818181818,4.5,3.0,0,0,6,131,12
bdi-miR164f,139,142,4.323943661971831,4.5,2.5,0,0,11,107,35
mtr-miR5233,139,142,4.27112676056338,4.5,2.0,0,1,10,119,23
aly-miR3438-3p,139,141,4.216312056737588,4.5,2.5,0,0,10,122,19
mtr-miR5753,139,141,4.280141843971631,4.5,2.0,0,1,8,115,26
ppt-miR1043-5p,139,141,4.351063829787234,4.5,2.0,0,1,7,127,14
ppt-miR902j-3p,139,141,4.3138297872340425,4.5,3.0,0,0,5,98,43
stu-miR482e-5p,139,141,4.368794326241135,4.5,2.5,0,0,5,116,25
ath-miR398b-5p,139,140,4.489285714285714,4.5,2.0,0,1,6,113,27
ath-miR398c-5p,139,140,4.489285714285714,4.5,2.0,0,1,6,113,27
zma-miR171b-3p,139,140,4.410714285714286,4.5,1.5,0,1,9,112,28
bdi-miR5170,139,139,4.377697841726619,4.5,2.5,0,0,8,104,35
ghr-miR156c,139,139,4.420863309352518,4.5,2.5,0,0,12,122,17
bdi-miR319b-5p,138,158,4.265822784810126,4.5,2.5,0,0,12,103,55
bra-miR9556-3p,138,158,4.39873417721519,4.5,2.5,0,0,4,137,21
mtr-miR319d-5p,138,158,4.265822784810126,4.5,2.5,0,0,12,103,55
csi-miR3948,138,149,4.231543624161074,4.5,2.5,0,0,14,128,21
zma-miR2275b-3p,138,146,4.193493150684931,4.5,2.0,0,2,14,123,23
zma-miR2275c-3p,138,146,4.193493150684931,4.5,2.0,0,2,14,123,23
gma-miR319f,138,144,4.434027777777778,4.5,3.0,0,0,5,118,26
gra-miR8655,138,144,4.414930555555555,4.5,2.5,0,0,7,112,32
ath-miR5652,138,143,4.363636363636363,4.5,2.0,0,1,5,117,26
gma-miR319p,138,143,4.1678321678321675,4.0,2.0,0,5,12,117,26
gra-miR8646,138,143,4.395104895104895,4.5,2.5,0,0,9,125,18
aly-miR3449-5p,138,142,4.433098591549296,4.5,3.0,0,0,5,122,20
ath-miR833b,138,142,4.274647887323944,4.5,2.5,0,0,4,109,33
mtr-miR5240,138,142,4.200704225352113,4.0,2.5,0,0,11,130,12
mtr-miR530,138,142,4.186619718309859,4.5,1.0,2,6,16,85,57
aly-miR4229,138,141,4.1063829787234045,4.0,0.5,1,2,27,125,16
osa-miR5543,138,141,4.320921985815603,4.5,2.5,0,0,8,107,34
sbi-miR5388,138,141,4.226950354609929,4.0,2.5,0,0,9,125,16
mtr-miR2645,138,140,4.360714285714286,4.5,2.5,0,0,6,118,22
osa-miR5516a,138,140,4.396428571428571,4.5,2.5,0,0,6,110,30
osa-miR5516b,138,140,4.396428571428571,4.5,2.5,0,0,6,110,30
pab-miR3706,138,140,4.464285714285714,4.5,2.5,0,0,7,110,30
ath-miR5632-5p,138,139,4.3147482014388485,4.5,3.0,0,0,7,122,17
bdi-miR5169a,138,139,4.143884892086331,4.0,1.5,0,1,13,120,19
bdi-miR5169b,138,139,4.143884892086331,4.0,1.5,0,1,13,120,19
mtr-miR5257,138,139,4.212230215827338,4.0,2.0,0,1,10,103,36
stu-miR8044-5p,138,139,4.246402877697841,4.5,2.5,0,0,7,122,17
cca-miR396c,138,138,4.278985507246377,4.5,2.0,0,1,9,107,31
aly-miR400-5p,137,159,4.331761006289308,4.5,1.5,0,7,11,138,21
ath-miR400,137,159,4.331761006289308,4.5,1.5,0,7,11,138,21
bra-miR400-5p,137,159,4.331761006289308,4.5,1.5,0,7,11,138,21
stu-miR319a-5p,137,151,4.466887417218543,4.5,1.5,0,1,2,111,40
cpa-miR8140,137,145,4.113793103448276,4.0,1.5,0,1,12,101,44
sbi-miR172b,137,145,4.103448275862069,4.5,0.5,6,9,17,107,38
tcc-miR172a,137,145,4.103448275862069,4.5,0.5,6,9,17,107,38
ath-miR779.1,137,143,4.381118881118881,4.5,2.0,0,1,5,113,30
bra-miR9562-3p,137,143,4.3671328671328675,4.5,2.0,0,1,10,109,34
pab-miR3707,137,143,4.2727272727272725,4.5,1.5,0,2,10,127,16
ssl-miR1078,137,143,4.27972027972028,4.5,2.0,0,2,12,121,22
stu-miR482a-5p,137,143,4.2377622377622375,4.5,2.0,0,1,10,132,11
aly-miR395e-5p,137,142,4.315140845070423,4.5,2.0,0,1,7,123,19
aly-miR395g-5p,137,142,4.315140845070423,4.5,2.0,0,1,7,123,19
bdi-miR5185m-3p,137,142,4.309859154929577,4.5,1.5,0,2,7,122,20
bra-miR395a-5p,137,142,4.315140845070423,4.5,2.0,0,1,7,123,19
bra-miR395b-5p,137,142,4.315140845070423,4.5,2.0,0,1,7,123,19
bra-miR395c-5p,137,142,4.315140845070423,4.5,2.0,0,1,7,123,19
bra-miR395d-5p,137,142,4.315140845070423,4.5,2.0,0,1,7,123,19
gma-miR4414-5p,137,142,4.496478873239437,4.5,2.5,0,0,4,119,23
mtr-miR395h,137,142,4.313380281690141,4.5,0.5,2,3,5,134,8
aly-miR159b-3p,137,141,4.166666666666667,4.5,0.5,4,7,13,110,31
ata-miR396a-5p,137,141,4.031914893617022,4.5,0.0,7,8,21,134,7
ata-miR396b-5p,137,141,4.031914893617022,4.5,0.0,7,8,21,134,7
ata-miR396d-5p,137,141,4.031914893617022,4.5,0.0,7,8,21,134,7
ath-miR159b-3p,137,141,4.166666666666667,4.5,0.5,4,7,13,110,31
bdi-miR396a-5p,137,141,4.031914893617022,4.5,0.0,7,8,21,134,7
bdi-miR396b-5p,137,141,4.031914893617022,4.5,0.0,7,8,21,134,7
far-miR396,137,141,4.031914893617022,4.5,0.0,7,8,21,134,7
gma-miR1534,137,141,4.404255319148936,4.5,3.0,0,0,4,120,21
osa-miR395w,137,141,4.039007092198582,4.0,2.0,0,2,23,112,29
osa-miR396e-5p,137,141,4.031914893617022,4.5,0.0,7,8,21,134,7
sbi-miR5566,137,141,4.223404255319149,4.0,2.5,0,0,12,93,48
ath-miR863-5p,137,140,4.375,4.5,2.5,0,0,5,115,25
bdi-miR530a,137,140,4.139285714285714,4.5,0.5,3,6,13,90,50
bdi-miR530b,137,140,4.139285714285714,4.5,0.5,3,6,13,90,50
esi-miR3460-5p,137,140,4.4,4.5,2.5,0,0,10,105,35
gma-miR1507c-3p,137,140,4.1571428571428575,4.5,1.5,0,2,18,108,32
mdm-miR171o,137,140,4.303571428571429,4.5,2.5,0,0,7,119,21
mtr-miR7699-5p,137,140,4.364285714285714,4.5,2.5,0,0,6,122,18
ptc-miR1448,137,140,4.378571428571429,4.5,2.5,0,0,8,105,35
aqc-miR529,137,139,4.262589928057554,4.5,1.0,5,7,9,118,21
gma-miR2109-5p,137,139,4.33453237410072,4.5,2.0,0,1,13,111,28
mtr-miR2677,137,139,4.154676258992806,4.0,2.5,0,0,12,120,19
osa-miR159d,137,139,4.215827338129497,4.5,1.5,0,5,12,118,21
sbi-miR396e,137,139,3.8884892086330933,4.0,0.0,7,8,20,117,22
zma-miR396c,137,139,3.8884892086330933,4.0,0.0,7,8,20,117,22
zma-miR396d,137,139,3.8884892086330933,4.0,0.0,7,8,20,117,22
bna-miR6028,137,138,4.398550724637682,4.5,2.5,0,0,5,120,18
ptc-miR6466-3p,137,138,4.255434782608695,4.5,2.5,0,0,9,116,22
ptc-miR6466-5p,137,138,4.358695652173913,4.5,1.5,0,1,7,108,30
zma-miR171h-5p,137,138,4.442028985507246,4.5,1.5,0,1,7,128,10
nta-miR6154a,137,137,4.427007299270073,4.5,3.0,0,0,3,117,20
nta-miR6154b,137,137,4.427007299270073,4.5,3.0,0,0,3,117,20
osa-miR2928,137,137,4.437956204379562,4.5,2.5,0,0,5,96,41
pta-miR952b,137,137,4.412408759124087,4.5,2.5,0,0,5,113,24
aly-miR319b-5p,136,148,4.449324324324325,4.5,1.5,0,1,2,109,39
cre-miR1147.2,136,147,4.482993197278912,4.5,2.5,0,0,7,122,25
stu-miR8039,136,145,4.31551724137931,4.5,2.0,0,1,11,117,28
bdi-miR5180a,136,144,4.204861111111111,4.0,2.5,0,0,7,115,29
bdi-miR5180b,136,144,4.204861111111111,4.0,2.5,0,0,7,115,29
gra-miR167a,136,144,4.331597222222222,4.5,2.5,0,0,10,122,22
gra-miR167b,136,144,4.331597222222222,4.5,2.5,0,0,10,122,22
osa-miR530-3p,136,142,4.123239436619718,4.0,2.0,0,3,13,124,18
cca-miR6111-5p,136,141,4.205673758865248,4.5,1.5,0,2,14,109,32
ptc-miR475a-5p,136,141,4.3120567375886525,4.5,2.0,0,1,6,117,24
ptc-miR475b-5p,136,141,4.3120567375886525,4.5,2.0,0,1,6,117,24
ptc-miR475d-5p,136,141,4.3120567375886525,4.5,2.0,0,1,6,117,24
ptc-miR482a.2,136,141,4.25531914893617,4.5,1.5,0,6,14,101,40
zma-miR169m-3p,136,141,4.432624113475177,4.5,3.0,0,0,5,118,23
ath-miR859,136,139,4.251798561151079,4.5,2.0,0,1,14,118,21
bdi-miR9482,136,139,4.244604316546763,4.5,2.0,0,1,9,107,32
ppt-miR1023a-3p,136,139,4.366906474820144,4.5,2.5,0,0,10,119,20
pta-miR319,136,139,4.379496402877698,4.5,1.5,0,3,7,119,20
rgl-miR5575,136,139,4.410071942446043,4.5,3.0,0,0,5,115,24
aly-miR3434-5p,136,138,4.246376811594203,4.5,2.5,0,0,9,111,27
ata-miR2275a-5p,136,138,4.47463768115942,4.5,2.0,0,1,7,115,23
ath-miR398a-5p,136,138,4.489130434782608,4.5,2.5,0,0,4,108,30
gma-miR4415a-3p,136,138,4.268115942028985,4.5,2.5,0,0,8,113,25
gma-miR4415b-3p,136,138,4.268115942028985,4.5,2.5,0,0,8,113,25
mtr-miR7696c-5p,136,138,4.307971014492754,4.5,2.5,0,0,9,99,39
osa-miR437,136,138,4.427536231884058,4.5,2.0,0,1,6,117,21
rgl-miR7807a-3p,136,138,4.230072463768116,4.0,2.5,0,0,7,107,31
sbi-miR437a,136,138,4.427536231884058,4.5,2.0,0,1,6,117,21
sbi-miR437b,136,138,4.427536231884058,4.5,2.0,0,1,6,117,21
sbi-miR437c,136,138,4.427536231884058,4.5,2.0,0,1,6,117,21
sbi-miR437d,136,138,4.427536231884058,4.5,2.0,0,1,6,117,21
sbi-miR437e,136,138,4.427536231884058,4.5,2.0,0,1,6,117,21
sbi-miR437f,136,138,4.427536231884058,4.5,2.0,0,1,6,117,21
sbi-miR437g,136,138,4.427536231884058,4.5,2.0,0,1,6,117,21
sbi-miR437i,136,138,4.427536231884058,4.5,2.0,0,1,6,117,21
sbi-miR437j,136,138,4.427536231884058,4.5,2.0,0,1,6,117,21
sbi-miR437k,136,138,4.427536231884058,4.5,2.0,0,1,6,117,21
sbi-miR437l,136,138,4.427536231884058,4.5,2.0,0,1,6,117,21
sbi-miR437m,136,138,4.427536231884058,4.5,2.0,0,1,6,117,21
sbi-miR437n,136,138,4.427536231884058,4.5,2.0,0,1,6,117,21
sbi-miR437o,136,138,4.427536231884058,4.5,2.0,0,1,6,117,21
sbi-miR437p,136,138,4.427536231884058,4.5,2.0,0,1,6,117,21
sbi-miR437q,136,138,4.427536231884058,4.5,2.0,0,1,6,117,21
sbi-miR437r,136,138,4.427536231884058,4.5,2.0,0,1,6,117,21
sbi-miR437s,136,138,4.427536231884058,4.5,2.0,0,1,6,117,21
sbi-miR437t,136,138,4.427536231884058,4.5,2.0,0,1,6,117,21
sbi-miR437u,136,138,4.427536231884058,4.5,2.0,0,1,6,117,21
sbi-miR437v,136,138,4.427536231884058,4.5,2.0,0,1,6,117,21
sbi-miR437w,136,138,4.427536231884058,4.5,2.0,0,1,6,117,21
ssp-miR437a,136,138,4.427536231884058,4.5,2.0,0,1,6,117,21
zma-miR166n-5p,136,138,4.467391304347826,4.5,2.5,0,0,3,114,24
lja-miR7542,136,137,4.434306569343065,4.5,2.0,0,1,5,106,31
osa-miR2098-3p,136,137,4.554744525547445,4.5,2.5,0,0,2,118,19
osa-miR444b.1,136,137,4.313868613138686,4.5,2.5,0,0,6,114,23
osa-miR444c.1,136,137,4.313868613138686,4.5,2.5,0,0,6,114,23
ppt-miR1038-5p,136,137,4.372262773722627,4.5,2.5,0,0,7,124,13
ppt-miR529e,136,137,4.2226277372262775,4.5,0.5,2,6,14,120,17
ppt-miR529f,136,137,4.2226277372262775,4.5,0.5,2,6,14,120,17
ptc-miR6476a,136,137,4.375912408759124,4.5,2.5,0,0,6,109,28
ptc-miR6476b,136,137,4.375912408759124,4.5,2.5,0,0,6,109,28
ptc-miR6476c,136,137,4.375912408759124,4.5,2.5,0,0,6,109,28
ptc-miR7815,136,137,4.423357664233577,4.5,2.0,0,1,6,114,23
ptc-miR7818,136,137,4.45985401459854,4.5,2.5,0,0,6,111,26
zma-miR171k-5p,136,137,4.437956204379562,4.5,1.5,0,1,7,128,9
nta-miR6145e,136,136,4.356617647058823,4.5,2.0,0,1,8,117,19
osa-miR1432-5p,136,136,4.415441176470588,4.5,2.0,0,2,6,107,29
mtr-miR319a-5p,135,166,4.129518072289157,4.0,2.5,0,0,19,108,58
mtr-miR5236a,135,143,4.276223776223776,4.5,2.5,0,0,10,126,17
mtr-miR5236b,135,143,4.276223776223776,4.5,2.5,0,0,10,126,17
mtr-miR5236c,135,143,4.276223776223776,4.5,2.5,0,0,10,126,17
mtr-miR5236d,135,143,4.276223776223776,4.5,2.5,0,0,10,126,17
mtr-miR5236e,135,143,4.276223776223776,4.5,2.5,0,0,10,126,17
ptc-miR7836,135,143,4.34965034965035,4.5,2.5,0,0,10,118,25
ptc-miR7837,135,143,4.34965034965035,4.5,2.5,0,0,10,118,25
ath-miR831-3p,135,142,4.080985915492958,4.0,2.0,0,2,20,113,29
mtr-miR2596,135,142,4.313380281690141,4.5,2.5,0,0,12,128,14
aly-miR3444a-5p,135,140,4.348214285714286,4.5,2.5,0,0,4,106,34
far-miR164a,135,140,4.232142857142857,4.5,1.0,1,5,13,119,21
far-miR164b,135,140,4.232142857142857,4.5,1.0,1,5,13,119,21
mtr-miR7696a-5p,135,140,4.196428571428571,4.5,2.0,0,2,10,113,27
mtr-miR7696b-5p,135,140,4.196428571428571,4.5,2.0,0,2,10,113,27
ath-miR403-5p,135,139,4.232014388489208,4.5,2.0,0,1,11,121,18
ath-miR419,135,139,4.341726618705036,4.5,2.5,0,0,9,110,29
ath-miR846-5p,135,139,4.251798561151079,4.5,2.0,0,1,6,103,36
bdi-miR444c,135,139,4.287769784172662,4.5,1.5,0,2,9,116,23
bdi-miR444d,135,139,4.287769784172662,4.5,1.5,0,2,9,116,23
gma-miR1513a-5p,135,139,4.4640287769784175,4.5,3.0,0,0,2,88,51
gma-miR1513b,135,139,4.4640287769784175,4.5,3.0,0,0,2,88,51
nta-miR482a,135,139,3.920863309352518,4.0,1.5,0,6,31,121,18
nta-miR482c,135,139,3.920863309352518,4.0,1.5,0,6,31,121,18
osa-miR444b.2,135,139,4.287769784172662,4.5,1.5,0,2,9,116,23
osa-miR444c.2,135,139,4.287769784172662,4.5,1.5,0,2,9,116,23
sly-miR482a,135,139,3.920863309352518,4.0,1.5,0,6,31,121,18
ssp-miR444c-3p,135,139,4.287769784172662,4.5,1.5,0,2,9,116,23
stu-miR482a-3p,135,139,3.920863309352518,4.0,1.5,0,6,31,121,18
zma-miR444a,135,139,4.287769784172662,4.5,1.5,0,2,9,116,23
zma-miR444b,135,139,4.287769784172662,4.5,1.5,0,2,9,116,23
bdi-miR319b-3p,135,138,4.5144927536231885,4.5,2.5,0,0,6,118,20
mtr-miR2665,135,138,4.202898550724638,4.5,2.0,0,2,10,119,19
mtr-miR7696c-3p,135,138,4.239130434782608,4.5,2.0,0,1,9,94,44
mtr-miR7696d-3p,135,138,4.239130434782608,4.5,2.0,0,1,9,94,44
ppt-miR1023c-3p,135,138,4.340579710144928,4.5,1.5,0,1,8,111,27
ptc-miR397c,135,138,4.307971014492754,4.5,1.5,0,2,11,103,35
smo-miR1093,135,138,4.322463768115942,4.5,2.5,0,0,8,113,25
aly-miR2112-3p,135,137,4.437956204379562,4.5,3.0,0,0,6,94,43
ath-miR2112-3p,135,137,4.437956204379562,4.5,3.0,0,0,6,94,43
gma-miR5035-5p,135,137,4.248175182481752,4.5,2.0,0,2,8,111,26
hvu-miR5051,135,137,4.299270072992701,4.5,2.5,0,0,8,114,23
mtr-miR395k,135,137,4.346715328467154,4.5,2.0,0,1,7,131,6
ppt-miR477h,135,137,4.357664233576642,4.5,0.0,2,2,6,108,29
smo-miR1101-3p,135,137,4.339416058394161,4.5,2.0,0,2,15,129,8
aly-miR395f-5p,135,136,4.408088235294118,4.5,2.5,0,0,5,113,23
ppt-miR534a,135,136,3.9981617647058822,4.0,1.5,0,2,29,121,15
hci-miR156a,135,135,4.344444444444444,4.5,1.5,0,8,12,118,17
nta-miR6020b,135,135,4.2481481481481485,4.5,2.0,0,1,6,104,31
ppt-miR1023a-5p,134,149,4.1879194630872485,4.5,2.0,0,1,13,116,33
gma-miR5380c,134,143,4.22027972027972,4.5,1.5,0,1,8,122,21
osa-miR2929,134,142,4.48943661971831,4.5,3.0,0,0,2,111,31
pta-miR950a,134,142,4.563380281690141,4.5,3.0,0,0,2,113,29
pta-miR950b,134,142,4.563380281690141,4.5,3.0,0,0,2,113,29
aly-miR166a-5p,134,141,4.365248226950355,4.5,2.5,0,0,8,107,34
aly-miR166c-5p,134,141,4.365248226950355,4.5,2.5,0,0,8,107,34
aly-miR166d-5p,134,141,4.365248226950355,4.5,2.5,0,0,8,107,34
bdi-miR166e-5p,134,141,4.365248226950355,4.5,2.5,0,0,8,107,34
csi-miR166e-5p,134,141,4.365248226950355,4.5,2.5,0,0,8,107,34
gma-miR166a-5p,134,141,4.365248226950355,4.5,2.5,0,0,8,107,34
gma-miR166c-5p,134,141,4.365248226950355,4.5,2.5,0,0,8,107,34
gma-miR166l,134,141,4.365248226950355,4.5,2.5,0,0,8,107,34
mtr-miR166g-5p,134,141,4.365248226950355,4.5,2.5,0,0,8,107,34
osa-miR166d-5p,134,141,4.365248226950355,4.5,2.5,0,0,8,107,34
stu-miR166a-5p,134,141,4.365248226950355,4.5,2.5,0,0,8,107,34
zma-miR166c-5p,134,141,4.365248226950355,4.5,2.5,0,0,8,107,34
egu-miR172d,134,140,4.041071428571429,4.5,1.0,2,10,18,118,22
egu-miR172e,134,140,4.041071428571429,4.5,1.0,2,10,18,118,22
egu-miR172f,134,140,4.041071428571429,4.5,1.0,2,10,18,118,22
gma-miR5041-3p,134,140,4.225,4.5,1.5,0,1,9,114,26
osa-miR172c,134,140,4.041071428571429,4.5,1.0,2,10,18,118,22
osa-miR1847.1,134,140,4.335714285714285,4.5,2.5,0,0,5,113,27
pab-miR482b,134,140,4.166071428571429,4.5,2.5,0,0,15,114,26
pde-miR482b,134,140,4.166071428571429,4.5,2.5,0,0,15,114,26
ptc-miR6445a,134,140,4.207142857142857,4.5,1.5,0,1,15,118,22
ptc-miR6445b,134,140,4.207142857142857,4.5,1.5,0,1,15,118,22
sbi-miR172e,134,140,4.041071428571429,4.5,1.0,2,10,18,118,22
aqu-miR-2020-5p,134,139,4.442446043165468,4.5,1.5,0,1,10,116,23
ppt-miR1216,134,139,4.323741007194244,4.5,2.0,0,1,8,121,18
vvi-miR172b,134,139,4.244604316546763,4.5,2.0,0,6,18,107,32
cme-miR319c,134,138,4.403985507246377,4.5,1.5,0,3,7,119,19
cme-miR319d,134,138,4.403985507246377,4.5,1.5,0,3,7,119,19
gma-miR164b,134,138,4.239130434782608,4.5,0.0,4,4,11,114,24
gma-miR164c,134,138,4.239130434782608,4.5,0.0,4,4,11,114,24
gma-miR164d,134,138,4.239130434782608,4.5,0.0,4,4,11,114,24
nta-miR6021,134,138,4.255434782608695,4.5,2.0,0,1,10,115,23
ptc-miR319e,134,138,4.403985507246377,4.5,1.5,0,3,7,119,19
ptc-miR319f,134,138,4.403985507246377,4.5,1.5,0,3,7,119,19
ptc-miR319g,134,138,4.403985507246377,4.5,1.5,0,3,7,119,19
ptc-miR319h,134,138,4.403985507246377,4.5,1.5,0,3,7,119,19
ptc-miR6463,134,138,4.2898550724637685,4.5,3.0,0,0,7,113,25
stu-miR319b,134,138,4.403985507246377,4.5,1.5,0,3,7,119,19
ath-miR5014a-3p,134,137,4.481751824817518,4.5,3.0,0,0,3,122,15
bra-miR5716,134,137,4.405109489051095,4.5,2.5,0,0,6,116,21
gma-miR1508b,134,137,4.317518248175182,4.5,1.0,1,2,7,111,26
mtr-miR2628,134,137,4.4489051094890515,4.5,2.5,0,0,3,109,28
ptc-miR159d,134,137,4.248175182481752,4.5,1.5,0,4,11,116,21
sbi-miR159b,134,137,4.248175182481752,4.5,1.5,0,4,11,116,21
sof-miR159c,134,137,4.248175182481752,4.5,1.5,0,4,11,116,21
stu-miR5304-3p,134,137,4.343065693430657,4.5,2.5,0,0,7,123,14
zma-miR159c-3p,134,137,4.248175182481752,4.5,1.5,0,4,11,116,21
zma-miR159d-3p,134,137,4.248175182481752,4.5,1.5,0,4,11,116,21
ath-miR8184,134,136,4.455882352941177,4.5,2.5,0,0,1,114,22
bdi-miR7777-5p.1,134,136,4.330882352941177,4.5,2.0,0,2,5,125,11
bra-miR172b-5p,134,136,4.1286764705882355,4.0,1.5,0,3,11,112,24
ddi-miR-7131a-5p,134,136,4.444852941176471,4.5,2.5,0,0,6,109,27
gra-miR7492g,134,136,4.430147058823529,4.5,3.0,0,0,4,113,23
gra-miR7492h,134,136,4.430147058823529,4.5,3.0,0,0,4,113,23
gra-miR7492i,134,136,4.430147058823529,4.5,3.0,0,0,4,113,23
gra-miR7492j,134,136,4.430147058823529,4.5,3.0,0,0,4,113,23
gra-miR7492k,134,136,4.430147058823529,4.5,3.0,0,0,4,113,23
gra-miR8759,134,136,4.459558823529412,4.5,2.5,0,0,4,112,24
tae-miR9656-3p,134,136,4.367647058823529,4.5,3.0,0,0,7,103,33
cre-miR1158,134,135,4.451851851851852,4.5,2.5,0,0,4,114,21
osa-miR5519,134,135,4.411111111111111,4.5,3.0,0,0,6,108,27
stu-miR171b-5p,134,135,4.433333333333334,4.5,2.5,0,0,5,119,16
zma-miR166k-5p,134,135,4.433333333333334,4.5,2.5,0,0,3,115,20
bdi-miR9497,134,134,4.358208955223881,4.5,2.5,0,0,1,86,48
ptc-miR6444,134,134,4.440298507462686,4.5,3.0,0,0,4,109,25
zma-miR397a-5p,134,134,4.235074626865671,4.5,2.0,0,6,13,101,33
zma-miR397b-5p,134,134,4.235074626865671,4.5,2.0,0,6,13,101,33
stu-miR8035,133,145,4.048275862068966,4.5,2.0,0,2,27,93,52
aly-miR159b-5p,133,142,4.362676056338028,4.5,2.5,0,0,3,99,43
aly-miR172a-3p,133,142,4.095070422535211,4.25,0.5,3,8,18,116,26
aly-miR172b-3p,133,142,4.095070422535211,4.25,0.5,3,8,18,116,26
aqc-miR172a,133,142,4.095070422535211,4.25,0.5,3,8,18,116,26
ata-miR172b-3p,133,142,4.095070422535211,4.25,0.5,3,8,18,116,26
ath-miR159b-5p,133,142,4.362676056338028,4.5,2.5,0,0,3,99,43
ath-miR172a,133,142,4.095070422535211,4.25,0.5,3,8,18,116,26
ath-miR172b-3p,133,142,4.095070422535211,4.25,0.5,3,8,18,116,26
bdi-miR172a-3p,133,142,4.095070422535211,4.25,0.5,3,8,18,116,26
bna-miR172a,133,142,4.095070422535211,4.25,0.5,3,8,18,116,26
bol-miR172a,133,142,4.095070422535211,4.25,0.5,3,8,18,116,26
bol-miR172b,133,142,4.095070422535211,4.25,0.5,3,8,18,116,26
bra-miR172a,133,142,4.095070422535211,4.25,0.5,3,8,18,116,26
bra-miR172b-3p,133,142,4.095070422535211,4.25,0.5,3,8,18,116,26
cca-miR172,133,142,4.095070422535211,4.25,0.5,3,8,18,116,26
cme-miR172b,133,142,4.095070422535211,4.25,0.5,3,8,18,116,26
cme-miR172c,133,142,4.095070422535211,4.25,0.5,3,8,18,116,26
dpr-miR172a,133,142,4.095070422535211,4.25,0.5,3,8,18,116,26
dpr-miR172b,133,142,4.095070422535211,4.25,0.5,3,8,18,116,26
egu-miR172a,133,142,4.095070422535211,4.25,0.5,3,8,18,116,26
egu-miR172b,133,142,4.095070422535211,4.25,0.5,3,8,18,116,26
egu-miR172c,133,142,4.095070422535211,4.25,0.5,3,8,18,116,26
gma-miR172a,133,142,4.095070422535211,4.25,0.5,3,8,18,116,26
gma-miR172b-3p,133,142,4.095070422535211,4.25,0.5,3,8,18,116,26
gma-miR172h-3p,133,142,4.095070422535211,4.25,0.5,3,8,18,116,26
mdm-miR172d,133,142,4.095070422535211,4.25,0.5,3,8,18,116,26
mdm-miR172e,133,142,4.095070422535211,4.25,0.5,3,8,18,116,26
mdm-miR172f,133,142,4.095070422535211,4.25,0.5,3,8,18,116,26
mdm-miR172g,133,142,4.095070422535211,4.25,0.5,3,8,18,116,26
mdm-miR172h,133,142,4.095070422535211,4.25,0.5,3,8,18,116,26
mes-miR172a,133,142,4.095070422535211,4.25,0.5,3,8,18,116,26
mes-miR172b,133,142,4.095070422535211,4.25,0.5,3,8,18,116,26
mes-miR172d,133,142,4.095070422535211,4.25,0.5,3,8,18,116,26
mtr-miR172b,133,142,4.095070422535211,4.25,0.5,3,8,18,116,26
mtr-miR172c-3p,133,142,4.095070422535211,4.25,0.5,3,8,18,116,26
nta-miR172c,133,142,4.095070422535211,4.25,0.5,3,8,18,116,26
nta-miR172d,133,142,4.095070422535211,4.25,0.5,3,8,18,116,26
nta-miR172e,133,142,4.095070422535211,4.25,0.5,3,8,18,116,26
nta-miR172f,133,142,4.095070422535211,4.25,0.5,3,8,18,116,26
nta-miR172g,133,142,4.095070422535211,4.25,0.5,3,8,18,116,26
nta-miR172h,133,142,4.095070422535211,4.25,0.5,3,8,18,116,26
nta-miR172i,133,142,4.095070422535211,4.25,0.5,3,8,18,116,26
osa-miR172a,133,142,4.095070422535211,4.25,0.5,3,8,18,116,26
osa-miR172d-3p,133,142,4.095070422535211,4.25,0.5,3,8,18,116,26
ptc-miR172a,133,142,4.095070422535211,4.25,0.5,3,8,18,116,26
ptc-miR172b-3p,133,142,4.095070422535211,4.25,0.5,3,8,18,116,26
ptc-miR172c,133,142,4.095070422535211,4.25,0.5,3,8,18,116,26
ptc-miR172f,133,142,4.095070422535211,4.25,0.5,3,8,18,116,26
sly-miR172a,133,142,4.095070422535211,4.25,0.5,3,8,18,116,26
sly-miR172b,133,142,4.095070422535211,4.25,0.5,3,8,18,116,26
ssl-miR172,133,142,4.095070422535211,4.25,0.5,3,8,18,116,26
stu-miR172a-3p,133,142,4.095070422535211,4.25,0.5,3,8,18,116,26
stu-miR172b-3p,133,142,4.095070422535211,4.25,0.5,3,8,18,116,26
stu-miR172e-3p,133,142,4.095070422535211,4.25,0.5,3,8,18,116,26
tcc-miR172b,133,142,4.095070422535211,4.25,0.5,3,8,18,116,26
tcc-miR172e,133,142,4.095070422535211,4.25,0.5,3,8,18,116,26
vun-miR172,133,142,4.095070422535211,4.25,0.5,3,8,18,116,26
gma-miR4992,133,141,4.203900709219858,4.5,2.5,0,0,14,122,19
ppt-miR1030j,133,141,4.308510638297872,4.5,0.5,2,3,12,108,33
mtr-miR2638a,133,140,4.207142857142857,4.5,2.0,0,1,10,117,23
mtr-miR2638b,133,140,4.207142857142857,4.5,2.0,0,1,10,117,23
osa-miR1439,133,140,4.298214285714286,4.5,2.5,0,0,10,126,14
osa-miR3980a-3p,133,140,4.239285714285714,4.5,1.5,0,2,16,125,15
osa-miR3980b-3p,133,140,4.239285714285714,4.5,1.5,0,2,16,125,15
stu-miR1886g-3p,133,140,4.025,4.0,2.0,0,1,26,108,32
stu-miR8037,133,139,4.201438848920863,4.0,2.5,0,0,14,126,13
gma-miR319c,133,138,4.536231884057971,4.5,3.0,0,0,3,110,28
gma-miR4413b,133,138,4.528985507246377,4.5,3.0,0,0,4,123,15
gra-miR8787,133,138,4.206521739130435,4.5,2.5,0,0,11,91,47
zma-miR395n-5p,133,138,4.2101449275362315,4.5,2.5,0,0,9,121,17
ata-miR396a-3p,133,137,4.237226277372263,4.5,2.5,0,0,5,108,29
ath-miR3440b-5p,133,137,4.273722627737226,4.5,2.5,0,0,7,97,40
bdi-miR396a-3p,133,137,4.237226277372263,4.5,2.5,0,0,5,108,29
bdi-miR7741-3p.1,133,137,4.357664233576642,4.5,3.0,0,0,1,114,23
gma-miR2108a,133,137,4.386861313868613,4.5,2.5,0,0,4,117,20
gma-miR5373,133,137,4.3010948905109485,4.5,2.5,0,0,6,109,28
mtr-miR5214-5p,133,137,4.474452554744525,4.5,2.0,0,1,7,109,28
vvi-miR3633b-5p,133,137,4.390510948905109,4.5,3.0,0,0,2,123,14
aly-miR4227,133,136,4.332720588235294,4.5,2.0,0,1,7,106,30
bdi-miR7742-3p,133,136,4.408088235294118,4.5,2.0,0,2,3,107,29
cpa-miR164d,133,136,4.290441176470588,4.5,2.0,0,1,9,119,17
cpa-miR164e,133,136,4.290441176470588,4.5,2.0,0,1,9,119,17
gma-miR4994-5p,133,136,4.536764705882353,4.5,2.5,0,0,3,102,34
mtr-miR2086-5p,133,136,4.283088235294118,4.5,2.5,0,0,12,100,36
ptc-miR7827,133,136,4.268382352941177,4.5,2.5,0,0,8,121,15
vun-miR164,133,136,4.290441176470588,4.5,2.0,0,1,9,119,17
zma-miR169o-3p,133,136,4.382352941176471,4.5,2.0,0,1,4,116,20
aly-miR162a-5p,133,135,4.492592592592593,4.5,3.0,0,0,3,98,37
aly-miR162b-5p,133,135,4.492592592592593,4.5,3.0,0,0,3,98,37
ath-miR773b-5p,133,135,4.496296296296296,4.5,3.0,0,0,2,118,17
bra-miR162-5p,133,135,4.492592592592593,4.5,3.0,0,0,3,98,37
mdm-miR7128,133,135,4.431481481481481,4.5,2.5,0,0,6,106,29
mtr-miR2592ap,133,135,4.437037037037037,4.5,2.0,0,1,6,95,40
mtr-miR2592aq,133,135,4.437037037037037,4.5,2.0,0,1,6,95,40
mtr-miR2592ar,133,135,4.437037037037037,4.5,2.0,0,1,6,96,39
mtr-miR2592as,133,135,4.437037037037037,4.5,2.0,0,1,6,95,40
mtr-miR2592at,133,135,4.437037037037037,4.5,2.0,0,1,6,95,40
mtr-miR2592au,133,135,4.437037037037037,4.5,2.0,0,1,6,96,39
mtr-miR2592av,133,135,4.437037037037037,4.5,2.0,0,1,6,96,39
mtr-miR2592aw,133,135,4.437037037037037,4.5,2.0,0,1,6,95,40
mtr-miR2592ax,133,135,4.437037037037037,4.5,2.0,0,1,6,95,40
mtr-miR2592ay,133,135,4.437037037037037,4.5,2.0,0,1,6,96,39
mtr-miR2592az,133,135,4.437037037037037,4.5,2.0,0,1,6,95,40
mtr-miR2592ba,133,135,4.437037037037037,4.5,2.0,0,1,6,96,39
mtr-miR2592bb,133,135,4.437037037037037,4.5,2.0,0,1,6,95,40
mtr-miR2592bc,133,135,4.437037037037037,4.5,2.0,0,1,6,95,40
mtr-miR2592bd,133,135,4.437037037037037,4.5,2.0,0,1,6,95,40
mtr-miR2592be,133,135,4.437037037037037,4.5,2.0,0,1,6,95,40
mtr-miR2592bf,133,135,4.437037037037037,4.5,2.0,0,1,6,96,39
mtr-miR2592bg,133,135,4.437037037037037,4.5,2.0,0,1,6,95,40
osa-miR5492,133,135,4.385185185185185,4.5,2.0,0,1,5,98,37
ppt-miR1023b-3p,133,135,4.270370370370371,4.5,2.0,0,2,11,110,25
ppt-miR1211-5p,133,135,4.340740740740741,4.5,2.0,0,1,7,121,14
ppt-miR904a,133,135,4.2481481481481485,4.5,2.5,0,0,6,114,21
ppt-miR904b,133,135,4.2481481481481485,4.5,2.5,0,0,6,114,21
stu-miR162a-5p,133,135,4.492592592592593,4.5,3.0,0,0,3,98,37
stu-miR162b-5p,133,135,4.492592592592593,4.5,3.0,0,0,3,98,37
zma-miR171n-5p,133,135,4.444444444444445,4.5,3.0,0,0,6,113,22
gra-miR7506b,133,134,4.513059701492537,4.5,2.5,0,0,2,123,11
ppt-miR1064-5p,133,134,4.156716417910448,4.5,1.5,0,4,11,96,38
tae-miR1127a,133,134,4.522388059701493,4.5,2.5,0,0,3,113,21
bdi-miR7715-5p,133,133,4.2894736842105265,4.5,2.0,0,1,7,117,16
zma-miR167g-3p,133,133,4.387218045112782,4.5,2.5,0,0,7,118,15
zma-miR2275c-5p,132,146,4.325342465753424,4.5,2.5,0,0,7,128,18
ppt-miR1023b-5p,132,145,4.182758620689655,4.0,2.0,0,1,13,118,27
ata-miR172a-3p,132,143,4.066433566433567,4.0,0.5,3,8,18,118,25
gra-miR7494b,132,140,3.9410714285714286,4.0,1.5,0,4,28,128,12
bna-miR6032,132,139,4.363309352517986,4.5,2.5,0,0,7,103,36
ppt-miR2084,132,138,4.438405797101449,4.5,3.0,0,0,6,122,16
ath-miR2934-3p,132,137,4.317518248175182,4.5,2.0,0,1,9,107,30
bdi-miR5069,132,136,4.375,4.5,1.5,0,1,4,117,19
gma-miR171k-5p,132,136,4.382352941176471,4.5,1.5,0,1,8,120,16
gma-miR171l,132,136,4.382352941176471,4.5,1.5,0,1,8,120,16
lja-miR171d-3p,132,136,4.382352941176471,4.5,1.5,0,1,8,120,16
mtr-miR171e-5p,132,136,4.382352941176471,4.5,1.5,0,1,8,120,16
ppt-miR1060,132,136,4.3161764705882355,4.5,2.5,0,0,10,117,19
bra-miR9408-5p,132,135,4.2518518518518515,4.5,2.5,0,0,10,120,15
gma-miR171n,132,135,4.4185185185185185,4.5,1.5,0,1,3,107,28
gma-miR171p,132,135,4.4185185185185185,4.5,1.5,0,1,3,107,28
gma-miR5767,132,135,4.383333333333334,4.5,3.0,0,0,3,122,13
osa-miR5529,132,135,4.4185185185185185,4.5,2.0,0,1,6,113,22
sbi-miR5568c-5p,132,135,4.318518518518519,4.5,2.5,0,0,4,95,40
sbi-miR6230-5p,132,135,4.303703703703704,4.5,2.0,0,1,11,94,41
stu-miR8043,132,135,4.281481481481482,4.5,3.0,0,0,6,121,14
ath-miR779.2,132,134,4.287313432835821,4.5,1.5,0,1,6,113,21
ath-miR822-3p,132,134,4.470149253731344,4.5,3.0,0,0,4,114,20
bdi-miR9486b,132,134,4.309701492537314,4.5,2.0,0,1,5,111,23
csi-miR3952,132,134,4.451492537313433,4.5,2.5,0,0,6,123,11
mdm-miR7120a,132,134,4.332089552238806,4.5,2.0,0,1,7,107,27
mdm-miR7120b,132,134,4.332089552238806,4.5,2.0,0,1,7,107,27
nta-miR6145d,132,134,4.384328358208955,4.5,2.5,0,0,4,112,22
osa-miR5524,132,134,4.4888059701492535,4.5,3.0,0,0,3,111,23
rgl-miR7807b-3p,132,134,4.128731343283582,4.0,2.5,0,0,9,118,16
sly-miR6022,132,134,4.399253731343284,4.5,2.5,0,0,7,108,26
stu-miR6022,132,134,4.399253731343284,4.5,2.5,0,0,7,108,26
bdi-miR7767-3p,132,133,4.353383458646617,4.5,2.0,0,2,6,96,37
esi-miR8624b,132,133,4.06390977443609,4.0,2.0,0,4,20,96,37
stu-miR482b-5p,132,133,4.366541353383458,4.5,3.0,0,0,5,121,12
ath-miR8168,132,132,4.503787878787879,4.5,3.0,0,0,4,102,30
mtr-miR156j,132,132,4.3522727272727275,4.5,1.5,0,7,12,117,15
osa-miR1851,132,132,4.3977272727272725,4.5,1.5,0,1,3,113,19
ptc-miR475c,131,152,4.305921052631579,4.5,2.0,0,2,12,136,16
stu-miR8051-5p,131,150,4.46,4.5,2.5,0,0,5,128,22
pab-miR482c,131,148,4.260135135135135,4.5,2.0,0,2,20,115,33
pde-miR482a,131,148,4.260135135135135,4.5,2.0,0,2,20,115,33
vvi-miR482,131,148,4.260135135135135,4.5,2.0,0,2,20,115,33
ata-miR395a-5p,131,142,4.186619718309859,4.5,2.0,0,1,14,113,29
ata-miR395f-5p,131,142,4.186619718309859,4.5,2.0,0,1,14,113,29
ppt-miR1055,131,140,4.191071428571429,4.0,2.0,0,1,11,123,17
zma-miR395k-5p,131,140,3.9857142857142858,4.0,1.0,1,3,19,115,25
hvu-miR6191,131,139,4.4928057553956835,4.5,2.5,0,0,3,117,22
hbr-miR6483,131,138,4.202898550724638,4.5,1.0,1,2,13,111,27
gma-miR5039,131,137,4.233576642335766,4.5,2.5,0,0,8,107,30
ghr-miR7495a,131,136,4.227941176470588,4.5,2.5,0,0,11,110,26
ghr-miR7495b,131,136,4.227941176470588,4.5,2.5,0,0,11,110,26
sly-miR395a,131,136,4.272058823529412,4.5,1.5,0,3,8,127,9
sly-miR395b,131,136,4.272058823529412,4.5,1.5,0,3,8,127,9
tae-miR9674a-5p,131,136,4.1911764705882355,4.5,2.0,0,1,14,111,25
mtr-miR5212-5p,131,135,4.192592592592592,4.5,2.0,0,1,13,101,34
mtr-miR5757,131,135,4.237037037037037,4.5,1.5,0,1,8,97,38
ptc-miR472b,131,135,3.9851851851851854,4.0,1.0,1,6,24,89,46
aly-miR3444a-3p,131,134,4.33955223880597,4.5,2.0,0,1,6,110,24
bra-miR9554-3p,131,134,4.380597014925373,4.5,2.0,0,1,7,119,15
cca-miR6108f,131,134,4.2835820895522385,4.5,2.5,0,0,6,117,17
gma-miR5559,131,134,4.272388059701493,4.5,3.0,0,0,10,104,30
mtr-miR5559-5p,131,134,4.272388059701493,4.5,3.0,0,0,10,104,30
ppt-miR1064-3p,131,134,4.3861940298507465,4.5,2.5,0,0,8,124,10
ppt-miR902d-3p,131,134,4.503731343283582,4.5,2.5,0,0,2,104,30
ata-miR172a-5p,131,133,4.214285714285714,4.5,3.0,0,0,9,108,25
gso-miR2109,131,133,4.323308270676692,4.5,2.0,0,1,13,106,27
sbi-miR6230-3p,131,133,4.330827067669173,4.5,2.5,0,0,7,112,21
aly-miR394a-3p,131,132,4.511363636363637,4.5,3.0,0,0,1,110,22
ath-miR169a-3p,131,132,4.488636363636363,4.5,3.0,0,0,5,104,28
bdi-miR5182,131,132,4.375,4.5,2.5,0,0,3,117,15
bra-miR5712,131,132,4.375,4.5,2.0,0,1,6,118,14
mes-miR166i,131,132,4.051136363636363,4.5,1.0,3,7,18,100,32
pta-miR946a-5p,131,132,4.443181818181818,4.5,2.0,0,1,6,115,17
ptc-miR396e-3p,131,132,4.494318181818182,4.5,3.0,0,0,2,98,34
mtr-miR2654,131,131,4.488549618320611,4.5,2.5,0,0,6,113,18
ppt-miR1046-3p,131,131,4.396946564885496,4.5,1.5,0,1,5,106,25
stu-miR8038a-3p,131,131,4.1603053435114505,4.5,2.0,0,1,8,90,41
stu-miR8038b-3p,131,131,4.1603053435114505,4.5,2.0,0,1,8,90,41
mtr-miR168a,130,159,4.188679245283019,4.0,2.0,0,1,15,130,29
gma-miR408d,130,141,4.549645390070922,4.5,2.5,0,0,4,120,21
mtr-miR5557-3p,130,141,4.273049645390071,4.5,1.5,0,2,9,107,34
sly-miR6023,130,139,4.201438848920863,4.5,2.0,0,1,15,111,28
ath-miR5020c,130,138,4.322463768115942,4.5,3.0,0,0,9,124,14
ata-miR395d-5p,130,137,4.346715328467154,4.5,2.0,0,2,9,119,18
csi-miR172a-5p,130,136,4.319852941176471,4.5,2.0,0,1,12,121,15
gma-miR172k,130,136,4.064338235294118,4.5,1.0,2,10,18,113,23
aly-miR3436-3p,130,135,4.344444444444444,4.5,1.5,0,1,10,103,32
bra-miR408-5p,130,135,4.457407407407407,4.5,3.0,0,0,5,123,12
bra-miR9565-5p,130,135,4.262962962962963,4.5,2.5,0,0,5,117,18
cme-miR858,130,135,4.092592592592593,4.5,1.0,1,6,21,112,23
mes-miR172c,130,135,4.233333333333333,4.5,2.0,0,6,18,107,28
ptc-miR7821,130,135,4.270370370370371,4.5,2.5,0,0,13,123,12
aqc-miR408,130,134,4.227611940298507,4.5,1.5,0,1,10,118,16
cme-miR168,130,134,4.4664179104477615,4.5,2.0,0,1,7,116,18
osa-miR5147,130,134,4.298507462686567,4.5,2.0,0,3,12,112,22
ptc-miR159e,130,134,4.291044776119403,4.5,1.5,0,1,4,111,23
stu-miR172a-5p,130,134,4.369402985074627,4.5,2.5,0,0,9,124,10
ath-miR5641,130,133,4.163533834586466,4.25,2.0,0,1,7,94,39
cme-miR319a,130,133,4.381578947368421,4.5,1.5,0,3,7,115,18
cme-miR319b,130,133,4.381578947368421,4.5,1.5,0,3,7,115,18
ctr-miR319,130,133,4.381578947368421,4.5,1.5,0,3,7,115,18
gma-miR319a,130,133,4.381578947368421,4.5,1.5,0,3,7,115,18
gma-miR319b,130,133,4.381578947368421,4.5,1.5,0,3,7,115,18
gma-miR319e,130,133,4.381578947368421,4.5,1.5,0,3,7,115,18
gra-miR7505b,130,133,4.462406015037594,4.5,2.5,0,0,7,88,45
mtr-miR319a-3p,130,133,4.381578947368421,4.5,1.5,0,3,7,115,18
mtr-miR319b-3p,130,133,4.381578947368421,4.5,1.5,0,3,7,115,18
osa-miR444a-5p,130,133,4.315789473684211,4.5,2.5,0,0,8,117,16
ppt-miR1056,130,133,4.296992481203008,4.5,2.5,0,0,5,94,39
ptc-miR319a,130,133,4.381578947368421,4.5,1.5,0,3,7,115,18
ptc-miR319b,130,133,4.381578947368421,4.5,1.5,0,3,7,115,18
ptc-miR319c,130,133,4.381578947368421,4.5,1.5,0,3,7,115,18
ptc-miR319d,130,133,4.381578947368421,4.5,1.5,0,3,7,115,18
sly-miR9471b-3p,130,133,4.443609022556391,4.5,2.5,0,0,7,97,36
bdi-miR5057,130,132,4.236742424242424,4.5,2.5,0,0,8,113,19
nta-miR6147,130,132,4.399621212121212,4.5,3.0,0,0,3,119,13
osa-miR5822,130,132,4.492424242424242,4.5,3.0,0,0,2,118,14
tae-miR530,130,132,4.242424242424242,4.5,2.0,0,3,10,123,9
zma-miR2275b-5p,130,132,4.242424242424242,4.5,1.5,0,1,13,96,36
ath-miR5640,130,131,4.255725190839694,4.5,3.0,0,0,5,112,19
bdi-miR7753-3p,130,131,4.398854961832061,4.5,2.5,0,0,5,111,20
cpa-miR8134,130,131,4.442748091603053,4.5,3.0,0,0,3,110,21
gma-miR2108b,130,131,4.3816793893129775,4.5,2.5,0,0,6,114,17
osa-miR2863b,130,131,4.416030534351145,4.5,2.5,0,0,4,118,13
osa-miR395v,130,131,4.347328244274809,4.5,2.5,0,0,8,119,12
sbi-miR821d,130,131,4.122137404580153,4.0,2.5,0,0,14,97,34
tae-miR9652-5p,130,131,4.3893129770992365,4.5,2.0,0,2,11,107,24
zma-miR396g-3p,130,131,4.351145038167939,4.5,2.0,0,1,11,114,17
aly-miR167a-3p,130,130,4.365384615384615,4.5,3.0,0,0,2,80,50
ath-miR167a-3p,130,130,4.365384615384615,4.5,3.0,0,0,2,80,50
mdm-miR482b,129,153,4.218954248366013,4.5,2.0,0,1,15,116,37
mtr-miR319b-5p,129,138,4.166666666666667,4.0,1.5,0,2,10,109,29
smo-miR1095a,129,137,4.317518248175182,4.5,2.0,0,2,4,124,13
smo-miR1095b,129,137,4.317518248175182,4.5,2.0,0,2,4,124,13
vvi-miR399d,129,137,4.483576642335766,4.5,2.5,0,0,4,117,20
gma-miR390b-5p,129,136,4.275735294117647,4.5,2.5,0,0,11,112,24
gma-miR390d,129,136,4.275735294117647,4.5,2.5,0,0,11,112,24
mtr-miR5221,129,136,4.202205882352941,4.0,2.5,0,0,10,124,12
nta-miR390a,129,136,4.275735294117647,4.5,2.5,0,0,11,112,24
osa-miR5533,129,136,4.408088235294118,4.5,2.0,0,1,8,111,25
ptc-miR399c,129,136,4.476102941176471,4.5,2.5,0,0,4,117,19
rco-miR399f,129,136,4.476102941176471,4.5,2.5,0,0,4,117,19
sly-miR390a-5p,129,136,4.275735294117647,4.5,2.5,0,0,11,112,24
stu-miR390-5p,129,136,4.275735294117647,4.5,2.5,0,0,11,112,24
zma-miR166j-5p,129,135,4.103703703703704,4.0,1.5,0,4,19,107,28
ath-miR8171,129,134,4.402985074626866,4.5,2.0,0,1,6,109,25
csi-miR530a,129,134,4.08955223880597,4.0,0.5,3,6,13,90,44
gma-miR390e,129,134,4.384328358208955,4.5,2.0,0,3,9,127,7
vvi-miR172a,129,134,4.2164179104477615,4.5,2.0,0,6,18,102,32
ath-miR830-5p,129,133,4.148496240601504,4.0,2.0,0,1,12,106,27
gra-miR8680,129,133,4.443609022556391,4.5,2.0,0,1,3,108,25
vvi-miR477a,129,133,4.2593984962406015,4.5,1.0,1,2,8,108,25
zma-miR395o-3p,129,133,4.421052631578948,4.5,2.0,0,3,5,124,9
bdi-miR444a,129,132,4.229166666666667,4.5,2.0,0,2,12,119,13
gra-miR477,129,132,4.378787878787879,4.5,3.0,0,0,7,116,16
hvu-miR444a,129,132,4.229166666666667,4.5,2.0,0,2,12,119,13
mtr-miR2643b-5p,129,132,4.40530303030303,4.5,2.5,0,0,6,104,28
osa-miR1425-3p,129,132,4.303030303030303,4.5,2.5,0,0,12,109,23
ppt-miR1069-5p,129,132,4.34280303030303,4.5,2.0,0,1,10,118,14
ppt-miR529g,129,132,4.337121212121212,4.5,1.5,0,4,11,117,15
aly-miR396a-3p,129,131,4.358778625954199,4.5,1.5,0,1,7,103,28
aly-miR823-5p,129,131,4.442748091603053,4.5,2.5,0,0,6,115,16
ath-miR156i,129,131,4.280534351145038,4.5,0.0,7,7,9,113,18
ath-miR396a-3p,129,131,4.358778625954199,4.5,1.5,0,1,7,103,28
gma-miR396i-3p,129,131,4.358778625954199,4.5,1.5,0,1,7,103,28
gma-miR482e,129,131,4.316793893129771,4.5,1.5,0,1,6,113,18
gma-miR9755,129,131,4.33587786259542,4.5,2.0,0,2,7,86,45
mes-miR159c,129,131,4.305343511450381,4.5,0.0,1,1,8,117,14
mes-miR159d,129,131,4.305343511450381,4.5,0.0,1,1,8,117,14
mtr-miR396b-3p,129,131,4.358778625954199,4.5,1.5,0,1,7,103,28
ppt-miR1057,129,131,4.2748091603053435,4.5,2.5,0,0,7,111,20
pta-miR1315,129,131,4.293893129770993,4.5,2.0,0,1,7,110,21
ptc-miR7822,129,131,4.4541984732824424,4.5,2.5,0,0,5,104,27
pvu-miR1514a,129,131,4.209923664122138,4.5,2.0,0,1,13,99,32
sly-miR396a-3p,129,131,4.358778625954199,4.5,1.5,0,1,7,103,28
aly-miR773b-3p,129,130,4.4,4.5,2.5,0,0,4,111,19
ath-miR8183,129,130,4.476923076923077,4.5,2.5,0,0,5,91,39
bdi-miR160e-3p,129,130,4.3,4.5,2.5,0,0,15,106,24
bdi-miR529-5p,129,130,4.176923076923077,4.5,0.5,2,6,14,115,15
ddi-miR-1176,129,130,4.1923076923076925,4.5,1.5,0,3,9,96,34
hbr-miR159b,129,130,4.3307692307692305,4.5,3.0,0,0,7,120,10
mtr-miR5243,129,130,4.438461538461539,4.5,3.0,0,0,2,101,29
osa-miR160f-3p,129,130,4.3,4.5,2.5,0,0,15,106,24
osa-miR169f.2,129,130,4.403846153846154,4.5,2.0,0,1,7,118,12
ppt-miR1061-3p,129,130,4.457692307692308,4.5,2.5,0,0,6,107,23
ppt-miR477g-3p,129,130,4.526923076923077,4.5,2.5,0,0,4,109,21
zma-miR529-5p,129,130,4.176923076923077,4.5,0.5,2,6,14,115,15
pta-miR948,129,129,4.60077519379845,4.5,3.5,0,0,0,107,22
bdi-miR2118a,128,140,3.9,4.0,2.0,0,5,34,122,18
ath-miR5648-5p,128,135,4.118518518518519,4.0,1.5,0,1,15,109,26
stu-miR5303f,128,135,4.196296296296296,4.5,2.0,0,1,15,110,25
stu-miR8015-3p,128,135,4.025925925925926,4.0,1.0,1,1,29,120,15
osa-miR5832,128,134,4.32089552238806,4.5,2.5,0,0,10,104,30
ppt-miR900-3p,128,134,4.324626865671642,4.5,3.0,0,0,8,113,21
gma-miR5376,128,133,4.12406015037594,4.0,2.0,0,1,5,101,32
osa-miR2873c,128,133,4.2105263157894735,4.5,1.5,0,2,19,113,20
ppt-miR1024a,128,133,4.342105263157895,4.5,2.0,0,1,10,113,20
ppt-miR1024b,128,133,4.342105263157895,4.5,2.0,0,1,10,113,20
gma-miR9761,128,132,4.25,4.5,2.0,0,2,8,106,26
gra-miR8721a,128,132,4.268939393939394,4.5,2.0,0,1,6,124,8
gra-miR8721b,128,132,4.268939393939394,4.5,2.0,0,1,6,124,8
ptc-miR6474,128,132,4.28030303030303,4.5,2.5,0,0,13,117,15
vvi-miR395n,128,132,4.359848484848484,4.5,3.0,0,0,5,103,29
ahy-miR3518,128,131,4.465648854961832,4.5,3.5,0,0,0,121,10
osa-miR444a-3p.1,128,131,4.223282442748092,4.5,2.0,0,2,12,118,13
osa-miR444d.1,128,131,4.223282442748092,4.5,2.0,0,2,12,118,13
tae-miR444a,128,131,4.223282442748092,4.5,2.0,0,2,12,118,13
tae-miR444b,128,131,4.223282442748092,4.5,2.0,0,2,12,118,13
ata-miR172b-5p,128,130,4.219230769230769,4.5,2.5,0,0,7,81,49
ath-miR5595a,128,130,4.2615384615384615,4.5,2.5,0,0,13,108,22
ath-miR5995b,128,130,4.2615384615384615,4.5,2.5,0,0,13,108,22
bdi-miR172a-5p,128,130,4.219230769230769,4.5,2.5,0,0,7,81,49
bdi-miR7763-5p,128,130,4.538461538461538,4.5,2.0,0,2,6,117,13
bra-miR161-3p,128,130,4.3076923076923075,4.5,2.5,0,0,8,102,28
bra-miR5723,128,130,4.392307692307693,4.5,2.5,0,0,7,111,19
osa-miR2863a,128,130,4.3307692307692305,4.5,2.5,0,0,4,109,21
ath-miR865-5p,128,129,4.3565891472868215,4.5,2.0,0,1,6,112,17
bra-miR158-3p,128,129,4.49031007751938,4.5,3.0,0,0,2,110,19
bra-miR9567-3p,128,129,4.341085271317829,4.5,2.0,0,1,9,110,19
gma-miR5042-3p,128,129,4.248062015503876,4.5,2.5,0,0,13,105,24
gra-miR7484m,128,129,4.364341085271318,4.5,2.5,0,0,7,91,38
lja-miR7538,128,129,4.426356589147287,4.5,2.5,0,0,6,106,23
nta-miR6148b,128,129,4.346899224806202,4.5,2.5,0,0,4,86,43
ptc-miR156l,128,129,4.251937984496124,4.5,2.0,0,4,11,109,20
ptc-miR169n-3p,128,129,4.428294573643411,4.5,3.0,0,0,7,108,21
ptc-miR403c-5p,128,129,4.476744186046512,4.5,3.0,0,0,2,115,14
sly-miR9469-3p,128,129,4.368217054263566,4.5,2.0,0,1,6,109,20
bra-miR5713,128,128,4.4921875,4.5,3.5,0,0,0,109,19
osa-miR164e,128,128,4.28515625,4.5,0.0,4,4,10,108,20
zma-miR2275a-5p,128,128,4.28515625,4.5,3.0,0,0,7,123,5
zma-miR319a-5p,127,141,4.26241134751773,4.5,2.5,0,0,20,94,47
zma-miR319c-5p,127,141,4.26241134751773,4.5,2.5,0,0,20,94,47
sbi-miR5386,127,138,4.557971014492754,4.5,2.5,0,0,4,109,29
zma-miR159e-3p,127,135,4.32962962962963,4.5,2.5,0,0,9,110,25
tae-miR9773,127,133,4.12781954887218,4.5,2.0,0,1,17,92,41
bdi-miR166g-5p,127,132,4.34469696969697,4.5,2.5,0,0,6,106,26
gma-miR4407,127,132,4.075757575757576,4.0,2.5,0,0,16,117,15
ptc-miR473a-3p,127,132,4.153409090909091,4.5,1.0,1,2,13,117,15
aly-miR161-5p.2,127,131,4.423664122137405,4.5,2.5,0,0,6,119,12
ath-miR161.2,127,131,4.423664122137405,4.5,2.5,0,0,6,119,12
ath-miR867,127,131,4.461832061068702,4.5,2.0,0,1,6,109,22
cre-miR1173,127,131,4.3893129770992365,4.5,3.0,0,0,4,101,30
gma-miR4350,127,131,4.297709923664122,4.5,2.0,0,1,6,117,14
bdi-miR1122,127,130,4.561538461538461,4.5,3.0,0,0,3,81,49
hvu-miR444b,127,130,4.246153846153846,4.5,1.0,1,1,12,107,23
ath-miR8180,127,129,4.538759689922481,4.5,2.5,0,0,5,118,11
gma-miR9748,127,129,4.189922480620155,4.5,2.0,0,1,13,100,29
osa-miR5506,127,129,4.430232558139535,4.5,2.5,0,0,5,102,27
sly-miR9472-5p,127,129,4.387596899224806,4.5,1.5,0,1,5,77,52
smo-miR1096,127,129,4.215116279069767,4.0,2.0,0,1,6,109,20
aly-miR171b-3p,127,128,4.4140625,4.5,1.5,0,1,9,100,28
aly-miR171c-3p,127,128,4.4140625,4.5,1.5,0,1,9,100,28
ata-miR171c-3p,127,128,4.4140625,4.5,1.5,0,1,9,100,28
ath-miR171b-3p,127,128,4.4140625,4.5,1.5,0,1,9,100,28
ath-miR171c-3p,127,128,4.4140625,4.5,1.5,0,1,9,100,28
bna-miR171a,127,128,4.4140625,4.5,1.5,0,1,9,100,28
bna-miR171b,127,128,4.4140625,4.5,1.5,0,1,9,100,28
bna-miR171c,127,128,4.4140625,4.5,1.5,0,1,9,100,28
bna-miR171d,127,128,4.4140625,4.5,1.5,0,1,9,100,28
bna-miR171e,127,128,4.4140625,4.5,1.5,0,1,9,100,28
bol-miR171a,127,128,4.4140625,4.5,1.5,0,1,9,100,28
bra-miR171a,127,128,4.4140625,4.5,1.5,0,1,9,100,28
bra-miR171b,127,128,4.4140625,4.5,1.5,0,1,9,100,28
bra-miR171c,127,128,4.4140625,4.5,1.5,0,1,9,100,28
bra-miR171d,127,128,4.4140625,4.5,1.5,0,1,9,100,28
cme-miR171b,127,128,4.4140625,4.5,1.5,0,1,9,100,28
cme-miR171d,127,128,4.4140625,4.5,1.5,0,1,9,100,28
gma-miR171i-3p,127,128,4.4140625,4.5,1.5,0,1,9,100,28
gra-miR8634,127,128,4.41796875,4.5,2.5,0,0,4,103,25
gra-miR8767c,127,128,4.26171875,4.5,2.0,0,2,10,108,20
mdm-miR171f,127,128,4.4140625,4.5,1.5,0,1,9,100,28
mdm-miR535b,127,128,4.4296875,4.5,2.5,0,0,4,99,29
mdm-miR535c,127,128,4.4296875,4.5,2.5,0,0,4,99,29
mes-miR171b,127,128,4.4140625,4.5,1.5,0,1,9,100,28
mes-miR171c,127,128,4.4140625,4.5,1.5,0,1,9,100,28
mtr-miR171f,127,128,4.4140625,4.5,1.5,0,1,9,100,28
osa-miR529b,127,128,4.1328125,4.5,0.5,2,6,14,111,17
ptc-miR171a-3p,127,128,4.4140625,4.5,1.5,0,1,9,100,28
ptc-miR171b,127,128,4.4140625,4.5,1.5,0,1,9,100,28
rco-miR171a,127,128,4.4140625,4.5,1.5,0,1,9,100,28
rco-miR171b,127,128,4.4140625,4.5,1.5,0,1,9,100,28
sly-miR171b,127,128,4.4140625,4.5,1.5,0,1,9,100,28
sly-miR9471a-3p,127,128,4.45703125,4.5,2.5,0,0,7,102,26
ssl-miR171a,127,128,4.4140625,4.5,1.5,0,1,9,100,28
stu-miR171d-3p,127,128,4.4140625,4.5,1.5,0,1,9,100,28
stu-miR4376-3p,127,128,4.3671875,4.5,2.5,0,0,7,112,16
tae-miR171b,127,128,4.4140625,4.5,1.5,0,1,9,100,28
zma-miR167j-3p,127,128,4.458984375,4.5,3.0,0,0,3,95,33
cpa-miR319,127,127,4.413385826771654,4.5,1.5,0,1,10,107,20
mtr-miR2592bi,127,127,4.46259842519685,4.5,3.0,0,0,2,109,18
mtr-miR2592bj,127,127,4.46259842519685,4.5,3.0,0,0,2,109,18
mtr-miR2592bk,127,127,4.46259842519685,4.5,3.0,0,0,2,109,18
mtr-miR2609a,127,127,4.52755905511811,4.5,3.0,0,0,1,111,16
mtr-miR2609b,127,127,4.52755905511811,4.5,3.0,0,0,1,111,16
nta-miR6161d,127,127,4.4015748031496065,4.5,1.5,0,2,5,104,23
pde-miR950,127,127,4.586614173228346,5.0,3.0,0,0,4,81,46
tae-miR9652-3p,127,127,4.413385826771654,4.5,2.5,0,0,3,105,22
gma-miR169l-3p,126,135,4.292592592592593,4.5,2.5,0,0,9,116,19
aqc-miR172b,126,134,4.138059701492537,4.5,0.5,6,9,17,102,32
ata-miR172c-3p,126,134,4.138059701492537,4.5,0.5,6,9,17,102,32
ath-miR172e-3p,126,134,4.138059701492537,4.5,0.5,6,9,17,102,32
bdi-miR172b,126,134,4.138059701492537,4.5,0.5,6,9,17,102,32
bna-miR172b,126,134,4.138059701492537,4.5,0.5,6,9,17,102,32
bna-miR172c,126,134,4.138059701492537,4.5,0.5,6,9,17,102,32
bra-miR172d-3p,126,134,4.138059701492537,4.5,0.5,6,9,17,102,32
cme-miR172d,126,134,4.138059701492537,4.5,0.5,6,9,17,102,32
gma-miR172i-3p,126,134,4.138059701492537,4.5,0.5,6,9,17,102,32
gma-miR172l,126,134,4.138059701492537,4.5,0.5,6,9,17,102,32
mdm-miR172i,126,134,4.138059701492537,4.5,0.5,6,9,17,102,32
mdm-miR172j,126,134,4.138059701492537,4.5,0.5,6,9,17,102,32
mdm-miR172k,126,134,4.138059701492537,4.5,0.5,6,9,17,102,32
nta-miR172j,126,134,4.138059701492537,4.5,0.5,6,9,17,102,32
osa-miR172b,126,134,4.138059701492537,4.5,0.5,6,9,17,102,32
ptc-miR172d,126,134,4.138059701492537,4.5,0.5,6,9,17,102,32
ptc-miR172e,126,134,4.138059701492537,4.5,0.5,6,9,17,102,32
tcc-miR172c,126,134,4.138059701492537,4.5,0.5,6,9,17,102,32
zma-miR172e,126,134,4.138059701492537,4.5,0.5,6,9,17,102,32
gma-miR5766,126,132,4.357954545454546,4.5,2.0,0,1,7,121,11
mtr-miR2621,126,132,4.325757575757576,4.5,2.5,0,0,9,90,42
ptc-miR6439a,126,132,4.200757575757576,4.0,2.0,0,1,11,99,33
ata-miR166c-5p,126,131,4.366412213740458,4.5,2.5,0,0,2,111,20
bdi-miR5163b-3p,126,131,4.251908396946565,4.5,2.5,0,0,10,111,20
ptc-miR6456,126,131,4.229007633587786,4.5,2.0,0,2,9,113,18
ptc-miR7812,126,131,4.236641221374046,4.5,2.5,0,0,11,101,30
aly-miR319c-5p,126,130,4.388461538461539,4.5,3.0,0,0,5,107,23
aly-miR319d-5p,126,130,4.388461538461539,4.5,3.0,0,0,5,107,23
bdi-miR7748a-3p,126,130,4.1038461538461535,4.0,2.5,0,0,16,113,17
cca-miR6108a,126,130,4.1923076923076925,4.5,1.5,0,3,13,94,36
cca-miR6108b,126,130,4.1923076923076925,4.5,1.5,0,3,13,94,36
cca-miR6108g,126,130,4.1923076923076925,4.5,1.5,0,3,13,94,36
ppt-miR319c,126,130,4.5346153846153845,4.5,2.5,0,0,5,103,27
ppt-miR319d-3p,126,130,4.5346153846153845,4.5,2.5,0,0,5,103,27
ppt-miR319e,126,130,4.5346153846153845,4.5,2.5,0,0,5,103,27
ath-miR447a.2-3p,126,129,4.313953488372093,4.5,2.5,0,0,8,100,29
mtr-miR4414a-5p,126,129,4.375968992248062,4.5,2.0,0,1,8,97,32
nta-miR6150,126,129,4.1395348837209305,4.5,2.0,0,1,11,109,20
osa-miR2122,126,129,4.2189922480620154,4.5,2.0,0,2,13,107,22
osa-miR396f-5p,126,129,3.9651162790697674,4.0,1.5,0,4,24,107,22
ahy-miR156a,126,128,4.2265625,4.5,0.0,7,8,10,110,18
ath-miR156j,126,128,4.2265625,4.5,0.0,7,8,10,110,18
bdi-miR156j,126,128,4.2265625,4.5,0.0,7,8,10,110,18
bdi-miR5175b,126,128,4.3359375,4.5,2.5,0,0,4,97,31
bdi-miR7722-3p,126,128,4.390625,4.5,2.5,0,0,4,94,34
cre-miR1172.1,126,128,4.203125,4.5,2.5,0,0,13,112,16
gma-miR5671a,126,128,4.40234375,4.5,3.0,0,0,5,101,27
hpa-miR156a,126,128,4.2265625,4.5,0.0,7,8,10,110,18
mtr-miR5237,126,128,4.26953125,4.5,2.0,0,1,9,113,15
mtr-miR5244,126,128,4.34375,4.5,2.0,0,1,9,107,21
ssl-miR395,126,128,4.37109375,4.5,2.0,0,1,7,110,18
vvi-miR477b-5p,126,128,4.072265625,4.0,2.0,0,2,18,107,21
ath-miR775,126,127,4.478346456692913,4.5,1.5,0,1,4,99,28
bdi-miR5177,126,127,4.531496062992126,4.5,2.5,0,0,2,98,29
cme-miR159b,126,127,4.173228346456693,4.5,1.5,0,5,12,104,23
esi-miR3454a-3p,126,127,4.393700787401575,4.5,2.0,0,1,6,100,27
esi-miR3454e-3p,126,127,4.393700787401575,4.5,2.0,0,1,6,100,27
ghr-miR160,126,127,4.460629921259843,4.5,2.5,0,0,3,95,32
osa-miR159e,126,127,4.173228346456693,4.5,1.5,0,5,12,104,23
aqc-miR159,126,126,4.232142857142857,4.5,2.0,0,4,13,101,25
gma-miR482c-3p,126,126,4.0476190476190474,4.5,0.5,6,9,16,109,17
smo-miR1082a,125,147,4.350340136054422,4.5,1.5,0,3,13,123,24
aly-miR156e-3p,125,136,4.4099264705882355,4.5,2.5,0,0,7,127,9
bra-miR156a-3p,125,136,4.4099264705882355,4.5,2.5,0,0,7,127,9
sbi-miR172f,125,136,4.147058823529412,4.5,0.0,7,9,14,105,31
zma-miR399j-5p,125,135,4.377777777777778,4.5,3.0,0,0,5,114,21
ata-miR169c-3p,125,132,4.511363636363637,4.5,2.5,0,0,5,110,22
cpa-miR172a,125,130,4.1461538461538465,4.5,0.5,5,7,14,96,34
cpa-miR172b,125,130,4.1461538461538465,4.5,0.5,5,7,14,96,34
mtr-miR2636,125,130,4.276923076923077,4.5,2.5,0,0,10,107,23
ata-miR2275b-5p,125,129,4.329457364341085,4.5,2.5,0,0,7,120,9
ath-miR5631,125,129,4.4728682170542635,4.5,2.0,0,1,5,110,19
cre-miR910,125,129,4.476744186046512,4.5,2.5,0,0,6,121,8
gma-miR9722,125,129,4.162790697674419,4.0,2.0,0,2,12,117,12
mtr-miR5740,125,129,4.383720930232558,4.5,2.0,0,1,5,105,24
aly-miR167a-5p,125,128,4.36328125,4.5,3.0,0,0,2,102,26
aly-miR167b-5p,125,128,4.36328125,4.5,3.0,0,0,2,102,26
aly-miR171c-5p,125,128,4.52734375,4.5,3.0,0,0,1,104,24
ata-miR167a-5p,125,128,4.36328125,4.5,3.0,0,0,2,102,26
ata-miR167c-5p,125,128,4.36328125,4.5,3.0,0,0,2,102,26
ata-miR167e-5p,125,128,4.36328125,4.5,3.0,0,0,2,102,26
ath-miR167a-5p,125,128,4.36328125,4.5,3.0,0,0,2,102,26
ath-miR167b,125,128,4.36328125,4.5,3.0,0,0,2,102,26
ath-miR171c-5p,125,128,4.52734375,4.5,3.0,0,0,1,104,24
bdi-miR167a,125,128,4.36328125,4.5,3.0,0,0,2,102,26
bdi-miR167b,125,128,4.36328125,4.5,3.0,0,0,2,102,26
bdi-miR167f,125,128,4.36328125,4.5,3.0,0,0,2,102,26
bna-miR167c,125,128,4.36328125,4.5,3.0,0,0,2,102,26
bra-miR167a,125,128,4.36328125,4.5,3.0,0,0,2,102,26
bra-miR167b,125,128,4.36328125,4.5,3.0,0,0,2,102,26
bra-miR167c,125,128,4.36328125,4.5,3.0,0,0,2,102,26
bra-miR167d,125,128,4.36328125,4.5,3.0,0,0,2,102,26
bra-miR5725,125,128,4.390625,4.5,2.5,0,0,5,93,35
cme-miR167a,125,128,4.36328125,4.5,3.0,0,0,2,102,26
cme-miR167b,125,128,4.36328125,4.5,3.0,0,0,2,102,26
cpa-miR167a,125,128,4.36328125,4.5,3.0,0,0,2,102,26
cpa-miR167b,125,128,4.36328125,4.5,3.0,0,0,2,102,26
dpr-miR167a,125,128,4.36328125,4.5,3.0,0,0,2,102,26
dpr-miR167b,125,128,4.36328125,4.5,3.0,0,0,2,102,26
ghr-miR167a,125,128,4.36328125,4.5,3.0,0,0,2,102,26
ghr-miR167b,125,128,4.36328125,4.5,3.0,0,0,2,102,26
gma-miR167a,125,128,4.36328125,4.5,3.0,0,0,2,102,26
gma-miR167b,125,128,4.36328125,4.5,3.0,0,0,2,102,26
gma-miR167d,125,128,4.36328125,4.5,3.0,0,0,2,102,26
gma-miR171c-5p,125,128,4.52734375,4.5,3.0,0,0,1,104,24
gma-miR396j,125,128,4.38671875,4.5,3.0,0,0,3,109,19
hbr-miR2118,125,128,4.37109375,4.5,3.0,0,0,6,111,17
hme-miR-2733,125,128,4.38671875,4.5,2.5,0,0,5,114,14
mdm-miR167b,125,128,4.36328125,4.5,3.0,0,0,2,102,26
mdm-miR167c,125,128,4.36328125,4.5,3.0,0,0,2,102,26
mdm-miR167d,125,128,4.36328125,4.5,3.0,0,0,2,102,26
mdm-miR167e,125,128,4.36328125,4.5,3.0,0,0,2,102,26
mdm-miR167f,125,128,4.36328125,4.5,3.0,0,0,2,102,26
mdm-miR167g,125,128,4.36328125,4.5,3.0,0,0,2,102,26
mes-miR167b,125,128,4.36328125,4.5,3.0,0,0,2,102,26
mes-miR167c,125,128,4.36328125,4.5,3.0,0,0,2,102,26
mtr-miR167a,125,128,4.36328125,4.5,3.0,0,0,2,102,26
nta-miR167d,125,128,4.36328125,4.5,3.0,0,0,2,102,26
nta-miR167e,125,128,4.36328125,4.5,3.0,0,0,2,102,26
osa-miR167a-5p,125,128,4.36328125,4.5,3.0,0,0,2,102,26
osa-miR167b,125,128,4.36328125,4.5,3.0,0,0,2,102,26
osa-miR167c-5p,125,128,4.36328125,4.5,3.0,0,0,2,102,26
ptc-miR167a,125,128,4.36328125,4.5,3.0,0,0,2,102,26
ptc-miR167b,125,128,4.36328125,4.5,3.0,0,0,2,102,26
ptc-miR167c,125,128,4.36328125,4.5,3.0,0,0,2,102,26
ptc-miR167d,125,128,4.36328125,4.5,3.0,0,0,2,102,26
ptc-miR477d-3p,125,128,4.3671875,4.5,2.5,0,0,5,111,17
pti-miR5483,125,128,4.25,4.5,2.5,0,0,12,111,17
rco-miR167a,125,128,4.36328125,4.5,3.0,0,0,2,102,26
rco-miR167b,125,128,4.36328125,4.5,3.0,0,0,2,102,26
sbi-miR167a,125,128,4.36328125,4.5,3.0,0,0,2,102,26
sbi-miR167b,125,128,4.36328125,4.5,3.0,0,0,2,102,26
sbi-miR167i,125,128,4.36328125,4.5,3.0,0,0,2,102,26
sly-miR167a,125,128,4.36328125,4.5,3.0,0,0,2,102,26
stu-miR167a-5p,125,128,4.36328125,4.5,3.0,0,0,2,102,26
stu-miR167b-5p,125,128,4.36328125,4.5,3.0,0,0,2,102,26
stu-miR167c-5p,125,128,4.36328125,4.5,3.0,0,0,2,102,26
stu-miR167d-5p,125,128,4.36328125,4.5,3.0,0,0,2,102,26
stu-miR408a-3p,125,128,4.41796875,4.5,1.0,1,2,7,118,10
tae-miR167a,125,128,4.36328125,4.5,3.0,0,0,2,102,26
tcc-miR167a,125,128,4.36328125,4.5,3.0,0,0,2,102,26
tcc-miR167b,125,128,4.36328125,4.5,3.0,0,0,2,102,26
vvi-miR167b,125,128,4.36328125,4.5,3.0,0,0,2,102,26
vvi-miR167d,125,128,4.36328125,4.5,3.0,0,0,2,102,26
vvi-miR167e,125,128,4.36328125,4.5,3.0,0,0,2,102,26
zma-miR167a-5p,125,128,4.36328125,4.5,3.0,0,0,2,102,26
zma-miR167b-5p,125,128,4.36328125,4.5,3.0,0,0,2,102,26
zma-miR167c-5p,125,128,4.36328125,4.5,3.0,0,0,2,102,26
zma-miR167d-5p,125,128,4.36328125,4.5,3.0,0,0,2,102,26
zma-miR169n-3p,125,128,4.45703125,4.5,2.5,0,0,2,118,10
ath-miR841a-3p,125,127,4.480314960629921,4.5,3.0,0,0,1,117,10
cca-miR390,125,127,4.381889763779528,4.5,2.0,0,1,12,103,24
gma-miR1521a,125,127,4.440944881889764,4.5,2.0,0,1,3,105,22
lja-miR7526a,125,127,4.34251968503937,4.5,3.0,0,0,8,94,33
lja-miR7526b,125,127,4.34251968503937,4.5,3.0,0,0,8,94,33
lja-miR7526c,125,127,4.34251968503937,4.5,3.0,0,0,8,94,33
lja-miR7526d,125,127,4.34251968503937,4.5,3.0,0,0,8,94,33
lja-miR7526e,125,127,4.34251968503937,4.5,3.0,0,0,8,94,33
lja-miR7526f,125,127,4.34251968503937,4.5,3.0,0,0,8,94,33
lja-miR7526g,125,127,4.34251968503937,4.5,3.0,0,0,8,94,33
lja-miR7526h,125,127,4.34251968503937,4.5,3.0,0,0,8,94,33
mtr-miR2111l,125,127,4.440944881889764,4.5,2.5,0,0,7,105,22
mtr-miR2607,125,127,4.448818897637795,4.5,1.0,1,2,3,108,19
nta-miR172b,125,127,4.299212598425197,4.5,1.5,0,3,9,97,30
ptc-miR6470,125,127,4.519685039370079,4.5,3.0,0,0,3,93,34
sly-miR167b-3p,125,127,4.322834645669292,4.5,2.5,0,0,4,100,27
aly-miR3435-3p,125,126,4.503968253968254,4.5,2.5,0,0,3,105,21
ath-miR780.1,125,126,4.430555555555555,4.5,3.0,0,0,3,101,25
ath-miR8165,125,126,4.349206349206349,4.5,2.5,0,0,11,106,20
bdi-miR7738-5p,125,126,4.277777777777778,4.5,2.0,0,1,9,110,16
csi-miR171a,125,126,4.436507936507937,4.5,1.0,1,1,8,96,30
esi-miR3463-3p,125,126,4.384920634920635,4.5,2.0,0,2,6,92,34
hme-miR-3327,125,126,4.339285714285714,4.5,2.0,0,1,4,112,14
osa-miR5077,125,126,4.587301587301587,4.5,3.0,0,0,3,114,12
osa-miR5794,125,126,4.420634920634921,4.5,3.0,0,0,2,99,27
pde-miR3712,125,126,4.154761904761905,4.5,1.5,0,1,13,107,19
sly-miR171d,125,126,4.436507936507937,4.5,1.0,1,1,8,96,30
tae-miR9664-3p,125,126,4.309523809523809,4.5,2.0,0,1,9,106,20
ath-miR8182,125,125,4.288,4.5,2.0,0,1,10,100,25
bdi-miR7741-3p.2,125,125,4.348,4.5,2.5,0,0,6,104,21
esi-miR3454b-3p,125,125,4.5,4.5,3.0,0,0,2,105,20
esi-miR3454f-3p,125,125,4.5,4.5,3.0,0,0,2,105,20
hbr-miR6171,125,125,4.38,4.5,2.0,0,2,6,100,25
mtr-miR2651,125,125,4.42,4.5,2.0,0,1,4,98,27
tae-miR9668-5p,125,125,4.376,4.5,2.0,0,1,10,108,17
mdm-miR159c,124,137,4.302919708029197,4.5,2.5,0,0,11,112,25
zma-miR395m-5p,124,134,4.152985074626866,4.0,1.5,0,3,15,112,22
aly-miR172c-3p,124,132,4.049242424242424,4.0,0.5,3,8,18,108,24
aly-miR172d-3p,124,132,4.049242424242424,4.0,0.5,3,8,18,108,24
aly-miR172f-3p,124,132,4.049242424242424,4.0,0.5,3,8,18,108,24
ath-miR172c,124,132,4.049242424242424,4.0,0.5,3,8,18,108,24
ath-miR172d-3p,124,132,4.049242424242424,4.0,0.5,3,8,18,108,24
bna-miR172d,124,132,4.049242424242424,4.0,0.5,3,8,18,108,24
bra-miR172c-3p,124,132,4.049242424242424,4.0,0.5,3,8,18,108,24
cme-miR172e,124,132,4.049242424242424,4.0,0.5,3,8,18,108,24
lja-miR172a,124,132,4.049242424242424,4.0,0.5,3,8,18,108,24
mdm-miR172m,124,132,4.049242424242424,4.0,0.5,3,8,18,108,24
mdm-miR172n,124,132,4.049242424242424,4.0,0.5,3,8,18,108,24
mdm-miR172o,124,132,4.049242424242424,4.0,0.5,3,8,18,108,24
nta-miR172a,124,132,4.049242424242424,4.0,0.5,3,8,18,108,24
nta-miR6145a,124,131,4.217557251908397,4.5,1.5,0,2,10,92,39
csi-miR477b,124,129,4.27906976744186,4.5,1.0,1,4,8,100,29
ahy-miR167-5p,124,128,4.3984375,4.5,3.0,0,0,2,99,29
aly-miR164c-5p,124,128,4.2265625,4.5,0.0,4,4,11,106,22
aly-miR868-5p,124,128,4.451171875,4.5,2.5,0,0,5,105,23
ath-miR164c-5p,124,128,4.2265625,4.5,0.0,4,4,11,106,22
bna-miR164b,124,128,4.2265625,4.5,0.0,4,4,11,106,22
bna-miR164c,124,128,4.2265625,4.5,0.0,4,4,11,106,22
bna-miR164d,124,128,4.2265625,4.5,0.0,4,4,11,106,22
bra-miR164b-5p,124,128,4.2265625,4.5,0.0,4,4,11,106,22
bra-miR164c-5p,124,128,4.2265625,4.5,0.0,4,4,11,106,22
bra-miR164d-5p,124,128,4.2265625,4.5,0.0,4,4,11,106,22
cme-miR167c,124,128,4.3984375,4.5,3.0,0,0,2,99,29
cpa-miR167c,124,128,4.3984375,4.5,3.0,0,0,2,99,29
csi-miR167b,124,128,4.3984375,4.5,3.0,0,0,2,99,29
gma-miR167e,124,128,4.3984375,4.5,3.0,0,0,2,99,29
gma-miR167f,124,128,4.3984375,4.5,3.0,0,0,2,99,29
mes-miR167g,124,128,4.3984375,4.5,3.0,0,0,2,99,29
mes-miR167h,124,128,4.3984375,4.5,3.0,0,0,2,99,29
ptc-miR167f-5p,124,128,4.3984375,4.5,3.0,0,0,2,99,29
ptc-miR167g-5p,124,128,4.3984375,4.5,3.0,0,0,2,99,29
tcc-miR167c,124,128,4.3984375,4.5,3.0,0,0,2,99,29
vvi-miR3626-3p,124,128,4.37109375,4.5,2.5,0,0,6,108,20
ath-miR774b-5p,124,127,4.340551181102362,4.5,2.0,0,1,6,111,16
bdi-miR7729a-5p,124,127,4.2362204724409445,4.0,2.0,0,1,9,97,30
bdi-miR7729b-5p,124,127,4.2362204724409445,4.0,2.0,0,1,9,97,30
cpa-miR8141,124,127,4.515748031496063,4.5,3.0,0,0,5,112,15
csi-miR319,124,127,4.261811023622047,4.5,2.0,0,4,13,107,20
osa-miR2099-3p,124,127,4.551181102362205,4.5,2.5,0,0,5,109,18
osa-miR444f,124,127,4.3700787401574805,4.5,2.5,0,0,8,108,19
sly-miR9472-3p,124,127,4.366141732283465,4.5,3.0,0,0,5,110,17
ssp-miR444a,124,127,4.3700787401574805,4.5,2.5,0,0,8,108,19
ssp-miR444b.2,124,127,4.3700787401574805,4.5,2.5,0,0,8,108,19
stu-miR8050-3p,124,127,4.413385826771654,4.5,3.0,0,0,8,100,27
tcc-miR319,124,127,4.261811023622047,4.5,2.0,0,4,13,107,20
vvi-miR319e,124,127,4.261811023622047,4.5,2.0,0,4,13,107,20
aly-miR156h-5p,124,126,4.339285714285714,4.5,1.5,0,7,10,93,33
aly-miR3441-3p.1,124,126,4.400793650793651,4.5,2.5,0,0,3,103,23
ath-miR156h,124,126,4.339285714285714,4.5,1.5,0,7,10,93,33
bdi-miR5181c-3p,124,126,4.376984126984127,4.5,2.0,0,2,6,105,21
mtr-miR2629a,124,126,4.261904761904762,4.5,2.0,0,1,8,105,21
mtr-miR2629b,124,126,4.261904761904762,4.5,2.0,0,1,8,105,21
mtr-miR2629c,124,126,4.261904761904762,4.5,2.0,0,1,8,105,21
mtr-miR2629d,124,126,4.261904761904762,4.5,2.0,0,1,8,105,21
mtr-miR2629e,124,126,4.261904761904762,4.5,2.0,0,1,8,105,21
mtr-miR2629f,124,126,4.261904761904762,4.5,2.0,0,1,8,105,21
mtr-miR2629g,124,126,4.261904761904762,4.5,2.0,0,1,8,105,21
nta-miR6025c,124,126,4.511904761904762,4.5,3.0,0,0,1,105,21
ppt-miR533b-5p,124,126,4.571428571428571,4.5,2.5,0,0,1,104,22
ptc-miR172h-5p,124,126,4.257936507936508,4.5,2.5,0,0,9,114,12
aly-miR156a-5p,124,125,4.272,4.5,1.0,7,8,10,109,16
aly-miR156b-5p,124,125,4.272,4.5,1.0,7,8,10,109,16
aly-miR156c-5p,124,125,4.272,4.5,1.0,7,8,10,109,16
aly-miR156d-5p,124,125,4.272,4.5,1.0,7,8,10,109,16
aly-miR156e-5p,124,125,4.272,4.5,1.0,7,8,10,109,16
aly-miR156f-5p,124,125,4.272,4.5,1.0,7,8,10,109,16
aly-miR4243,124,125,4.536,4.5,2.5,0,0,3,106,19
aly-miR861-3p,124,125,4.336,4.5,2.0,0,1,3,108,17
ata-miR156a-5p,124,125,4.272,4.5,1.0,7,8,10,109,16
ata-miR156b-5p,124,125,4.272,4.5,1.0,7,8,10,109,16
ata-miR156c-5p,124,125,4.272,4.5,1.0,7,8,10,109,16
ata-miR156d-5p,124,125,4.272,4.5,1.0,7,8,10,109,16
ata-miR156e-5p,124,125,4.272,4.5,1.0,7,8,10,109,16
ath-miR156a-5p,124,125,4.272,4.5,1.0,7,8,10,109,16
ath-miR156b-5p,124,125,4.272,4.5,1.0,7,8,10,109,16
ath-miR156c-5p,124,125,4.272,4.5,1.0,7,8,10,109,16
ath-miR156d-5p,124,125,4.272,4.5,1.0,7,8,10,109,16
ath-miR156e,124,125,4.272,4.5,1.0,7,8,10,109,16
ath-miR156f-5p,124,125,4.272,4.5,1.0,7,8,10,109,16
bdi-miR156b-5p,124,125,4.272,4.5,1.0,7,8,10,109,16
bdi-miR156c,124,125,4.272,4.5,1.0,7,8,10,109,16
bdi-miR156d-5p,124,125,4.272,4.5,1.0,7,8,10,109,16
bdi-miR156e-5p,124,125,4.272,4.5,1.0,7,8,10,109,16
bdi-miR156f-5p,124,125,4.272,4.5,1.0,7,8,10,109,16
bdi-miR156g-5p,124,125,4.272,4.5,1.0,7,8,10,109,16
bdi-miR156h-5p,124,125,4.272,4.5,1.0,7,8,10,109,16
bdi-miR156i-5p,124,125,4.272,4.5,1.0,7,8,10,109,16
bna-miR156d,124,125,4.272,4.5,1.0,7,8,10,109,16
bna-miR156e,124,125,4.272,4.5,1.0,7,8,10,109,16
bna-miR156f,124,125,4.272,4.5,1.0,7,8,10,109,16
bra-miR156a-5p,124,125,4.272,4.5,1.0,7,8,10,109,16
bra-miR156b-5p,124,125,4.272,4.5,1.0,7,8,10,109,16
bra-miR156c-5p,124,125,4.272,4.5,1.0,7,8,10,109,16
bra-miR156d-5p,124,125,4.272,4.5,1.0,7,8,10,109,16
bra-miR156e-5p,124,125,4.272,4.5,1.0,7,8,10,109,16
bra-miR156f-5p,124,125,4.272,4.5,1.0,7,8,10,109,16
bra-miR156g-5p,124,125,4.272,4.5,1.0,7,8,10,109,16
cca-miR156a,124,125,4.272,4.5,1.0,7,8,10,109,16
cca-miR396b,124,125,4.34,4.5,2.0,0,2,8,114,11
cme-miR156a,124,125,4.272,4.5,1.0,7,8,10,109,16
cme-miR156c,124,125,4.272,4.5,1.0,7,8,10,109,16
cme-miR156d,124,125,4.272,4.5,1.0,7,8,10,109,16
cme-miR156i,124,125,4.272,4.5,1.0,7,8,10,109,16
cpa-miR156a,124,125,4.272,4.5,1.0,7,8,10,109,16
cpa-miR156b,124,125,4.272,4.5,1.0,7,8,10,109,16
cpa-miR156c,124,125,4.272,4.5,1.0,7,8,10,109,16
cpa-miR156d,124,125,4.272,4.5,1.0,7,8,10,109,16
csi-miR156,124,125,4.272,4.5,1.0,7,8,10,109,16
ctr-miR156,124,125,4.272,4.5,1.0,7,8,10,109,16
dpr-miR156b,124,125,4.272,4.5,1.0,7,8,10,109,16
esi-miR3457-3p,124,125,4.416,4.5,2.0,0,2,5,98,27
esi-miR3464-5p,124,125,4.54,4.5,3.0,0,0,2,104,21
ghr-miR156a,124,125,4.272,4.5,1.0,7,8,10,109,16
ghr-miR156b,124,125,4.272,4.5,1.0,7,8,10,109,16
ghr-miR156d,124,125,4.272,4.5,1.0,7,8,10,109,16
gma-miR156a,124,125,4.272,4.5,1.0,7,8,10,109,16
gma-miR156h,124,125,4.272,4.5,1.0,7,8,10,109,16
gma-miR156u,124,125,4.272,4.5,1.0,7,8,10,109,16
gma-miR156v,124,125,4.272,4.5,1.0,7,8,10,109,16
gma-miR156w,124,125,4.272,4.5,1.0,7,8,10,109,16
gma-miR156x,124,125,4.272,4.5,1.0,7,8,10,109,16
gma-miR156y,124,125,4.272,4.5,1.0,7,8,10,109,16
gma-miR166u,124,125,4.356,4.5,1.0,1,2,12,104,21
gra-miR8709c,124,125,4.524,4.5,3.0,0,0,4,110,15
han-miR156a,124,125,4.272,4.5,1.0,7,8,10,109,16
han-miR156b,124,125,4.272,4.5,1.0,7,8,10,109,16
har-miR156a,124,125,4.272,4.5,1.0,7,8,10,109,16
htu-miR156a,124,125,4.272,4.5,1.0,7,8,10,109,16
mdm-miR156a,124,125,4.272,4.5,1.0,7,8,10,109,16
mdm-miR156b,124,125,4.272,4.5,1.0,7,8,10,109,16
mdm-miR156c,124,125,4.272,4.5,1.0,7,8,10,109,16
mdm-miR156d,124,125,4.272,4.5,1.0,7,8,10,109,16
mdm-miR156e,124,125,4.272,4.5,1.0,7,8,10,109,16
mdm-miR156f,124,125,4.272,4.5,1.0,7,8,10,109,16
mdm-miR156g,124,125,4.272,4.5,1.0,7,8,10,109,16
mdm-miR156h,124,125,4.272,4.5,1.0,7,8,10,109,16
mdm-miR156i,124,125,4.272,4.5,1.0,7,8,10,109,16
mdm-miR156j,124,125,4.272,4.5,1.0,7,8,10,109,16
mdm-miR156k,124,125,4.272,4.5,1.0,7,8,10,109,16
mdm-miR156l,124,125,4.272,4.5,1.0,7,8,10,109,16
mdm-miR156m,124,125,4.272,4.5,1.0,7,8,10,109,16
mdm-miR156n,124,125,4.272,4.5,1.0,7,8,10,109,16
mdm-miR156o,124,125,4.272,4.5,1.0,7,8,10,109,16
mes-miR156a,124,125,4.272,4.5,1.0,7,8,10,109,16
mes-miR156b,124,125,4.272,4.5,1.0,7,8,10,109,16
mes-miR156c,124,125,4.272,4.5,1.0,7,8,10,109,16
mes-miR156d,124,125,4.272,4.5,1.0,7,8,10,109,16
mes-miR156e,124,125,4.272,4.5,1.0,7,8,10,109,16
mes-miR156f,124,125,4.272,4.5,1.0,7,8,10,109,16
mes-miR156g,124,125,4.272,4.5,1.0,7,8,10,109,16
mtr-miR156b-5p,124,125,4.272,4.5,1.0,7,8,10,109,16
mtr-miR156c-5p,124,125,4.272,4.5,1.0,7,8,10,109,16
mtr-miR156d-5p,124,125,4.272,4.5,1.0,7,8,10,109,16
mtr-miR156i-5p,124,125,4.272,4.5,1.0,7,8,10,109,16
nta-miR156a,124,125,4.272,4.5,1.0,7,8,10,109,16
nta-miR156b,124,125,4.272,4.5,1.0,7,8,10,109,16
nta-miR156c,124,125,4.272,4.5,1.0,7,8,10,109,16
nta-miR156d,124,125,4.272,4.5,1.0,7,8,10,109,16
nta-miR156e,124,125,4.272,4.5,1.0,7,8,10,109,16
osa-miR156a,124,125,4.272,4.5,1.0,7,8,10,109,16
osa-miR156b-5p,124,125,4.272,4.5,1.0,7,8,10,109,16
osa-miR156c-5p,124,125,4.272,4.5,1.0,7,8,10,109,16
osa-miR156d,124,125,4.272,4.5,1.0,7,8,10,109,16
osa-miR156e,124,125,4.272,4.5,1.0,7,8,10,109,16
osa-miR156f-5p,124,125,4.272,4.5,1.0,7,8,10,109,16
osa-miR156g-5p,124,125,4.272,4.5,1.0,7,8,10,109,16
osa-miR156h-5p,124,125,4.272,4.5,1.0,7,8,10,109,16
osa-miR156i,124,125,4.272,4.5,1.0,7,8,10,109,16
osa-miR156j-5p,124,125,4.272,4.5,1.0,7,8,10,109,16
ppt-miR156a,124,125,4.272,4.5,1.0,7,8,10,109,16
ppt-miR156b,124,125,4.272,4.5,1.0,7,8,10,109,16
ppt-miR156c,124,125,4.272,4.5,1.0,7,8,10,109,16
ptc-miR156a,124,125,4.272,4.5,1.0,7,8,10,109,16
ptc-miR156b,124,125,4.272,4.5,1.0,7,8,10,109,16
ptc-miR156c,124,125,4.272,4.5,1.0,7,8,10,109,16
ptc-miR156d,124,125,4.272,4.5,1.0,7,8,10,109,16
ptc-miR156e,124,125,4.272,4.5,1.0,7,8,10,109,16
ptc-miR156f,124,125,4.272,4.5,1.0,7,8,10,109,16
sbi-miR156a,124,125,4.272,4.5,1.0,7,8,10,109,16
sbi-miR156b,124,125,4.272,4.5,1.0,7,8,10,109,16
sbi-miR156c,124,125,4.272,4.5,1.0,7,8,10,109,16
sbi-miR156f,124,125,4.272,4.5,1.0,7,8,10,109,16
sbi-miR156g,124,125,4.272,4.5,1.0,7,8,10,109,16
sbi-miR156h,124,125,4.272,4.5,1.0,7,8,10,109,16
sbi-miR156i,124,125,4.272,4.5,1.0,7,8,10,109,16
sly-miR156d-5p,124,125,4.272,4.5,1.0,7,8,10,109,16
sof-miR156,124,125,4.272,4.5,1.0,7,8,10,109,16
stu-miR156e,124,125,4.272,4.5,1.0,7,8,10,109,16
stu-miR156g-5p,124,125,4.272,4.5,1.0,7,8,10,109,16
stu-miR156h-5p,124,125,4.272,4.5,1.0,7,8,10,109,16
stu-miR156i-5p,124,125,4.272,4.5,1.0,7,8,10,109,16
stu-miR156j-5p,124,125,4.272,4.5,1.0,7,8,10,109,16
stu-miR156k-5p,124,125,4.272,4.5,1.0,7,8,10,109,16
tcc-miR156b,124,125,4.272,4.5,1.0,7,8,10,109,16
tcc-miR156c,124,125,4.272,4.5,1.0,7,8,10,109,16
tcc-miR156d,124,125,4.272,4.5,1.0,7,8,10,109,16
tcc-miR156g,124,125,4.272,4.5,1.0,7,8,10,109,16
vun-miR156a,124,125,4.272,4.5,1.0,7,8,10,109,16
vvi-miR156b,124,125,4.272,4.5,1.0,7,8,10,109,16
vvi-miR156c,124,125,4.272,4.5,1.0,7,8,10,109,16
vvi-miR156d,124,125,4.272,4.5,1.0,7,8,10,109,16
zma-miR156a-5p,124,125,4.272,4.5,1.0,7,8,10,109,16
zma-miR156b-5p,124,125,4.272,4.5,1.0,7,8,10,109,16
zma-miR156c,124,125,4.272,4.5,1.0,7,8,10,109,16
zma-miR156d-5p,124,125,4.272,4.5,1.0,7,8,10,109,16
zma-miR156e-5p,124,125,4.272,4.5,1.0,7,8,10,109,16
zma-miR156f-5p,124,125,4.272,4.5,1.0,7,8,10,109,16
zma-miR156g-5p,124,125,4.272,4.5,1.0,7,8,10,109,16
zma-miR156h-5p,124,125,4.272,4.5,1.0,7,8,10,109,16
zma-miR156i-5p,124,125,4.272,4.5,1.0,7,8,10,109,16
zma-miR156l-5p,124,125,4.272,4.5,1.0,7,8,10,109,16
zma-miR396g-5p,124,125,4.34,4.5,2.0,0,2,8,114,11
zma-miR396h,124,125,4.34,4.5,2.0,0,2,8,114,11
ath-miR5636,124,124,4.423387096774194,4.5,2.5,0,0,4,104,20
ddi-miR-7131c-5p,124,124,4.443548387096774,4.5,3.5,0,0,0,97,27
gra-miR8677,124,124,4.439516129032258,4.5,2.0,0,1,4,97,27
lja-miR7543,124,124,4.580645161290323,4.5,2.5,0,0,1,92,32
mtr-miR2663,124,124,4.548387096774194,4.5,2.5,0,0,5,83,41
mtr-miR2668,124,124,4.431451612903226,4.5,1.5,0,1,4,88,36
ppt-miR536f,124,124,4.558467741935484,4.5,3.0,0,0,2,108,16
ppt-miR1211-3p,123,134,4.354477611940299,4.5,2.5,0,0,5,112,22
osa-miR2925,123,132,4.5397727272727275,4.5,2.5,0,0,3,103,29
bdi-miR5165-5p,123,129,4.426356589147287,4.5,2.0,0,1,4,112,17
ath-miR5633,123,128,4.31640625,4.5,2.5,0,0,2,105,23
pab-miR3709b,123,128,4.375,4.5,2.0,0,1,7,104,24
aly-miR399c-5p,123,127,4.366141732283465,4.5,2.5,0,0,4,105,22
ath-miR399c-5p,123,127,4.366141732283465,4.5,2.5,0,0,4,105,22
bdi-miR7725b-5p.1,123,127,4.350393700787402,4.5,2.5,0,0,5,112,15
gma-miR171o-5p,123,127,4.610236220472441,5.0,3.5,0,0,0,99,28
lja-miR7540a,123,127,4.409448818897638,4.5,2.5,0,0,6,106,21
lja-miR7540b,123,127,4.409448818897638,4.5,2.5,0,0,6,106,21
sly-miR9476-3p,123,127,4.531496062992126,4.5,3.0,0,0,1,97,30
bdi-miR169h-3p,123,126,4.476190476190476,4.5,3.0,0,0,2,108,18
bdi-miR7739-3p,123,126,4.26984126984127,4.5,2.5,0,0,11,107,19
gma-miR156ab,123,126,4.412698412698413,4.5,3.0,0,0,1,106,20
mdm-miR399e,123,126,4.450396825396825,4.5,2.5,0,0,4,108,18
mdm-miR399f,123,126,4.450396825396825,4.5,2.5,0,0,4,108,18
mdm-miR399g,123,126,4.450396825396825,4.5,2.5,0,0,4,108,18
mdm-miR399h,123,126,4.450396825396825,4.5,2.5,0,0,4,108,18
mes-miR399e,123,126,4.450396825396825,4.5,2.5,0,0,4,108,18
ppt-miR1217-5p,123,126,4.448412698412699,4.5,2.0,0,1,2,104,22
ppt-miR2078,123,126,4.412698412698413,4.5,2.5,0,0,5,101,25
ptc-miR477a-3p,123,126,4.4563492063492065,4.5,3.0,0,0,4,109,17
vvi-miR156h,123,126,4.2103174603174605,4.5,0.0,7,8,10,106,20
vvi-miR167c,123,126,4.365079365079365,4.5,3.0,0,0,2,100,26
zma-miR399h-5p,123,126,4.404761904761905,4.5,2.5,0,0,6,100,26
ata-miR164b-3p,123,125,4.184,4.0,1.5,0,1,7,112,13
ath-miR866-3p,123,125,4.472,4.5,2.0,0,1,2,106,19
bdi-miR395j-5p,123,125,4.42,4.5,2.5,0,0,5,119,6
bra-miR9555b-5p,123,125,4.584,5.0,2.5,0,0,2,109,16
cme-miR166i,123,125,4.244,4.5,1.0,4,8,13,104,21
cre-miR1145.2,123,125,4.56,4.5,2.0,0,1,2,82,43
gma-miR156p,123,125,4.272,4.5,2.0,0,4,10,107,18
gma-miR156t,123,125,4.272,4.5,2.0,0,4,10,107,18
gma-miR2118a-3p,123,125,4.16,4.5,1.0,1,5,14,110,15
gma-miR2118b-3p,123,125,4.16,4.5,1.0,1,5,14,110,15
gma-miR5770a,123,125,4.42,4.5,2.5,0,0,5,100,25
gra-miR8656,123,125,4.452,4.5,2.5,0,0,5,100,25
osa-miR159c,123,125,4.184,4.5,1.5,0,5,12,102,23
osa-miR2093-5p,123,125,4.424,4.5,3.0,0,0,3,101,24
osa-miR528-3p,123,125,4.372,4.5,2.5,0,0,2,100,25
osa-miR5509,123,125,4.296,4.5,2.5,0,0,7,105,20
osa-miR5537,123,125,4.32,4.5,3.0,0,0,8,91,34
zma-miR164d-3p,123,125,4.354,4.5,0.5,1,2,6,101,24
bdi-miR5061,123,124,4.433467741935484,4.5,2.0,0,1,7,98,26
bdi-miR9484,123,124,4.435483870967742,4.5,3.0,0,0,4,104,20
nta-miR6151a,123,124,4.318548387096774,4.5,2.0,0,2,5,111,13
nta-miR6151b,123,124,4.318548387096774,4.5,2.0,0,2,5,111,13
nta-miR6151c,123,124,4.318548387096774,4.5,2.0,0,2,5,111,13
nta-miR6151d,123,124,4.318548387096774,4.5,2.0,0,2,5,111,13
nta-miR6151e,123,124,4.318548387096774,4.5,2.0,0,2,5,111,13
nta-miR6162,123,124,4.350806451612903,4.5,2.5,0,0,7,113,11
osa-miR5528,123,124,4.419354838709677,4.5,2.5,0,0,5,110,14
ptc-miR6448,123,124,4.375,4.5,2.5,0,0,5,87,37
stu-miR156f-5p,123,124,4.475806451612903,4.5,2.0,0,7,9,109,15
stu-miR171d-5p,123,124,4.504032258064516,4.5,3.0,0,0,1,102,22
aly-miR774a-3p.2,123,123,4.274390243902439,4.5,2.5,0,0,11,88,35
gma-miR166m,123,123,4.32520325203252,4.5,1.0,3,7,11,103,20
osa-miR5339,123,123,4.337398373983739,4.5,2.5,0,0,6,100,23
aly-miR156d-3p,122,136,4.297794117647059,4.5,2.5,0,0,4,120,16
smo-miR1082b,122,132,4.424242424242424,4.5,2.0,0,1,8,105,27
ath-miR825,122,129,4.317829457364341,4.5,2.0,0,1,8,110,19
ath-miR832-5p,122,128,4.5625,4.5,3.5,0,0,0,102,26
bdi-miR7769-3p,122,128,4.37890625,4.5,2.5,0,0,5,107,21
ddi-miR-7131d,122,128,4.3046875,4.5,2.0,0,2,9,101,27
ppt-miR1031a,122,128,4.44140625,4.5,2.5,0,0,9,114,14
ppt-miR1031b,122,128,4.44140625,4.5,2.5,0,0,9,114,14
mtr-miR396c,122,127,4.429133858267717,4.5,2.5,0,0,4,103,24
sbi-miR396d,122,127,3.8622047244094486,4.0,1.0,7,10,28,108,19
zma-miR2118g,122,127,4.437007874015748,4.5,2.5,0,0,6,103,24
stu-miR8040-5p,122,126,4.464285714285714,4.5,2.0,0,1,6,69,57
ahy-miR3513-3p,122,125,4.252,4.5,3.0,0,0,2,93,32
cca-miR6116-5p,122,125,4.24,4.5,2.5,0,0,9,98,27
ddi-miR-7097,122,125,4.488,4.5,2.5,0,0,4,102,23
ghr-miR2949a-5p,122,125,4.4,4.5,2.5,0,0,5,100,25
gma-miR9737,122,125,4.412,4.5,3.0,0,0,1,92,33
gra-miR8648,122,125,4.412,4.5,2.0,0,1,3,100,25
mtr-miR2670a,122,125,4.5,4.5,3.0,0,0,2,109,16
mtr-miR2670b,122,125,4.5,4.5,3.0,0,0,2,109,16
mtr-miR2670c,122,125,4.5,4.5,3.0,0,0,2,109,16
mtr-miR2670d,122,125,4.5,4.5,3.0,0,0,2,109,16
mtr-miR5759,122,125,4.42,4.5,2.5,0,0,6,102,23
osa-miR167e-3p,122,125,4.316,4.5,1.5,0,1,4,101,24
osa-miR167i-3p,122,125,4.316,4.5,1.5,0,1,4,101,24
ptc-miR472a,122,125,4.048,4.0,1.5,0,4,19,80,45
ptc-miR6427-3p,122,125,4.34,4.5,3.0,0,0,4,104,21
ptc-miR6440a,122,125,4.384,4.5,2.5,0,0,6,97,28
ptc-miR6440b,122,125,4.384,4.5,2.5,0,0,6,97,28
ptc-miR6440c,122,125,4.384,4.5,2.5,0,0,6,97,28
ptc-miR6440d,122,125,4.384,4.5,2.5,0,0,6,97,28
cca-miR396a-3p,122,124,4.314516129032258,4.5,1.5,0,1,8,111,13
gra-miR8763,122,124,4.298387096774194,4.5,1.5,0,1,8,110,14
mtr-miR5235a,122,124,4.508064516129032,4.5,2.5,0,0,1,115,9
mtr-miR5235b,122,124,4.508064516129032,4.5,2.5,0,0,1,115,9
sly-miR477-3p,122,124,4.310483870967742,4.5,2.5,0,0,5,104,20
smo-miR1107,122,124,4.42741935483871,4.5,3.0,0,0,2,110,14
tae-miR9657a-3p,122,124,4.520161290322581,4.5,2.0,0,1,1,106,18
aly-miR164b-3p,122,123,4.203252032520325,4.5,1.5,0,1,18,113,10
ath-miR164b-3p,122,123,4.203252032520325,4.5,1.5,0,1,18,113,10
gma-miR171m,122,123,4.390243902439025,4.5,1.5,0,1,3,97,26
gma-miR171t,122,123,4.390243902439025,4.5,1.5,0,1,3,97,26
gma-miR5668,122,123,4.4105691056910565,4.5,3.0,0,0,6,107,16
osa-miR166i-3p,122,123,4.069105691056911,4.5,1.0,3,9,15,100,23
rgl-miR164,122,123,4.211382113821138,4.0,3.0,0,0,5,95,28
smo-miR156c,122,123,4.239837398373984,4.5,1.5,0,4,12,103,20
stu-miR166d-5p,122,123,4.40650406504065,4.5,2.5,0,0,3,106,17
ahy-miR408-5p,122,122,4.450819672131147,4.5,2.5,0,0,9,106,16
aly-miR157d-5p,122,122,4.372950819672131,4.5,1.5,0,7,9,99,23
aqc-miR156a,122,122,4.372950819672131,4.5,1.5,0,7,9,99,23
aqc-miR156b,122,122,4.372950819672131,4.5,1.5,0,7,9,99,23
ath-miR157d,122,122,4.372950819672131,4.5,1.5,0,7,9,99,23
cme-miR156f,122,122,4.372950819672131,4.5,1.5,0,7,9,99,23
gma-miR408a-5p,122,122,4.463114754098361,4.5,3.0,0,0,6,107,15
gma-miR408c-5p,122,122,4.463114754098361,4.5,3.0,0,0,6,107,15
mdm-miR156aa,122,122,4.372950819672131,4.5,1.5,0,7,9,99,23
mdm-miR156x,122,122,4.372950819672131,4.5,1.5,0,7,9,99,23
mdm-miR156y,122,122,4.372950819672131,4.5,1.5,0,7,9,99,23
mdm-miR156z,122,122,4.372950819672131,4.5,1.5,0,7,9,99,23
mtr-miR5215,122,122,4.422131147540983,4.5,2.5,0,0,6,101,21
nta-miR156g,122,122,4.372950819672131,4.5,1.5,0,7,9,99,23
nta-miR156h,122,122,4.372950819672131,4.5,1.5,0,7,9,99,23
nta-miR156i,122,122,4.372950819672131,4.5,1.5,0,7,9,99,23
nta-miR156j,122,122,4.372950819672131,4.5,1.5,0,7,9,99,23
bdi-miR156b-3p,121,142,4.411971830985915,4.5,2.5,0,0,8,116,26
cre-miR1153-3p.2,121,139,4.41546762589928,4.5,2.5,0,0,7,105,34
ata-miR156b-3p,121,138,4.246376811594203,4.5,1.5,0,3,19,108,30
ata-miR167b-3p,121,136,4.4338235294117645,4.5,2.0,0,2,6,119,17
bdi-miR167e-3p,121,136,4.4338235294117645,4.5,2.0,0,2,6,119,17
stu-miR477a-3p,121,129,4.2984496124031,4.5,1.5,0,1,11,110,19
gma-miR396f,121,128,4.03125,4.0,1.5,0,5,22,104,24
gma-miR4413a,121,128,4.50390625,4.5,2.5,0,0,3,100,28
gma-miR5777,121,124,4.387096774193548,4.5,2.5,0,0,6,102,22
hvu-miR5049a,121,124,4.326612903225806,4.5,2.0,0,1,6,108,16
mtr-miR7700-5p,121,124,4.495967741935484,4.5,3.0,0,0,2,108,16
pta-miR156b,121,124,4.32258064516129,4.5,1.5,0,2,10,110,14
ptc-miR6479,121,124,4.399193548387097,4.5,3.0,0,0,4,100,24
sly-miR9473-3p,121,124,4.495967741935484,4.5,3.0,0,0,1,99,25
stu-miR167b-3p,121,124,4.459677419354839,4.5,2.5,0,0,4,100,24
stu-miR8024a-3p,121,124,3.995967741935484,4.0,2.0,0,2,26,119,5
stu-miR8024b,121,124,3.995967741935484,4.0,2.0,0,2,26,119,5
tae-miR9655-3p,121,124,4.415322580645161,4.5,2.5,0,0,4,102,22
aly-miR3440-3p,121,123,4.361788617886178,4.5,2.5,0,0,7,98,25
aqu-miR-2015-5p,121,123,4.491869918699187,4.5,1.5,0,2,2,101,22
ath-miR5644,121,123,4.544715447154472,4.5,2.5,0,0,1,110,13
csi-miR172b,121,123,4.2560975609756095,4.5,1.5,0,4,10,102,21
gma-miR1536,121,123,4.384146341463414,4.5,2.0,0,1,5,89,34
mtr-miR5247,121,123,4.359756097560975,4.5,2.5,0,0,6,103,20
osa-miR419,121,123,4.485772357723577,4.5,2.5,0,0,4,96,27
osa-miR5489,121,123,4.416666666666667,4.5,2.5,0,0,3,97,26
osa-miR5501,121,123,4.349593495934959,4.5,2.0,0,1,10,97,26
tae-miR5049-3p,121,123,4.475609756097561,4.5,2.5,0,0,5,100,23
ata-miR408-5p,121,122,4.444672131147541,4.5,2.5,0,0,4,103,19
ath-miR778,121,122,4.512295081967213,4.5,2.5,0,0,3,109,13
cre-miR1142,121,122,4.536885245901639,4.5,3.0,0,0,2,108,14
gma-miR5372,121,122,4.424180327868853,4.5,2.5,0,0,4,96,26
ppt-miR1063a,121,122,4.315573770491803,4.5,1.5,0,1,7,102,20
ppt-miR1063b,121,122,4.315573770491803,4.5,1.5,0,1,7,102,20
ppt-miR1063c,121,122,4.315573770491803,4.5,1.5,0,1,7,102,20
ppt-miR1063d,121,122,4.315573770491803,4.5,1.5,0,1,7,102,20
ppt-miR1063e,121,122,4.315573770491803,4.5,1.5,0,1,7,102,20
ppt-miR1063f,121,122,4.315573770491803,4.5,1.5,0,1,7,102,20
ppt-miR1063g,121,122,4.315573770491803,4.5,1.5,0,1,7,102,20
ppt-miR1063h,121,122,4.315573770491803,4.5,1.5,0,1,7,102,20
ppt-miR1221-5p,121,122,4.346311475409836,4.5,2.0,0,2,4,107,15
aly-miR166e-5p,121,121,4.456611570247934,4.5,3.0,0,0,1,103,18
ath-miR166e-5p,121,121,4.456611570247934,4.5,3.0,0,0,1,103,18
gma-miR1513c,121,121,4.582644628099174,4.5,3.0,0,0,2,89,32
mtr-miR2666,121,121,4.31404958677686,4.5,2.5,0,0,5,102,19
mtr-miR5239,121,121,4.429752066115703,4.5,2.5,0,0,2,102,19
ppt-miR1023e-3p,121,121,4.533057851239669,4.5,3.0,0,0,1,100,21
ppt-miR1059,121,121,4.386363636363637,4.5,3.0,0,0,4,108,13
ptc-miR475d-3p,120,161,4.354037267080745,4.5,2.0,0,3,8,143,18
nta-miR477b,120,137,4.273722627737226,4.5,0.5,2,4,10,107,30
zma-miR156a-3p,120,131,4.366412213740458,4.5,2.5,0,0,9,103,28
aly-miR4246,120,127,4.149606299212598,4.0,2.0,0,1,17,118,9
sly-miR164a-3p,120,127,4.330708661417323,4.5,2.0,0,1,7,102,25
cme-miR167d,120,125,4.364,4.5,3.0,0,0,2,95,30
cme-miR167f,120,125,4.364,4.5,3.0,0,0,2,95,30
cme-miR172f,120,125,4.244,4.5,2.0,0,6,16,105,20
csi-miR167a,120,125,4.364,4.5,3.0,0,0,2,95,30
csi-miR167c,120,125,4.364,4.5,3.0,0,0,2,95,30
dpr-miR167c,120,125,4.364,4.5,3.0,0,0,2,95,30
gma-miR167c,120,125,4.364,4.5,3.0,0,0,2,95,30
gma-miR167j,120,125,4.364,4.5,3.0,0,0,2,95,30
gso-miR167a,120,125,4.364,4.5,3.0,0,0,2,95,30
lja-miR167,120,125,4.364,4.5,3.0,0,0,2,95,30
mes-miR167a,120,125,4.364,4.5,3.0,0,0,2,95,30
mtr-miR167b-5p,120,125,4.364,4.5,3.0,0,0,2,95,30
osa-miR167d-5p,120,125,4.364,4.5,3.0,0,0,2,95,30
osa-miR167e-5p,120,125,4.364,4.5,3.0,0,0,2,95,30
osa-miR167f,120,125,4.364,4.5,3.0,0,0,2,95,30
osa-miR167g,120,125,4.364,4.5,3.0,0,0,2,95,30
osa-miR167h-5p,120,125,4.364,4.5,3.0,0,0,2,95,30
osa-miR167i-5p,120,125,4.364,4.5,3.0,0,0,2,95,30
osa-miR167j,120,125,4.364,4.5,3.0,0,0,2,95,30
ptc-miR167e,120,125,4.364,4.5,3.0,0,0,2,95,30
sbi-miR167c,120,125,4.364,4.5,3.0,0,0,2,95,30
sbi-miR167d,120,125,4.364,4.5,3.0,0,0,2,95,30
sbi-miR167e,120,125,4.364,4.5,3.0,0,0,2,95,30
sbi-miR167f,120,125,4.364,4.5,3.0,0,0,2,95,30
sbi-miR167g,120,125,4.364,4.5,3.0,0,0,2,95,30
sbi-miR167h,120,125,4.364,4.5,3.0,0,0,2,95,30
sof-miR167a,120,125,4.364,4.5,3.0,0,0,2,95,30
sof-miR167b,120,125,4.364,4.5,3.0,0,0,2,95,30
ssp-miR167b,120,125,4.364,4.5,3.0,0,0,2,95,30
vvi-miR167a,120,125,4.364,4.5,3.0,0,0,2,95,30
zma-miR167e-5p,120,125,4.364,4.5,3.0,0,0,2,95,30
zma-miR167f-5p,120,125,4.364,4.5,3.0,0,0,2,95,30
zma-miR167g-5p,120,125,4.364,4.5,3.0,0,0,2,95,30
zma-miR167h-5p,120,125,4.364,4.5,3.0,0,0,2,95,30
zma-miR167i-5p,120,125,4.364,4.5,3.0,0,0,2,95,30
zma-miR167j-5p,120,125,4.364,4.5,3.0,0,0,2,95,30
zma-miR171a-5p,120,125,4.536,4.5,3.0,0,0,4,109,16
ata-miR528-5p,120,124,4.407258064516129,4.5,2.5,0,0,8,97,27
ath-miR447c-3p,120,124,4.225806451612903,4.5,2.5,0,0,9,90,34
bdi-miR528-5p,120,124,4.407258064516129,4.5,2.5,0,0,8,97,27
osa-miR528-5p,120,124,4.407258064516129,4.5,2.5,0,0,8,97,27
sbi-miR528,120,124,4.407258064516129,4.5,2.5,0,0,8,97,27
ssp-miR528,120,124,4.407258064516129,4.5,2.5,0,0,8,97,27
vvi-miR3625-5p,120,124,4.278225806451613,4.5,2.0,0,3,7,97,27
zma-miR528a-5p,120,124,4.407258064516129,4.5,2.5,0,0,8,97,27
zma-miR528b-5p,120,124,4.407258064516129,4.5,2.5,0,0,8,97,27
ath-miR407,120,123,4.378048780487805,4.5,3.0,0,0,6,74,49
bra-miR9557-5p,120,123,4.341463414634147,4.5,2.5,0,0,8,108,15
lja-miR7517,120,123,4.443089430894309,4.5,2.5,0,0,5,110,13
mdm-miR164a,120,123,4.199186991869919,4.5,1.0,1,4,12,101,22
mes-miR164d,120,123,4.170731707317073,4.5,1.0,1,4,12,101,22
mtr-miR164d,120,123,4.170731707317073,4.5,1.0,1,4,12,101,22
mtr-miR2623,120,123,4.4227642276422765,4.5,3.0,0,0,3,85,38
mtr-miR7696a-3p,120,123,4.308943089430894,4.5,2.5,0,0,6,94,29
mtr-miR7696b-3p,120,123,4.308943089430894,4.5,2.5,0,0,6,94,29
nta-miR164c,120,123,4.170731707317073,4.5,1.0,1,4,12,101,22
ptc-miR164f,120,123,4.170731707317073,4.5,1.0,1,4,12,101,22
rco-miR164d,120,123,4.170731707317073,4.5,1.0,1,4,12,101,22
sbi-miR821a,120,123,4.260162601626016,4.5,2.0,0,1,9,93,30
sbi-miR821c,120,123,4.260162601626016,4.5,2.0,0,1,9,93,30
stu-miR164-5p,120,123,4.170731707317073,4.5,1.0,1,4,12,101,22
tcc-miR164c,120,123,4.170731707317073,4.5,1.0,1,4,12,101,22
vvi-miR164b,120,123,4.170731707317073,4.5,1.0,1,4,12,101,22
ahy-miR3511-3p,120,122,4.413934426229508,4.5,2.5,0,0,5,97,25
aly-miR395b-5p,120,122,4.477459016393443,4.5,2.0,0,1,5,95,27
aly-miR395c-5p,120,122,4.477459016393443,4.5,2.0,0,1,5,95,27
aly-miR773b-5p,120,122,4.352459016393443,4.5,2.5,0,0,7,77,45
ata-miR171c-5p,120,122,4.569672131147541,4.5,3.0,0,0,4,115,7
bdi-miR171c-5p,120,122,4.569672131147541,4.5,3.0,0,0,4,115,7
cca-miR6106-5p,120,122,4.516393442622951,4.5,3.5,0,0,0,111,11
cre-miR1153-5p.2,120,122,4.409836065573771,4.5,2.0,0,1,5,103,19
gma-miR393b,120,122,4.524590163934426,4.5,3.0,0,0,1,105,17
gma-miR4411,120,122,4.229508196721311,4.5,2.0,0,1,8,100,22
mdm-miR482d,120,122,4.401639344262295,4.5,2.5,0,0,5,102,20
mtr-miR2592bq-3p,120,122,4.344262295081967,4.5,2.5,0,0,8,102,20
mtr-miR2592s-3p,120,122,4.344262295081967,4.5,2.5,0,0,8,102,20
mtr-miR393b-3p,120,122,4.524590163934426,4.5,3.0,0,0,1,105,17
stu-miR8044-3p,120,122,4.426229508196721,4.5,2.0,0,1,4,100,22
vvi-miR3629a-3p,120,122,4.459016393442623,4.5,2.5,0,0,5,95,27
vvi-miR3629b,120,122,4.459016393442623,4.5,2.5,0,0,5,95,27
vvi-miR3629c,120,122,4.459016393442623,4.5,2.5,0,0,5,95,27
aly-miR859-3p,120,121,4.466942148760331,4.5,2.5,0,0,5,90,31
ata-miR1432-5p,120,121,4.450413223140496,4.5,2.0,0,1,3,96,25
ata-miR395e-5p,120,121,4.378099173553719,4.5,2.5,0,0,7,106,15
gma-miR2119,120,121,4.206611570247934,4.5,2.0,0,1,8,107,14
mtr-miR2606a,120,121,4.43801652892562,4.5,2.5,0,0,6,105,16
mtr-miR2606b,120,121,4.43801652892562,4.5,2.5,0,0,6,105,16
pvu-miR2119,120,121,4.206611570247934,4.5,2.0,0,1,8,107,14
ahy-miR156c,120,120,4.145833333333333,4.5,0.0,7,7,15,101,19
far-miR156b,120,120,4.145833333333333,4.5,0.0,7,7,15,101,19
gra-miR8701,120,120,4.425,4.5,2.5,0,0,8,103,17
mdm-miR156t,120,120,4.145833333333333,4.5,0.0,7,7,15,101,19
mdm-miR156u,120,120,4.145833333333333,4.5,0.0,7,7,15,101,19
mdm-miR156v,120,120,4.145833333333333,4.5,0.0,7,7,15,101,19
mdm-miR156w,120,120,4.145833333333333,4.5,0.0,7,7,15,101,19
mtr-miR2592a.2-3p,120,120,4.154166666666667,4.5,2.0,0,3,11,106,14
mtr-miR2592an,120,120,4.154166666666667,4.5,2.0,0,3,11,106,14
mtr-miR2592ao,120,120,4.154166666666667,4.5,2.0,0,3,11,106,14
mtr-miR2592b-3p,120,120,4.154166666666667,4.5,2.0,0,3,11,106,14
mtr-miR2592bo-3p,120,120,4.154166666666667,4.5,2.0,0,3,11,106,14
mtr-miR2592bp-5p,120,120,4.154166666666667,4.5,2.0,0,3,11,106,14
mtr-miR2592br-3p,120,120,4.154166666666667,4.5,2.0,0,3,11,106,14
mtr-miR2592c,120,120,4.154166666666667,4.5,2.0,0,3,11,106,14
mtr-miR2592d-3p,120,120,4.154166666666667,4.5,2.0,0,3,11,106,14
mtr-miR2592e-3p,120,120,4.154166666666667,4.5,2.0,0,3,11,106,14
mtr-miR2592f,120,120,4.154166666666667,4.5,2.0,0,3,11,106,14
mtr-miR2592g,120,120,4.154166666666667,4.5,2.0,0,3,11,106,14
mtr-miR2592h,120,120,4.154166666666667,4.5,2.0,0,3,11,106,14
mtr-miR2592i,120,120,4.154166666666667,4.5,2.0,0,3,11,106,14
mtr-miR2592j,120,120,4.154166666666667,4.5,2.0,0,3,11,106,14
mtr-miR2592k,120,120,4.154166666666667,4.5,2.0,0,3,11,106,14
mtr-miR2592l,120,120,4.154166666666667,4.5,2.0,0,3,11,106,14
mtr-miR2592m,120,120,4.154166666666667,4.5,2.0,0,3,11,106,14
mtr-miR2592n,120,120,4.154166666666667,4.5,2.0,0,3,11,106,14
mtr-miR2592o-3p,120,120,4.154166666666667,4.5,2.0,0,3,11,106,14
mtr-miR2592p,120,120,4.154166666666667,4.5,2.0,0,3,11,106,14
mtr-miR2592q-3p,120,120,4.154166666666667,4.5,2.0,0,3,11,106,14
mtr-miR2592r,120,120,4.154166666666667,4.5,2.0,0,3,11,106,14
stu-miR396-3p,120,120,4.341666666666667,4.5,2.5,0,0,11,101,19
sly-miR319c-5p,119,135,4.377777777777778,4.5,2.5,0,0,5,104,31
hme-miR-2763,119,129,4.22093023255814,4.5,2.5,0,0,13,109,20
bdi-miR7745-3p,119,126,4.222222222222222,4.5,2.0,0,1,16,109,17
hme-miR-71,119,126,4.246031746031746,4.5,1.5,0,2,12,108,18
aly-miR844-5p,119,124,4.44758064516129,4.5,3.0,0,0,6,101,23
hme-miR-13a,119,124,4.467741935483871,4.5,2.5,0,0,5,101,23
osa-miR535-3p,119,124,4.395161290322581,4.5,1.5,0,1,7,97,27
ptc-miR6442,119,124,4.532258064516129,4.5,3.5,0,0,0,107,17
ptc-miR7841,119,124,4.342741935483871,4.5,2.5,0,0,5,113,11
tae-miR9776,119,124,4.443548387096774,4.5,2.5,0,0,4,101,23
aly-miR163-3p.2,119,123,4.5,4.5,3.0,0,0,3,104,19
aly-miR861-5p,119,123,4.2926829268292686,4.5,2.5,0,0,9,97,26
gma-miR159b-3p,119,123,4.333333333333333,4.5,0.0,1,1,8,107,16
mtr-miR159b,119,123,4.333333333333333,4.5,0.0,1,1,8,107,16
osa-miR417,119,123,4.300813008130081,4.5,2.0,0,1,4,104,19
sbi-miR169d-3p,119,123,4.560975609756097,4.5,3.0,0,0,3,106,17
osa-miR418,119,122,4.434426229508197,4.5,2.5,0,0,4,103,19
rgl-miR7797b,119,122,4.278688524590164,4.5,2.5,0,0,5,86,36
sbi-miR5568f-5p,119,122,4.377049180327869,4.5,3.0,0,0,6,90,32
tae-miR5086,119,122,4.262295081967213,4.5,1.5,0,2,12,101,21
ahy-miR3511-5p,119,121,4.396694214876033,4.5,2.0,0,1,9,101,20
ata-miR396e-3p,119,121,4.301652892561983,4.5,1.5,0,1,7,95,26
ata-miR9674b-5p,119,121,4.429752066115703,4.5,2.5,0,0,3,104,17
bdi-miR396c-3p,119,121,4.301652892561983,4.5,1.5,0,1,7,95,26
bdi-miR396d-3p,119,121,4.301652892561983,4.5,1.5,0,1,7,95,26
hvu-miR169,119,121,4.479338842975206,4.5,2.0,0,1,6,91,30
pde-miR951,119,121,4.4152892561983474,4.5,2.0,0,1,9,89,32
pta-miR951,119,121,4.4152892561983474,4.5,2.0,0,1,9,89,32
ptc-miR6468-5p,119,121,4.43801652892562,4.5,2.5,0,0,3,107,14
zma-miR396a-3p,119,121,4.301652892561983,4.5,1.5,0,1,7,95,26
zma-miR396b-3p,119,121,4.301652892561983,4.5,1.5,0,1,7,95,26
ath-miR418,119,120,4.4875,4.5,3.0,0,0,1,106,14
bdi-miR398b,119,120,4.320833333333334,4.5,3.0,0,0,1,98,22
bna-miR6034,119,120,4.429166666666666,4.5,3.0,0,0,3,89,31
cme-miR164b,119,120,4.258333333333334,4.5,1.5,0,3,10,96,24
gma-miR171c-3p,119,120,4.383333333333334,4.5,1.5,0,1,9,95,25
gma-miR171o-3p,119,120,4.383333333333334,4.5,1.5,0,1,9,95,25
gma-miR171q,119,120,4.383333333333334,4.5,1.5,0,1,9,95,25
gra-miR8647,119,120,4.439583333333333,4.5,3.0,0,0,1,97,23
hme-miR-278,119,120,4.291666666666667,4.5,2.0,0,2,8,105,15
hvu-miR5053,119,120,4.666666666666667,5.0,3.0,0,0,2,92,28
mdm-miR171m,119,120,4.383333333333334,4.5,1.5,0,1,9,95,25
mdm-miR171n,119,120,4.383333333333334,4.5,1.5,0,1,9,95,25
mtr-miR5228,119,120,4.308333333333334,4.5,2.5,0,0,11,77,43
osa-miR5521,119,120,4.4375,4.5,3.0,0,0,2,101,19
zma-miR164a-3p,119,120,4.172916666666667,4.0,2.0,0,1,9,103,17
zma-miR171f-3p,119,120,4.383333333333334,4.5,1.5,0,1,9,95,25
aly-miR394b-3p,119,119,4.512605042016807,4.5,2.0,0,1,7,94,25
esi-miR3462-3p,119,119,4.508403361344538,4.5,3.0,0,0,3,104,15
gma-miR5038a,119,119,4.264705882352941,4.5,3.0,0,0,3,95,24
gma-miR5038b,119,119,4.264705882352941,4.5,3.0,0,0,3,95,24
mtr-miR5748,119,119,4.46218487394958,4.5,3.0,0,0,3,102,17
nta-miR6155,119,119,4.439075630252101,4.5,2.5,0,0,3,103,16
ppt-miR529a,119,119,4.298319327731092,4.5,1.0,2,3,11,103,16
ppt-miR529b,119,119,4.298319327731092,4.5,1.0,2,3,11,103,16
ppt-miR529c,119,119,4.298319327731092,4.5,1.0,2,3,11,103,16
vvi-miR3624-5p,119,119,4.464285714285714,4.5,3.5,0,0,0,95,24
ghr-miR482a,118,130,4.073076923076923,4.0,2.0,0,2,21,102,28
sly-miR482e-3p,118,130,4.073076923076923,4.0,2.0,0,2,21,102,28
sly-miR6027-5p,118,127,4.326771653543307,4.5,2.5,0,0,9,102,25
aly-miR844-3p,118,126,4.341269841269841,4.5,2.0,0,1,5,100,26
osa-miR156f-3p,118,126,4.242063492063492,4.5,2.5,0,0,17,101,25
osa-miR156h-3p,118,126,4.242063492063492,4.5,2.5,0,0,17,101,25
osa-miR156l-3p,118,126,4.242063492063492,4.5,2.5,0,0,17,101,25
zma-miR156d-3p,118,126,4.242063492063492,4.5,2.5,0,0,17,101,25
zma-miR156f-3p,118,126,4.242063492063492,4.5,2.5,0,0,17,101,25
zma-miR156g-3p,118,126,4.242063492063492,4.5,2.5,0,0,17,101,25
gma-miR1510a-3p,118,124,4.096774193548387,4.0,1.5,0,6,18,79,45
gma-miR1516d,118,124,4.44758064516129,4.5,3.0,0,0,1,96,28
gma-miR4415a-5p,118,124,4.346774193548387,4.5,2.5,0,0,6,100,24
bdi-miR5055,118,123,4.4227642276422765,4.5,2.5,0,0,2,104,19
bra-miR408-3p,118,123,4.369918699186992,4.5,2.0,0,3,7,75,48
mtr-miR2664a,118,123,4.428861788617886,4.5,2.5,0,0,4,109,14
mtr-miR2664b,118,123,4.428861788617886,4.5,2.5,0,0,4,109,14
mtr-miR5226,118,123,4.264227642276423,4.5,2.5,0,0,9,95,28
vvi-miR3629a-5p,118,123,4.219512195121951,4.5,2.0,0,1,8,107,16
gma-miR159f-3p,118,122,4.327868852459017,4.5,0.0,1,1,8,106,16
hme-miR-927,118,122,4.409836065573771,4.5,2.5,0,0,4,90,32
lja-miR7539,118,122,4.360655737704918,4.5,2.5,0,0,8,105,17
aly-miR838-5p,118,121,4.3429752066115705,4.5,2.5,0,0,5,91,30
aly-miR840-3p,118,121,4.3347107438016526,4.5,2.5,0,0,6,90,31
gra-miR8695,118,121,4.5,4.5,2.0,0,1,5,92,29
gra-miR8764,118,121,4.545454545454546,4.5,3.0,0,0,2,95,26
hme-let-7,118,121,4.359504132231405,4.5,2.5,0,0,5,101,20
pde-miR1312,118,121,4.163223140495868,4.5,1.5,0,3,12,95,26
pta-miR1312,118,121,4.163223140495868,4.5,1.5,0,3,12,95,26
aly-miR390a-5p,118,120,4.341666666666667,4.5,2.0,0,1,12,104,16
aly-miR390b-5p,118,120,4.341666666666667,4.5,2.0,0,1,12,104,16
aly-miR823-3p,118,120,4.333333333333333,4.5,2.5,0,0,7,96,24
ata-miR390-5p,118,120,4.341666666666667,4.5,2.0,0,1,12,104,16
ath-miR390a-5p,118,120,4.341666666666667,4.5,2.0,0,1,12,104,16
ath-miR390b-5p,118,120,4.341666666666667,4.5,2.0,0,1,12,104,16
bdi-miR390a-5p,118,120,4.341666666666667,4.5,2.0,0,1,12,104,16
bna-miR390a,118,120,4.341666666666667,4.5,2.0,0,1,12,104,16
bna-miR390b,118,120,4.341666666666667,4.5,2.0,0,1,12,104,16
bna-miR390c,118,120,4.341666666666667,4.5,2.0,0,1,12,104,16
bol-miR9408,118,120,4.339583333333334,4.5,2.5,0,0,9,72,48
bra-miR390-5p,118,120,4.341666666666667,4.5,2.0,0,1,12,104,16
cme-miR390a,118,120,4.341666666666667,4.5,2.0,0,1,12,104,16
cme-miR390b,118,120,4.341666666666667,4.5,2.0,0,1,12,104,16
cme-miR390c,118,120,4.341666666666667,4.5,2.0,0,1,12,104,16
cme-miR390d,118,120,4.341666666666667,4.5,2.0,0,1,12,104,16
cpa-miR390a,118,120,4.341666666666667,4.5,2.0,0,1,12,104,16
cpa-miR390b,118,120,4.341666666666667,4.5,2.0,0,1,12,104,16
csi-miR390,118,120,4.341666666666667,4.5,2.0,0,1,12,104,16
esi-miR3456-3p,118,120,4.525,4.5,1.0,1,1,4,97,23
ghr-miR390a,118,120,4.341666666666667,4.5,2.0,0,1,12,104,16
ghr-miR390b,118,120,4.341666666666667,4.5,2.0,0,1,12,104,16
ghr-miR390c,118,120,4.341666666666667,4.5,2.0,0,1,12,104,16
gma-miR390a-5p,118,120,4.341666666666667,4.5,2.0,0,1,12,104,16
gma-miR390f,118,120,4.341666666666667,4.5,2.0,0,1,12,104,16
gma-miR390g,118,120,4.341666666666667,4.5,2.0,0,1,12,104,16
gra-miR8767a,118,120,4.5,4.5,2.0,0,1,3,86,34
gra-miR8767b,118,120,4.5,4.5,2.0,0,1,3,86,34
hex-miR390a,118,120,4.341666666666667,4.5,2.0,0,1,12,104,16
hex-miR390b,118,120,4.341666666666667,4.5,2.0,0,1,12,104,16
lja-miR390a-5p,118,120,4.341666666666667,4.5,2.0,0,1,12,104,16
lja-miR390b-5p,118,120,4.341666666666667,4.5,2.0,0,1,12,104,16
mdm-miR390a,118,120,4.341666666666667,4.5,2.0,0,1,12,104,16
mdm-miR390b,118,120,4.341666666666667,4.5,2.0,0,1,12,104,16
mdm-miR390c,118,120,4.341666666666667,4.5,2.0,0,1,12,104,16
mdm-miR390d,118,120,4.341666666666667,4.5,2.0,0,1,12,104,16
mdm-miR390e,118,120,4.341666666666667,4.5,2.0,0,1,12,104,16
mdm-miR390f,118,120,4.341666666666667,4.5,2.0,0,1,12,104,16
mtr-miR2118,118,120,4.2,4.0,0.5,1,1,6,108,12
mtr-miR390,118,120,4.341666666666667,4.5,2.0,0,1,12,104,16
nta-miR390b,118,120,4.341666666666667,4.5,2.0,0,1,12,104,16
nta-miR390c,118,120,4.341666666666667,4.5,2.0,0,1,12,104,16
osa-miR2106,118,120,4.458333333333333,4.5,3.0,0,0,5,108,12
osa-miR390-5p,118,120,4.341666666666667,4.5,2.0,0,1,12,104,16
ppt-miR390a,118,120,4.341666666666667,4.5,2.0,0,1,12,104,16
ppt-miR390b,118,120,4.341666666666667,4.5,2.0,0,1,12,104,16
ppt-miR902i-3p,118,120,4.447916666666667,4.5,2.5,0,0,1,88,32
pta-miR156a,118,120,4.3875,4.5,2.0,0,1,7,97,23
ptc-miR390a,118,120,4.341666666666667,4.5,2.0,0,1,12,104,16
ptc-miR390b,118,120,4.341666666666667,4.5,2.0,0,1,12,104,16
ptc-miR390c,118,120,4.341666666666667,4.5,2.0,0,1,12,104,16
ptc-miR390d-5p,118,120,4.341666666666667,4.5,2.0,0,1,12,104,16
rco-miR390a,118,120,4.341666666666667,4.5,2.0,0,1,12,104,16
rco-miR390b,118,120,4.341666666666667,4.5,2.0,0,1,12,104,16
sbi-miR390,118,120,4.341666666666667,4.5,2.0,0,1,12,104,16
sbi-miR5564c-5p,118,120,4.370833333333334,4.5,1.5,0,1,10,94,26
sly-miR390b-5p,118,120,4.341666666666667,4.5,2.0,0,1,12,104,16
stu-miR482d-5p,118,120,4.408333333333333,4.5,2.5,0,0,6,109,11
tcc-miR390a,118,120,4.341666666666667,4.5,2.0,0,1,12,104,16
tcc-miR390b,118,120,4.341666666666667,4.5,2.0,0,1,12,104,16
vvi-miR390,118,120,4.341666666666667,4.5,2.0,0,1,12,104,16
zma-miR390a-5p,118,120,4.341666666666667,4.5,2.0,0,1,12,104,16
zma-miR390b-5p,118,120,4.341666666666667,4.5,2.0,0,1,12,104,16
aly-miR3442-5p,118,119,4.453781512605042,4.5,3.0,0,0,3,99,20
gma-miR1518,118,119,4.315126050420168,4.5,2.0,0,1,8,105,14
gma-miR5675,118,119,4.495798319327731,4.5,2.5,0,0,2,105,14
hvu-miR6200,118,119,4.487394957983193,4.5,3.0,0,0,1,88,31
mtr-miR5227,118,119,4.189075630252101,4.5,2.0,0,1,13,93,26
mtr-miR5253,118,119,4.382352941176471,4.5,2.5,0,0,2,95,24
ssp-miR437c,118,119,4.46218487394958,4.5,2.0,0,1,7,102,17
tae-miR9778,118,119,4.430672268907563,4.5,3.0,0,0,5,99,20
tcc-miR169n,118,119,4.369747899159663,4.5,2.0,0,1,13,92,27
zma-miR169p-3p,118,119,4.529411764705882,4.5,2.5,0,0,2,111,8
zma-miR399d-5p,118,119,4.4411764705882355,4.5,2.0,0,1,5,92,27
cca-miR6103-3p,118,118,4.305084745762712,4.5,2.0,0,1,5,83,35
gma-miR156k,118,118,4.254237288135593,4.5,1.0,4,7,14,100,18
gma-miR156n,118,118,4.254237288135593,4.5,1.0,4,7,14,100,18
gma-miR156o,118,118,4.254237288135593,4.5,1.0,4,7,14,100,18
osa-miR1432-3p,118,118,4.504237288135593,4.5,3.0,0,0,2,96,22
osa-miR5498,118,118,4.38135593220339,4.5,2.0,0,1,9,89,29
ppt-miR1073-5p,118,118,4.4025423728813555,4.5,2.5,0,0,5,111,7
ppt-miR1077-5p,118,118,4.521186440677966,4.5,1.5,0,1,3,92,26
ddi-miR-7095-3p,117,130,4.375,4.5,2.5,0,0,4,106,24
ptc-miR172i,117,127,4.110236220472441,4.5,0.0,7,9,14,93,34
hme-miR-928,117,123,4.540650406504065,4.5,3.0,0,0,1,110,13
gma-miR1508c,117,122,4.295081967213115,4.5,1.5,0,1,7,84,38
gma-miR482a-5p,117,122,4.348360655737705,4.5,3.0,0,0,6,108,14
gso-miR1508a,117,122,4.295081967213115,4.5,1.5,0,1,7,84,38
cme-miR166g,117,121,4.2809917355371905,4.5,0.5,7,8,14,98,23
csi-miR166c,117,121,4.2809917355371905,4.5,0.5,7,8,14,98,23
gma-miR166p,117,121,4.2809917355371905,4.5,0.5,7,8,14,98,23
gma-miR166q,117,121,4.2809917355371905,4.5,0.5,7,8,14,98,23
gma-miR166r,117,121,4.2809917355371905,4.5,0.5,7,8,14,98,23
gma-miR166s,117,121,4.2809917355371905,4.5,0.5,7,8,14,98,23
gma-miR166t,117,121,4.2809917355371905,4.5,0.5,7,8,14,98,23
mdm-miR167a,117,121,4.256198347107438,4.5,2.0,0,1,8,101,20
sbi-miR166a,117,121,4.2809917355371905,4.5,0.5,7,8,14,98,23
sbi-miR166b,117,121,4.2809917355371905,4.5,0.5,7,8,14,98,23
sbi-miR166c,117,121,4.2809917355371905,4.5,0.5,7,8,14,98,23
sbi-miR166d,117,121,4.2809917355371905,4.5,0.5,7,8,14,98,23
sbi-miR166h,117,121,4.2809917355371905,4.5,0.5,7,8,14,98,23
sbi-miR166i,117,121,4.2809917355371905,4.5,0.5,7,8,14,98,23
sbi-miR166j,117,121,4.2809917355371905,4.5,0.5,7,8,14,98,23
tcc-miR166b,117,121,4.2809917355371905,4.5,0.5,7,8,14,98,23
zma-miR166b-3p,117,121,4.2809917355371905,4.5,0.5,7,8,14,98,23
zma-miR166c-3p,117,121,4.2809917355371905,4.5,0.5,7,8,14,98,23
zma-miR166d-3p,117,121,4.2809917355371905,4.5,0.5,7,8,14,98,23
zma-miR166e,117,121,4.2809917355371905,4.5,0.5,7,8,14,98,23
zma-miR166f,117,121,4.2809917355371905,4.5,0.5,7,8,14,98,23
zma-miR166g-3p,117,121,4.2809917355371905,4.5,0.5,7,8,14,98,23
zma-miR166h-3p,117,121,4.2809917355371905,4.5,0.5,7,8,14,98,23
zma-miR166i-3p,117,121,4.2809917355371905,4.5,0.5,7,8,14,98,23
aly-miR862-5p,117,120,4.416666666666667,4.5,2.5,0,0,6,91,29
bdi-miR7757-5p.2,117,120,4.33125,4.5,2.5,0,0,8,87,33
csi-miR3953,117,120,4.395833333333333,4.5,2.5,0,0,7,86,34
hvu-miR6185,117,120,4.566666666666666,4.5,3.0,0,0,3,90,30
nta-miR6145b,117,120,4.395833333333333,4.5,3.0,0,0,7,98,22
osa-miR5525,117,120,4.46875,4.5,3.0,0,0,1,109,11
ppt-miR1219d,117,120,4.525,4.5,2.5,0,0,7,93,27
sbi-miR5568f-3p,117,120,4.416666666666667,4.5,2.5,0,0,4,111,9
aly-miR3444b,117,119,4.348739495798319,4.5,2.5,0,0,5,91,28
aly-miR829-3p,117,119,4.34453781512605,4.5,2.5,0,0,4,103,16
ghr-miR7488,117,119,4.382352941176471,4.5,2.5,0,0,5,90,29
gma-miR482c-5p,117,119,4.336134453781512,4.5,2.5,0,0,7,94,25
hme-miR-2768,117,119,4.336134453781512,4.5,2.5,0,0,3,113,6
hme-miR-6301-3p,117,119,4.294117647058823,4.5,2.5,0,0,6,95,24
mtr-miR2601,117,119,4.3655462184873945,4.5,2.5,0,0,4,88,31
osa-miR168b,117,119,4.331932773109243,4.5,0.5,2,3,9,99,20
osa-miR171c-5p,117,119,4.546218487394958,4.5,3.5,0,0,0,104,15
sly-miR171e,117,119,4.394957983193278,4.5,1.5,0,1,3,94,25
stu-miR171b-3p,117,119,4.394957983193278,4.5,1.5,0,1,3,94,25
zma-miR164c-3p,117,119,4.285714285714286,4.5,2.0,0,1,11,106,13
zma-miR164h-3p,117,119,4.285714285714286,4.5,2.0,0,1,11,106,13
zma-miR169q-3p,117,119,4.605042016806722,5.0,3.0,0,0,1,108,11
gra-miR8733,117,118,4.440677966101695,4.5,2.5,0,0,7,105,13
mtr-miR2119,117,118,4.351694915254237,4.5,2.5,0,0,5,104,14
osa-miR2870,117,118,4.483050847457627,4.5,2.5,0,0,2,103,15
ppt-miR171b,117,118,4.411016949152542,4.5,1.0,1,1,8,90,28
sbi-miR6222-5p,117,118,4.2923728813559325,4.5,2.5,0,0,13,98,20
vvi-miR169r,117,118,4.343220338983051,4.5,1.5,0,2,12,99,19
vvi-miR169u,117,118,4.343220338983051,4.5,1.5,0,2,12,99,19
gma-miR1507b,117,117,4.277777777777778,4.5,2.0,0,1,12,91,26
gma-miR1523b,117,117,4.551282051282051,4.5,3.0,0,0,1,94,23
gra-miR8666,117,117,4.335470085470085,4.5,2.5,0,0,4,100,17
gra-miR8771a,117,117,4.264957264957265,4.5,3.0,0,0,4,101,16
gra-miR8771b,117,117,4.264957264957265,4.5,3.0,0,0,4,101,16
hvu-miR5050,117,117,4.444444444444445,4.5,2.5,0,0,6,107,10
mtr-miR2612,117,117,4.585470085470085,4.5,3.5,0,0,0,100,17
mtr-miR5251,117,117,4.363247863247863,4.5,2.0,0,1,2,87,30
nta-miR156f,117,117,4.239316239316239,4.5,2.0,0,1,9,100,17
osa-miR1320-3p,117,117,4.346153846153846,4.5,1.0,1,2,6,97,20
tae-miR9661-5p,117,117,4.423076923076923,4.5,2.5,0,0,3,87,30
vun-miR1507a,117,117,4.277777777777778,4.5,2.0,0,1,12,91,26
vun-miR1507b,117,117,4.277777777777778,4.5,2.0,0,1,12,91,26
mtr-miR2111e-3p,116,128,4.43359375,4.5,3.0,0,0,7,98,30
mtr-miR319c-5p,116,128,4.390625,4.5,2.0,0,2,4,98,30
bdi-miR7735-5p,116,126,4.130952380952381,4.0,2.0,0,2,17,117,9
sly-miR166c-5p,116,125,4.336,4.5,2.0,0,1,6,108,17
vvi-miR3623-3p,116,124,4.524193548387097,4.5,3.0,0,0,1,73,51
cme-miR172a,116,123,4.09349593495935,4.5,0.5,6,9,17,92,31
ptc-miR172h-3p,116,123,4.09349593495935,4.5,0.5,6,9,17,92,31
rco-miR172,116,123,4.09349593495935,4.5,0.5,6,9,17,92,31
stu-miR172d-3p,116,123,4.09349593495935,4.5,0.5,6,9,17,92,31
vvi-miR172c,116,123,4.09349593495935,4.5,0.5,6,9,17,92,31
gma-miR2118a-5p,116,122,4.385245901639344,4.5,1.5,0,1,4,108,14
gma-miR2118b-5p,116,122,4.385245901639344,4.5,1.5,0,1,4,108,14
gma-miR319q,116,121,4.369834710743802,4.5,2.5,0,0,8,105,16
gra-miR8771d,116,121,4.3429752066115705,4.5,2.5,0,0,6,109,12
ppt-miR1028c-3p,116,121,4.359504132231405,4.5,3.0,0,0,4,107,14
bra-miR168b-5p,116,120,4.420833333333333,4.5,2.0,0,1,7,109,11
bra-miR168c-5p,116,120,4.420833333333333,4.5,2.0,0,1,7,109,11
cme-miR169k,116,120,4.483333333333333,4.5,1.5,0,2,6,94,26
gma-miR862a,116,120,4.16875,4.0,2.0,0,2,8,105,15
mes-miR319h,116,120,4.491666666666666,4.5,2.5,0,0,5,98,22
nta-miR168a,116,120,4.420833333333333,4.5,2.0,0,1,7,109,11
nta-miR168b,116,120,4.420833333333333,4.5,2.0,0,1,7,109,11
nta-miR168c,116,120,4.420833333333333,4.5,2.0,0,1,7,109,11
ppt-miR1026a,116,120,4.329166666666667,4.5,2.5,0,0,5,90,30
ppt-miR1026b,116,120,4.329166666666667,4.5,2.5,0,0,5,90,30
ptc-miR473a-5p,116,120,4.454166666666667,4.5,2.5,0,0,6,96,24
sly-miR168a-5p,116,120,4.420833333333333,4.5,2.0,0,1,7,109,11
sly-miR168b-5p,116,120,4.420833333333333,4.5,2.0,0,1,7,109,11
vun-miR319b,116,120,4.491666666666666,4.5,2.5,0,0,5,98,22
cca-miR6118-5p,116,119,4.331932773109243,4.5,2.0,0,1,5,95,24
mtr-miR5206b,116,119,4.466386554621849,4.5,2.0,0,1,3,95,24
tae-miR9774,116,119,4.151260504201681,4.5,1.5,0,3,16,98,21
aly-miR3433-5p,116,118,4.453389830508475,4.5,3.0,0,0,2,92,26
cme-miR156e,116,118,4.375,4.5,2.0,0,4,8,104,14
gma-miR5036,116,118,4.288135593220339,4.5,1.5,0,3,5,99,19
gma-miR9744,116,118,4.470338983050848,4.5,2.0,0,1,5,101,17
gso-miR2218,116,118,4.122881355932203,4.5,1.0,1,5,14,104,14
hbr-miR6167,116,118,4.4491525423728815,4.5,2.0,0,1,3,105,13
hme-miR-305,116,118,4.283898305084746,4.5,2.0,0,1,6,98,20
mtr-miR156g-5p,116,118,4.375,4.5,2.0,0,4,8,104,14
mtr-miR2655a,116,118,4.423728813559322,4.5,2.0,0,2,5,82,36
mtr-miR2655c,116,118,4.423728813559322,4.5,2.0,0,2,5,82,36
mtr-miR2655d,116,118,4.423728813559322,4.5,2.0,0,2,5,82,36
mtr-miR2655e,116,118,4.423728813559322,4.5,2.0,0,2,5,82,36
mtr-miR2655f,116,118,4.423728813559322,4.5,2.0,0,2,5,82,36
mtr-miR2655g,116,118,4.423728813559322,4.5,2.0,0,2,5,82,36
mtr-miR2655h,116,118,4.423728813559322,4.5,2.0,0,2,5,82,36
mtr-miR2655i,116,118,4.423728813559322,4.5,2.0,0,2,5,82,36
mtr-miR2655j,116,118,4.423728813559322,4.5,2.0,0,2,5,82,36
mtr-miR2655k,116,118,4.423728813559322,4.5,2.0,0,2,5,82,36
mtr-miR2655l,116,118,4.423728813559322,4.5,2.0,0,2,5,82,36
mtr-miR2655m,116,118,4.423728813559322,4.5,2.0,0,2,5,82,36
mtr-miR2655n,116,118,4.423728813559322,4.5,2.0,0,2,5,82,36
mtr-miR2655o,116,118,4.423728813559322,4.5,2.0,0,2,5,82,36
osa-miR5504,116,118,4.52542372881356,4.5,2.5,0,0,3,109,9
ptc-miR6449,116,118,4.436440677966102,4.5,3.0,0,0,6,94,24
pvu-miR2118,116,118,4.122881355932203,4.5,1.0,1,5,14,104,14
smo-miR1088-5p,116,118,4.3474576271186445,4.5,2.0,0,2,10,100,18
vun-miR2118,116,118,4.122881355932203,4.5,1.0,1,5,14,104,14
aly-miR156g-5p,116,117,4.388888888888889,4.5,2.0,0,7,10,106,11
aly-miR774b-3p,116,117,4.431623931623932,4.5,3.0,0,0,5,100,17
ath-miR156g,116,117,4.388888888888889,4.5,2.0,0,7,10,106,11
ath-miR826b,116,117,4.431623931623932,4.5,3.0,0,0,1,92,25
bra-miR9565-3p,116,117,4.4743589743589745,4.5,2.0,0,1,5,99,18
cca-miR156b,116,117,4.316239316239316,4.5,1.0,7,8,10,102,15
gma-miR156g,116,117,4.384615384615385,4.5,1.5,0,6,10,98,19
gma-miR9739,116,117,4.4914529914529915,4.5,2.5,0,0,4,97,20
osa-miR167h-3p,116,117,4.303418803418803,4.5,2.5,0,0,9,100,17
osa-miR5144-3p,116,117,4.333333333333333,4.5,2.5,0,0,4,101,16
osa-miR5820,116,117,4.371794871794871,4.5,2.0,0,1,7,98,19
ptc-miR171g-5p,116,117,4.5256410256410255,4.5,2.5,0,0,1,104,13
ptc-miR482b-5p,116,117,4.277777777777778,4.5,1.5,0,1,8,95,22
sly-miR169e-3p,116,117,4.333333333333333,4.5,3.0,0,0,3,103,14
sly-miR5302a,116,117,4.5,4.5,2.5,0,0,5,108,9
smo-miR156a,116,117,4.388888888888889,4.5,2.0,0,7,10,106,11
aly-miR163-5p.1,116,116,4.504310344827586,4.5,3.0,0,0,1,93,23
aly-miR3449-3p,116,116,4.543103448275862,4.5,3.5,0,0,0,80,36
ath-miR2933a,116,116,4.120689655172414,4.5,2.0,0,1,13,100,16
ath-miR2933b,116,116,4.120689655172414,4.5,2.0,0,1,13,100,16
bdi-miR9491,116,116,4.482758620689655,4.5,2.0,0,2,4,74,42
cre-miR1166.2,116,116,4.508620689655173,4.5,2.5,0,0,5,81,35
gma-miR9758,116,116,4.390086206896552,4.5,3.0,0,0,4,90,26
osa-miR818f,116,116,4.448275862068965,4.5,3.0,0,0,4,89,27
ppt-miR1070,116,116,4.228448275862069,4.5,2.0,0,1,6,86,30
bdi-miR156e-3p,115,127,4.350393700787402,4.5,2.5,0,0,9,100,27
osa-miR156c-3p,115,127,4.350393700787402,4.5,2.5,0,0,9,100,27
osa-miR156g-3p,115,127,4.350393700787402,4.5,2.5,0,0,9,100,27
gma-miR159a-5p,115,124,4.32258064516129,4.5,2.5,0,0,6,93,31
gma-miR172c,115,122,4.086065573770492,4.5,0.5,6,9,17,91,31
mdm-miR172l,115,122,4.086065573770492,4.5,0.5,6,9,17,91,31
mes-miR172e,115,122,4.086065573770492,4.5,0.5,6,9,17,91,31
mes-miR172f,115,122,4.086065573770492,4.5,0.5,6,9,17,91,31
mtr-miR1509a-3p,115,122,4.311475409836065,4.5,2.5,0,0,6,94,28
ptc-miR172g-3p,115,122,4.086065573770492,4.5,0.5,6,9,17,91,31
hbr-miR6168,115,121,4.471074380165289,4.5,2.0,0,1,4,101,20
osa-miR5487,115,120,4.420833333333333,4.5,2.5,0,0,5,86,34
ppt-miR902f-3p,115,120,4.55,4.5,3.0,0,0,1,91,29
stu-miR6149-3p,115,120,4.241666666666666,4.5,3.0,0,0,7,111,9
tae-miR9657b-5p,115,120,4.354166666666667,4.5,3.0,0,0,7,105,15
aau-miR319,115,119,4.380252100840337,4.5,1.5,0,3,7,104,15
aly-miR319a-3p,115,119,4.380252100840337,4.5,1.5,0,3,7,104,15
aly-miR319b-3p,115,119,4.380252100840337,4.5,1.5,0,3,7,104,15
aly-miR845b-5p,115,119,4.457983193277311,4.5,2.0,0,1,5,98,21
amg-miR319,115,119,4.380252100840337,4.5,1.5,0,3,7,104,15
aqc-miR319,115,119,4.380252100840337,4.5,1.5,0,3,7,104,15
ath-miR319a,115,119,4.380252100840337,4.5,1.5,0,3,7,104,15
ath-miR319b,115,119,4.380252100840337,4.5,1.5,0,3,7,104,15
bdi-miR408-5p,115,119,4.436974789915967,4.5,3.0,0,0,3,101,18
bra-miR319-3p,115,119,4.380252100840337,4.5,1.5,0,3,7,104,15
cca-miR319,115,119,4.380252100840337,4.5,1.5,0,3,7,104,15
gma-miR319h,115,119,4.380252100840337,4.5,1.5,0,3,7,104,15
gma-miR319j,115,119,4.380252100840337,4.5,1.5,0,3,7,104,15
gma-miR319k,115,119,4.380252100840337,4.5,1.5,0,3,7,104,15
gma-miR319m,115,119,4.380252100840337,4.5,1.5,0,3,7,104,15
hbr-miR319,115,119,4.380252100840337,4.5,1.5,0,3,7,104,15
mdm-miR319a,115,119,4.380252100840337,4.5,1.5,0,3,7,104,15
mdm-miR319b,115,119,4.380252100840337,4.5,1.5,0,3,7,104,15
mes-miR319a,115,119,4.380252100840337,4.5,1.5,0,3,7,104,15
mes-miR319b,115,119,4.380252100840337,4.5,1.5,0,3,7,104,15
mes-miR319c,115,119,4.380252100840337,4.5,1.5,0,3,7,104,15
mes-miR319d,115,119,4.380252100840337,4.5,1.5,0,3,7,104,15
mes-miR319e,115,119,4.380252100840337,4.5,1.5,0,3,7,104,15
mtr-miR319d-3p,115,119,4.380252100840337,4.5,1.5,0,3,7,104,15
nta-miR319a,115,119,4.380252100840337,4.5,1.5,0,3,7,104,15
nta-miR319b,115,119,4.380252100840337,4.5,1.5,0,3,7,104,15
osa-miR5508,115,119,4.4411764705882355,4.5,3.0,0,0,3,98,21
pta-miR1309,115,119,4.340336134453781,4.5,2.0,0,1,6,108,11
ptc-miR169s,115,119,4.42436974789916,4.5,2.0,0,2,4,95,24
ptc-miR6422,115,119,4.474789915966387,4.5,3.0,0,0,4,98,21
rco-miR319a,115,119,4.380252100840337,4.5,1.5,0,3,7,104,15
rco-miR319b,115,119,4.380252100840337,4.5,1.5,0,3,7,104,15
rco-miR319c,115,119,4.380252100840337,4.5,1.5,0,3,7,104,15
sly-miR319b,115,119,4.380252100840337,4.5,1.5,0,3,7,104,15
stu-miR319a-3p,115,119,4.380252100840337,4.5,1.5,0,3,7,104,15
stu-miR8011a-5p,115,119,4.302521008403361,4.5,2.5,0,0,12,99,20
tae-miR319,115,119,4.380252100840337,4.5,1.5,0,3,7,104,15
vun-miR319a,115,119,4.380252100840337,4.5,1.5,0,3,7,104,15
vvi-miR319b,115,119,4.380252100840337,4.5,1.5,0,3,7,104,15
vvi-miR319c,115,119,4.380252100840337,4.5,1.5,0,3,7,104,15
vvi-miR319f,115,119,4.380252100840337,4.5,1.5,0,3,7,104,15
cre-miR1150.2,115,118,4.504237288135593,4.5,3.0,0,0,2,112,6
hme-miR-34,115,118,4.3241525423728815,4.5,2.5,0,0,5,103,15
osa-miR2118h,115,118,4.377118644067797,4.5,2.5,0,0,7,96,22
osa-miR2118k,115,118,4.377118644067797,4.5,2.5,0,0,7,96,22
ppt-miR902h-3p,115,118,4.338983050847458,4.5,2.0,0,2,8,83,35
stu-miR8033-5p,115,118,4.25,4.5,2.0,0,1,8,97,21
tae-miR9653b,115,118,4.389830508474576,4.5,2.0,0,1,5,97,21
tae-miR9779,115,118,4.673728813559322,5.0,3.5,0,0,0,75,43
zma-miR164h-5p,115,118,4.1991525423728815,4.5,0.0,4,4,11,98,20
zma-miR2118a,115,118,4.377118644067797,4.5,2.5,0,0,7,96,22
aly-miR825-3p,115,117,4.294871794871795,4.5,2.5,0,0,6,107,10
ath-miR836,115,117,4.162393162393163,4.5,2.5,0,0,14,99,18
bdi-miR5181a-5p,115,117,4.397435897435898,4.5,3.0,0,0,5,92,25
gra-miR8659a,115,117,4.222222222222222,4.5,2.5,0,0,12,103,14
gra-miR8659b,115,117,4.222222222222222,4.5,2.5,0,0,12,103,14
hbr-miR6484,115,117,4.512820512820513,4.5,3.0,0,0,3,95,22
mtr-miR2088-3p,115,117,4.435897435897436,4.5,3.0,0,0,3,106,11
mtr-miR2675,115,117,4.2905982905982905,4.5,1.5,0,1,11,107,10
stu-miR7122-3p,115,117,4.5,4.5,3.5,0,0,0,97,20
ath-miR833a-5p,115,116,4.245689655172414,4.5,2.0,0,1,10,99,17
gma-miR4376a-3p,115,116,4.327586206896552,4.5,2.0,0,3,8,98,18
gma-miR5374-3p,115,116,4.418103448275862,4.5,1.0,1,2,4,85,31
mtr-miR2633,115,116,4.329741379310345,4.5,1.5,0,1,9,85,31
ppt-miR319d-5p.2,115,116,4.336206896551724,4.5,2.5,0,0,7,90,26
sly-miR1918,115,116,4.387931034482759,4.5,2.5,0,0,7,108,8
ath-miR5019,115,115,4.447826086956522,4.5,3.0,0,0,5,91,24
gma-miR1516b,115,115,4.378260869565217,4.5,2.5,0,0,5,73,42
gra-miR8745,115,115,4.452173913043478,4.5,2.0,0,1,5,104,11
hci-miR164a,115,115,4.239130434782608,4.5,0.0,4,4,11,96,19
hme-miR-137,115,115,4.391304347826087,4.5,2.5,0,0,4,96,19
mtr-miR5258,115,115,4.404347826086957,4.5,2.5,0,0,6,90,25
mtr-miR7698-3p,115,115,4.404347826086957,4.5,2.0,0,1,1,103,12
ptc-miR408-5p,115,115,4.48695652173913,4.5,3.0,0,0,1,104,11
ptc-miR6461,115,115,4.360869565217391,4.5,2.5,0,0,10,101,14
zma-miR319b-5p,114,128,4.578125,4.5,3.5,0,0,0,89,39
zma-miR319d-5p,114,128,4.578125,4.5,3.5,0,0,0,89,39
cca-miR408,114,125,4.552,5.0,2.5,0,0,4,102,23
nta-miR408,114,125,4.552,5.0,2.5,0,0,4,102,23
ppt-miR408b,114,125,4.552,5.0,2.5,0,0,4,102,23
stu-miR408b-3p,114,125,4.552,5.0,2.5,0,0,4,102,23
bdi-miR172d,114,124,4.104838709677419,4.5,0.0,7,9,14,93,31
ghr-miR172,114,124,4.104838709677419,4.5,0.0,7,9,14,93,31
mtr-miR172a,114,124,4.104838709677419,4.5,0.0,7,9,14,93,31
ppt-miR1023e-5p,114,123,4.402439024390244,4.5,2.5,0,0,5,99,24
bdi-miR393a,114,119,4.336134453781512,4.5,1.0,3,4,10,103,16
bdi-miR393b-5p,114,119,4.336134453781512,4.5,1.0,3,4,10,103,16
bna-miR393,114,119,4.336134453781512,4.5,1.0,3,4,10,103,16
cme-miR393a,114,119,4.336134453781512,4.5,1.0,3,4,10,103,16
cme-miR393b,114,119,4.336134453781512,4.5,1.0,3,4,10,103,16
cme-miR393c,114,119,4.336134453781512,4.5,1.0,3,4,10,103,16
gma-miR393a,114,119,4.336134453781512,4.5,1.0,3,4,10,103,16
mtr-miR393a,114,119,4.336134453781512,4.5,1.0,3,4,10,103,16
mtr-miR393b-5p,114,119,4.336134453781512,4.5,1.0,3,4,10,103,16
osa-miR393a,114,119,4.336134453781512,4.5,1.0,3,4,10,103,16
ptc-miR393a-5p,114,119,4.336134453781512,4.5,1.0,3,4,10,103,16
ptc-miR393b-5p,114,119,4.336134453781512,4.5,1.0,3,4,10,103,16
ptc-miR393c,114,119,4.336134453781512,4.5,1.0,3,4,10,103,16
rco-miR393,114,119,4.336134453781512,4.5,1.0,3,4,10,103,16
sbi-miR393a,114,119,4.336134453781512,4.5,1.0,3,4,10,103,16
sbi-miR393b,114,119,4.336134453781512,4.5,1.0,3,4,10,103,16
tcc-miR393b,114,119,4.336134453781512,4.5,1.0,3,4,10,103,16
vvi-miR393a,114,119,4.336134453781512,4.5,1.0,3,4,10,103,16
vvi-miR393b,114,119,4.336134453781512,4.5,1.0,3,4,10,103,16
zma-miR166l-5p,114,119,4.373949579831932,4.5,2.5,0,0,3,95,24
bdi-miR408-3p,114,118,4.385593220338983,4.5,2.5,0,0,5,97,21
bna-miR169m,114,118,4.52542372881356,4.5,1.5,0,1,5,101,17
cpa-miR408,114,118,4.385593220338983,4.5,2.5,0,0,5,97,21
cre-miR906-5p,114,118,4.343220338983051,4.5,3.0,0,0,3,103,15
dpr-miR408,114,118,4.385593220338983,4.5,2.5,0,0,5,97,21
mtr-miR2649,114,118,4.419491525423729,4.5,2.5,0,0,6,86,32
osa-miR2918,114,118,4.5423728813559325,4.5,2.5,0,0,4,102,16
osa-miR408-3p,114,118,4.385593220338983,4.5,2.5,0,0,5,97,21
rco-miR408,114,118,4.385593220338983,4.5,2.5,0,0,5,97,21
sbi-miR408,114,118,4.385593220338983,4.5,2.5,0,0,5,97,21
sly-miR9474-3p,114,118,4.3559322033898304,4.5,2.0,0,1,5,103,15
sof-miR408a,114,118,4.385593220338983,4.5,2.5,0,0,5,97,21
sof-miR408b,114,118,4.385593220338983,4.5,2.5,0,0,5,97,21
sof-miR408c,114,118,4.385593220338983,4.5,2.5,0,0,5,97,21
sof-miR408d,114,118,4.385593220338983,4.5,2.5,0,0,5,97,21
ssp-miR408a,114,118,4.385593220338983,4.5,2.5,0,0,5,97,21
ssp-miR408d,114,118,4.385593220338983,4.5,2.5,0,0,5,97,21
tae-miR408,114,118,4.385593220338983,4.5,2.5,0,0,5,97,21
zma-miR399f-5p,114,118,4.305084745762712,4.5,2.0,0,1,7,101,17
zma-miR408a,114,118,4.385593220338983,4.5,2.5,0,0,5,97,21
zma-miR408b-3p,114,118,4.385593220338983,4.5,2.5,0,0,5,97,21
aly-miR163-3p.1,114,117,4.162393162393163,4.0,1.5,0,3,11,85,32
bra-miR5726,114,117,4.418803418803419,4.5,3.0,0,0,7,102,15
cre-miR1150.3,114,117,4.452991452991453,4.5,2.5,0,0,4,93,24
esi-miR3455-3p,114,117,4.435897435897436,4.5,3.0,0,0,6,95,22
mdm-miR7121d,114,117,4.431623931623932,4.5,2.5,0,0,7,102,15
mdm-miR7121e,114,117,4.431623931623932,4.5,2.5,0,0,7,102,15
mdm-miR7121f,114,117,4.431623931623932,4.5,2.5,0,0,7,102,15
mdm-miR7121g,114,117,4.431623931623932,4.5,2.5,0,0,7,102,15
mdm-miR7121h,114,117,4.431623931623932,4.5,2.5,0,0,7,102,15
osa-miR2118l,114,117,4.243589743589744,4.5,2.0,0,1,10,100,17
pab-miR482a,114,117,4.17948717948718,4.5,2.0,0,1,15,90,27
pta-miR482a,114,117,4.17948717948718,4.5,2.0,0,1,15,90,27
pta-miR482b,114,117,4.17948717948718,4.5,2.0,0,1,15,90,27
pta-miR482d,114,117,4.495726495726496,4.5,2.5,0,0,3,100,17
ptc-miR482c-3p,114,117,4.200854700854701,4.5,1.5,0,2,9,84,33
sbi-miR5568d-3p,114,117,4.461538461538462,4.5,3.0,0,0,1,92,25
stu-miR169d-3p,114,117,4.358974358974359,4.5,2.0,0,1,6,106,11
vvi-miR3635-5p,114,117,4.3247863247863245,4.5,3.0,0,0,2,88,29
aly-miR167d-3p,114,116,4.329741379310345,4.5,2.5,0,0,4,93,23
ata-miR1432-3p,114,116,4.461206896551724,4.5,2.5,0,0,2,87,29
bdi-miR395h-5p,114,116,4.4655172413793105,4.5,3.0,0,0,5,101,15
bdi-miR395l-5p,114,116,4.4655172413793105,4.5,3.0,0,0,5,101,15
lja-miR7521,114,116,4.349137931034483,4.5,3.0,0,0,6,98,18
mtr-miR2603,114,116,4.2155172413793105,4.25,2.5,0,0,9,101,15
ptc-miR6475,114,116,4.2780172413793105,4.5,2.5,0,0,8,93,23
ptc-miR7813,114,116,4.435344827586207,4.5,3.0,0,0,4,97,19
smo-miR1102,114,116,4.331896551724138,4.5,2.0,0,2,7,106,10
vvi-miR3631a-5p,114,116,4.1594827586206895,4.0,2.5,0,0,11,99,17
vvi-miR3631b-5p,114,116,4.1594827586206895,4.0,2.5,0,0,11,99,17
vvi-miR3631c,114,116,4.1594827586206895,4.0,2.5,0,0,11,99,17
vvi-miR3631d,114,116,4.1594827586206895,4.0,2.5,0,0,11,99,17
aqc-miR166c,114,115,4.260869565217392,4.5,0.5,7,8,14,98,17
ath-miR3932b-5p,114,115,4.473913043478261,4.5,2.5,0,0,6,98,17
ath-miR5657,114,115,4.3130434782608695,4.5,2.5,0,0,8,102,13
ath-miR844-5p,114,115,4.397826086956521,4.5,3.0,0,0,3,101,14
bdi-miR9481b,114,115,4.356521739130435,4.5,2.5,0,0,5,109,6
bna-miR2111c,114,115,4.408695652173913,4.5,3.0,0,0,3,92,23
bra-miR2111-5p,114,115,4.408695652173913,4.5,3.0,0,0,3,92,23
esi-miR3454d-3p,114,115,4.3130434782608695,4.5,2.0,0,1,7,99,16
esi-miR3454g-3p,114,115,4.3130434782608695,4.5,2.0,0,1,7,99,16
mtr-miR2637,114,115,4.321739130434783,4.5,1.5,0,1,9,100,15
mtr-miR2640,114,115,4.23695652173913,4.5,1.5,0,2,8,99,16
osa-miR395u,114,115,4.369565217391305,4.5,3.0,0,0,2,105,10
osa-miR5536,114,115,4.278260869565218,4.5,2.5,0,0,9,96,19
ptc-miR169aa,114,115,4.473913043478261,4.5,1.5,0,2,3,90,25
ptc-miR7820,114,115,4.473913043478261,4.5,2.5,0,0,4,97,18
ptc-miR828b-3p,114,115,4.4195652173913045,4.5,2.5,0,0,5,87,28
sbi-miR166k,114,115,4.260869565217392,4.5,0.5,7,8,14,98,17
vvi-miR3626-5p,114,115,4.608695652173913,4.5,2.5,0,0,2,92,23
zma-miR159f-5p,114,115,4.165217391304348,4.5,1.5,0,2,10,91,24
ath-miR8174,114,114,4.517543859649122,4.5,2.5,0,0,3,100,14
ath-miR830-3p,114,114,4.416666666666667,4.5,2.0,0,2,5,100,14
bdi-miR7728-5p,114,114,4.451754385964913,4.5,2.5,0,0,4,96,18
gma-miR9732,114,114,4.37719298245614,4.5,0.5,1,1,7,93,21
mes-miR171d,114,114,4.37719298245614,4.5,2.5,0,0,6,88,26
mtr-miR5749,114,114,4.144736842105263,4.5,1.5,0,2,14,86,28
osa-miR5514,114,114,4.298245614035087,4.5,2.0,0,3,12,96,18
pde-miR952a,114,114,4.473684210526316,4.5,2.5,0,0,5,94,20
pde-miR952b,114,114,4.473684210526316,4.5,2.5,0,0,5,94,20
sly-miR164b-3p,114,114,4.094298245614035,4.0,2.0,0,1,9,96,18
sbi-miR5385,113,193,4.347150259067358,4.5,1.5,0,1,17,71,122
bra-miR1885a,113,122,4.299180327868853,4.5,2.5,0,0,6,90,32
gma-miR5783,113,120,4.258333333333334,4.5,1.0,1,3,9,114,6
tae-miR9677b,113,120,4.404166666666667,4.5,2.5,0,0,7,95,25
ata-miR167d-3p,113,118,4.379237288135593,4.5,2.5,0,0,4,95,23
bna-miR168b,113,118,4.330508474576271,4.5,2.5,0,0,5,102,16
gra-miR8632,113,117,4.482905982905983,4.5,2.5,0,0,5,99,18
mtr-miR2646a,113,117,4.47008547008547,4.5,2.5,0,0,5,82,35
mtr-miR2646b,113,117,4.47008547008547,4.5,2.5,0,0,5,82,35
osa-miR6245,113,117,4.4914529914529915,4.5,2.5,0,0,4,102,15
peu-miR2913,113,117,4.363247863247863,4.5,2.5,0,0,9,98,19
ath-miR5663-3p,113,116,4.491379310344827,4.5,2.5,0,0,6,104,12
bdi-miR845,113,116,4.413793103448276,4.5,3.0,0,0,4,82,34
ddi-miR-7099,113,116,4.400862068965517,4.5,2.5,0,0,5,101,15
ghr-miR7485,113,116,4.213362068965517,4.25,1.0,1,2,10,103,13
gma-miR5770b,113,116,4.366379310344827,4.5,2.5,0,0,5,92,24
mtr-miR2610a,113,116,4.413793103448276,4.5,2.0,0,2,3,88,28
mtr-miR2610b,113,116,4.413793103448276,4.5,2.0,0,2,3,88,28
osa-miR1429-3p,113,116,4.603448275862069,4.5,3.0,0,0,1,104,12
pti-miR5473,113,116,4.478448275862069,4.5,2.5,0,0,5,94,22
stu-miR8029,113,116,4.0905172413793105,4.5,1.5,0,4,17,103,13
vvi-miR2111-3p,113,116,4.383620689655173,4.5,2.0,0,1,9,109,7
aly-miR171b-5p,113,115,4.606521739130435,5.0,3.0,0,0,2,97,18
ath-miR171b-5p,113,115,4.606521739130435,5.0,3.0,0,0,2,97,18
ghr-miR7512,113,115,4.586956521739131,4.5,3.0,0,0,1,98,17
gma-miR4351,113,115,4.321739130434783,4.5,2.5,0,0,8,85,30
hme-miR-33,113,115,4.0456521739130435,4.0,2.5,0,0,15,107,8
hme-miR-998,113,115,4.247826086956522,4.5,2.5,0,0,8,92,23
osa-miR1846a-5p,113,115,4.478260869565218,4.5,1.5,0,1,2,98,17
osa-miR1846b-5p,113,115,4.478260869565218,4.5,1.5,0,1,2,98,17
osa-miR1846c-5p,113,115,4.478260869565218,4.5,1.5,0,1,2,98,17
ptc-miR6457a,113,115,4.417391304347826,4.5,3.0,0,0,2,90,25
zma-miR171f-5p,113,115,4.434782608695652,4.5,2.5,0,0,4,92,23
ath-miR5654-3p,113,114,4.162280701754386,4.0,2.5,0,0,13,93,21
bdi-miR5185l-5p,113,114,4.359649122807017,4.5,2.5,0,0,4,91,23
gma-miR5782,113,114,4.355263157894737,4.5,2.5,0,0,8,104,10
mdm-miR408b,113,114,4.451754385964913,4.5,2.0,0,2,4,92,22
mdm-miR408c,113,114,4.451754385964913,4.5,2.0,0,2,4,92,22
mdm-miR408d,113,114,4.451754385964913,4.5,2.0,0,2,4,92,22
mdm-miR7123a,113,114,4.456140350877193,4.5,2.5,0,0,3,84,30
mdm-miR7123b,113,114,4.456140350877193,4.5,2.5,0,0,3,84,30
mtr-miR5561-3p,113,114,4.56140350877193,4.5,3.0,0,0,2,93,21
mtr-miR7697-5p,113,114,4.381578947368421,4.5,2.5,0,0,5,98,16
osa-miR319a-5p,113,114,4.370614035087719,4.5,1.0,1,2,10,98,16
osa-miR6254,113,114,4.381578947368421,4.5,3.0,0,0,7,89,25
pab-miR3711,113,114,4.614035087719298,4.5,3.0,0,0,2,91,23
smo-miR1115-5p,113,114,4.508771929824562,4.5,2.5,0,0,3,84,30
tae-miR1120c-5p,113,114,4.451754385964913,4.5,3.0,0,0,3,91,23
tae-miR1137b-5p,113,114,4.396929824561403,4.5,2.5,0,0,9,98,16
aly-miR845a-5p,113,113,4.535398230088496,4.5,2.5,0,0,2,97,16
ath-miR844-3p,113,113,4.407079646017699,4.5,2.0,0,1,4,83,30
bdi-miR444b,113,113,4.269911504424779,4.5,2.0,0,1,7,92,21
cca-miR164,113,113,4.261061946902655,4.5,0.5,4,4,9,95,18
gra-miR8772,113,113,4.384955752212389,4.5,2.5,0,0,6,92,21
hvu-miR6190,113,113,4.435840707964601,4.5,1.5,0,1,3,96,17
osa-miR164c,113,113,4.261061946902655,4.5,0.5,4,4,9,95,18
osa-miR444a-3p.2,113,113,4.269911504424779,4.5,2.0,0,1,7,92,21
osa-miR444d.2,113,113,4.269911504424779,4.5,2.0,0,1,7,92,21
osa-miR444e,113,113,4.269911504424779,4.5,2.0,0,1,7,92,21
ppt-miR902c-3p,113,113,4.548672566371682,5.0,2.5,0,0,4,91,22
ppt-miR902e-3p,113,113,4.548672566371682,5.0,2.5,0,0,4,91,22
ppt-miR902g-3p,113,113,4.548672566371682,5.0,2.5,0,0,4,91,22
aly-miR156b-3p,112,122,4.418032786885246,4.5,2.0,0,1,7,100,22
nta-miR479b,112,119,4.3655462184873945,4.5,2.5,0,0,7,95,24
stu-miR8002-3p,112,119,4.029411764705882,4.0,2.0,0,2,22,101,18
aly-miR393a-3p,112,117,4.414529914529915,4.5,2.5,0,0,5,103,14
ath-miR393a-3p,112,117,4.414529914529915,4.5,2.5,0,0,5,103,14
gma-miR169n-5p,112,117,4.521367521367521,4.5,2.5,0,0,5,105,12
mtr-miR169c,112,117,4.521367521367521,4.5,2.5,0,0,5,105,12
aly-miR164a-5p,112,116,4.224137931034483,4.5,0.0,4,4,11,96,20
aly-miR164b-5p,112,116,4.224137931034483,4.5,0.0,4,4,11,96,20
ata-miR164a-5p,112,116,4.211206896551724,4.5,0.0,4,4,11,96,20
ata-miR164b-5p,112,116,4.224137931034483,4.5,0.0,4,4,11,96,20
ata-miR164c-5p,112,116,4.224137931034483,4.5,0.0,4,4,11,96,20
ath-miR164a,112,116,4.224137931034483,4.5,0.0,4,4,11,96,20
ath-miR164b-5p,112,116,4.224137931034483,4.5,0.0,4,4,11,96,20
ath-miR447a-3p,112,116,4.387931034482759,4.5,3.0,0,0,1,107,9
ath-miR447b,112,116,4.387931034482759,4.5,3.0,0,0,1,107,9
bdi-miR164a-5p,112,116,4.224137931034483,4.5,0.0,4,4,11,96,20
bdi-miR164b,112,116,4.224137931034483,4.5,0.0,4,4,11,96,20
bdi-miR164c-5p,112,116,4.211206896551724,4.5,0.0,4,4,11,96,20
bdi-miR164e,112,116,4.224137931034483,4.5,0.0,4,4,11,96,20
bna-miR164a,112,116,4.224137931034483,4.5,0.0,4,4,11,96,20
bra-miR164a,112,116,4.224137931034483,4.5,0.0,4,4,11,96,20
cme-miR164a,112,116,4.211206896551724,4.5,0.0,4,4,11,96,20
cme-miR164c,112,116,4.224137931034483,4.5,0.0,4,4,11,96,20
cme-miR164d,112,116,4.224137931034483,4.5,0.0,4,4,11,96,20
cpa-miR164a,112,116,4.224137931034483,4.5,0.0,4,4,11,96,20
cpa-miR164b,112,116,4.224137931034483,4.5,0.0,4,4,11,96,20
cpa-miR164c,112,116,4.224137931034483,4.5,0.0,4,4,11,96,20
cre-miR1149.2,112,116,4.336206896551724,4.5,2.0,0,1,7,82,34
cre-miR907,112,116,4.551724137931035,4.5,2.5,0,0,1,101,15
csi-miR164,112,116,4.224137931034483,4.5,0.0,4,4,11,96,20
ctr-miR164,112,116,4.224137931034483,4.5,0.0,4,4,11,96,20
ghr-miR164,112,116,4.224137931034483,4.5,0.0,4,4,11,96,20
gma-miR164a,112,116,4.224137931034483,4.5,0.0,4,4,11,96,20
gma-miR164e,112,116,4.224137931034483,4.5,0.0,4,4,11,96,20
gma-miR164f,112,116,4.224137931034483,4.5,0.0,4,4,11,96,20
gma-miR164g,112,116,4.224137931034483,4.5,0.0,4,4,11,96,20
gma-miR164h,112,116,4.224137931034483,4.5,0.0,4,4,11,96,20
gma-miR164i,112,116,4.224137931034483,4.5,0.0,4,4,11,96,20
gma-miR164j,112,116,4.224137931034483,4.5,0.0,4,4,11,96,20
gma-miR164k,112,116,4.224137931034483,4.5,0.0,4,4,11,96,20
mdm-miR164b,112,116,4.224137931034483,4.5,0.0,4,4,11,96,20
mdm-miR164c,112,116,4.224137931034483,4.5,0.0,4,4,11,96,20
mdm-miR164d,112,116,4.224137931034483,4.5,0.0,4,4,11,96,20
mdm-miR164e,112,116,4.224137931034483,4.5,0.0,4,4,11,96,20
mdm-miR164f,112,116,4.224137931034483,4.5,0.0,4,4,11,96,20
mes-miR164a,112,116,4.224137931034483,4.5,0.0,4,4,11,96,20
mes-miR164b,112,116,4.224137931034483,4.5,0.0,4,4,11,96,20
mes-miR164c,112,116,4.224137931034483,4.5,0.0,4,4,11,96,20
mtr-miR164a,112,116,4.224137931034483,4.5,0.0,4,4,11,96,20
mtr-miR164b,112,116,4.224137931034483,4.5,0.0,4,4,11,96,20
mtr-miR164c,112,116,4.224137931034483,4.5,0.0,4,4,11,96,20
mtr-miR7701-3p,112,116,4.280172413793103,4.5,2.0,0,1,8,104,12
nta-miR164a,112,116,4.224137931034483,4.5,0.0,4,4,11,96,20
nta-miR164b,112,116,4.224137931034483,4.5,0.0,4,4,11,96,20
osa-miR164a,112,116,4.224137931034483,4.5,0.0,4,4,11,96,20
osa-miR164b,112,116,4.224137931034483,4.5,0.0,4,4,11,96,20
osa-miR164d,112,116,4.211206896551724,4.5,0.0,4,4,11,96,20
osa-miR164f,112,116,4.224137931034483,4.5,0.0,4,4,11,96,20
ptc-miR164a,112,116,4.224137931034483,4.5,0.0,4,4,11,96,20
ptc-miR164b,112,116,4.224137931034483,4.5,0.0,4,4,11,96,20
ptc-miR164c,112,116,4.224137931034483,4.5,0.0,4,4,11,96,20
ptc-miR164d,112,116,4.224137931034483,4.5,0.0,4,4,11,96,20
ptc-miR164e,112,116,4.224137931034483,4.5,0.0,4,4,11,96,20
rco-miR164a,112,116,4.224137931034483,4.5,0.0,4,4,11,96,20
rco-miR164b,112,116,4.224137931034483,4.5,0.0,4,4,11,96,20
rco-miR164c,112,116,4.224137931034483,4.5,0.0,4,4,11,96,20
sbi-miR164a,112,116,4.224137931034483,4.5,0.0,4,4,11,96,20
sbi-miR164b,112,116,4.211206896551724,4.5,0.0,4,4,11,96,20
sbi-miR164d,112,116,4.224137931034483,4.5,0.0,4,4,11,96,20
sbi-miR164e,112,116,4.224137931034483,4.5,0.0,4,4,11,96,20
sly-miR164a-5p,112,116,4.224137931034483,4.5,0.0,4,4,11,96,20
sly-miR164b-5p,112,116,4.224137931034483,4.5,0.0,4,4,11,96,20
ssl-miR164a,112,116,4.224137931034483,4.5,0.0,4,4,11,96,20
ssl-miR164b,112,116,4.224137931034483,4.5,0.0,4,4,11,96,20
tae-miR164,112,116,4.224137931034483,4.5,0.0,4,4,11,96,20
tcc-miR164a,112,116,4.224137931034483,4.5,0.0,4,4,11,96,20
tcc-miR164b,112,116,4.224137931034483,4.5,0.0,4,4,11,96,20
vvi-miR164a,112,116,4.224137931034483,4.5,0.0,4,4,11,96,20
vvi-miR164c,112,116,4.224137931034483,4.5,0.0,4,4,11,96,20
vvi-miR164d,112,116,4.224137931034483,4.5,0.0,4,4,11,96,20
zma-miR164a-5p,112,116,4.224137931034483,4.5,0.0,4,4,11,96,20
zma-miR164b-5p,112,116,4.224137931034483,4.5,0.0,4,4,11,96,20
zma-miR164c-5p,112,116,4.224137931034483,4.5,0.0,4,4,11,96,20
zma-miR164d-5p,112,116,4.224137931034483,4.5,0.0,4,4,11,96,20
zma-miR164f-5p,112,116,4.211206896551724,4.5,0.0,4,4,11,96,20
zma-miR164g-5p,112,116,4.224137931034483,4.5,0.0,4,4,11,96,20
aly-miR161-5p.1,112,115,4.556521739130435,4.5,2.0,0,2,2,89,26
aly-miR167c-5p,112,115,4.3304347826086955,4.5,2.0,0,6,11,101,14
ath-miR167c-5p,112,115,4.3304347826086955,4.5,2.0,0,6,11,101,14
csi-miR3951,112,115,4.4,4.5,2.5,0,0,4,89,26
ptc-miR6443,112,115,4.297826086956522,4.5,2.0,0,1,10,95,20
sbi-miR5568g-5p,112,115,4.326086956521739,4.5,2.5,0,0,5,95,20
zma-miR169a-3p,112,115,4.195652173913044,4.5,2.5,0,0,11,105,10
zma-miR169b-3p,112,115,4.195652173913044,4.5,2.5,0,0,11,105,10
aly-miR4222,112,114,4.298245614035087,4.5,1.5,0,1,4,90,24
aly-miR4232,112,114,4.342105263157895,4.5,2.5,0,0,5,105,9
ata-miR393-5p,112,114,4.197368421052632,4.5,1.0,3,3,14,97,17
ath-miR5654-5p,112,114,4.416666666666667,4.5,2.5,0,0,6,87,27
gma-miR9724,112,114,4.1798245614035086,4.0,2.0,0,1,6,104,10
gra-miR8681,112,114,4.2894736842105265,4.5,2.5,0,0,5,92,22
gra-miR8684,112,114,4.473684210526316,4.5,3.0,0,0,5,93,21
mtr-miR2111d-3p,112,114,4.464912280701754,4.5,3.0,0,0,3,85,29
mtr-miR2680a,112,114,4.578947368421052,4.5,3.5,0,0,0,68,46
mtr-miR2680b,112,114,4.578947368421052,4.5,3.5,0,0,0,68,46
mtr-miR2680c,112,114,4.578947368421052,4.5,3.5,0,0,0,68,46
mtr-miR2680d,112,114,4.578947368421052,4.5,3.5,0,0,0,68,46
mtr-miR2680e,112,114,4.578947368421052,4.5,3.5,0,0,0,68,46
mtr-miR5249,112,114,4.4605263157894735,4.5,2.5,0,0,7,90,24
pab-miR3695,112,114,4.434210526315789,4.5,2.0,0,1,3,95,19
ppt-miR1217-3p,112,114,4.399122807017544,4.5,2.5,0,0,3,89,25
sbi-miR821b,112,114,4.482456140350878,4.5,3.0,0,0,4,89,25
stu-miR8011b-5p,112,114,4.280701754385965,4.5,3.0,0,0,10,94,20
tae-miR1137a,112,114,4.482456140350878,4.5,3.0,0,0,2,87,27
aly-miR2111a-5p,112,113,4.433628318584071,4.5,2.5,0,0,6,97,16
aly-miR2111b-5p,112,113,4.433628318584071,4.5,2.5,0,0,6,97,16
aly-miR2111c-5p,112,113,4.433628318584071,4.5,2.5,0,0,6,97,16
ath-miR2111a-5p,112,113,4.433628318584071,4.5,2.5,0,0,6,97,16
ath-miR2111b-5p,112,113,4.433628318584071,4.5,2.5,0,0,6,97,16
bdi-miR5175a,112,113,4.446902654867257,4.5,2.5,0,0,3,96,17
bna-miR2111a-5p,112,113,4.433628318584071,4.5,2.5,0,0,6,97,16
bna-miR2111b-5p,112,113,4.433628318584071,4.5,2.5,0,0,6,97,16
bna-miR2111d,112,113,4.433628318584071,4.5,2.5,0,0,6,97,16
bra-miR2111a-5p,112,113,4.433628318584071,4.5,2.5,0,0,6,97,16
bra-miR2111b-5p,112,113,4.433628318584071,4.5,2.5,0,0,6,97,16
cme-miR2111a,112,113,4.433628318584071,4.5,2.5,0,0,6,97,16
cme-miR2111b,112,113,4.433628318584071,4.5,2.5,0,0,6,97,16
ddi-miR-7098,112,113,4.535398230088496,4.5,3.0,0,0,1,102,11
gma-miR2111b,112,113,4.433628318584071,4.5,2.5,0,0,6,97,16
gma-miR2111c,112,113,4.433628318584071,4.5,2.5,0,0,6,97,16
gma-miR2111e,112,113,4.433628318584071,4.5,2.5,0,0,6,97,16
gma-miR2111f,112,113,4.433628318584071,4.5,2.5,0,0,6,97,16
hbr-miR482b,112,113,4.429203539823009,4.5,2.0,0,1,2,104,9
lja-miR2111-5p,112,113,4.433628318584071,4.5,2.5,0,0,6,97,16
mdm-miR2111a,112,113,4.433628318584071,4.5,2.5,0,0,6,97,16
mdm-miR2111b,112,113,4.433628318584071,4.5,2.5,0,0,6,97,16
mes-miR2111a,112,113,4.433628318584071,4.5,2.5,0,0,6,97,16
mes-miR2111b,112,113,4.433628318584071,4.5,2.5,0,0,6,97,16
mtr-miR2111a-5p,112,113,4.433628318584071,4.5,2.5,0,0,6,97,16
mtr-miR2111b,112,113,4.433628318584071,4.5,2.5,0,0,6,97,16
mtr-miR2111c,112,113,4.433628318584071,4.5,2.5,0,0,6,97,16
mtr-miR2111d-5p,112,113,4.433628318584071,4.5,2.5,0,0,6,97,16
mtr-miR2111e-5p,112,113,4.433628318584071,4.5,2.5,0,0,6,97,16
mtr-miR2111f,112,113,4.433628318584071,4.5,2.5,0,0,6,97,16
mtr-miR2111g-5p,112,113,4.433628318584071,4.5,2.5,0,0,6,97,16
mtr-miR2111h,112,113,4.433628318584071,4.5,2.5,0,0,6,97,16
mtr-miR2111i,112,113,4.433628318584071,4.5,2.5,0,0,6,97,16
mtr-miR2111j,112,113,4.433628318584071,4.5,2.5,0,0,6,97,16
mtr-miR2111k,112,113,4.433628318584071,4.5,2.5,0,0,6,97,16
mtr-miR2111m-5p,112,113,4.433628318584071,4.5,2.5,0,0,6,97,16
mtr-miR2111n,112,113,4.433628318584071,4.5,2.5,0,0,6,97,16
mtr-miR2111o,112,113,4.433628318584071,4.5,2.5,0,0,6,97,16
osa-miR5494,112,113,4.588495575221239,4.5,3.0,0,0,2,96,17
osa-miR5497,112,113,4.331858407079646,4.5,2.5,0,0,2,102,11
osa-miR5821,112,113,4.389380530973451,4.5,2.5,0,0,6,82,31
stu-miR8046-3p,112,113,4.424778761061947,4.5,2.5,0,0,5,103,10
tcc-miR2111,112,113,4.433628318584071,4.5,2.5,0,0,6,97,16
cre-miR912,112,112,4.479910714285714,4.5,3.0,0,0,5,82,30
gra-miR8644,112,112,4.526785714285714,4.5,3.0,0,0,4,103,9
gra-miR8653b,112,112,4.352678571428571,4.5,2.5,0,0,10,84,28
gra-miR8663a,112,112,4.073660714285714,4.0,2.5,0,0,16,95,17
hme-miR-1175,112,112,4.366071428571429,4.5,2.0,0,1,7,88,24
pde-miR396,112,112,4.383928571428571,4.5,1.5,0,2,9,106,6
ptc-miR6460,112,112,4.535714285714286,4.5,3.5,0,0,0,93,19
smo-miR156d,112,112,4.334821428571429,4.5,2.0,0,5,9,94,18
tae-miR9660-5p,112,112,4.549107142857143,4.5,3.0,0,0,1,83,29
sbi-miR6228-5p,111,121,4.169421487603306,4.0,2.5,0,0,11,93,28
stu-miR477b-5p,111,117,4.410256410256411,4.5,1.0,1,2,4,98,19
lja-miR1507a,111,116,4.301724137931035,4.5,2.0,0,2,11,83,33
lja-miR1507b,111,116,4.301724137931035,4.5,2.0,0,2,11,83,33
aly-miR173a-3p,111,115,4.421739130434783,4.5,2.5,0,0,5,91,24
aly-miR173b-3p,111,115,4.421739130434783,4.5,2.5,0,0,5,91,24
ata-miR164c-3p,111,115,4.360869565217391,4.5,3.0,0,0,4,100,15
ath-miR823,111,115,4.386956521739131,4.5,2.5,0,0,7,93,22
far-miR437,111,115,4.452173913043478,4.5,3.0,0,0,3,102,13
mdm-miR167h,111,115,4.4,4.5,3.0,0,0,2,88,27
mdm-miR167i,111,115,4.4,4.5,3.0,0,0,2,88,27
mdm-miR167j,111,115,4.4,4.5,3.0,0,0,2,88,27
ppt-miR390c-3p,111,115,4.439130434782609,4.5,3.0,0,0,6,107,8
zma-miR2118e,111,115,4.456521739130435,4.5,2.5,0,0,6,97,18
ddi-miR-7096,111,114,4.447368421052632,4.5,2.5,0,0,5,94,20
hbr-miR6170,111,114,4.1798245614035086,4.5,1.0,1,3,16,100,14
mtr-miR2089-3p,111,114,4.228070175438597,4.5,2.0,0,1,8,99,15
mtr-miR2626,111,114,4.557017543859649,4.5,3.0,0,0,2,95,19
smo-miR1098,111,114,4.473684210526316,4.5,2.5,0,0,3,103,11
stu-miR390-3p,111,114,4.3464912280701755,4.5,1.5,0,1,7,101,13
vvi-miR845a,111,114,4.451754385964913,4.5,2.5,0,0,4,86,28
vvi-miR845b,111,114,4.451754385964913,4.5,2.5,0,0,4,86,28
aly-miR3435-5p,111,113,4.367256637168142,4.5,2.0,0,1,7,92,21
aly-miR397b-3p,111,113,4.54424778761062,4.5,3.0,0,0,2,69,44
ata-miR9776-5p,111,113,4.424778761061947,4.5,2.0,0,1,4,95,18
bdi-miR9480a,111,113,4.314159292035399,4.5,2.5,0,0,6,96,17
bdi-miR9480b,111,113,4.314159292035399,4.5,2.5,0,0,6,96,17
ddi-miR-7103,111,113,4.632743362831858,5.0,3.0,0,0,2,87,26
esi-miR3466-5p,111,113,4.367256637168142,4.5,2.5,0,0,5,79,34
ghr-miR169b,111,113,4.433628318584071,4.5,2.0,0,1,4,93,20
hvu-miR6187,111,113,4.517699115044247,4.5,3.0,0,0,4,99,14
osa-miR162b,111,113,4.484513274336283,4.5,3.0,0,0,4,95,18
osa-miR2093-3p,111,113,4.424778761061947,4.5,2.5,0,0,7,94,19
osa-miR408-5p,111,113,4.424778761061947,4.5,3.0,0,0,3,103,10
ptc-miR169z,111,113,4.424778761061947,4.5,1.5,0,3,6,92,21
tcc-miR169i,111,113,4.464601769911504,4.5,3.0,0,0,2,97,16
vvi-miR169d,111,113,4.424778761061947,4.5,1.5,0,3,6,92,21
aly-miR169b-3p,111,112,4.34375,4.5,2.5,0,0,5,90,22
aly-miR395h-5p,111,112,4.330357142857143,4.5,2.5,0,0,3,90,22
aly-miR399f-5p,111,112,4.272321428571429,4.5,2.5,0,0,8,94,18
aly-miR856-5p,111,112,4.098214285714286,4.0,2.0,0,1,16,95,17
ath-miR169b-3p,111,112,4.34375,4.5,2.5,0,0,5,90,22
bdi-miR5176-3p,111,112,4.410714285714286,4.5,2.5,0,0,4,96,16
bdi-miR7725b-5p.2,111,112,4.53125,4.5,2.0,0,1,4,89,23
bdi-miR7764-3p,111,112,4.424107142857143,4.5,2.0,0,1,5,106,6
bna-miR156a,111,112,4.236607142857143,4.5,1.0,7,8,10,100,12
csi-miR1515,111,112,4.256696428571429,4.5,2.5,0,0,3,78,34
gma-miR394b-3p,111,112,4.629464285714286,4.5,3.0,0,0,1,92,20
gma-miR4348c,111,112,4.352678571428571,4.5,2.0,0,1,5,94,18
hbr-miR166a,111,112,4.21875,4.5,0.5,7,8,14,95,17
hvu-miR156a,111,112,4.236607142857143,4.5,1.0,7,8,10,100,12
hvu-miR156b,111,112,4.236607142857143,4.5,1.0,7,8,10,100,12
mtr-miR2622,111,112,4.46875,4.5,3.0,0,0,2,97,15
mtr-miR5563-5p,111,112,4.401785714285714,4.5,2.5,0,0,3,86,26
osa-miR2099-5p,111,112,4.361607142857143,4.5,2.5,0,0,4,103,9
osa-miR5523,111,112,4.294642857142857,4.5,3.0,0,0,7,86,26
osa-miR5837.1,111,112,4.375,4.5,2.5,0,0,5,99,13
pab-miR947,111,112,4.3125,4.5,2.5,0,0,11,96,16
pde-miR166a,111,112,4.21875,4.5,0.5,7,8,14,95,17
pde-miR166b,111,112,4.21875,4.5,0.5,7,8,14,95,17
ppt-miR1028a-5p,111,112,4.540178571428571,4.5,3.0,0,0,2,80,32
ppt-miR419,111,112,4.321428571428571,4.5,2.0,0,1,6,89,23
ptc-miR6439b,111,112,4.375,4.5,2.0,0,1,4,100,12
rco-miR156a,111,112,4.236607142857143,4.5,1.0,7,8,10,100,12
rco-miR156b,111,112,4.236607142857143,4.5,1.0,7,8,10,100,12
rco-miR156c,111,112,4.236607142857143,4.5,1.0,7,8,10,100,12
rco-miR156d,111,112,4.236607142857143,4.5,1.0,7,8,10,100,12
sbi-miR6231-3p,111,112,4.455357142857143,4.5,2.5,0,0,3,74,38
ssl-miR156,111,112,4.236607142857143,4.5,1.0,7,8,10,100,12
ssp-miR156,111,112,4.236607142857143,4.5,1.0,7,8,10,100,12
tae-miR156,111,112,4.236607142857143,4.5,1.0,7,8,10,100,12
tae-miR6197-5p,111,112,4.540178571428571,4.5,3.0,0,0,1,85,27
vvi-miR166a,111,112,4.21875,4.5,0.5,7,8,14,95,17
vvi-miR166b,111,112,4.21875,4.5,0.5,7,8,14,95,17
zma-miR169l-5p,111,112,4.522321428571429,4.5,2.5,0,0,6,96,16
ata-miR9674c-3p,111,111,4.468468468468468,4.5,2.0,0,1,4,95,16
gma-miR9764,111,111,4.454954954954955,4.5,2.5,0,0,3,90,21
mdm-miR156p,111,111,4.418918918918919,4.5,2.5,0,0,7,99,12
mdm-miR156q,111,111,4.418918918918919,4.5,2.5,0,0,7,99,12
mdm-miR156r,111,111,4.418918918918919,4.5,2.5,0,0,7,99,12
mdm-miR156s,111,111,4.418918918918919,4.5,2.5,0,0,7,99,12
osa-miR1437b-5p,111,111,4.490990990990991,4.5,2.5,0,0,5,94,17
ppt-miR2083-3p,111,111,4.486486486486487,4.5,2.0,0,2,5,99,12
ptc-miR2111a,111,111,4.441441441441442,4.5,2.5,0,0,6,92,19
ptc-miR2111b,111,111,4.441441441441442,4.5,2.5,0,0,6,92,19
sbi-miR156e,111,111,4.225225225225225,4.5,1.0,7,8,10,101,10
smo-miR156b,111,111,4.418918918918919,4.5,2.5,0,0,7,99,12
zma-miR156k-5p,111,111,4.225225225225225,4.5,1.0,7,8,10,101,10
tcc-miR172d,110,120,4.070833333333334,4.5,0.0,7,9,14,91,29
aly-miR774a-3p.1,110,118,4.254237288135593,4.5,2.5,0,0,13,97,21
stu-miR477a-5p,110,118,4.290254237288136,4.5,1.5,0,4,7,93,25
mtr-miR2670f,110,117,4.448717948717949,4.5,2.0,0,1,5,95,22
mtr-miR2670g,110,117,4.448717948717949,4.5,2.0,0,1,5,95,22
mtr-miR2111a-3p,110,115,4.360869565217391,4.5,2.5,0,0,6,94,21
ptc-miR6426a,110,115,4.269565217391304,4.5,2.0,0,1,6,95,20
ptc-miR6426b,110,115,4.269565217391304,4.5,2.0,0,1,6,95,20
cme-miR171i,110,114,4.31140350877193,4.5,2.5,0,0,4,81,33
hvu-miR6186,110,114,4.4035087719298245,4.5,2.5,0,0,9,92,22
lja-miR7519,110,114,4.333333333333333,4.5,2.5,0,0,5,93,21
pab-miR1311,110,114,4.100877192982456,4.0,2.0,0,2,13,87,27
pde-miR1311,110,114,4.100877192982456,4.0,2.0,0,2,13,87,27
ppt-miR390c-5p,110,114,4.37719298245614,4.5,2.0,0,2,7,95,19
pta-miR1311,110,114,4.100877192982456,4.0,2.0,0,2,13,87,27
rgl-miR5577,110,114,4.4298245614035086,4.5,3.0,0,0,6,94,20
stu-miR8020,110,114,4.1535087719298245,4.5,1.5,0,2,13,96,18
aly-miR168a-5p,110,113,4.411504424778761,4.5,2.0,0,1,6,101,12
aly-miR168b-5p,110,113,4.411504424778761,4.5,2.0,0,1,6,101,12
aly-miR169d-5p,110,113,4.464601769911504,4.5,1.5,0,2,6,88,25
aly-miR169e-5p,110,113,4.464601769911504,4.5,1.5,0,2,6,88,25
aly-miR169f-5p,110,113,4.464601769911504,4.5,1.5,0,2,6,88,25
aly-miR169g-5p,110,113,4.464601769911504,4.5,1.5,0,2,6,88,25
ata-miR528-3p,110,113,4.464601769911504,4.5,3.0,0,0,4,82,31
ath-miR168a-5p,110,113,4.411504424778761,4.5,2.0,0,1,6,101,12
ath-miR168b-5p,110,113,4.411504424778761,4.5,2.0,0,1,6,101,12
ath-miR169d,110,113,4.464601769911504,4.5,1.5,0,2,6,88,25
ath-miR169e,110,113,4.464601769911504,4.5,1.5,0,2,6,88,25
ath-miR169f-5p,110,113,4.464601769911504,4.5,1.5,0,2,6,88,25
ath-miR169g-5p,110,113,4.464601769911504,4.5,1.5,0,2,6,88,25
ath-miR5665,110,113,4.283185840707965,4.5,2.5,0,0,9,101,12
bdi-miR528-3p,110,113,4.464601769911504,4.5,3.0,0,0,4,82,31
bna-miR168a,110,113,4.411504424778761,4.5,2.0,0,1,6,101,12
bra-miR168a-5p,110,113,4.411504424778761,4.5,2.0,0,1,6,101,12
cca-miR168a,110,113,4.411504424778761,4.5,2.0,0,1,6,101,12
ccl-miR168,110,113,4.411504424778761,4.5,2.0,0,1,6,101,12
crt-miR168,110,113,4.411504424778761,4.5,2.0,0,1,6,101,12
gma-miR168a,110,113,4.411504424778761,4.5,2.0,0,1,6,101,12
gma-miR169p,110,113,4.464601769911504,4.5,1.5,0,2,6,88,25
mdm-miR168a,110,113,4.411504424778761,4.5,2.0,0,1,6,101,12
mdm-miR168b,110,113,4.411504424778761,4.5,2.0,0,1,6,101,12
mes-miR168a,110,113,4.411504424778761,4.5,2.0,0,1,6,101,12
mes-miR169h,110,113,4.464601769911504,4.5,1.5,0,2,6,88,25
mtr-miR168b,110,113,4.411504424778761,4.5,2.0,0,1,6,101,12
mtr-miR168c-5p,110,113,4.411504424778761,4.5,2.0,0,1,6,101,12
mtr-miR2615a,110,113,4.402654867256637,4.5,2.0,0,1,4,97,16
mtr-miR2615b,110,113,4.402654867256637,4.5,2.0,0,1,4,97,16
mtr-miR2615c,110,113,4.402654867256637,4.5,2.0,0,1,4,97,16
mtr-miR319c-3p,110,113,4.351769911504425,4.5,1.5,0,3,7,97,16
mtr-miR5250,110,113,4.495575221238938,4.5,2.5,0,0,2,94,19
mtr-miR5554a-5p,110,113,4.331858407079646,4.5,2.5,0,0,9,91,22
mtr-miR5554b-5p,110,113,4.331858407079646,4.5,2.5,0,0,9,91,22
mtr-miR5554c-5p,110,113,4.331858407079646,4.5,2.5,0,0,9,91,22
nta-miR168d,110,113,4.411504424778761,4.5,2.0,0,1,6,101,12
nta-miR168e,110,113,4.411504424778761,4.5,2.0,0,1,6,101,12
nta-miR5303c,110,113,4.597345132743363,4.5,3.0,0,0,2,98,15
osa-miR5081,110,113,4.3628318584070795,4.5,2.5,0,0,11,92,21
osa-miR5527,110,113,4.433628318584071,4.5,2.5,0,0,4,93,20
ptc-miR168a-5p,110,113,4.411504424778761,4.5,2.0,0,1,6,101,12
ptc-miR168b-5p,110,113,4.411504424778761,4.5,2.0,0,1,6,101,12
ptc-miR169n-5p,110,113,4.464601769911504,4.5,1.5,0,2,6,88,25
rco-miR168,110,113,4.411504424778761,4.5,2.0,0,1,6,101,12
rco-miR169c,110,113,4.464601769911504,4.5,1.5,0,2,6,88,25
tcc-miR168,110,113,4.411504424778761,4.5,2.0,0,1,6,101,12
tcc-miR169m,110,113,4.464601769911504,4.5,1.5,0,2,6,88,25
vun-miR168,110,113,4.411504424778761,4.5,2.0,0,1,6,101,12
vvi-miR168,110,113,4.411504424778761,4.5,2.0,0,1,6,101,12
vvi-miR319g,110,113,4.351769911504425,4.5,1.5,0,3,7,97,16
zma-miR528a-3p,110,113,4.464601769911504,4.5,3.0,0,0,4,82,31
zma-miR528b-3p,110,113,4.464601769911504,4.5,3.0,0,0,4,82,31
aly-miR869-3p,110,112,4.366071428571429,4.5,2.0,0,1,6,95,17
ath-miR5028,110,112,4.535714285714286,4.5,2.5,0,0,1,88,24
ath-miR866-5p,110,112,4.254464285714286,4.5,2.0,0,1,7,94,18
bdi-miR5183,110,112,4.285714285714286,4.5,1.5,0,1,7,85,27
bra-miR158-5p,110,112,4.299107142857143,4.5,3.0,0,0,5,95,17
cca-miR6103-5p,110,112,4.473214285714286,4.5,2.0,0,1,4,93,19
ctr-miR171,110,112,4.375,4.5,1.5,0,1,3,89,23
gma-miR5781,110,112,4.236607142857143,4.5,2.0,0,1,9,82,30
gra-miR3476,110,112,4.441964285714286,4.5,2.5,0,0,5,100,12
gra-miR8762d,110,112,4.258928571428571,4.5,2.5,0,0,10,102,10
mdm-miR171a,110,112,4.375,4.5,1.5,0,1,3,89,23
mdm-miR171b,110,112,4.375,4.5,1.5,0,1,3,89,23
mdm-miR5225c,110,112,4.450892857142857,4.5,3.0,0,0,3,99,13
mtr-miR5556-5p,110,112,4.397321428571429,4.5,2.0,0,1,6,101,11
pab-miR3698,110,112,4.40625,4.5,2.5,0,0,3,90,22
ppt-miR1051-5p,110,112,4.555803571428571,4.5,3.0,0,0,3,91,21
sbi-miR6233-3p,110,112,4.0625,4.0,1.5,0,4,20,103,9
zma-miR171g-5p,110,112,4.457589285714286,4.5,3.0,0,0,1,95,17
aly-miR399f-3p,110,111,4.563063063063063,4.5,3.5,0,0,0,88,23
ath-miR399a,110,111,4.563063063063063,4.5,3.5,0,0,0,88,23
ath-miR826a,110,111,4.468468468468468,4.5,3.0,0,0,4,98,13
bdi-miR2118b,110,111,4.322072072072072,4.5,2.5,0,0,7,89,22
bdi-miR5201-5p,110,111,4.207207207207207,4.5,1.5,0,2,11,83,28
bra-miR9555a-3p,110,111,4.468468468468468,4.5,2.5,0,0,3,94,17
cca-miR399,110,111,4.563063063063063,4.5,3.5,0,0,0,88,23
ghr-miR399d,110,111,4.563063063063063,4.5,3.5,0,0,0,88,23
gma-miR171k-3p,110,111,4.400900900900901,4.5,1.0,1,1,8,85,26
gma-miR5371-3p,110,111,4.581081081081081,4.5,3.5,0,0,0,85,26
lja-miR171d-5p,110,111,4.400900900900901,4.5,1.0,1,1,8,85,26
lja-miR408,110,111,4.387387387387387,4.5,3.0,0,0,2,101,10
mdm-miR171j,110,111,4.400900900900901,4.5,1.0,1,1,8,85,26
mdm-miR171k,110,111,4.400900900900901,4.5,1.0,1,1,8,85,26
mdm-miR171l,110,111,4.400900900900901,4.5,1.0,1,1,8,85,26
mtr-miR399c,110,111,4.563063063063063,4.5,3.5,0,0,0,88,23
mtr-miR399h,110,111,4.563063063063063,4.5,3.5,0,0,0,88,23
mtr-miR399i,110,111,4.563063063063063,4.5,3.5,0,0,0,88,23
mtr-miR5555-5p,110,111,4.400900900900901,4.5,2.5,0,0,6,75,36
nta-miR171b,110,111,4.400900900900901,4.5,1.0,1,1,8,85,26
osa-miR2118f,110,111,4.322072072072072,4.5,2.5,0,0,7,89,22
osa-miR2118j,110,111,4.322072072072072,4.5,2.5,0,0,7,89,22
osa-miR2118m,110,111,4.322072072072072,4.5,2.5,0,0,7,89,22
osa-miR5074,110,111,4.463963963963964,4.5,3.0,0,0,1,95,16
osa-miR5488,110,111,4.283783783783784,4.5,2.5,0,0,8,94,17
ppt-miR1051-3p,110,111,4.418918918918919,4.5,2.0,0,2,5,71,40
ptc-miR171h-5p,110,111,4.5225225225225225,4.5,2.5,0,0,1,95,16
pvu-miR482-5p,110,111,4.175675675675675,4.5,2.0,0,1,12,104,7
smo-miR171a,110,111,4.378378378378378,4.5,1.5,0,1,9,87,24
ssl-miR171b,110,111,4.400900900900901,4.5,1.0,1,1,8,85,26
stu-miR384-3p,110,111,4.524774774774775,4.5,1.5,0,1,4,90,21
vvi-miR171f,110,111,4.400900900900901,4.5,1.0,1,1,8,85,26
ahy-miR3520-5p,110,110,4.290909090909091,4.5,2.5,0,0,10,94,16
ath-miR5656,110,110,4.3522727272727275,4.5,3.0,0,0,7,102,8
bdi-miR5164,110,110,4.5636363636363635,4.5,3.5,0,0,0,91,19
bdi-miR7770-5p,110,110,4.422727272727273,4.5,2.5,0,0,2,84,26
bna-miR6033,110,110,4.386363636363637,4.5,1.5,0,1,5,84,26
gra-miR8658,110,110,4.472727272727273,4.5,2.0,0,1,5,80,30
mdm-miR156ad,110,110,4.345454545454546,4.5,2.5,0,0,8,86,24
mdm-miR156ae,110,110,4.345454545454546,4.5,2.5,0,0,8,86,24
mtr-miR5255,110,110,4.340909090909091,4.5,2.0,0,1,4,90,20
nta-miR6151f,110,110,4.359090909090909,4.5,2.0,0,1,8,100,10
stu-miR164-3p,110,110,4.513636363636364,4.5,3.0,0,0,2,82,28
tae-miR167b,110,110,4.545454545454546,4.5,2.5,0,0,3,88,22
tae-miR5050,110,110,4.504545454545455,4.5,2.5,0,0,3,93,17
tcc-miR399c,110,110,4.581818181818182,4.5,2.5,0,0,5,92,18
osa-miR2927,109,124,4.193548387096774,4.0,2.0,0,1,11,111,13
csi-miR472,109,120,4.408333333333333,4.5,2.0,0,1,3,84,36
tae-miR9669-5p,109,119,4.550420168067227,5.0,1.0,1,2,3,104,15
ath-miR5999,109,117,4.384615384615385,4.5,1.5,0,1,6,103,14
bdi-miR9487,109,117,4.52991452991453,4.5,3.0,0,0,1,90,27
hvu-miR6210,109,115,4.191304347826087,4.5,2.5,0,0,12,100,15
mtr-miR1510a-5p,109,115,4.413043478260869,4.5,2.0,0,1,6,95,20
aly-miR167d-5p,109,114,4.37719298245614,4.5,3.0,0,0,2,88,26
ath-miR167d,109,114,4.37719298245614,4.5,3.0,0,0,2,88,26
cca-miR167,109,114,4.37719298245614,4.5,3.0,0,0,2,88,26
nta-miR167a,109,114,4.37719298245614,4.5,3.0,0,0,2,88,26
nta-miR167b,109,114,4.37719298245614,4.5,3.0,0,0,2,88,26
nta-miR167c,109,114,4.37719298245614,4.5,3.0,0,0,2,88,26
rco-miR167c,109,114,4.37719298245614,4.5,3.0,0,0,2,88,26
tae-miR9676-5p,109,114,4.324561403508772,4.5,2.5,0,0,3,94,20
bna-miR399c,109,113,4.495575221238938,4.5,2.5,0,0,4,98,15
osa-miR166g-5p,109,113,4.3053097345132745,4.5,2.5,0,0,8,99,14
ptc-miR399j,109,113,4.495575221238938,4.5,2.5,0,0,4,98,15
sly-miR482d-3p,109,113,4.161504424778761,4.5,1.5,0,2,15,103,10
smo-miR1080,109,113,4.349557522123894,4.5,2.5,0,0,6,88,25
stu-miR482c,109,113,4.161504424778761,4.5,1.5,0,2,15,103,10
aly-miR3441-5p.2,109,112,4.558035714285714,4.5,2.5,0,0,2,98,14
ghr-miR3476-3p,109,112,4.25,4.5,2.0,0,2,11,93,19
mtr-miR2661,109,112,4.441964285714286,4.5,1.5,0,1,8,100,12
osa-miR2867-3p,109,112,4.580357142857143,4.5,2.5,0,0,3,88,24
ptc-miR6446,109,112,4.40625,4.5,3.0,0,0,4,71,41
smo-miR1094b,109,112,4.383928571428571,4.5,2.5,0,0,10,94,18
stu-miR7984b-3p,109,112,4.238839285714286,4.5,2.0,0,1,11,86,26
tae-miR9670-3p,109,112,4.283482142857143,4.5,2.5,0,0,5,75,37
ahy-miR167-3p,109,111,4.353603603603603,4.5,3.0,0,0,2,99,12
aly-miR822-5p,109,111,4.54054054054054,4.5,2.5,0,0,5,98,13
ath-miR1888b,109,111,4.3108108108108105,4.5,1.5,0,2,6,92,19
ath-miR5020b,109,111,4.518018018018018,4.5,2.5,0,0,3,87,24
ath-miR841b-3p,109,111,4.4324324324324325,4.5,2.5,0,0,5,103,8
ath-miR861-5p,109,111,4.45945945945946,4.5,2.5,0,0,5,99,12
bdi-miR156a,109,111,4.135135135135135,4.5,0.0,7,8,10,97,14
far-miR156a,109,111,4.135135135135135,4.5,0.0,7,8,10,97,14
ghr-miR2949a-3p,109,111,4.475225225225225,4.5,3.5,0,0,0,84,27
gma-miR1533,109,111,4.581081081081081,4.5,2.5,0,0,1,94,17
gma-miR156b,109,111,4.135135135135135,4.5,0.0,7,8,10,97,14
gma-miR169n-3p,109,111,4.288288288288288,4.5,1.5,0,2,9,103,8
gma-miR169v,109,111,4.531531531531532,4.5,2.0,0,1,6,83,28
gma-miR6299,109,111,4.2792792792792795,4.5,2.0,0,1,4,81,30
mdm-miR5225a,109,111,4.396396396396397,4.5,2.5,0,0,7,96,15
mdm-miR5225b,109,111,4.396396396396397,4.5,2.5,0,0,7,96,15
mdm-miR7121a,109,111,4.423423423423423,4.5,2.5,0,0,7,99,12
mdm-miR7121b,109,111,4.423423423423423,4.5,2.5,0,0,7,99,12
mdm-miR7121c,109,111,4.423423423423423,4.5,2.5,0,0,7,99,12
mes-miR156k,109,111,4.135135135135135,4.5,0.0,7,8,10,97,14
mtr-miR156a,109,111,4.135135135135135,4.5,0.0,7,8,10,97,14
osa-miR1320-5p,109,111,4.434684684684685,4.5,2.5,0,0,4,104,7
osa-miR156k,109,111,4.135135135135135,4.5,0.0,7,8,10,97,14
ppt-miR1068,109,111,4.346846846846847,4.5,2.0,0,1,5,79,32
ppt-miR1223e,109,111,4.490990990990991,4.5,2.0,0,1,3,89,22
ppt-miR1223f,109,111,4.490990990990991,4.5,2.0,0,1,3,89,22
ppt-miR1223g,109,111,4.490990990990991,4.5,2.0,0,1,3,89,22
ptc-miR167f-3p,109,111,4.353603603603603,4.5,3.0,0,0,2,99,12
ptc-miR167g-3p,109,111,4.353603603603603,4.5,3.0,0,0,2,99,12
ptc-miR167h-3p,109,111,4.353603603603603,4.5,3.0,0,0,2,99,12
rco-miR156e,109,111,4.135135135135135,4.5,0.0,7,8,10,97,14
sbi-miR156d,109,111,4.135135135135135,4.5,0.0,7,8,10,97,14
tcc-miR156a,109,111,4.135135135135135,4.5,0.0,7,8,10,97,14
zma-miR156j-5p,109,111,4.135135135135135,4.5,0.0,7,8,10,97,14
aly-miR398a-5p,109,110,4.5590909090909095,4.5,2.5,0,0,4,90,20
aly-miR842-5p,109,110,4.495454545454545,4.5,2.5,0,0,2,75,35
bdi-miR827-3p,109,110,4.422727272727273,4.5,2.0,0,1,4,99,11
cme-miR156j,109,110,4.202272727272727,4.5,1.0,2,4,11,94,16
hme-miR-6307-3p,109,110,4.281818181818182,4.5,2.5,0,0,4,82,28
mdm-miR169e,109,110,4.35,4.5,2.5,0,0,3,89,21
mdm-miR169f,109,110,4.35,4.5,2.5,0,0,3,89,21
osa-miR5491,109,110,4.390909090909091,4.5,2.5,0,0,3,91,19
osa-miR5522,109,110,4.431818181818182,4.5,2.0,0,1,5,91,19
osa-miR5534b,109,110,4.4772727272727275,4.5,3.0,0,0,4,98,12
osa-miR5837.2,109,110,4.513636363636364,4.5,3.0,0,0,1,96,14
osa-miR827,109,110,4.422727272727273,4.5,2.0,0,1,4,99,11
pab-miR3712,109,110,4.325,4.5,2.5,0,0,8,86,24
pde-miR949b,109,110,4.5636363636363635,4.5,2.5,0,0,1,84,26
pta-miR949,109,110,4.5636363636363635,4.5,2.5,0,0,1,84,26
ptc-miR6421-5p,109,110,4.490909090909091,4.5,1.5,0,1,2,89,21
ptc-miR6459b,109,110,4.504545454545455,4.5,2.5,0,0,4,87,23
sly-miR9479-3p,109,110,4.484090909090909,4.5,2.0,0,1,5,95,15
ssp-miR827,109,110,4.422727272727273,4.5,2.0,0,1,4,99,11
zma-miR827-3p,109,110,4.422727272727273,4.5,2.0,0,1,4,99,11
bdi-miR7713-5p,109,109,4.252293577981652,4.5,2.0,0,1,4,75,34
bdi-miR7764-5p,109,109,4.463302752293578,4.5,2.0,0,1,6,89,20
cre-miR1150.1,109,109,4.435779816513762,4.5,2.5,0,0,5,100,9
cre-miR905-5p,109,109,4.552752293577981,4.5,3.0,0,0,3,89,20
gra-miR8752,109,109,4.353211009174312,4.5,2.5,0,0,3,70,39
hme-miR-285,109,109,4.472477064220183,4.5,2.5,0,0,6,76,33
lja-miR7532a,109,109,4.490825688073395,4.5,2.5,0,0,2,86,23
lja-miR7532b,109,109,4.490825688073395,4.5,2.5,0,0,2,86,23
ptc-miR6434,109,109,4.490825688073395,4.5,2.5,0,0,2,90,19
ptc-miR6459a-5p,109,109,4.527522935779817,4.5,3.0,0,0,6,87,22
ptc-miR7830,109,109,4.541284403669724,4.5,2.0,0,1,3,95,14
smo-miR1090,109,109,4.307339449541284,4.5,2.5,0,0,7,98,11
tae-miR9777,108,123,4.390243902439025,4.5,3.0,0,0,2,100,23
aly-miR859-5p,108,119,4.432773109243698,4.5,2.0,0,1,3,100,19
stu-miR5303g,108,116,4.224137931034483,4.5,2.0,0,1,11,97,19
stu-miR5303i,108,116,4.224137931034483,4.5,2.0,0,1,11,97,19
vvi-miR3633a-3p,108,116,4.271551724137931,4.5,1.0,1,2,12,95,21
vvi-miR3633b-3p,108,114,4.434210526315789,4.5,2.5,0,0,6,96,18
bdi-miR7785-3p,108,113,4.130530973451328,4.5,2.0,0,1,11,100,13
ptc-miR169u-3p,108,113,4.402654867256637,4.5,2.5,0,0,3,105,8
smo-miR1110,108,113,4.45575221238938,4.5,3.0,0,0,4,105,8
vvi-miR3631a-3p,108,113,4.287610619469026,4.5,2.0,0,2,10,94,19
aau-miR172,108,112,4.017857142857143,4.25,1.0,1,7,21,100,12
aly-miR157c-3p,108,112,4.482142857142857,4.5,2.5,0,0,4,84,28
aly-miR157d-3p,108,112,4.473214285714286,4.5,3.0,0,0,1,90,22
ath-miR157c-3p,108,112,4.482142857142857,4.5,2.5,0,0,4,84,28
bdi-miR166g-3p,108,112,4.517857142857143,4.5,2.5,0,0,6,88,24
cca-miR6114-3p,108,112,4.3125,4.5,1.5,0,1,9,105,7
ddi-miR-7101,108,112,4.410714285714286,4.5,2.5,0,0,4,86,26
gma-miR5776,108,112,4.455357142857143,4.5,3.0,0,0,1,97,15
nta-miR482b-3p,108,112,4.138392857142857,4.0,2.5,0,0,14,79,33
vvi-miR172d,108,112,4.017857142857143,4.25,1.0,1,7,21,100,12
aly-miR163-5p.2,108,111,4.504504504504505,4.5,3.0,0,0,3,78,33
aly-miR399e-3p,108,111,4.457207207207207,4.5,2.5,0,0,5,95,16
aly-miR408-5p,108,111,4.414414414414415,4.5,3.0,0,0,6,103,8
ath-miR399e,108,111,4.457207207207207,4.5,2.5,0,0,5,95,16
cme-miR399g,108,111,4.400900900900901,4.5,2.5,0,0,6,93,18
hme-miR-6305-3p,108,111,4.2657657657657655,4.5,2.5,0,0,5,105,6
ppt-miR408a,108,111,4.441441441441442,4.5,2.5,0,0,5,93,18
sly-miR9478-3p,108,111,4.36036036036036,4.5,2.0,0,1,6,95,16
aly-miR828-5p,108,110,4.3,4.5,2.5,0,0,8,87,23
ath-miR828,108,110,4.3,4.5,2.5,0,0,8,87,23
bdi-miR395c-5p,108,110,4.4818181818181815,4.5,3.0,0,0,5,90,20
bdi-miR395k-5p,108,110,4.4818181818181815,4.5,3.0,0,0,5,90,20
hvu-miR6204,108,110,4.254545454545455,4.5,2.5,0,0,7,90,20
mtr-miR1510a-3p,108,110,4.363636363636363,4.5,2.5,0,0,4,99,11
mtr-miR5745b,108,110,4.340909090909091,4.5,2.5,0,0,6,81,29
osa-miR2118a,108,110,4.3545454545454545,4.5,2.0,0,1,6,85,25
pde-miR947,108,110,4.322727272727272,4.5,2.5,0,0,9,93,17
pta-miR947,108,110,4.322727272727272,4.5,2.5,0,0,9,93,17
sbi-miR6223-3p,108,110,4.495454545454545,4.5,2.0,0,1,4,98,12
sly-miR9475-3p,108,110,4.509090909090909,4.5,3.0,0,0,5,84,26
aly-miR165a-3p,108,109,4.31651376146789,4.5,0.5,4,7,11,86,23
aly-miR165b-3p,108,109,4.31651376146789,4.5,0.5,4,7,11,86,23
bdi-miR5173-5p,108,109,4.555045871559633,4.5,3.0,0,0,1,100,9
mtr-miR2592bp-3p,108,109,4.389908256880734,4.5,1.5,0,3,8,91,18
osa-miR5076,108,109,4.330275229357798,4.5,2.5,0,0,6,90,19
osa-miR5836,108,109,4.557339449541284,4.5,2.0,0,1,3,82,27
ppt-miR1069-3p,108,109,4.408256880733945,4.5,2.0,0,1,7,89,20
ppt-miR534b,108,109,4.334862385321101,4.5,2.0,0,1,8,74,35
ptc-miR171a-5p,108,109,4.628440366972477,4.5,3.0,0,0,2,83,26
stu-miR319-3p,108,109,4.426605504587156,4.5,2.5,0,0,4,94,15
stu-miR8036-5p,108,109,4.5,4.5,3.5,0,0,0,77,32
aly-miR169d-3p,108,108,4.523148148148148,4.5,2.5,0,0,4,67,41
aly-miR169e-3p,108,108,4.523148148148148,4.5,2.5,0,0,4,67,41
aly-miR169g-3p,108,108,4.523148148148148,4.5,2.5,0,0,4,67,41
aly-miR3445-3p.2,108,108,4.518518518518518,4.5,2.5,0,0,3,93,15
aly-miR3447-5p,108,108,4.481481481481482,4.5,2.5,0,0,8,89,19
aly-miR827-3p,108,108,4.412037037037037,4.5,2.5,0,0,5,94,14
bdi-miR437,108,108,4.416666666666667,4.5,2.0,0,1,4,93,15
bdi-miR7754-3p,108,108,4.37962962962963,4.5,2.5,0,0,3,87,21
cme-miR399f,108,108,4.583333333333333,4.5,3.0,0,0,1,89,19
mtr-miR2617a,108,108,4.638888888888889,4.75,2.5,0,0,2,85,23
mtr-miR2617b,108,108,4.638888888888889,4.75,2.5,0,0,2,85,23
mtr-miR2617c,108,108,4.638888888888889,4.75,2.5,0,0,2,85,23
mtr-miR2655b,108,108,4.439814814814815,4.5,2.5,0,0,2,85,23
mtr-miR5246,108,108,4.479166666666667,4.5,3.0,0,0,1,87,21
ppt-miR1047-5p,108,108,4.405092592592593,4.5,2.5,0,0,3,92,16
zma-miR398b-5p,108,108,4.671296296296297,5.0,3.0,0,0,1,100,8
bdi-miR7763-3p,107,134,4.264925373134329,4.5,2.5,0,0,4,112,22
ptc-miR475a-3p,107,130,4.357692307692307,4.5,2.0,0,2,14,110,20
ptc-miR475b-3p,107,130,4.357692307692307,4.5,2.0,0,2,14,110,20
gma-miR1514a-3p,107,122,4.44672131147541,4.5,2.0,0,1,7,106,16
gma-miR1514b-3p,107,122,4.44672131147541,4.5,2.0,0,1,7,106,16
gma-miR9730,107,119,4.44327731092437,4.5,3.0,0,0,2,99,20
mtr-miR5754,107,119,4.407563025210084,4.5,2.5,0,0,5,104,15
ata-miR156d-3p,107,114,4.43859649122807,4.5,2.5,0,0,4,91,23
gra-miR7504k,107,114,4.298245614035087,4.5,1.0,1,4,12,93,21
gra-miR7504l,107,114,4.298245614035087,4.5,1.0,1,4,12,93,21
gra-miR7504m,107,114,4.298245614035087,4.5,1.0,1,4,12,93,21
pvu-miR482-3p,107,114,4.026315789473684,4.0,0.0,1,6,13,102,12
zma-miR156k-3p,107,114,4.3201754385964914,4.5,2.5,0,0,7,94,20
ath-miR5024-3p,107,113,4.3584070796460175,4.5,2.5,0,0,5,96,17
ath-miR5628,107,113,4.588495575221239,4.5,2.5,0,0,2,87,26
gma-miR5043,107,112,4.236607142857143,4.5,2.0,0,2,11,95,17
mtr-miR5242,107,112,4.34375,4.5,2.0,0,1,8,96,16
osa-miR169r-5p,107,112,4.477678571428571,4.5,2.5,0,0,4,93,19
sbi-miR169o,107,112,4.477678571428571,4.5,2.5,0,0,4,93,19
aly-miR319c-3p,107,111,4.335585585585585,4.5,1.5,0,3,7,99,12
aly-miR319d-3p,107,111,4.335585585585585,4.5,1.5,0,3,7,99,12
aly-miR4239,107,111,4.3558558558558556,4.5,2.5,0,0,7,90,21
ath-miR319c,107,111,4.335585585585585,4.5,1.5,0,3,7,99,12
cme-miR169p,107,111,4.509009009009009,4.5,1.5,0,1,5,95,16
cme-miR169q,107,111,4.509009009009009,4.5,1.5,0,1,5,95,16
cme-miR169s,107,111,4.509009009009009,4.5,1.5,0,1,5,95,16
mes-miR319f,107,111,4.335585585585585,4.5,1.5,0,3,7,99,12
mes-miR319g,107,111,4.335585585585585,4.5,1.5,0,3,7,99,12
mtr-miR2644,107,111,4.382882882882883,4.5,2.5,0,0,8,94,17
osa-miR1431,107,111,4.585585585585585,4.5,3.0,0,0,2,94,17
osa-miR166e-3p,107,111,4.333333333333333,4.5,2.0,0,3,12,86,25
pvu-miR319c,107,111,4.335585585585585,4.5,1.5,0,3,7,99,12
rco-miR319d,107,111,4.335585585585585,4.5,1.5,0,3,7,99,12
sly-miR319c-3p,107,111,4.335585585585585,4.5,1.5,0,3,7,99,12
aly-miR4242,107,110,4.554545454545455,4.5,3.0,0,0,1,80,30
bdi-miR5066,107,110,4.554545454545455,4.5,3.0,0,0,1,91,19
gra-miR8710a,107,110,4.486363636363636,4.5,3.0,0,0,3,88,22
gra-miR8710b,107,110,4.486363636363636,4.5,3.0,0,0,3,88,22
osa-miR5499,107,110,4.404545454545454,4.5,2.0,0,1,5,96,14
osa-miR5500,107,110,4.381818181818182,4.5,2.5,0,0,6,90,20
aly-miR2111b-3p,107,109,4.573394495412844,4.5,3.0,0,0,1,87,22
bdi-miR5174f,107,109,4.3577981651376145,4.5,2.5,0,0,7,88,21
bna-miR2111b-3p,107,109,4.573394495412844,4.5,3.0,0,0,1,87,22
csi-miR172c,107,109,4.045871559633028,4.0,1.5,0,7,14,87,22
ghr-miR7491,107,109,4.238532110091743,4.5,1.5,0,1,10,90,19
mtr-miR2602a,107,109,4.362385321100917,4.5,2.0,0,1,6,99,10
mtr-miR2602b,107,109,4.362385321100917,4.5,2.0,0,1,6,99,10
mtr-miR5561-5p,107,109,4.444954128440367,4.5,2.5,0,0,4,88,21
mtr-miR5744,107,109,4.426605504587156,4.5,3.0,0,0,5,82,27
osa-miR171f-5p,107,109,4.431192660550459,4.5,2.5,0,0,2,91,18
osa-miR1860-3p,107,109,4.263761467889908,4.5,2.0,0,1,10,87,22
ppt-miR1223j,107,109,4.5,4.5,2.0,0,1,3,87,22
ahy-miR156b-5p,107,108,4.268518518518518,4.5,1.5,0,4,11,96,12
aly-miR157a-5p,107,108,4.268518518518518,4.5,1.5,0,4,11,96,12
aly-miR157b-5p,107,108,4.268518518518518,4.5,1.5,0,4,11,96,12
aly-miR157c-5p,107,108,4.268518518518518,4.5,1.5,0,4,11,96,12
aly-miR166b-5p,107,108,4.50462962962963,4.5,2.5,0,0,2,89,19
aly-miR167c-3p,107,108,4.407407407407407,4.5,3.0,0,0,4,98,10
ata-miR5070-5p,107,108,4.388888888888889,4.5,2.5,0,0,5,96,12
ath-miR157a-5p,107,108,4.268518518518518,4.5,1.5,0,4,11,96,12
ath-miR157b-5p,107,108,4.268518518518518,4.5,1.5,0,4,11,96,12
ath-miR157c-5p,107,108,4.268518518518518,4.5,1.5,0,4,11,96,12
ath-miR166a-5p,107,108,4.50462962962963,4.5,2.5,0,0,2,89,19
ath-miR166b-5p,107,108,4.50462962962963,4.5,2.5,0,0,2,89,19
ath-miR861-3p,107,108,4.402777777777778,4.5,2.5,0,0,8,90,18
bdi-miR7787-3p,107,108,4.226851851851852,4.0,2.5,0,0,5,60,48
bna-miR156b,107,108,4.268518518518518,4.5,1.5,0,4,11,96,12
bna-miR156c,107,108,4.268518518518518,4.5,1.5,0,4,11,96,12
bna-miR156g,107,108,4.268518518518518,4.5,1.5,0,4,11,96,12
bol-miR157a,107,108,4.268518518518518,4.5,1.5,0,4,11,96,12
bra-miR157a,107,108,4.268518518518518,4.5,1.5,0,4,11,96,12
cca-miR156c,107,108,4.268518518518518,4.5,1.5,0,4,11,96,12
cme-miR156b,107,108,4.268518518518518,4.5,1.5,0,4,11,96,12
cme-miR169g,107,108,4.513888888888889,4.5,2.0,0,1,2,84,24
cpa-miR156e,107,108,4.268518518518518,4.5,1.5,0,4,11,96,12
cpa-miR156f,107,108,4.268518518518518,4.5,1.5,0,4,11,96,12
gma-miR156c,107,108,4.268518518518518,4.5,1.5,0,4,11,96,12
gma-miR156d,107,108,4.268518518518518,4.5,1.5,0,4,11,96,12
gma-miR156e,107,108,4.268518518518518,4.5,1.5,0,4,11,96,12
gma-miR156i,107,108,4.268518518518518,4.5,1.5,0,4,11,96,12
gma-miR156j,107,108,4.268518518518518,4.5,1.5,0,4,11,96,12
gma-miR156l,107,108,4.268518518518518,4.5,1.5,0,4,11,96,12
gma-miR156m,107,108,4.268518518518518,4.5,1.5,0,4,11,96,12
gma-miR4397-3p,107,108,4.476851851851852,4.5,1.5,0,1,3,93,15
gma-miR9740,107,108,4.439814814814815,4.5,2.5,0,0,4,92,16
gra-miR157a,107,108,4.268518518518518,4.5,1.5,0,4,11,96,12
gra-miR157b,107,108,4.268518518518518,4.5,1.5,0,4,11,96,12
gra-miR8633,107,108,4.3842592592592595,4.5,2.5,0,0,4,75,33
han-miR156c,107,108,4.268518518518518,4.5,1.5,0,4,11,96,12
hvu-miR6197,107,108,4.523148148148148,4.5,2.0,0,1,4,73,35
mdm-miR156ab,107,108,4.268518518518518,4.5,1.5,0,4,11,96,12
mdm-miR156ac,107,108,4.268518518518518,4.5,1.5,0,4,11,96,12
mes-miR156h,107,108,4.268518518518518,4.5,1.5,0,4,11,96,12
mes-miR156i,107,108,4.268518518518518,4.5,1.5,0,4,11,96,12
mes-miR156j,107,108,4.268518518518518,4.5,1.5,0,4,11,96,12
mtr-miR156e,107,108,4.268518518518518,4.5,1.5,0,4,11,96,12
mtr-miR156f,107,108,4.268518518518518,4.5,1.5,0,4,11,96,12
mtr-miR156h-5p,107,108,4.268518518518518,4.5,1.5,0,4,11,96,12
mtr-miR2614,107,108,4.569444444444445,4.5,3.0,0,0,2,97,11
osa-miR1428a-5p,107,108,4.402777777777778,4.5,2.5,0,0,5,82,26
ppt-miR1054,107,108,4.4907407407407405,4.5,3.0,0,0,2,91,17
ptc-miR156g,107,108,4.268518518518518,4.5,1.5,0,4,11,96,12
ptc-miR156h,107,108,4.268518518518518,4.5,1.5,0,4,11,96,12
ptc-miR156i,107,108,4.268518518518518,4.5,1.5,0,4,11,96,12
ptc-miR156j,107,108,4.268518518518518,4.5,1.5,0,4,11,96,12
rco-miR156f,107,108,4.268518518518518,4.5,1.5,0,4,11,96,12
rco-miR156g,107,108,4.268518518518518,4.5,1.5,0,4,11,96,12
rco-miR156h,107,108,4.268518518518518,4.5,1.5,0,4,11,96,12
sly-miR156a,107,108,4.268518518518518,4.5,1.5,0,4,11,96,12
sly-miR156b,107,108,4.268518518518518,4.5,1.5,0,4,11,96,12
sly-miR156c,107,108,4.268518518518518,4.5,1.5,0,4,11,96,12
sly-miR5302b-5p,107,108,4.157407407407407,4.5,2.5,0,0,12,86,22
stu-miR156a,107,108,4.268518518518518,4.5,1.5,0,4,11,96,12
stu-miR156b,107,108,4.268518518518518,4.5,1.5,0,4,11,96,12
stu-miR156c,107,108,4.268518518518518,4.5,1.5,0,4,11,96,12
stu-miR156d-5p,107,108,4.268518518518518,4.5,1.5,0,4,11,96,12
tcc-miR156e,107,108,4.268518518518518,4.5,1.5,0,4,11,96,12
tcc-miR156f,107,108,4.268518518518518,4.5,1.5,0,4,11,96,12
vun-miR156b,107,108,4.268518518518518,4.5,1.5,0,4,11,96,12
vvi-miR156f,107,108,4.268518518518518,4.5,1.5,0,4,11,96,12
vvi-miR156g,107,108,4.268518518518518,4.5,1.5,0,4,11,96,12
vvi-miR156i,107,108,4.268518518518518,4.5,1.5,0,4,11,96,12
vvi-miR169v,107,108,4.513888888888889,4.5,2.0,0,1,2,84,24
zma-miR166i-5p,107,108,4.5,4.5,3.0,0,0,2,96,12
ahy-miR3516,107,107,4.41588785046729,4.5,2.5,0,0,3,80,27
aly-miR771-3p,107,107,4.453271028037383,4.5,1.5,0,1,4,87,20
ata-miR9674a-3p,107,107,4.44392523364486,4.5,2.0,0,1,5,88,19
bdi-miR7736-3p,107,107,4.537383177570093,4.5,2.5,0,0,3,96,11
cre-miR1145.1,107,107,4.570093457943925,4.5,3.0,0,0,2,92,15
osa-miR169r-3p,107,107,4.58411214953271,4.5,2.5,0,0,4,97,10
osa-miR1850.2,107,107,4.630841121495327,5.0,3.0,0,0,1,83,24
ppt-miR1215,107,107,4.5327102803738315,4.5,3.0,0,0,2,83,24
ppt-miR902a-3p,107,107,4.5327102803738315,4.5,2.5,0,0,4,83,24
ppt-miR902b-3p,107,107,4.5327102803738315,4.5,2.5,0,0,4,83,24
ath-miR839-5p,106,121,4.516528925619835,4.5,2.5,0,0,3,105,16
cre-miR1162-3p,106,113,4.398230088495575,4.5,2.0,0,1,8,86,27
bdi-miR7719-5p,106,112,4.294642857142857,4.5,2.5,0,0,5,77,35
cre-miR1171,106,111,4.27027027027027,4.5,2.5,0,0,9,86,25
osa-miR2118c,106,111,4.3108108108108105,4.5,2.5,0,0,6,94,17
osa-miR2118q,106,111,4.3108108108108105,4.5,2.5,0,0,6,94,17
stu-miR8030-5p,106,111,4.292792792792793,4.5,2.5,0,0,11,99,12
ahy-miR156b-3p,106,110,4.5590909090909095,4.5,3.0,0,0,2,89,21
bra-miR9556-5p,106,110,4.463636363636364,4.5,1.5,0,1,4,101,9
cpa-miR8151,106,110,4.540909090909091,4.5,2.5,0,0,5,100,10
gma-miR9746i,106,110,4.068181818181818,4.5,1.0,1,2,19,97,13
osa-miR1430,106,110,4.5227272727272725,4.5,3.0,0,0,2,99,11
bdi-miR9488,106,109,4.458715596330276,4.5,2.5,0,0,5,96,13
csi-miR473,106,109,4.481651376146789,4.5,1.5,0,2,5,95,14
gma-miR5667-5p,106,109,4.330275229357798,4.5,2.5,0,0,7,80,29
gra-miR8768,106,109,4.513761467889908,4.5,3.0,0,0,1,65,44
mtr-miR169k,106,109,4.490825688073395,4.5,2.5,0,0,5,84,25
mtr-miR5218,106,109,4.3119266055045875,4.5,2.5,0,0,9,94,15
ptc-miR7823,106,109,4.394495412844036,4.5,2.0,0,1,5,88,21
sly-miR167b-5p,106,109,4.220183486238532,4.0,3.0,0,0,5,89,20
stu-miR7984c-3p,106,109,4.220183486238532,4.5,2.5,0,0,12,83,26
ahy-miR3520-3p,106,108,4.425925925925926,4.5,3.0,0,0,5,89,19
aly-miR4238,106,108,4.337962962962963,4.5,2.5,0,0,6,91,17
ath-miR162a-5p,106,108,4.398148148148148,4.5,2.0,0,1,4,89,19
ath-miR162b-5p,106,108,4.398148148148148,4.5,2.0,0,1,4,89,19
ath-miR5629,106,108,4.407407407407407,4.5,2.5,0,0,5,94,14
bdi-miR9489,106,108,4.527777777777778,4.5,2.5,0,0,2,76,32
csi-miR162-5p,106,108,4.398148148148148,4.5,2.0,0,1,4,89,19
gma-miR408b-5p,106,108,4.50462962962963,4.5,2.0,0,1,4,96,12
gso-miR482a,106,108,4.287037037037037,4.5,1.5,0,3,8,62,46
gso-miR482b,106,108,4.287037037037037,4.5,1.5,0,3,8,62,46
ptc-miR160e-3p,106,108,4.444444444444445,4.5,2.5,0,0,4,99,9
stu-miR169e-3p,106,108,4.597222222222222,4.75,3.0,0,0,3,91,17
bdi-miR159a-5p,106,107,4.5607476635514015,4.5,3.0,0,0,2,86,21
csi-miR3949,106,107,4.11214953271028,4.0,1.5,0,3,12,93,14
gra-miR8741,106,107,4.345794392523365,4.5,3.0,0,0,5,85,22
mtr-miR166d,106,107,4.364485981308412,4.5,1.0,4,7,8,90,17
ptc-miR169y,106,107,4.58411214953271,5.0,2.0,0,1,4,82,25
ptc-miR6425a-3p,106,107,4.285046728971962,4.5,2.5,0,0,12,90,17
ptc-miR6425b-3p,106,107,4.285046728971962,4.5,2.5,0,0,12,90,17
ptc-miR6425c-3p,106,107,4.285046728971962,4.5,2.5,0,0,12,90,17
ptc-miR6425d-3p,106,107,4.285046728971962,4.5,2.5,0,0,12,90,17
tae-miR1127b-3p,106,107,4.4485981308411215,4.5,2.5,0,0,6,91,16
vvi-miR2111-5p,106,107,4.481308411214953,4.5,2.5,0,0,5,80,27
zma-miR399a-5p,106,107,4.4766355140186915,4.5,2.5,0,0,2,83,24
aly-miR169f-3p,106,106,4.528301886792453,4.5,2.5,0,0,4,66,40
ath-miR169f-3p,106,106,4.528301886792453,4.5,2.5,0,0,4,66,40
bdi-miR5199,106,106,4.65566037735849,5.0,2.5,0,0,1,87,19
bdi-miR5281a,106,106,4.556603773584905,4.5,2.5,0,0,3,88,18
bdi-miR5281b,106,106,4.556603773584905,4.5,2.5,0,0,3,88,18
cca-miR6114-5p,106,106,4.382075471698113,4.5,2.5,0,0,4,96,10
osa-miR2092-5p,106,106,4.471698113207547,4.5,3.0,0,0,3,80,26
osa-miR810b.2,106,106,4.485849056603773,4.5,2.5,0,0,2,82,24
pde-miR952c,106,106,4.622641509433962,4.5,2.5,0,0,1,85,21
ppt-miR1042-5p,106,106,4.566037735849057,4.5,3.0,0,0,4,85,21
sbi-miR1432,106,106,4.481132075471698,4.5,1.5,0,1,4,91,15
sly-miR1919c-5p,106,106,4.580188679245283,5.0,2.5,0,0,4,99,7
smo-miR171c,106,106,4.429245283018868,4.5,1.5,0,1,7,79,27
stu-miR1919-5p,106,106,4.580188679245283,5.0,2.5,0,0,4,99,7
zma-miR1432-5p,106,106,4.481132075471698,4.5,1.5,0,1,4,91,15
ppt-miR1023c-5p,105,119,4.285714285714286,4.5,2.5,0,0,8,99,20
ppt-miR1023d-5p,105,119,4.285714285714286,4.5,2.5,0,0,8,99,20
bra-miR9554-5p,105,114,4.620614035087719,5.0,3.0,0,0,1,109,5
ata-miR2118a-5p,105,111,4.396396396396397,4.5,2.5,0,0,7,98,13
ptc-miR473b,105,111,4.495495495495495,4.5,2.5,0,0,2,78,33
rgl-miR7805-3p,105,111,4.63063063063063,5.0,3.0,0,0,3,39,72
lja-miR171c,105,110,4.404545454545454,4.5,2.5,0,0,4,101,9
ghr-miR7502,105,109,4.18348623853211,4.0,2.5,0,0,10,99,10
gma-miR4387e,105,109,4.513761467889908,4.5,2.0,0,1,4,90,19
han-miR3630-3p,105,109,4.408256880733945,4.5,2.0,0,1,5,93,16
mtr-miR2592bl-3p,105,109,4.344036697247707,4.5,2.0,0,1,6,94,15
mtr-miR399s-5p,105,109,4.197247706422019,4.5,2.0,0,1,13,87,22
aly-miR399h-5p,105,108,4.472222222222222,4.5,2.5,0,0,3,87,21
bdi-miR395n-5p,105,108,4.435185185185185,4.5,3.0,0,0,5,93,15
bra-miR5719,105,108,4.375,4.5,2.0,0,1,5,76,32
cpa-miR8136,105,108,4.398148148148148,4.5,3.0,0,0,3,89,19
gra-miR8762e,105,108,4.18287037037037,4.5,2.0,0,2,10,98,10
ptc-miR6447,105,108,4.606481481481482,4.5,3.0,0,0,2,94,14
ptc-miR6454,105,108,4.444444444444445,4.5,2.5,0,0,6,94,14
aly-miR3434-3p,105,107,4.514018691588785,4.5,2.5,0,0,4,80,27
ata-miR9863a-3p,105,107,4.303738317757009,4.5,2.0,0,1,3,85,22
ata-miR9863b-3p,105,107,4.303738317757009,4.5,2.0,0,1,3,85,22
ath-miR8178,105,107,4.4672897196261685,4.5,2.5,0,0,2,84,23
esi-miR3460-3p,105,107,4.420560747663552,4.5,3.0,0,0,1,84,23
gma-miR1509b,105,107,4.570093457943925,4.5,3.5,0,0,0,92,15
hme-miR-283,105,107,4.38785046728972,4.5,1.5,0,1,2,84,23
mtr-miR2619a,105,107,4.369158878504673,4.5,3.0,0,0,4,87,20
mtr-miR5241a,105,107,4.457943925233645,4.5,2.5,0,0,5,94,13
mtr-miR5241b,105,107,4.457943925233645,4.5,2.5,0,0,5,94,13
mtr-miR5241c,105,107,4.457943925233645,4.5,2.5,0,0,5,94,13
osa-miR1861g,105,107,4.317757009345795,4.5,2.5,0,0,8,100,7
osa-miR5512a,105,107,4.574766355140187,4.5,3.0,0,0,1,90,17
osa-miR5512b,105,107,4.574766355140187,4.5,3.0,0,0,1,90,17
ppt-miR1065,105,107,4.4953271028037385,4.5,2.0,0,1,4,81,26
ppt-miR894,105,107,4.654205607476635,5.0,3.5,0,0,0,90,17
ptc-miR477c,105,107,4.453271028037383,4.5,2.5,0,0,3,100,7
sly-miR1919b,105,107,4.369158878504673,4.5,2.5,0,0,5,89,18
stu-miR1919-3p,105,107,4.369158878504673,4.5,2.5,0,0,5,89,18
ahy-miR3514-5p,105,106,4.481132075471698,4.5,2.5,0,0,3,88,18
ata-miR408-3p,105,106,4.339622641509434,4.5,2.5,0,0,3,96,10
bdi-miR395e-5p,105,106,4.400943396226415,4.5,1.0,1,1,6,82,24
bdi-miR7740-3p,105,106,4.509433962264151,4.5,3.0,0,0,3,87,19
bra-miR9563b-3p,105,106,4.40566037735849,4.5,2.0,0,1,8,86,20
gma-miR4409,105,106,4.356132075471698,4.5,2.5,0,0,5,93,13
gra-miR7502e,105,106,4.514150943396227,4.5,3.0,0,0,5,85,21
osa-miR1861a,105,106,4.290094339622642,4.5,2.0,0,1,5,89,17
osa-miR1861o,105,106,4.290094339622642,4.5,2.0,0,1,5,89,17
osa-miR2872,105,106,4.613207547169812,4.5,3.0,0,0,1,71,35
smo-miR1105,105,106,4.419811320754717,4.5,3.0,0,0,6,95,11
zma-miR399i-5p,105,106,4.466981132075472,4.5,2.5,0,0,4,80,26
ath-miR5630a,105,105,4.357142857142857,4.5,1.5,0,1,6,94,11
ath-miR5630b,105,105,4.357142857142857,4.5,1.5,0,1,6,94,11
ath-miR827,105,105,4.428571428571429,4.5,2.5,0,0,5,91,14
ath-miR829-3p.2,105,105,4.466666666666667,4.5,3.5,0,0,0,90,15
ath-miR868-5p,105,105,4.314285714285714,4.5,1.5,0,3,6,85,20
bdi-miR164a-3p,105,105,4.261904761904762,4.5,2.0,0,1,10,90,15
gra-miR8726,105,105,4.414285714285715,4.5,2.5,0,0,5,86,19
osa-miR5071,105,105,4.423809523809524,4.5,2.5,0,0,3,93,12
ppt-miR166j,105,105,4.152380952380953,4.5,0.0,7,7,11,94,11
ppt-miR166k,105,105,4.152380952380953,4.5,0.0,7,7,11,94,11
ppt-miR166l,105,105,4.152380952380953,4.5,0.0,7,7,11,94,11
ptc-miR171j,105,105,4.466666666666667,4.5,3.0,0,0,3,100,5
ptc-miR171l-3p,105,105,4.466666666666667,4.5,3.0,0,0,3,100,5
ptc-miR171m,105,105,4.466666666666667,4.5,3.0,0,0,3,100,5
vvi-miR2950-3p,105,105,4.5476190476190474,4.5,2.5,0,0,1,70,35
pde-miR3704a,104,128,4.3984375,4.5,2.5,0,0,2,119,9
ath-miR4227,104,114,4.478070175438597,4.5,2.5,0,0,5,95,19
gso-miR3522a,104,114,4.4298245614035086,4.5,2.5,0,0,3,93,21
zma-miR395e-5p,104,111,4.085585585585585,4.0,2.0,0,1,14,95,16
zma-miR395h-5p,104,111,4.085585585585585,4.0,2.0,0,1,14,95,16
zma-miR395j-5p,104,111,4.085585585585585,4.0,2.0,0,1,14,95,16
zma-miR395p-5p,104,111,4.085585585585585,4.0,2.0,0,1,14,95,16
ahy-miR408-3p,104,109,4.408256880733945,4.5,3.0,0,0,1,99,10
aly-miR408-3p,104,109,4.408256880733945,4.5,3.0,0,0,1,99,10
ath-miR408-3p,104,109,4.408256880733945,4.5,3.0,0,0,1,99,10
cme-miR408,104,109,4.408256880733945,4.5,3.0,0,0,1,99,10
csi-miR408,104,109,4.408256880733945,4.5,3.0,0,0,1,99,10
gma-miR408a-3p,104,109,4.408256880733945,4.5,3.0,0,0,1,99,10
gma-miR408b-3p,104,109,4.408256880733945,4.5,3.0,0,0,1,99,10
gma-miR408c-3p,104,109,4.408256880733945,4.5,3.0,0,0,1,99,10
gra-miR8784,104,109,4.201834862385321,4.0,3.0,0,0,6,92,17
mdm-miR408a,104,109,4.408256880733945,4.5,3.0,0,0,1,99,10
mes-miR408,104,109,4.408256880733945,4.5,3.0,0,0,1,99,10
mtr-miR408-3p,104,109,4.408256880733945,4.5,3.0,0,0,1,99,10
mtr-miR5285a,104,109,4.330275229357798,4.5,3.0,0,0,6,98,11
mtr-miR5285b,104,109,4.330275229357798,4.5,3.0,0,0,6,98,11
mtr-miR5285c,104,109,4.330275229357798,4.5,3.0,0,0,6,98,11
osa-miR2930,104,109,4.389908256880734,4.5,2.0,0,2,7,84,25
pta-miR408,104,109,4.408256880733945,4.5,3.0,0,0,1,99,10
ptc-miR408-3p,104,109,4.408256880733945,4.5,3.0,0,0,1,99,10
vun-miR408,104,109,4.408256880733945,4.5,3.0,0,0,1,99,10
vvi-miR408,104,109,4.408256880733945,4.5,3.0,0,0,1,99,10
bdi-miR7755-3p,104,108,4.550925925925926,4.5,3.0,0,0,5,97,11
gma-miR1520p,104,108,4.189814814814815,4.5,2.0,0,1,11,101,7
hme-miR-6302-3p,104,108,4.145833333333333,4.0,1.5,0,1,13,88,20
vvi-miR3624-3p,104,108,4.344907407407407,4.5,3.0,0,0,3,97,11
gra-miR164a,104,107,4.453271028037383,4.5,2.5,0,0,3,94,13
lja-miR7529,104,107,4.5,4.5,3.5,0,0,0,88,19
mtr-miR2613,104,107,4.485981308411215,4.5,3.0,0,0,3,96,11
sbi-miR5568e-3p,104,107,4.406542056074766,4.5,3.0,0,0,3,80,27
bdi-miR7747-5p,104,106,4.134433962264151,4.5,2.5,0,0,17,90,16
ghr-miR7505,104,106,4.462264150943396,4.5,3.0,0,0,3,83,23
hme-miR-13b,104,106,4.245283018867925,4.0,2.5,0,0,4,87,19
hme-miR-3338,104,106,4.4245283018867925,4.5,2.0,0,2,2,86,20
osa-miR3981-3p,104,106,4.528301886792453,4.5,3.0,0,0,3,91,15
ppt-miR1043-3p,104,106,4.523584905660377,4.5,3.0,0,0,4,71,35
rgl-miR5574,104,106,4.535377358490566,4.5,3.0,0,0,3,85,21
sbi-miR821e,104,106,4.273584905660377,4.5,3.0,0,0,5,82,24
sly-miR1919a,104,106,4.363207547169812,4.5,2.5,0,0,5,88,18
sly-miR1919c-3p,104,106,4.363207547169812,4.5,2.5,0,0,5,88,18
zma-miR2118f,104,106,4.2924528301886795,4.5,2.5,0,0,9,81,25
aly-miR398b-5p,104,105,4.495238095238095,4.5,3.0,0,0,4,85,20
aly-miR399a-3p,104,105,4.5476190476190474,4.5,3.5,0,0,0,91,14
aly-miR399h-3p,104,105,4.5476190476190474,4.5,3.5,0,0,0,91,14
ath-miR399f,104,105,4.5476190476190474,4.5,3.5,0,0,0,91,14
bdi-miR166f,104,105,4.233333333333333,4.5,1.0,1,2,12,88,17
bdi-miR399d,104,105,4.5476190476190474,4.5,3.5,0,0,0,91,14
bna-miR399a,104,105,4.5476190476190474,4.5,3.5,0,0,0,91,14
bna-miR399b,104,105,4.5476190476190474,4.5,3.5,0,0,0,91,14
cme-miR399c,104,105,4.5476190476190474,4.5,3.5,0,0,0,91,14
csi-miR399a,104,105,4.5476190476190474,4.5,3.5,0,0,0,91,14
gma-miR166h-3p,104,105,4.233333333333333,4.5,1.0,1,2,12,88,17
gma-miR166k,104,105,4.233333333333333,4.5,1.0,1,2,12,88,17
gma-miR5674a,104,105,4.380952380952381,4.5,2.0,0,1,6,89,16
gma-miR5674b,104,105,4.380952380952381,4.5,2.0,0,1,6,89,16
gma-miR9723,104,105,4.542857142857143,4.5,3.0,0,0,2,83,22
gra-miR8635,104,105,4.423809523809524,4.5,3.0,0,0,10,86,19
gra-miR8638,104,105,4.404761904761905,4.5,3.0,0,0,2,89,16
hbr-miR9387,104,105,4.419047619047619,4.5,2.0,0,1,6,83,22
htu-miR171a,104,105,4.5095238095238095,4.5,0.5,1,1,1,81,24
mes-miR399b,104,105,4.5476190476190474,4.5,3.5,0,0,0,91,14
mes-miR399c,104,105,4.5476190476190474,4.5,3.5,0,0,0,91,14
mes-miR399d,104,105,4.5476190476190474,4.5,3.5,0,0,0,91,14
mes-miR399g,104,105,4.5476190476190474,4.5,3.5,0,0,0,91,14
mtr-miR160f,104,105,4.552380952380952,4.5,3.5,0,0,0,98,7
mtr-miR2592bm-5p,104,105,4.09047619047619,4.0,2.0,0,2,14,90,15
mtr-miR2592bn-5p,104,105,4.09047619047619,4.0,2.0,0,2,14,90,15
mtr-miR5262,104,105,4.433333333333334,4.5,2.5,0,0,2,87,18
pde-miR390,104,105,4.585714285714285,4.5,2.5,0,0,2,84,21
pta-miR390,104,105,4.585714285714285,4.5,2.5,0,0,2,84,21
ptc-miR399b,104,105,4.5476190476190474,4.5,3.5,0,0,0,91,14
rco-miR399b,104,105,4.5476190476190474,4.5,3.5,0,0,0,91,14
rco-miR399c,104,105,4.5476190476190474,4.5,3.5,0,0,0,91,14
tcc-miR399b,104,105,4.5476190476190474,4.5,3.5,0,0,0,91,14
tcc-miR399d,104,105,4.5476190476190474,4.5,3.5,0,0,0,91,14
vvi-miR169t,104,105,4.3619047619047615,4.5,1.5,0,2,10,84,21
vvi-miR399e,104,105,4.5476190476190474,4.5,3.5,0,0,0,91,14
ahy-miR3508,104,104,4.4423076923076925,4.5,3.0,0,0,2,71,33
ata-miR393-3p,104,104,4.480769230769231,4.5,3.0,0,0,6,61,43
ath-miR1888a,104,104,4.302884615384615,4.5,1.5,0,1,7,84,20
ath-miR864-5p,104,104,4.298076923076923,4.5,1.5,0,1,4,82,22
bna-miR161,104,104,4.5625,4.5,2.0,0,1,1,92,12
bra-miR161-5p,104,104,4.5625,4.5,2.0,0,1,1,92,12
gra-miR8708,104,104,4.519230769230769,4.5,2.0,0,1,4,74,30
mtr-miR482-5p,104,104,4.451923076923077,4.5,3.0,0,0,2,76,28
mtr-miR5212-3p,104,104,4.572115384615385,4.5,2.5,0,0,2,77,27
osa-miR5505,104,104,4.394230769230769,4.5,3.0,0,0,3,93,11
osa-miR5530,104,104,4.543269230769231,4.5,3.0,0,0,4,95,9
ppt-miR166m,104,104,4.350961538461538,4.5,2.0,0,3,8,77,27
pta-miR952a,104,104,4.552884615384615,4.5,3.0,0,0,1,85,19
ptc-miR1444a,104,104,4.649038461538462,5.0,2.0,0,1,3,81,23
sbi-miR5381,104,104,4.591346153846154,5.0,3.0,0,0,6,87,17
tae-miR9654a-3p,104,104,4.2451923076923075,4.5,3.0,0,0,3,84,20
mtr-miR5252,103,115,4.508695652173913,4.5,3.0,0,0,1,55,60
bdi-miR7765-5p,103,111,4.328828828828829,4.5,2.5,0,0,5,84,27
bdi-miR7716-3p,103,110,4.1454545454545455,4.0,2.5,0,0,14,89,21
vvi-miR3639-3p,103,110,4.1068181818181815,4.0,2.5,0,0,15,96,14
hme-miR-2765,103,109,4.307339449541284,4.5,3.0,0,0,5,99,10
ptc-miR478f,103,109,4.137614678899083,4.5,2.0,0,3,13,98,11
aly-miR4221,103,107,4.271028037383178,4.5,2.5,0,0,9,80,27
zma-miR156h-3p,103,107,4.271028037383178,4.5,2.5,0,0,3,90,17
bdi-miR5174e-3p.2,103,106,4.584905660377358,4.5,3.0,0,0,2,82,24
bna-miR167a,103,106,4.306603773584905,4.5,3.0,0,0,2,85,21
bna-miR167b,103,106,4.306603773584905,4.5,3.0,0,0,2,85,21
gma-miR482b-5p,103,106,4.316037735849057,4.5,1.5,0,1,6,87,19
gma-miR482d-5p,103,106,4.316037735849057,4.5,1.5,0,1,6,87,19
gra-miR8706a,103,106,4.113207547169812,4.5,2.0,0,1,21,81,25
gra-miR8706b,103,106,4.113207547169812,4.5,2.0,0,1,21,81,25
hme-miR-3286,103,106,4.476415094339623,4.5,3.0,0,0,5,90,16
mes-miR477i,103,106,4.4575471698113205,4.5,1.5,0,2,5,92,14
osa-miR169i-5p.2,103,106,4.311320754716981,4.5,2.5,0,0,8,88,18
osa-miR5152-5p,103,106,4.518867924528302,4.5,2.5,0,0,3,90,16
rgl-miR5139,103,106,4.466981132075472,4.5,2.0,0,1,5,88,18
ahy-miR398,103,105,4.595238095238095,4.5,3.0,0,0,1,75,30
aly-miR771-5p,103,105,4.614285714285714,4.5,3.0,0,0,1,82,23
ath-miR8172,103,105,4.390476190476191,4.5,3.0,0,0,2,85,20
ath-miR862-5p,103,105,4.438095238095238,4.5,2.5,0,0,4,82,23
bra-miR6032-5p,103,105,4.4714285714285715,4.5,2.5,0,0,2,85,20
esi-miR8631,103,105,4.566666666666666,4.5,2.5,0,0,1,90,15
gma-miR5030,103,105,4.395238095238096,4.5,2.5,0,0,5,85,20
osa-miR2090,103,105,4.247619047619048,4.5,1.5,0,2,10,83,22
pde-miR482c,103,105,4.461904761904762,4.5,2.5,0,0,4,91,14
tae-miR9657b-3p,103,105,4.604761904761904,4.5,3.0,0,0,3,87,18
tae-miR9657c-3p,103,105,4.604761904761904,4.5,3.0,0,0,3,87,18
zma-miR399c-5p,103,105,4.428571428571429,4.5,3.0,0,0,2,89,16
aly-miR169c-3p,103,104,4.524038461538462,4.5,3.0,0,0,5,94,10
aly-miR3448-5p,103,104,4.326923076923077,4.5,2.5,0,0,5,80,24
aqu-miR-2016-3p,103,104,4.3798076923076925,4.5,2.0,0,1,5,88,16
ath-miR165a-3p,103,104,4.298076923076923,4.5,0.5,4,7,11,80,24
ath-miR165b,103,104,4.298076923076923,4.5,0.5,4,7,11,80,24
bdi-miR5174b-5p,103,104,4.25,4.5,2.5,0,0,8,80,24
bdi-miR5174e-5p.1,103,104,4.25,4.5,2.5,0,0,8,80,24
bna-miR166f,103,104,4.298076923076923,4.5,0.5,4,7,11,80,24
bra-miR9555a-5p,103,104,4.524038461538462,4.5,2.5,0,0,5,99,5
gma-miR156q,103,104,4.211538461538462,4.5,1.0,7,8,10,91,13
gma-miR156s,103,104,4.211538461538462,4.5,1.0,7,8,10,91,13
gma-miR4994-3p,103,104,4.331730769230769,4.5,2.0,0,1,5,92,12
hvu-miR1130,103,104,4.625,4.5,3.5,0,0,0,85,19
mdm-miR3627a,103,104,4.5576923076923075,4.5,2.0,0,1,2,83,21
mdm-miR3627b,103,104,4.5576923076923075,4.5,2.0,0,1,2,83,21
mdm-miR3627c,103,104,4.5576923076923075,4.5,2.0,0,1,2,83,21
mdm-miR482a-5p,103,104,4.346153846153846,4.5,3.0,0,0,4,86,18
mtr-miR2592bl-5p,103,104,4.25,4.5,2.5,0,0,7,98,6
osa-miR5796,103,104,4.322115384615385,4.5,1.5,0,1,3,81,23
ppt-miR167,103,104,4.387019230769231,4.5,2.5,0,0,5,87,17
ptc-miR482c-5p,103,104,4.365384615384615,4.5,3.0,0,0,4,98,6
sbi-miR169p,103,104,4.543269230769231,5.0,2.0,0,1,3,85,19
sbi-miR169q,103,104,4.543269230769231,5.0,2.0,0,1,3,85,19
sly-miR1916,103,104,4.586538461538462,4.75,3.0,0,0,1,88,16
sly-miR1917,103,104,4.490384615384615,4.5,2.5,0,0,2,80,24
stu-miR7997a,103,104,4.365384615384615,4.5,2.5,0,0,4,90,14
stu-miR7997b,103,104,4.365384615384615,4.5,2.5,0,0,4,90,14
zma-miR169m-5p,103,104,4.543269230769231,5.0,2.0,0,1,3,85,19
zma-miR169n-5p,103,104,4.543269230769231,5.0,2.0,0,1,3,85,19
zma-miR169q-5p,103,104,4.543269230769231,5.0,2.0,0,1,3,85,19
ath-miR5025,103,103,4.509708737864078,4.5,3.0,0,0,1,84,19
ath-miR8173,103,103,4.427184466019417,4.5,2.5,0,0,4,91,12
bdi-miR1432,103,103,4.296116504854369,4.5,2.0,0,1,5,85,18
bdi-miR159b-3p.3,103,103,4.563106796116505,4.5,3.5,0,0,0,70,33
cca-miR6116-3p,103,103,4.359223300970874,4.5,2.5,0,0,2,80,23
ghr-miR7510b,103,103,4.344660194174757,4.5,2.0,0,1,5,93,10
gma-miR1507a,103,103,4.252427184466019,4.5,2.0,0,1,12,80,23
gra-miR8667,103,103,4.186893203883495,4.0,1.5,0,1,7,94,9
gso-miR1507a,103,103,4.252427184466019,4.5,2.0,0,1,12,80,23
gso-miR1507b,103,103,4.252427184466019,4.5,2.0,0,1,12,80,23
hme-miR-6302-1-5p,103,103,4.592233009708738,4.5,2.5,0,0,4,90,13
mtr-miR2594,103,103,4.485436893203883,4.5,3.0,0,0,3,78,25
ptc-miR1447,103,103,4.495145631067961,4.5,1.5,0,1,4,94,9
sly-miR477-5p,103,103,4.519417475728155,4.5,2.5,0,0,4,80,23
ata-miR9672-3p,102,145,4.575862068965518,4.5,2.0,0,1,2,132,13
tae-miR9672b,102,145,4.575862068965518,4.5,2.0,0,1,2,132,13
hvu-miR6214,102,107,4.5233644859813085,4.5,2.0,0,1,4,91,16
ptc-miR399h,102,107,4.308411214953271,4.5,2.0,0,1,6,91,16
aly-miR156a-3p,102,106,4.235849056603773,4.5,2.5,0,0,4,94,12
ath-miR156a-3p,102,106,4.235849056603773,4.5,2.5,0,0,4,94,12
pab-miR3704,102,106,4.415094339622642,4.5,2.5,0,0,4,98,8
cme-miR828,102,105,4.257142857142857,4.5,2.5,0,0,11,85,20
gma-miR169s,102,105,4.485714285714286,4.5,1.0,1,1,3,86,19
gma-miR828a,102,105,4.257142857142857,4.5,2.5,0,0,11,85,20
gma-miR828b,102,105,4.257142857142857,4.5,2.5,0,0,11,85,20
mdm-miR827,102,105,4.476190476190476,4.5,3.0,0,0,1,87,18
mdm-miR828a,102,105,4.257142857142857,4.5,2.5,0,0,11,85,20
mdm-miR828b,102,105,4.257142857142857,4.5,2.5,0,0,11,85,20
mes-miR828a,102,105,4.257142857142857,4.5,2.5,0,0,11,85,20
mes-miR828b,102,105,4.257142857142857,4.5,2.5,0,0,11,85,20
mtr-miR169d-5p,102,105,4.485714285714286,4.5,1.0,1,1,3,86,19
mtr-miR5259,102,105,4.480952380952381,4.5,3.0,0,0,2,90,15
nta-miR6146b,102,105,4.3428571428571425,4.5,2.5,0,0,13,81,24
ppt-miR1048-5p,102,105,4.585714285714285,4.5,2.5,0,0,1,84,21
ptc-miR828a,102,105,4.257142857142857,4.5,2.5,0,0,11,85,20
ptc-miR828b-5p,102,105,4.257142857142857,4.5,2.5,0,0,11,85,20
ssl-miR828,102,105,4.257142857142857,4.5,2.5,0,0,11,85,20
vvi-miR828a,102,105,4.257142857142857,4.5,2.5,0,0,11,85,20
ata-miR169g-3p,102,104,4.3125,4.5,2.5,0,0,4,95,9
ath-miR8169,102,104,4.519230769230769,4.5,2.0,0,1,3,96,8
bdi-miR169a-3p,102,104,4.3125,4.5,2.5,0,0,4,95,9
bra-miR6032-3p,102,104,4.288461538461538,4.5,2.5,0,0,9,65,39
bra-miR860-5p,102,104,4.447115384615385,4.5,2.5,0,0,6,83,21
cre-miR915,102,104,4.485576923076923,4.5,2.0,0,2,3,89,15
gma-miR4401b,102,104,4.485576923076923,4.5,3.0,0,0,2,88,16
lja-miR2111-3p,102,104,4.451923076923077,4.5,3.0,0,0,2,83,21
mtr-miR2590a,102,104,4.485576923076923,4.5,2.5,0,0,3,85,19
mtr-miR2590b,102,104,4.485576923076923,4.5,2.5,0,0,3,85,19
mtr-miR2590c,102,104,4.485576923076923,4.5,2.5,0,0,3,85,19
mtr-miR2590d,102,104,4.485576923076923,4.5,2.5,0,0,3,85,19
mtr-miR2590e,102,104,4.485576923076923,4.5,2.5,0,0,3,85,19
mtr-miR2590f,102,104,4.485576923076923,4.5,2.5,0,0,3,85,19
nta-miR1919,102,104,4.4951923076923075,4.5,2.5,0,0,4,89,15
pti-miR5475,102,104,4.475961538461538,4.5,2.0,0,1,3,92,12
aly-miR399d-3p,102,103,4.495145631067961,4.5,3.5,0,0,0,89,14
aly-miR399g-3p,102,103,4.495145631067961,4.5,3.5,0,0,0,89,14
aly-miR399i-3p,102,103,4.495145631067961,4.5,3.5,0,0,0,89,14
ath-miR399d,102,103,4.495145631067961,4.5,3.5,0,0,0,89,14
ath-miR415,102,103,4.402912621359223,4.5,2.5,0,0,4,74,29
ath-miR8167a,102,103,4.344660194174757,4.5,2.5,0,0,4,91,12
ath-miR8167b,102,103,4.344660194174757,4.5,2.5,0,0,4,91,12
ath-miR8167c,102,103,4.344660194174757,4.5,2.5,0,0,4,91,12
ath-miR8167d,102,103,4.344660194174757,4.5,2.5,0,0,4,91,12
ath-miR8167e,102,103,4.344660194174757,4.5,2.5,0,0,4,91,12
ath-miR8167f,102,103,4.344660194174757,4.5,2.5,0,0,4,91,12
bdi-miR7744-3p,102,103,4.106796116504855,4.0,2.0,0,1,16,86,17
bdi-miR7757-3p.2,102,103,4.529126213592233,4.5,3.0,0,0,2,84,19
bdi-miR9485,102,103,4.436893203883495,4.5,2.5,0,0,7,85,18
cme-miR399a,102,103,4.495145631067961,4.5,3.5,0,0,0,89,14
esi-miR3466-3p,102,103,4.655339805825243,5.0,3.5,0,0,0,84,19
ghr-miR399e,102,103,4.495145631067961,4.5,3.5,0,0,0,89,14
gma-miR162a,102,103,4.54126213592233,4.5,3.0,0,0,2,82,21
hvu-miR399,102,103,4.495145631067961,4.5,3.5,0,0,0,89,14
mtr-miR166b,102,103,4.203883495145631,4.5,0.5,7,8,14,94,9
ppt-miR1223d,102,103,4.58252427184466,5.0,3.0,0,0,2,81,22
ppt-miR901,102,103,4.592233009708738,5.0,2.0,0,1,2,95,8
ptc-miR399a,102,103,4.495145631067961,4.5,3.5,0,0,0,89,14
tcc-miR399h,102,103,4.495145631067961,4.5,3.5,0,0,0,89,14
vvi-miR169b,102,103,4.378640776699029,4.5,1.5,0,1,7,89,14
vvi-miR169h,102,103,4.378640776699029,4.5,1.5,0,1,7,89,14
vvi-miR3623-5p,102,103,4.169902912621359,4.5,2.5,0,0,11,76,27
zma-miR162-3p,102,103,4.54126213592233,4.5,3.0,0,0,2,82,21
ahy-miR3519,102,102,4.2254901960784315,4.5,1.5,0,2,8,79,23
ath-miR5646,102,102,4.53921568627451,4.5,2.5,0,0,1,75,27
bdi-miR169m,102,102,4.534313725490196,4.5,2.0,0,1,3,84,18
bdi-miR7754-5p,102,102,4.421568627450981,4.5,3.0,0,0,2,80,22
gma-miR4416b,102,102,4.519607843137255,4.5,3.0,0,0,2,87,15
hme-miR-279c,102,102,4.438725490196078,4.5,3.0,0,0,1,99,3
ppt-miR1029,102,102,4.598039215686274,5.0,3.0,0,0,2,74,28
ptc-miR169ab,102,102,4.477941176470588,4.5,3.0,0,0,2,78,24
sly-miR9475-5p,102,102,4.450980392156863,4.5,2.0,0,1,2,76,26
zma-miR394a-3p,102,102,4.509803921568627,4.5,3.0,0,0,2,79,23
zma-miR394b-3p,102,102,4.509803921568627,4.5,3.0,0,0,2,79,23
bdi-miR5178-5p,101,109,4.573394495412844,4.5,3.0,0,0,1,99,10
ath-miR173-3p,101,105,4.457142857142857,4.5,3.0,0,0,2,87,18
bdi-miR7727-5p,101,105,4.4,4.5,2.5,0,0,10,87,18
cpa-miR166d,101,105,4.223809523809524,5.0,0.5,7,8,14,84,21
esi-miR3454d-5p,101,105,4.338095238095238,4.5,2.5,0,0,8,70,35
esi-miR3454f-5p,101,105,4.338095238095238,4.5,2.5,0,0,8,70,35
gma-miR166j-3p,101,105,4.223809523809524,5.0,0.5,7,8,14,84,21
ata-miR396c-3p,101,104,4.387019230769231,4.5,2.5,0,0,3,93,11
bdi-miR396e-3p,101,104,4.387019230769231,4.5,2.5,0,0,3,93,11
gma-miR5667-3p,101,104,4.480769230769231,4.5,2.5,0,0,3,86,18
mes-miR482,101,104,4.271634615384615,4.5,2.0,0,1,7,75,29
mtr-miR5210,101,104,4.408653846153846,4.5,2.0,0,1,7,89,15
osa-miR396c-3p,101,104,4.387019230769231,4.5,2.5,0,0,3,93,11
zma-miR396f-3p,101,104,4.387019230769231,4.5,2.5,0,0,3,93,11
bdi-miR5174a,101,103,4.504854368932039,4.5,3.0,0,0,3,87,16
bdi-miR7725b-3p.1,101,103,4.480582524271845,4.5,2.0,0,2,3,82,21
bdi-miR7756-3p,101,103,4.364077669902913,4.5,2.5,0,0,9,96,7
bdi-miR7776-3p.1,101,103,4.592233009708738,4.5,3.0,0,0,5,85,18
cpa-miR8146,101,103,4.281553398058253,4.5,2.5,0,0,10,85,18
esi-miR8628,101,103,4.436893203883495,4.5,3.0,0,0,5,74,29
hme-miR-7,101,103,4.276699029126213,4.5,2.5,0,0,8,84,19
mtr-miR156g-3p,101,103,4.563106796116505,4.5,3.0,0,0,2,84,19
osa-miR1861h,101,103,4.529126213592233,4.5,2.5,0,0,3,94,9
osa-miR1861j,101,103,4.529126213592233,4.5,2.5,0,0,3,94,9
ppt-miR1219a,101,103,4.507281553398058,4.5,2.5,0,0,3,81,22
ppt-miR1219b,101,103,4.507281553398058,4.5,2.5,0,0,3,81,22
ppt-miR1219c,101,103,4.507281553398058,4.5,2.5,0,0,3,81,22
vvi-miR845d,101,103,4.475728155339806,4.5,3.0,0,0,4,74,29
vvi-miR845e,101,103,4.475728155339806,4.5,3.0,0,0,4,74,29
zma-miR393b-3p,101,103,4.330097087378641,4.5,2.5,0,0,6,89,14
aly-miR393b-3p,101,102,4.5245098039215685,4.5,3.0,0,0,3,70,32
aly-miR781-3p,101,102,4.5,4.5,2.5,0,0,2,73,29
aqc-miR166a,101,102,4.176470588235294,4.5,0.5,7,8,14,92,10
aqc-miR166d,101,102,4.176470588235294,4.5,0.5,7,8,14,92,10
ath-miR393b-3p,101,102,4.5245098039215685,4.5,3.0,0,0,3,70,32
bdi-miR7719-3p,101,102,4.421568627450981,4.5,2.5,0,0,4,77,25
bdi-miR7734-5p,101,102,4.549019607843137,4.5,3.0,0,0,4,83,19
cme-miR166e,101,102,4.176470588235294,4.5,0.5,7,8,14,92,10
cre-miR1146,101,102,4.617647058823529,4.5,3.5,0,0,0,88,14
dpr-miR166a,101,102,4.176470588235294,4.5,0.5,7,8,14,92,10
gma-miR156f,101,102,4.034313725490196,4.5,0.0,7,7,15,85,17
gma-miR399d,101,102,4.563725490196078,4.5,3.5,0,0,0,88,14
gma-miR399e,101,102,4.563725490196078,4.5,3.5,0,0,0,88,14
gma-miR399f,101,102,4.563725490196078,4.5,3.5,0,0,0,88,14
gma-miR399g,101,102,4.563725490196078,4.5,3.5,0,0,0,88,14
gma-miR4341,101,102,4.2745098039215685,4.5,2.5,0,0,6,88,14
hme-miR-1b,101,102,4.254901960784314,4.5,2.5,0,0,7,81,21
mes-miR166j,101,102,4.176470588235294,4.5,0.5,7,8,14,92,10
mtr-miR166c,101,102,4.176470588235294,4.5,0.5,7,8,14,92,10
mtr-miR166f,101,102,4.176470588235294,4.5,0.5,7,8,14,92,10
mtr-miR2585a,101,102,4.348039215686274,4.5,2.0,0,1,7,80,22
mtr-miR2585b,101,102,4.348039215686274,4.5,2.0,0,1,7,80,22
mtr-miR2585c,101,102,4.348039215686274,4.5,2.0,0,1,7,80,22
mtr-miR2585d,101,102,4.348039215686274,4.5,2.0,0,1,7,80,22
mtr-miR399a,101,102,4.563725490196078,4.5,3.5,0,0,0,88,14
mtr-miR399e,101,102,4.563725490196078,4.5,3.5,0,0,0,88,14
mtr-miR399f,101,102,4.563725490196078,4.5,3.5,0,0,0,88,14
mtr-miR399g,101,102,4.563725490196078,4.5,3.5,0,0,0,88,14
mtr-miR399s-3p,101,102,4.563725490196078,4.5,3.5,0,0,0,88,14
mtr-miR399t-3p,101,102,4.563725490196078,4.5,3.5,0,0,0,88,14
osa-miR166g-3p,101,102,4.176470588235294,4.5,0.5,7,8,14,92,10
osa-miR166h-3p,101,102,4.176470588235294,4.5,0.5,7,8,14,92,10
osa-miR166i-5p,101,102,4.4068627450980395,4.5,2.5,0,0,4,79,23
osa-miR399e,101,102,4.563725490196078,4.5,3.5,0,0,0,88,14
osa-miR399f,101,102,4.563725490196078,4.5,3.5,0,0,0,88,14
osa-miR399g,101,102,4.563725490196078,4.5,3.5,0,0,0,88,14
osa-miR6253,101,102,4.411764705882353,4.5,3.0,0,0,3,92,10
pab-miR166a,101,102,4.176470588235294,4.5,0.5,7,8,14,92,10
pab-miR482d,101,102,4.431372549019608,4.5,3.0,0,0,2,94,8
pab-miR951,101,102,4.340686274509804,4.5,2.0,0,1,9,74,28
peu-miR2912a,101,102,4.470588235294118,4.5,1.5,0,1,3,70,32
peu-miR2912b,101,102,4.470588235294118,4.5,1.5,0,1,3,70,32
rco-miR399e,101,102,4.563725490196078,4.5,3.5,0,0,0,88,14
sbi-miR166f,101,102,4.176470588235294,4.5,0.5,7,8,14,92,10
sbi-miR399e,101,102,4.563725490196078,4.5,3.5,0,0,0,88,14
sbi-miR399f,101,102,4.563725490196078,4.5,3.5,0,0,0,88,14
sly-miR166c-3p,101,102,4.176470588235294,4.5,0.5,7,8,14,92,10
ssl-miR166a,101,102,4.176470588235294,4.5,0.5,7,8,14,92,10
stu-miR166b,101,102,4.176470588235294,4.5,0.5,7,8,14,92,10
stu-miR8007b-5p,101,102,4.117647058823529,4.25,2.0,0,1,19,95,7
tcc-miR166c,101,102,4.176470588235294,4.5,0.5,7,8,14,92,10
vvi-miR171g,101,102,4.382352941176471,4.5,3.0,0,0,4,70,32
zma-miR166l-3p,101,102,4.176470588235294,4.5,0.5,7,8,14,92,10
zma-miR166m-3p,101,102,4.176470588235294,4.5,0.5,7,8,14,92,10
zma-miR399b-3p,101,102,4.5245098039215685,4.5,2.5,0,0,3,77,25
ata-miR319-5p,101,101,4.351485148514851,4.5,2.5,0,0,4,89,12
ath-miR832-3p,101,101,4.366336633663367,4.5,2.5,0,0,6,80,21
bdi-miR9492,101,101,4.52970297029703,4.5,2.5,0,0,7,89,12
bra-miR9555b-3p,101,101,4.683168316831683,5.0,3.0,0,0,1,78,23
ddi-miR-7104,101,101,4.53960396039604,4.5,3.0,0,0,2,88,13
osa-miR812o-5p,101,101,4.52970297029703,4.5,2.5,0,0,3,79,22
sbi-miR169d-5p,101,101,4.524752475247524,4.5,2.0,0,1,3,85,16
sly-miR394-3p,101,101,4.599009900990099,4.5,3.0,0,0,1,83,18
sof-miR408e,101,101,4.50990099009901,4.5,3.0,0,0,1,81,20
stu-miR169a-5p,101,101,4.524752475247524,4.5,2.0,0,1,3,85,16
stu-miR169b-5p,101,101,4.524752475247524,4.5,2.0,0,1,3,85,16
stu-miR169c-5p,101,101,4.524752475247524,4.5,2.0,0,1,3,85,16
stu-miR169d-5p,101,101,4.524752475247524,4.5,2.0,0,1,3,85,16
stu-miR169e-5p,101,101,4.524752475247524,4.5,2.0,0,1,3,85,16
stu-miR169f-5p,101,101,4.524752475247524,4.5,2.0,0,1,3,85,16
stu-miR169g,101,101,4.524752475247524,4.5,2.0,0,1,3,85,16
stu-miR169h,101,101,4.524752475247524,4.5,2.0,0,1,3,85,16
smo-miR408,100,112,4.504464285714286,4.5,2.5,0,0,4,92,20
ptc-miR478d,100,106,4.226415094339623,4.5,2.0,0,3,11,93,13
tae-miR9782,100,106,4.320754716981132,4.5,2.5,0,0,6,89,17
aly-miR166a-3p,100,104,4.211538461538462,4.5,0.5,7,8,14,84,20
aly-miR166b-3p,100,104,4.211538461538462,4.5,0.5,7,8,14,84,20
aly-miR166c-3p,100,104,4.211538461538462,4.5,0.5,7,8,14,84,20
aly-miR166d-3p,100,104,4.211538461538462,4.5,0.5,7,8,14,84,20
aly-miR166e-3p,100,104,4.211538461538462,4.5,0.5,7,8,14,84,20
aly-miR166f-3p,100,104,4.211538461538462,4.5,0.5,7,8,14,84,20
aly-miR166g-3p,100,104,4.211538461538462,4.5,0.5,7,8,14,84,20
aly-miR166h-3p,100,104,4.211538461538462,4.5,0.5,7,8,14,84,20
aqc-miR166b,100,104,4.211538461538462,4.5,0.5,7,8,14,84,20
aqc-miR166e,100,104,4.211538461538462,4.5,0.5,7,8,14,84,20
ata-miR166a-3p,100,104,4.211538461538462,4.5,0.5,7,8,14,84,20
ata-miR166b-3p,100,104,4.211538461538462,4.5,0.5,7,8,14,84,20
ata-miR166d-3p,100,104,4.211538461538462,4.5,0.5,7,8,14,84,20
ata-miR166e-3p,100,104,4.211538461538462,4.5,0.5,7,8,14,84,20
ath-miR166a-3p,100,104,4.211538461538462,4.5,0.5,7,8,14,84,20
ath-miR166b-3p,100,104,4.211538461538462,4.5,0.5,7,8,14,84,20
ath-miR166c,100,104,4.211538461538462,4.5,0.5,7,8,14,84,20
ath-miR166d,100,104,4.211538461538462,4.5,0.5,7,8,14,84,20
ath-miR166e-3p,100,104,4.211538461538462,4.5,0.5,7,8,14,84,20
ath-miR166f,100,104,4.211538461538462,4.5,0.5,7,8,14,84,20
ath-miR166g,100,104,4.211538461538462,4.5,0.5,7,8,14,84,20
bdi-miR166a-3p,100,104,4.211538461538462,4.5,0.5,7,8,14,84,20
bdi-miR166b-3p,100,104,4.211538461538462,4.5,0.5,7,8,14,84,20
bdi-miR166c-3p,100,104,4.211538461538462,4.5,0.5,7,8,14,84,20
bdi-miR166d-3p,100,104,4.211538461538462,4.5,0.5,7,8,14,84,20
bdi-miR166i-3p,100,104,4.211538461538462,4.5,0.5,7,8,14,84,20
bna-miR166a,100,104,4.211538461538462,4.5,0.5,7,8,14,84,20
bna-miR166b,100,104,4.211538461538462,4.5,0.5,7,8,14,84,20
bna-miR166c,100,104,4.211538461538462,4.5,0.5,7,8,14,84,20
bna-miR166d,100,104,4.211538461538462,4.5,0.5,7,8,14,84,20
bna-miR166e,100,104,4.211538461538462,4.5,0.5,7,8,14,84,20
cme-miR166a,100,104,4.211538461538462,4.5,0.5,7,8,14,84,20
cme-miR166b,100,104,4.211538461538462,4.5,0.5,7,8,14,84,20
cme-miR166c,100,104,4.211538461538462,4.5,0.5,7,8,14,84,20
cme-miR166d,100,104,4.211538461538462,4.5,0.5,7,8,14,84,20
cme-miR166f,100,104,4.211538461538462,4.5,0.5,7,8,14,84,20
cme-miR166h,100,104,4.211538461538462,4.5,0.5,7,8,14,84,20
cpa-miR166a,100,104,4.211538461538462,4.5,0.5,7,8,14,84,20
cpa-miR166b,100,104,4.211538461538462,4.5,0.5,7,8,14,84,20
cpa-miR166c,100,104,4.211538461538462,4.5,0.5,7,8,14,84,20
csi-miR166e-3p,100,104,4.211538461538462,4.5,0.5,7,8,14,84,20
dpr-miR166b,100,104,4.211538461538462,4.5,0.5,7,8,14,84,20
esi-miR3461-5p,100,104,4.5048076923076925,4.5,3.5,0,0,0,95,9
ghr-miR166b,100,104,4.211538461538462,4.5,0.5,7,8,14,84,20
gma-miR166a-3p,100,104,4.211538461538462,4.5,0.5,7,8,14,84,20
gma-miR166b,100,104,4.211538461538462,4.5,0.5,7,8,14,84,20
gma-miR166c-3p,100,104,4.211538461538462,4.5,0.5,7,8,14,84,20
gma-miR166d,100,104,4.211538461538462,4.5,0.5,7,8,14,84,20
gma-miR166e,100,104,4.211538461538462,4.5,0.5,7,8,14,84,20
gma-miR166f,100,104,4.211538461538462,4.5,0.5,7,8,14,84,20
gma-miR166g,100,104,4.211538461538462,4.5,0.5,7,8,14,84,20
gma-miR166i-3p,100,104,4.211538461538462,4.5,0.5,7,8,14,84,20
gma-miR166n,100,104,4.211538461538462,4.5,0.5,7,8,14,84,20
gma-miR166o,100,104,4.211538461538462,4.5,0.5,7,8,14,84,20
hpa-miR166a,100,104,4.211538461538462,4.5,0.5,7,8,14,84,20
hpe-miR166a,100,104,4.211538461538462,4.5,0.5,7,8,14,84,20
hvu-miR166a,100,104,4.211538461538462,4.5,0.5,7,8,14,84,20
hvu-miR166b,100,104,4.211538461538462,4.5,0.5,7,8,14,84,20
hvu-miR166c,100,104,4.211538461538462,4.5,0.5,7,8,14,84,20
mdm-miR166a,100,104,4.211538461538462,4.5,0.5,7,8,14,84,20
mdm-miR166b,100,104,4.211538461538462,4.5,0.5,7,8,14,84,20
mdm-miR166c,100,104,4.211538461538462,4.5,0.5,7,8,14,84,20
mdm-miR166d,100,104,4.211538461538462,4.5,0.5,7,8,14,84,20
mdm-miR166e,100,104,4.211538461538462,4.5,0.5,7,8,14,84,20
mdm-miR166f,100,104,4.211538461538462,4.5,0.5,7,8,14,84,20
mdm-miR166g,100,104,4.211538461538462,4.5,0.5,7,8,14,84,20
mdm-miR166h,100,104,4.211538461538462,4.5,0.5,7,8,14,84,20
mdm-miR166i,100,104,4.211538461538462,4.5,0.5,7,8,14,84,20
mes-miR166a,100,104,4.211538461538462,4.5,0.5,7,8,14,84,20
mes-miR166b,100,104,4.211538461538462,4.5,0.5,7,8,14,84,20
mes-miR166c,100,104,4.211538461538462,4.5,0.5,7,8,14,84,20
mes-miR166d,100,104,4.211538461538462,4.5,0.5,7,8,14,84,20
mes-miR166e,100,104,4.211538461538462,4.5,0.5,7,8,14,84,20
mes-miR166f,100,104,4.211538461538462,4.5,0.5,7,8,14,84,20
mes-miR166g,100,104,4.211538461538462,4.5,0.5,7,8,14,84,20
mtr-miR166a,100,104,4.211538461538462,4.5,0.5,7,8,14,84,20
mtr-miR166e-3p,100,104,4.211538461538462,4.5,0.5,7,8,14,84,20
mtr-miR166g-3p,100,104,4.211538461538462,4.5,0.5,7,8,14,84,20
nta-miR166a,100,104,4.211538461538462,4.5,0.5,7,8,14,84,20
nta-miR166b,100,104,4.211538461538462,4.5,0.5,7,8,14,84,20
nta-miR166c,100,104,4.211538461538462,4.5,0.5,7,8,14,84,20
nta-miR166d,100,104,4.211538461538462,4.5,0.5,7,8,14,84,20
nta-miR166e,100,104,4.211538461538462,4.5,0.5,7,8,14,84,20
nta-miR166f,100,104,4.211538461538462,4.5,0.5,7,8,14,84,20
nta-miR166g,100,104,4.211538461538462,4.5,0.5,7,8,14,84,20
nta-miR166h,100,104,4.211538461538462,4.5,0.5,7,8,14,84,20
osa-miR166a-3p,100,104,4.211538461538462,4.5,0.5,7,8,14,84,20
osa-miR166b-3p,100,104,4.211538461538462,4.5,0.5,7,8,14,84,20
osa-miR166c-3p,100,104,4.211538461538462,4.5,0.5,7,8,14,84,20
osa-miR166d-3p,100,104,4.211538461538462,4.5,0.5,7,8,14,84,20
osa-miR166f,100,104,4.211538461538462,4.5,0.5,7,8,14,84,20
osa-miR166j-3p,100,104,4.211538461538462,4.5,0.5,7,8,14,84,20
osa-miR1852,100,104,4.5,4.5,1.0,1,1,3,86,18
ppt-miR166a,100,104,4.211538461538462,4.5,0.5,7,8,14,84,20
ppt-miR166b,100,104,4.211538461538462,4.5,0.5,7,8,14,84,20
ppt-miR166c,100,104,4.211538461538462,4.5,0.5,7,8,14,84,20
ppt-miR166d,100,104,4.211538461538462,4.5,0.5,7,8,14,84,20
ppt-miR166e,100,104,4.211538461538462,4.5,0.5,7,8,14,84,20
ppt-miR166f,100,104,4.211538461538462,4.5,0.5,7,8,14,84,20
ppt-miR166g,100,104,4.211538461538462,4.5,0.5,7,8,14,84,20
ppt-miR166h,100,104,4.211538461538462,4.5,0.5,7,8,14,84,20
ppt-miR166i,100,104,4.211538461538462,4.5,0.5,7,8,14,84,20
pta-miR166a,100,104,4.211538461538462,4.5,0.5,7,8,14,84,20
pta-miR166b,100,104,4.211538461538462,4.5,0.5,7,8,14,84,20
ptc-miR166a,100,104,4.211538461538462,4.5,0.5,7,8,14,84,20
ptc-miR166b,100,104,4.211538461538462,4.5,0.5,7,8,14,84,20
ptc-miR166c,100,104,4.211538461538462,4.5,0.5,7,8,14,84,20
ptc-miR166d,100,104,4.211538461538462,4.5,0.5,7,8,14,84,20
ptc-miR166e,100,104,4.211538461538462,4.5,0.5,7,8,14,84,20
ptc-miR166f,100,104,4.211538461538462,4.5,0.5,7,8,14,84,20
ptc-miR166g,100,104,4.211538461538462,4.5,0.5,7,8,14,84,20
ptc-miR166h,100,104,4.211538461538462,4.5,0.5,7,8,14,84,20
ptc-miR166i,100,104,4.211538461538462,4.5,0.5,7,8,14,84,20
ptc-miR166j,100,104,4.211538461538462,4.5,0.5,7,8,14,84,20
ptc-miR166k,100,104,4.211538461538462,4.5,0.5,7,8,14,84,20
ptc-miR166l,100,104,4.211538461538462,4.5,0.5,7,8,14,84,20
ptc-miR166m,100,104,4.211538461538462,4.5,0.5,7,8,14,84,20
pvu-miR166a,100,104,4.211538461538462,4.5,0.5,7,8,14,84,20
rco-miR166a,100,104,4.211538461538462,4.5,0.5,7,8,14,84,20
rco-miR166b,100,104,4.211538461538462,4.5,0.5,7,8,14,84,20
rco-miR166c,100,104,4.211538461538462,4.5,0.5,7,8,14,84,20
rco-miR166d,100,104,4.211538461538462,4.5,0.5,7,8,14,84,20
rco-miR166e,100,104,4.211538461538462,4.5,0.5,7,8,14,84,20
sly-miR166a,100,104,4.211538461538462,4.5,0.5,7,8,14,84,20
sly-miR166b,100,104,4.211538461538462,4.5,0.5,7,8,14,84,20
smo-miR166a,100,104,4.211538461538462,4.5,0.5,7,8,14,84,20
smo-miR166b,100,104,4.211538461538462,4.5,0.5,7,8,14,84,20
smo-miR166c,100,104,4.211538461538462,4.5,0.5,7,8,14,84,20
ssl-miR166b,100,104,4.211538461538462,4.5,0.5,7,8,14,84,20
ssp-miR166,100,104,4.211538461538462,4.5,0.5,7,8,14,84,20
stu-miR166a-3p,100,104,4.211538461538462,4.5,0.5,7,8,14,84,20
stu-miR166c-3p,100,104,4.211538461538462,4.5,0.5,7,8,14,84,20
stu-miR166d-3p,100,104,4.211538461538462,4.5,0.5,7,8,14,84,20
tcc-miR166a,100,104,4.211538461538462,4.5,0.5,7,8,14,84,20
tcc-miR166d,100,104,4.211538461538462,4.5,0.5,7,8,14,84,20
vvi-miR166c,100,104,4.211538461538462,4.5,0.5,7,8,14,84,20
vvi-miR166d,100,104,4.211538461538462,4.5,0.5,7,8,14,84,20
vvi-miR166e,100,104,4.211538461538462,4.5,0.5,7,8,14,84,20
vvi-miR166f,100,104,4.211538461538462,4.5,0.5,7,8,14,84,20
vvi-miR166g,100,104,4.211538461538462,4.5,0.5,7,8,14,84,20
vvi-miR166h,100,104,4.211538461538462,4.5,0.5,7,8,14,84,20
zma-miR166a-3p,100,104,4.211538461538462,4.5,0.5,7,8,14,84,20
ata-miR167f-3p,100,103,4.320388349514563,4.5,2.0,0,1,5,92,11
ath-miR408-5p,100,103,4.519417475728155,4.5,2.0,0,1,4,95,8
ath-miR860,100,103,4.37378640776699,4.5,2.0,0,1,6,84,19
ghr-miR482b,100,103,4.043689320388349,4.5,0.5,1,2,21,59,44
osa-miR5795,100,103,4.383495145631068,4.5,3.0,0,0,2,87,16
osa-miR5834,100,103,4.407766990291262,4.5,2.5,0,0,5,91,12
ptc-miR6425a-5p,100,103,4.300970873786408,4.5,2.0,0,1,7,90,13
ptc-miR6425b-5p,100,103,4.300970873786408,4.5,2.0,0,1,7,90,13
ptc-miR6425c-5p,100,103,4.300970873786408,4.5,2.0,0,1,7,90,13
ptc-miR6425d-5p,100,103,4.300970873786408,4.5,2.0,0,1,7,90,13
ptc-miR6425e,100,103,4.300970873786408,4.5,2.0,0,1,7,90,13
vvi-miR399f,100,103,4.461165048543689,4.5,2.0,0,1,5,90,13
bra-miR403-5p,100,102,4.377450980392157,4.5,2.5,0,0,5,72,30
cre-miR1153-3p.1,100,102,4.7254901960784315,5.0,3.5,0,0,0,81,21
mtr-miR169e-5p,100,102,4.534313725490196,5.0,1.5,0,2,4,84,18
mtr-miR5225a,100,102,4.4754901960784315,4.5,2.5,0,0,2,88,14
mtr-miR7699-3p,100,102,4.372549019607843,4.5,2.5,0,0,5,84,18
pde-miR169,100,102,4.509803921568627,4.5,2.0,0,1,6,81,21
ppt-miR1032,100,102,4.509803921568627,4.5,1.5,0,1,2,74,28
sbi-miR164c,100,102,4.323529411764706,4.5,1.5,0,4,8,90,12
vvi-miR169m,100,102,4.534313725490196,5.0,1.5,0,2,4,84,18
vvi-miR169n,100,102,4.534313725490196,5.0,1.5,0,2,4,84,18
vvi-miR169p,100,102,4.534313725490196,5.0,1.5,0,2,4,84,18
vvi-miR169q,100,102,4.534313725490196,5.0,1.5,0,2,4,84,18
zma-miR164e-5p,100,102,4.323529411764706,4.5,1.5,0,4,8,90,12
aly-miR851-5p,100,101,4.297029702970297,4.5,3.0,0,0,8,92,9
ata-miR168-5p,100,101,4.4950495049504955,4.5,3.0,0,0,2,76,25
ata-miR2275c-5p,100,101,4.51980198019802,4.5,2.5,0,0,3,82,19
bdi-miR168-5p,100,101,4.4950495049504955,4.5,3.0,0,0,2,76,25
bdi-miR5167b-5p,100,101,4.564356435643564,4.5,2.5,0,0,2,91,10
bdi-miR5181b,100,101,4.50990099009901,4.5,3.0,0,0,1,74,27
cpa-miR8155,100,101,4.564356435643564,4.5,2.5,0,0,3,82,19
cre-miR1144b,100,101,4.366336633663367,4.5,2.5,0,0,3,84,17
far-miR1122,100,101,4.569306930693069,4.5,2.5,0,0,3,75,26
gma-miR4382,100,101,4.445544554455446,4.5,2.5,0,0,7,88,13
gma-miR9762,100,101,4.3861386138613865,4.5,1.5,0,1,6,92,9
hvu-miR168-5p,100,101,4.4950495049504955,4.5,3.0,0,0,2,76,25
mtr-miR2111m-3p,100,101,4.569306930693069,4.5,3.5,0,0,0,78,23
osa-miR168a-5p,100,101,4.4950495049504955,4.5,3.0,0,0,2,76,25
osa-miR2094-5p,100,101,4.5,4.5,2.0,0,1,6,89,12
osa-miR3980a-5p,100,101,4.608910891089109,4.5,3.0,0,0,1,71,30
osa-miR3980b-5p,100,101,4.608910891089109,4.5,3.0,0,0,1,71,30
sbi-miR168,100,101,4.4950495049504955,4.5,3.0,0,0,2,76,25
sly-miR9474-5p,100,101,4.316831683168317,4.5,2.5,0,0,5,86,15
sof-miR168a,100,101,4.4950495049504955,4.5,3.0,0,0,2,76,25
ssp-miR168a,100,101,4.4950495049504955,4.5,3.0,0,0,2,76,25
stu-miR477b-3p,100,101,4.292079207920792,4.5,2.5,0,0,9,85,16
stu-miR8036-3p,100,101,4.3316831683168315,4.5,3.0,0,0,4,76,25
tae-miR1122a,100,101,4.569306930693069,4.5,2.5,0,0,3,75,26
vvi-miR3630-5p,100,101,4.465346534653466,4.5,3.0,0,0,2,80,21
zma-miR168a-5p,100,101,4.4950495049504955,4.5,3.0,0,0,2,76,25
zma-miR168b-5p,100,101,4.4950495049504955,4.5,3.0,0,0,2,76,25
bra-miR5721,100,100,4.325,4.5,2.5,0,0,5,83,17
csi-miR827,100,100,4.39,4.5,2.5,0,0,5,87,13
ghr-miR827a,100,100,4.39,4.5,2.5,0,0,5,87,13
ghr-miR827b,100,100,4.39,4.5,2.5,0,0,5,87,13
ghr-miR827c,100,100,4.39,4.5,2.5,0,0,5,87,13
gma-miR156r,100,100,4.385,4.5,2.5,0,0,7,89,11
gma-miR171a,100,100,4.495,4.5,1.5,0,1,4,79,21
gra-miR8714,100,100,4.305,4.5,2.0,0,1,5,79,21
lja-miR7525,100,100,4.36,4.5,2.5,0,0,6,85,15
mes-miR827,100,100,4.39,4.5,2.5,0,0,5,87,13
mtr-miR399k,100,100,4.555,4.5,3.0,0,0,1,87,13
mtr-miR399r,100,100,4.545,4.5,3.0,0,0,1,88,12
osa-miR2922,100,100,4.665,5.0,2.5,0,0,3,83,17
ppt-miR1028a-3p,100,100,4.47,4.5,3.5,0,0,0,79,21
ppt-miR1039-3p,100,100,4.505,4.5,3.5,0,0,0,88,12
ptc-miR167h-5p,100,100,4.43,4.5,3.0,0,0,5,81,19
ptc-miR399d,100,100,4.545,4.5,3.0,0,0,1,88,12
tcc-miR827,100,100,4.39,4.5,2.5,0,0,5,87,13
bdi-miR7768a-3p,99,109,4.3807339449541285,4.5,2.5,0,0,8,75,34
bdi-miR7768b-3p,99,109,4.3807339449541285,4.5,2.5,0,0,8,75,34
gma-miR5679,99,105,4.247619047619048,4.5,2.5,0,0,10,89,16
aly-miR393a-5p,99,104,4.235576923076923,4.5,1.0,3,4,10,90,14
aly-miR393b-5p,99,104,4.235576923076923,4.5,1.0,3,4,10,90,14
ata-miR167b-5p,99,104,4.331730769230769,4.5,3.0,0,0,2,83,21
ata-miR167d-5p,99,104,4.331730769230769,4.5,3.0,0,0,2,83,21
ath-miR393a-5p,99,104,4.235576923076923,4.5,1.0,3,4,10,90,14
ath-miR393b-5p,99,104,4.235576923076923,4.5,1.0,3,4,10,90,14
bdi-miR167c-5p,99,104,4.331730769230769,4.5,3.0,0,0,2,83,21
bdi-miR167d-5p,99,104,4.331730769230769,4.5,3.0,0,0,2,83,21
bdi-miR167e-5p,99,104,4.331730769230769,4.5,3.0,0,0,2,83,21
bdi-miR167g,99,104,4.331730769230769,4.5,3.0,0,0,2,83,21
ccl-miR167a,99,104,4.331730769230769,4.5,3.0,0,0,2,83,21
ccl-miR167b,99,104,4.331730769230769,4.5,3.0,0,0,2,83,21
cpa-miR167d,99,104,4.331730769230769,4.5,3.0,0,0,2,83,21
cpa-miR393,99,104,4.235576923076923,4.5,1.0,3,4,10,90,14
ctr-miR167,99,104,4.331730769230769,4.5,3.0,0,0,2,83,21
gma-miR167g,99,104,4.331730769230769,4.5,3.0,0,0,2,83,21
gma-miR393c-5p,99,104,4.235576923076923,4.5,1.0,3,4,10,90,14
gma-miR393d,99,104,4.235576923076923,4.5,1.0,3,4,10,90,14
gma-miR393e,99,104,4.235576923076923,4.5,1.0,3,4,10,90,14
gma-miR393f,99,104,4.235576923076923,4.5,1.0,3,4,10,90,14
gma-miR393g,99,104,4.235576923076923,4.5,1.0,3,4,10,90,14
htu-miR393a,99,104,4.235576923076923,4.5,1.0,3,4,10,90,14
htu-miR393b,99,104,4.235576923076923,4.5,1.0,3,4,10,90,14
htu-miR393c,99,104,4.235576923076923,4.5,1.0,3,4,10,90,14
mes-miR167d,99,104,4.331730769230769,4.5,3.0,0,0,2,83,21
mes-miR167e,99,104,4.331730769230769,4.5,3.0,0,0,2,83,21
mes-miR167f,99,104,4.331730769230769,4.5,3.0,0,0,2,83,21
mes-miR393a,99,104,4.235576923076923,4.5,1.0,3,4,10,90,14
mes-miR393b,99,104,4.235576923076923,4.5,1.0,3,4,10,90,14
stu-miR393-5p,99,104,4.235576923076923,4.5,1.0,3,4,10,90,14
tcc-miR393a,99,104,4.235576923076923,4.5,1.0,3,4,10,90,14
zma-miR393b-5p,99,104,4.235576923076923,4.5,1.0,3,4,10,90,14
ahy-miR3521,99,103,4.592233009708738,4.5,2.5,0,0,1,95,8
aly-miR157b-3p,99,103,4.543689320388349,4.5,3.0,0,0,1,85,18
ata-miR167f-5p,99,103,4.310679611650485,4.5,3.0,0,0,2,80,23
ata-miR399b-5p,99,103,4.456310679611651,4.5,2.5,0,0,2,91,12
csi-miR166d,99,103,4.20873786407767,4.5,0.5,7,8,14,85,18
osa-miR166m,99,103,4.20873786407767,4.5,0.5,7,8,14,85,18
ptc-miR6430,99,103,4.538834951456311,4.5,3.0,0,0,3,81,22
tae-miR167c-5p,99,103,4.310679611650485,4.5,3.0,0,0,2,80,23
aly-miR173a-5p,99,102,4.421568627450981,4.5,2.5,0,0,1,74,28
aly-miR173b-5p,99,102,4.421568627450981,4.5,2.5,0,0,1,74,28
ath-miR173-5p,99,102,4.421568627450981,4.5,2.5,0,0,1,74,28
gra-miR8709b,99,102,4.223039215686274,4.5,2.5,0,0,10,82,20
gra-miR8780,99,102,4.215686274509804,4.0,2.5,0,0,11,74,28
osa-miR1425-5p,99,102,4.416666666666667,4.5,3.0,0,0,3,79,23
ppt-miR1066,99,102,4.5,4.5,3.0,0,0,1,79,23
ptc-miR6421-3p,99,102,4.529411764705882,4.5,3.0,0,0,3,90,12
sbi-miR171f,99,102,4.46078431372549,4.5,3.5,0,0,0,71,31
ata-miR171b-5p,99,101,4.475247524752476,4.5,2.5,0,0,2,85,16
ath-miR2936,99,101,4.321782178217822,4.5,2.0,0,1,7,88,13
bra-miR5722,99,101,4.292079207920792,4.5,2.5,0,0,7,87,14
esi-miR3458-5p,99,101,4.311881188118812,4.5,3.0,0,0,4,90,11
ghr-miR7513,99,101,4.4950495049504955,4.5,2.5,0,0,1,89,12
gma-miR169c,99,101,4.475247524752476,4.5,1.0,1,1,3,83,18
osa-miR167a-3p,99,101,4.425742574257426,4.5,2.0,0,2,6,81,20
ptc-miR6480,99,101,4.49009900990099,4.5,2.0,0,1,5,62,39
stu-miR169f-3p,99,101,4.366336633663367,4.5,1.5,0,1,7,89,12
zma-miR399b-5p,99,101,4.400990099009901,4.5,2.0,0,1,5,73,28
aly-miR169a-3p,99,100,4.405,4.5,3.0,0,0,5,80,20
aly-miR860-5p,99,100,4.545,4.5,2.0,0,1,1,82,18
ata-miR169d-3p,99,100,4.405,4.5,3.0,0,0,5,80,20
ath-miR5635a,99,100,4.47,4.5,3.0,0,0,2,86,14
ath-miR5635b,99,100,4.47,4.5,3.0,0,0,2,86,14
ath-miR5635c,99,100,4.47,4.5,3.0,0,0,2,86,14
ath-miR5635d,99,100,4.47,4.5,3.0,0,0,2,86,14
bdi-miR9496,99,100,4.385,4.5,3.0,0,0,2,75,25
ghr-miR399a,99,100,4.4,4.5,2.5,0,0,6,81,19
ghr-miR399b,99,100,4.4,4.5,2.5,0,0,6,81,19
gma-miR1510b-5p,99,100,4.415,4.5,2.0,0,1,7,78,22
gma-miR3522,99,100,4.49,4.5,2.5,0,0,4,86,14
gra-miR7484d,99,100,4.5275,4.5,3.0,0,0,1,85,15
gra-miR8740,99,100,4.535,4.5,3.0,0,0,2,87,13
osa-miR156l-5p,99,100,4.35,4.5,2.0,0,7,10,89,11
ptc-miR6436,99,100,4.51,4.5,2.5,0,0,3,80,20
ptc-miR6468-3p,99,100,4.63,5.0,3.0,0,0,1,86,14
zma-miR169r-3p,99,100,4.405,4.5,3.0,0,0,5,80,20
zma-miR171j-5p,99,100,4.58,4.5,2.5,0,0,3,83,17
aqu-miR-2018-5p,99,99,4.47979797979798,4.5,3.0,0,0,4,71,28
ath-miR160c-3p,99,99,4.46969696969697,4.5,3.0,0,0,3,80,19
ath-miR862-3p,99,99,4.388888888888889,4.5,2.5,0,0,2,89,10
bdi-miR7732-5p,99,99,4.401515151515151,4.5,1.5,0,1,7,79,20
esi-miR3465-5p,99,99,4.44949494949495,4.5,2.5,0,0,5,79,20
gma-miR5037b,99,99,4.434343434343434,4.5,2.5,0,0,5,76,23
gma-miR5368,99,99,4.606060606060606,4.5,3.5,0,0,0,81,18
mtr-miR2650,99,99,4.202020202020202,4.5,1.5,0,4,8,80,19
mtr-miR5206a,99,99,4.424242424242424,4.5,2.5,0,0,5,81,18
mtr-miR5230,99,99,4.303030303030303,4.5,1.5,0,1,5,81,18
mtr-miR5741a,99,99,4.5353535353535355,4.5,2.5,0,0,3,77,22
mtr-miR5741b,99,99,4.5353535353535355,4.5,2.5,0,0,3,77,22
mtr-miR5741c,99,99,4.5353535353535355,4.5,2.5,0,0,3,77,22
mtr-miR5741d,99,99,4.5353535353535355,4.5,2.5,0,0,3,77,22
mtr-miR5741e,99,99,4.5353535353535355,4.5,2.5,0,0,3,77,22
osa-miR2877,99,99,4.202020202020202,4.5,2.0,0,1,13,86,13
ptc-miR7840,99,99,4.41919191919192,4.5,3.0,0,0,2,79,20
smo-miR171b,99,99,4.48989898989899,4.5,1.5,0,1,4,79,20
tae-miR9667-5p,99,99,4.47979797979798,4.5,3.0,0,0,3,75,24
vvi-miR479,99,99,4.434343434343434,4.5,3.0,0,0,2,86,13
gma-miR159b-5p,98,117,4.423076923076923,4.5,2.0,0,1,4,79,38
gma-miR159f-5p,98,117,4.423076923076923,4.5,2.0,0,1,4,79,38
tae-miR5175-5p,98,112,4.477678571428571,4.5,3.0,0,0,2,53,59
osa-miR531b,98,105,4.576190476190476,5.0,3.0,0,0,6,95,10
ath-miR156d-3p,98,104,4.228365384615385,4.5,2.0,0,1,6,91,13
osa-miR5816,98,103,4.218446601941747,4.5,2.5,0,0,8,92,11
aly-miR4230,98,102,4.450980392156863,4.5,2.0,0,2,6,75,27
bdi-miR159b-5p.1,98,102,4.259803921568627,4.5,2.0,0,2,11,83,19
bdi-miR166e-3p,98,102,4.215686274509804,4.5,1.0,1,9,15,90,12
mdm-miR477a,98,102,4.382352941176471,4.5,1.5,0,2,5,85,17
osa-miR5830,98,102,4.279411764705882,4.5,1.0,1,1,5,83,19
zma-miR159a-5p,98,102,4.259803921568627,4.5,2.0,0,2,11,83,19
aqu-miR-2015-3p,98,101,4.316831683168317,4.5,2.5,0,0,6,83,18
ath-miR5660,98,101,4.366336633663367,4.5,2.0,0,1,7,73,28
bdi-miR5174e-5p.2,98,101,4.475247524752476,4.5,3.0,0,0,2,86,15
gma-miR171d,98,101,4.445544554455446,4.5,1.5,0,1,6,73,28
mtr-miR169f,98,101,4.47029702970297,4.5,1.0,1,1,3,80,21
nta-miR479a,98,101,4.465346534653466,4.5,3.0,0,0,2,81,20
ppt-miR1048-3p,98,101,4.554455445544554,4.5,3.5,0,0,0,85,16
ptc-miR477d-5p,98,101,4.1138613861386135,4.0,1.0,1,2,8,82,19
stu-miR3627-3p,98,101,4.415841584158416,4.5,2.5,0,0,5,89,12
ath-miR2111b-3p,98,100,4.53,4.5,2.5,0,0,3,86,14
bdi-miR7756-5p,98,100,4.27,4.5,2.5,0,0,6,64,36
esi-miR3456-5p,98,100,4.675,5.0,3.0,0,0,1,85,15
hbr-miR6482,98,100,4.4975,4.5,0.5,1,2,4,80,20
osa-miR1861d,98,100,4.255,4.5,2.5,0,0,7,90,10
osa-miR2100-5p,98,100,4.365,4.5,2.5,0,0,4,82,18
osa-miR5535,98,100,4.41,4.5,3.0,0,0,5,95,5
ppt-miR1223b,98,100,4.575,4.75,3.0,0,0,2,80,20
ppt-miR1223c,98,100,4.575,4.75,3.0,0,0,2,80,20
ptc-miR6467,98,100,4.43,4.5,2.5,0,0,2,66,34
sbi-miR6228-3p,98,100,4.18,4.5,1.5,0,1,12,80,20
vvi-miR3625-3p,98,100,4.555,4.75,3.0,0,0,3,76,24
aau-miR162,98,99,4.563131313131313,4.5,3.0,0,0,2,80,19
aly-miR162a-3p,98,99,4.563131313131313,4.5,3.0,0,0,2,80,19
aly-miR162b-3p,98,99,4.563131313131313,4.5,3.0,0,0,2,80,19
ath-miR162a-3p,98,99,4.563131313131313,4.5,3.0,0,0,2,80,19
ath-miR162b-3p,98,99,4.563131313131313,4.5,3.0,0,0,2,80,19
ath-miR401,98,99,4.616161616161616,4.5,2.0,0,1,1,77,22
bdi-miR5167b-3p,98,99,4.358585858585859,4.5,2.5,0,0,5,77,22
bra-miR162-3p,98,99,4.563131313131313,4.5,3.0,0,0,2,80,19
cme-miR162,98,99,4.563131313131313,4.5,3.0,0,0,2,80,19
cpa-miR162a,98,99,4.563131313131313,4.5,3.0,0,0,2,80,19
csi-miR162-3p,98,99,4.563131313131313,4.5,3.0,0,0,2,80,19
ghr-miR162a,98,99,4.563131313131313,4.5,3.0,0,0,2,80,19
gma-miR162b,98,99,4.563131313131313,4.5,3.0,0,0,2,80,19
gma-miR162c,98,99,4.563131313131313,4.5,3.0,0,0,2,80,19
gra-miR7504i,98,99,4.409090909090909,4.5,2.0,0,1,5,95,4
gra-miR7504j,98,99,4.409090909090909,4.5,2.0,0,1,5,95,4
hpe-miR162a,98,99,4.563131313131313,4.5,3.0,0,0,2,80,19
htu-miR162a,98,99,4.563131313131313,4.5,3.0,0,0,2,80,19
hvu-miR5049e,98,99,4.595959595959596,4.5,3.0,0,0,1,86,13
hvu-miR6198,98,99,4.388888888888889,4.5,2.5,0,0,2,86,13
mdm-miR162a,98,99,4.563131313131313,4.5,3.0,0,0,2,80,19
mdm-miR162b,98,99,4.563131313131313,4.5,3.0,0,0,2,80,19
mes-miR162,98,99,4.563131313131313,4.5,3.0,0,0,2,80,19
mtr-miR162,98,99,4.563131313131313,4.5,3.0,0,0,2,80,19
mtr-miR5277,98,99,4.083333333333333,4.0,1.5,0,1,14,85,14
mtr-miR5556-3p,98,99,4.409090909090909,4.5,3.0,0,0,4,75,24
nta-miR162a,98,99,4.563131313131313,4.5,3.0,0,0,2,80,19
nta-miR162b,98,99,4.563131313131313,4.5,3.0,0,0,2,80,19
osa-miR1428e-3p,98,99,4.396464646464646,4.5,2.5,0,0,5,72,27
osa-miR162a,98,99,4.563131313131313,4.5,3.0,0,0,2,80,19
osa-miR5828,98,99,4.540404040404041,4.5,3.5,0,0,0,84,15
pde-miR162,98,99,4.563131313131313,4.5,3.0,0,0,2,80,19
ptc-miR162a,98,99,4.563131313131313,4.5,3.0,0,0,2,80,19
ptc-miR162b,98,99,4.563131313131313,4.5,3.0,0,0,2,80,19
ptc-miR169x,98,99,4.44949494949495,4.5,2.5,0,0,5,79,20
rco-miR162,98,99,4.563131313131313,4.5,3.0,0,0,2,80,19
sbi-miR162,98,99,4.563131313131313,4.5,3.0,0,0,2,80,19
sly-miR162,98,99,4.563131313131313,4.5,3.0,0,0,2,80,19
stu-miR162a-3p,98,99,4.563131313131313,4.5,3.0,0,0,2,80,19
stu-miR162b-3p,98,99,4.563131313131313,4.5,3.0,0,0,2,80,19
stu-miR398b-3p,98,99,4.484848484848484,4.5,2.5,0,0,4,71,28
tcc-miR162,98,99,4.563131313131313,4.5,3.0,0,0,2,80,19
vun-miR162,98,99,4.563131313131313,4.5,3.0,0,0,2,80,19
vvi-miR162,98,99,4.563131313131313,4.5,3.0,0,0,2,80,19
aly-miR845a-3p,98,98,4.469387755102041,4.5,3.0,0,0,2,71,27
ath-miR5997,98,98,4.489795918367347,4.5,3.0,0,0,3,82,16
ath-miR822-5p,98,98,4.438775510204081,4.5,2.0,0,1,4,85,13
bdi-miR393b-3p,98,98,4.418367346938775,4.5,2.0,0,1,4,71,27
bdi-miR5172-5p,98,98,4.540816326530612,4.5,3.5,0,0,0,74,24
bdi-miR5201-3p,98,98,4.38265306122449,4.5,2.5,0,0,5,69,29
bra-miR9563a-3p,98,98,4.533163265306122,4.5,3.0,0,0,1,82,16
hme-miR-307,98,98,4.510204081632653,4.5,3.0,0,0,1,80,18
mdm-miR7126,98,98,4.275510204081633,4.5,2.0,0,1,8,87,11
nta-miR6025d,98,98,4.336734693877551,4.5,3.0,0,0,4,79,19
osa-miR393b-3p,98,98,4.418367346938775,4.5,2.0,0,1,4,71,27
osa-miR5540,98,98,4.535714285714286,4.5,3.0,0,0,1,87,11
osa-miR6255,98,98,4.428571428571429,4.5,2.5,0,0,8,83,15
osa-miR821a,98,98,4.071428571428571,4.0,2.5,0,0,5,60,38
osa-miR821b,98,98,4.071428571428571,4.0,2.5,0,0,5,60,38
osa-miR821c,98,98,4.071428571428571,4.0,2.5,0,0,5,60,38
ppt-miR1076-5p,98,98,4.607142857142857,4.5,3.5,0,0,0,85,13
ppt-miR1218,98,98,4.525510204081633,4.5,2.0,0,1,4,74,24
ppt-miR895,98,98,4.433673469387755,4.5,3.0,0,0,2,86,12
tae-miR1847-5p,98,98,4.505102040816326,4.5,3.0,0,0,1,85,13
stu-miR8033-3p,97,103,4.286407766990291,4.5,2.5,0,0,7,81,22
bdi-miR7708a-5p,97,102,4.205882352941177,4.5,2.0,0,1,11,87,15
ata-miR166c-3p,97,101,4.183168316831683,4.5,0.5,7,8,14,87,14
bdi-miR166j,97,101,4.183168316831683,4.5,0.5,7,8,14,87,14
csi-miR166a,97,101,4.183168316831683,4.5,0.5,7,8,14,84,17
ctr-miR166,97,101,4.183168316831683,4.5,0.5,7,8,14,84,17
ghr-miR399c,97,101,4.4950495049504955,4.5,2.5,0,0,4,84,17
hbr-miR166b,97,101,4.183168316831683,4.5,0.5,7,8,14,84,17
mes-miR477h,97,101,4.430693069306931,4.5,1.5,0,2,5,91,10
pab-miR166b,97,101,4.183168316831683,4.5,0.5,7,8,14,87,14
ptc-miR166n,97,101,4.183168316831683,4.5,0.5,7,8,14,87,14
ptc-miR166o,97,101,4.183168316831683,4.5,0.5,7,8,14,87,14
ptc-miR166q,97,101,4.183168316831683,4.5,0.5,7,8,14,87,14
aly-miR4223,97,100,4.36,4.5,2.5,0,0,7,76,24
aly-miR4224,97,100,4.33,4.5,1.5,0,1,5,89,11
ata-miR5181-5p,97,100,4.56,4.5,3.0,0,0,1,85,15
ath-miR5663-5p,97,100,4.34,4.5,3.0,0,0,5,96,4
cca-miR6110-5p,97,100,4.2875,4.5,2.0,0,1,5,74,26
cre-miR1159.2,97,100,4.54,4.5,3.0,0,0,2,78,22
gma-miR5786,97,100,4.685,5.0,3.0,0,0,1,87,13
hme-miR-87,97,100,4.405,4.5,2.5,0,0,3,78,22
mdm-miR482c,97,100,4.11,4.0,1.5,0,5,9,60,40
osa-miR2118e,97,100,4.295,4.5,2.0,0,2,8,78,22
osa-miR2118r,97,100,4.295,4.5,2.0,0,2,8,78,22
aly-miR2111a-3p,97,99,4.641414141414141,4.5,2.5,0,0,1,79,20
aly-miR2111c-3p,97,99,4.641414141414141,4.5,2.5,0,0,1,79,20
ath-miR2111a-3p,97,99,4.641414141414141,4.5,2.5,0,0,1,79,20
bna-miR2111a-3p,97,99,4.641414141414141,4.5,2.5,0,0,1,79,20
bra-miR2111a-3p,97,99,4.641414141414141,4.5,2.5,0,0,1,79,20
bra-miR9558-5p,97,99,4.376262626262626,4.5,2.5,0,0,5,84,15
gma-miR1516a-3p,97,99,4.48989898989899,4.5,3.0,0,0,2,87,12
gma-miR4374b,97,99,4.429292929292929,4.5,3.0,0,0,2,74,25
gra-miR7484n,97,99,4.161616161616162,4.5,1.5,0,4,16,83,16
mtr-miR2667a,97,99,4.651515151515151,5.0,3.0,0,0,1,85,14
mtr-miR2667b,97,99,4.651515151515151,5.0,3.0,0,0,1,85,14
osa-miR1866-3p,97,99,4.363636363636363,4.5,2.5,0,0,5,76,23
osa-miR1879,97,99,4.313131313131313,4.5,2.0,0,1,9,88,11
rgl-miR7802,97,99,4.287878787878788,4.5,2.5,0,0,6,90,9
rgl-miR7803b-5p,97,99,4.494949494949495,4.5,3.0,0,0,2,70,29
aly-miR3442-3p,97,98,4.392857142857143,4.5,2.5,0,0,7,78,20
aly-miR824-5p,97,98,4.331632653061225,4.5,1.5,0,1,8,73,25
aly-miR860-3p,97,98,4.372448979591836,4.5,3.0,0,0,4,78,20
aqc-miR168,97,98,4.48469387755102,4.5,2.5,0,0,6,79,19
ath-miR8177,97,98,4.285714285714286,4.5,2.5,0,0,7,84,14
ath-miR824-5p,97,98,4.331632653061225,4.5,1.5,0,1,8,73,25
bdi-miR5172-3p,97,98,4.418367346938775,4.5,2.0,0,1,4,81,17
bna-miR824,97,98,4.331632653061225,4.5,1.5,0,1,8,73,25
bol-miR824,97,98,4.331632653061225,4.5,1.5,0,1,8,73,25
bra-miR400-3p,97,98,4.543367346938775,4.5,3.0,0,0,1,83,15
bra-miR824,97,98,4.331632653061225,4.5,1.5,0,1,8,73,25
bra-miR9553-3p,97,98,4.239795918367347,4.5,2.0,0,1,10,77,21
gra-miR8765,97,98,4.494897959183674,4.5,3.0,0,0,3,82,16
mtr-miR4414b,97,98,4.535714285714286,4.5,2.0,0,1,2,81,17
nta-miR6025a,97,98,4.36734693877551,4.5,2.0,0,1,6,78,20
osa-miR1855,97,98,4.331632653061225,4.5,2.5,0,0,4,81,17
ppt-miR1079-3p,97,98,4.469387755102041,4.5,3.0,0,0,3,73,25
pta-miR171,97,98,4.607142857142857,4.5,3.0,0,0,1,80,18
ptc-miR7825,97,98,4.454081632653061,4.5,3.5,0,0,0,84,14
stu-miR6025,97,98,4.36734693877551,4.5,2.0,0,1,6,78,20
stu-miR8038a-5p,97,98,4.413265306122449,4.5,1.5,0,1,5,72,26
stu-miR8038b-5p,97,98,4.413265306122449,4.5,1.5,0,1,5,72,26
vvi-miR845c,97,98,4.530612244897959,4.5,3.0,0,0,1,73,25
ata-miR395b-5p,97,97,4.510309278350515,4.5,3.5,0,0,0,75,22
ath-miR5014a-5p,97,97,4.469072164948454,4.5,2.5,0,0,4,91,6
ath-miR5638a,97,97,4.489690721649485,4.5,2.5,0,0,4,78,19
ath-miR853,97,97,4.020618556701031,4.0,2.0,0,1,7,87,10
gra-miR8652,97,97,4.347938144329897,4.5,3.0,0,0,5,76,21
lja-miR7524,97,97,4.572164948453608,4.5,3.0,0,0,2,79,18
osa-miR1861n,97,97,4.43298969072165,4.5,2.0,0,1,7,75,22
osa-miR5486,97,97,4.463917525773196,4.5,3.0,0,0,4,79,18
osa-miR6251,97,97,4.520618556701031,4.5,2.5,0,0,5,73,24
ppt-miR1038-3p,97,97,4.355670103092783,4.5,3.0,0,0,6,89,8
ppt-miR1058,97,97,4.556701030927835,4.5,3.0,0,0,3,84,13
stu-miR397-3p,97,97,4.5,4.5,2.5,0,0,2,76,21
ath-miR835-3p,96,101,4.51980198019802,4.5,2.0,0,1,2,73,28
cca-miR6118-3p,96,101,4.173267326732673,4.0,2.0,0,1,13,75,26
stu-miR8004,96,101,4.3316831683168315,4.5,1.5,0,2,8,84,17
bra-miR9564-3p,96,100,4.41,4.5,3.0,0,0,2,82,18
csi-miR857,96,100,4.235,4.5,2.5,0,0,11,84,16
mtr-miR169h,96,100,4.515,4.5,1.5,0,1,5,88,12
mtr-miR169i,96,100,4.515,4.5,1.5,0,1,5,88,12
mtr-miR5222,96,100,4.325,4.5,2.5,0,0,9,83,17
nta-miR477a,96,100,4.4,4.5,1.5,0,2,5,85,15
osa-miR2876-3p,96,100,4.465,4.5,3.0,0,0,4,83,17
bcy-miR156,96,99,4.217171717171717,4.5,1.5,0,3,13,85,14
bgy-miR156,96,99,4.217171717171717,4.5,1.5,0,3,13,85,14
bra-miR164e-5p,96,99,4.196969696969697,4.5,0.0,4,4,10,80,19
cre-miR1144a.1,96,99,4.6313131313131315,4.5,3.5,0,0,0,83,16
hvu-miR6205,96,99,4.363636363636363,4.5,2.0,0,1,6,85,14
mtr-miR5224b,96,99,4.388888888888889,4.5,2.5,0,0,3,78,21
ppt-miR1034,96,99,4.4393939393939394,4.5,2.5,0,0,5,85,14
ppt-miR1079-5p,96,99,4.141414141414141,4.5,2.0,0,1,8,88,11
smo-miR1086,96,99,4.484848484848484,4.5,3.5,0,0,0,68,31
zma-miR162-5p,96,99,4.53030303030303,4.5,2.5,0,0,4,85,14
aly-miR169b-5p,96,98,4.5,4.5,2.0,0,1,6,76,22
aly-miR169c-5p,96,98,4.5,4.5,2.0,0,1,6,76,22
aqc-miR169c,96,98,4.5,4.5,2.0,0,1,6,76,22
aqc-miR482a,96,98,4.229591836734694,4.5,2.5,0,0,13,72,26
aqc-miR482b,96,98,4.229591836734694,4.5,2.5,0,0,13,72,26
aqc-miR482c,96,98,4.229591836734694,4.5,2.5,0,0,13,72,26
ata-miR169d-5p,96,98,4.5,4.5,2.0,0,1,6,76,22
ath-miR169b-5p,96,98,4.5,4.5,2.0,0,1,6,76,22
ath-miR169c,96,98,4.5,4.5,2.0,0,1,6,76,22
bdi-miR169c-5p,96,98,4.5,4.5,2.0,0,1,6,76,22
bdi-miR169f,96,98,4.5,4.5,2.0,0,1,6,76,22
bdi-miR5200c,96,98,4.535714285714286,4.5,2.0,0,1,3,79,19
bdi-miR7751-5p,96,98,4.418367346938775,4.5,2.5,0,0,2,77,21
bna-miR169n,96,98,4.5,4.5,2.0,0,1,6,76,22
cme-miR169f,96,98,4.5,4.5,2.0,0,1,6,76,22
cme-miR169h,96,98,4.5,4.5,2.0,0,1,6,76,22
ghr-miR7508,96,98,4.438775510204081,4.5,2.5,0,0,2,79,19
gma-miR169a,96,98,4.5,4.5,2.0,0,1,6,76,22
gma-miR169f,96,98,4.5,4.5,2.0,0,1,6,76,22
gma-miR169g,96,98,4.5,4.5,2.0,0,1,6,76,22
gma-miR169m,96,98,4.5,4.5,2.0,0,1,6,76,22
lja-miR7516-5p,96,98,4.36734693877551,4.5,2.5,0,0,4,82,16
mdm-miR169a,96,98,4.5,4.5,2.0,0,1,6,76,22
mes-miR169a,96,98,4.5,4.5,2.0,0,1,6,76,22
mes-miR169b,96,98,4.5,4.5,2.0,0,1,6,76,22
mes-miR169c,96,98,4.5,4.5,2.0,0,1,6,76,22
mes-miR169d,96,98,4.5,4.5,2.0,0,1,6,76,22
mes-miR169e,96,98,4.5,4.5,2.0,0,1,6,76,22
mtr-miR169b,96,98,4.5,4.5,2.0,0,1,6,76,22
mtr-miR169g,96,98,4.5,4.5,2.0,0,1,6,76,22
mtr-miR169l-5p,96,98,4.5,4.5,2.0,0,1,6,76,22
nta-miR169q,96,98,4.5,4.5,2.0,0,1,6,76,22
nta-miR169r,96,98,4.5,4.5,2.0,0,1,6,76,22
nta-miR169s,96,98,4.5,4.5,2.0,0,1,6,76,22
nta-miR6158a,96,98,4.566326530612245,5.0,3.0,0,0,3,94,4
nta-miR6158b,96,98,4.566326530612245,5.0,3.0,0,0,3,94,4
nta-miR6158c,96,98,4.566326530612245,5.0,3.0,0,0,3,94,4
osa-miR169b,96,98,4.5,4.5,2.0,0,1,6,76,22
osa-miR169c,96,98,4.5,4.5,2.0,0,1,6,76,22
ptc-miR169d,96,98,4.5,4.5,2.0,0,1,6,76,22
ptc-miR169e,96,98,4.5,4.5,2.0,0,1,6,76,22
ptc-miR169f,96,98,4.5,4.5,2.0,0,1,6,76,22
ptc-miR169g,96,98,4.5,4.5,2.0,0,1,6,76,22
ptc-miR169h,96,98,4.5,4.5,2.0,0,1,6,76,22
ptc-miR169p,96,98,4.5,4.5,2.0,0,1,6,76,22
rco-miR169a,96,98,4.5,4.5,2.0,0,1,6,76,22
rco-miR169b,96,98,4.5,4.5,2.0,0,1,6,76,22
sbi-miR169b,96,98,4.5,4.5,2.0,0,1,6,76,22
sbi-miR169k,96,98,4.5,4.5,2.0,0,1,6,76,22
sly-miR169a,96,98,4.5,4.5,2.0,0,1,6,76,22
stu-miR156d-3p,96,98,4.464285714285714,4.5,3.0,0,0,1,80,18
stu-miR167a-3p,96,98,4.576530612244898,4.5,3.0,0,0,1,92,6
tcc-miR169b,96,98,4.5,4.5,2.0,0,1,6,76,22
tcc-miR169k,96,98,4.5,4.5,2.0,0,1,6,76,22
tcc-miR169l,96,98,4.5,4.5,2.0,0,1,6,76,22
vun-miR169,96,98,4.5,4.5,2.0,0,1,6,76,22
vvi-miR169a,96,98,4.5,4.5,2.0,0,1,6,76,22
vvi-miR169c,96,98,4.5,4.5,2.0,0,1,6,76,22
vvi-miR169j,96,98,4.5,4.5,2.0,0,1,6,76,22
vvi-miR169k,96,98,4.5,4.5,2.0,0,1,6,76,22
vvi-miR169s,96,98,4.5,4.5,2.0,0,1,6,76,22
vvi-miR169w,96,98,4.5,4.5,2.0,0,1,6,76,22
zma-miR169c-5p,96,98,4.5,4.5,2.0,0,1,6,76,22
zma-miR169r-5p,96,98,4.5,4.5,2.0,0,1,6,76,22
aly-miR472-5p,96,97,4.56701030927835,4.5,3.0,0,0,3,87,10
ath-miR472-5p,96,97,4.56701030927835,4.5,3.0,0,0,3,87,10
ath-miR5014b,96,97,4.551546391752577,4.5,3.0,0,0,1,66,31
bdi-miR395o-5p,96,97,4.438144329896907,4.5,2.5,0,0,2,87,10
bdi-miR7742-5p,96,97,4.61340206185567,5.0,3.5,0,0,0,71,26
csi-miR479,96,97,4.469072164948454,4.5,3.0,0,0,1,80,17
gma-miR1524,96,97,4.463917525773196,4.5,2.5,0,0,3,80,17
gra-miR7492d,96,97,4.231958762886598,4.5,2.5,0,0,10,79,18
hme-miR-193-5p,96,97,4.448453608247423,4.5,3.0,0,0,4,78,19
hvu-miR6208,96,97,4.489690721649485,4.5,2.5,0,0,2,86,11
mes-miR394c,96,97,4.252577319587629,4.5,1.5,0,1,10,72,25
mtr-miR2089-5p,96,97,4.221649484536083,4.5,2.0,0,1,9,90,7
mtr-miR5291a,96,97,4.180412371134021,4.5,2.0,0,1,9,75,22
mtr-miR5291b,96,97,4.180412371134021,4.5,2.0,0,1,9,75,22
mtr-miR5291c,96,97,4.180412371134021,4.5,2.0,0,1,9,75,22
osa-miR5073,96,97,4.360824742268041,4.5,3.0,0,0,5,86,11
tcc-miR399f,96,97,4.551546391752577,4.5,3.5,0,0,0,84,13
vvi-miR394a,96,97,4.252577319587629,4.5,1.5,0,1,10,72,25
vvi-miR394c,96,97,4.252577319587629,4.5,1.5,0,1,10,72,25
zma-miR169c-3p,96,97,4.288659793814433,4.5,1.5,0,3,8,81,16
zma-miR171c-5p,96,97,4.525773195876289,4.5,3.5,0,0,0,75,22
aly-miR774a-5p.1,96,96,4.567708333333333,4.5,3.5,0,0,0,87,9
bdi-miR162,96,96,4.5234375,4.5,3.0,0,0,2,79,17
bdi-miR5173-3p,96,96,4.583333333333333,4.5,1.5,0,1,2,85,11
bra-miR9568-3p,96,96,4.5625,4.5,3.0,0,0,1,85,11
cpa-miR169,96,96,4.473958333333333,4.5,1.5,0,1,6,82,14
esi-miR8618b,96,96,4.541666666666667,4.75,3.0,0,0,2,87,9
ghr-miR7510a,96,96,4.286458333333333,4.5,1.5,0,2,8,80,16
gma-miR1513a-3p,96,96,4.447916666666667,4.5,2.0,0,1,4,84,12
gra-miR5741,96,96,4.619791666666667,4.5,3.5,0,0,0,76,20
gra-miR7484h,96,96,4.53125,4.5,3.0,0,0,1,75,21
gra-miR7484i,96,96,4.53125,4.5,3.0,0,0,1,75,21
gra-miR8678,96,96,4.546875,4.5,3.0,0,0,2,79,17
mes-miR535a,96,96,4.567708333333333,4.5,2.5,0,0,1,86,10
nta-miR6146a,96,96,4.348958333333333,4.5,2.5,0,0,4,80,16
osa-miR1428b,96,96,4.393229166666667,4.5,2.5,0,0,5,75,21
osa-miR1428c,96,96,4.393229166666667,4.5,2.5,0,0,5,75,21
osa-miR1428d,96,96,4.393229166666667,4.5,2.5,0,0,5,75,21
osa-miR5818,96,96,4.5703125,4.5,3.0,0,0,1,80,16
pab-miR3705,96,96,4.411458333333333,4.5,2.5,0,0,6,71,25
pde-miR946,96,96,4.442708333333333,4.5,2.0,0,1,4,76,20
ppt-miR1050,96,96,4.442708333333333,4.5,2.5,0,0,7,80,16
ppt-miR533a-5p,96,96,4.473958333333333,4.5,3.0,0,0,5,80,16
pta-miR946a-3p,96,96,4.442708333333333,4.5,2.0,0,1,4,76,20
pta-miR946b,96,96,4.442708333333333,4.5,2.0,0,1,4,76,20
ptc-miR6473,96,96,4.432291666666667,4.5,2.0,0,1,3,64,32
ssp-miR1432,96,96,4.411458333333333,4.5,2.5,0,0,7,74,22
stu-miR8032d-3p,96,96,4.401041666666667,4.5,3.0,0,0,2,89,7
stu-miR8046-5p,96,96,4.46875,4.5,2.5,0,0,5,75,21
tae-miR1124,96,96,4.4375,4.5,3.5,0,0,0,77,19
mtr-miR1510b-5p,95,102,4.450980392156863,4.5,2.0,0,2,5,77,25
hme-miR-282,95,100,4.1375,4.375,2.5,0,0,17,81,19
aly-miR831-3p,95,99,4.2272727272727275,4.5,2.0,0,1,9,86,13
pde-miR482d,95,99,4.252525252525253,4.5,2.5,0,0,8,68,31
aly-miR3439-3p,95,98,4.196428571428571,4.5,1.5,0,1,8,72,26
cre-miR1152,95,98,4.576530612244898,4.5,3.5,0,0,0,71,27
gra-miR8774,95,98,4.122448979591836,4.0,2.0,0,1,13,80,18
hme-miR-281,95,98,4.438775510204081,4.5,1.5,0,3,6,88,10
hme-miR-981,95,98,4.423469387755102,4.5,3.0,0,0,2,84,14
nta-miR171a,95,98,4.566326530612245,4.5,2.5,0,0,2,81,17
sly-miR171c,95,98,4.566326530612245,4.5,2.5,0,0,2,81,17
ath-miR5651,95,97,4.479381443298969,4.5,2.0,0,1,1,81,16
ath-miR5661,95,97,4.474226804123711,4.5,3.0,0,0,2,84,13
cre-miR1157-3p,95,97,4.5,4.5,3.0,0,0,4,66,31
gma-miR390a-3p,95,97,4.484536082474227,4.5,2.5,0,0,4,82,15
gma-miR390c,95,97,4.484536082474227,4.5,2.5,0,0,4,82,15
gma-miR393h,95,97,4.170103092783505,4.5,1.0,3,3,12,82,15
gma-miR393i,95,97,4.170103092783505,4.5,1.0,3,3,12,82,15
gma-miR393j,95,97,4.170103092783505,4.5,1.0,3,3,12,82,15
gma-miR393k,95,97,4.170103092783505,4.5,1.0,3,3,12,82,15
mes-miR390,95,97,4.484536082474227,4.5,2.5,0,0,4,82,15
mtr-miR171a,95,97,4.463917525773196,4.5,1.0,1,1,3,66,31
vvi-miR169l,95,97,4.510309278350515,4.5,1.5,0,2,4,81,16
ahy-miR160-3p,95,96,4.484375,4.5,3.0,0,0,1,84,12
aly-miR4231,95,96,4.354166666666667,4.5,2.0,0,1,3,85,11
aly-miR4240,95,96,4.5625,4.5,3.0,0,0,1,79,17
cre-miR911,95,96,4.510416666666667,4.5,3.0,0,0,4,81,15
cre-miR918,95,96,4.604166666666667,4.5,2.5,0,0,1,64,32
csi-miR535,95,96,4.458333333333333,4.5,2.0,0,1,5,75,21
gma-miR4363,95,96,4.536458333333333,4.5,2.5,0,0,1,79,17
gra-miR1446,95,96,4.4140625,4.5,0.0,1,3,4,72,24
hme-miR-184,95,96,4.4375,4.5,2.5,0,0,4,77,19
hme-miR-1a,95,96,4.296875,4.5,2.5,0,0,8,80,16
hvu-miR6178,95,96,4.380208333333333,4.5,2.5,0,0,3,91,5
mtr-miR2660,95,96,4.552083333333333,4.5,2.5,0,0,3,83,13
mtr-miR5211,95,96,4.53125,4.5,2.5,0,0,1,89,7
nta-miR6145c,95,96,4.572916666666667,4.5,2.5,0,0,1,73,23
osa-miR2118i,95,96,4.40625,4.5,1.5,0,1,6,73,23
stu-miR8048-3p,95,96,4.510416666666667,4.5,2.0,0,1,1,76,20
vvi-miR399g,95,96,4.489583333333333,4.5,3.5,0,0,0,82,14
aly-miR3438-5p,95,95,4.447368421052632,4.5,2.0,0,2,5,78,17
aly-miR398a-3p,95,95,4.605263157894737,4.5,3.0,0,0,1,68,27
aqc-miR398a,95,95,4.605263157894737,4.5,3.0,0,0,1,68,27
ath-miR398a-3p,95,95,4.605263157894737,4.5,3.0,0,0,1,68,27
bol-miR398a-3p,95,95,4.605263157894737,4.5,3.0,0,0,1,68,27
cme-miR398b,95,95,4.605263157894737,4.5,3.0,0,0,1,68,27
csi-miR398,95,95,4.605263157894737,4.5,3.0,0,0,1,68,27
ghr-miR398,95,95,4.605263157894737,4.5,3.0,0,0,1,68,27
gma-miR398a,95,95,4.605263157894737,4.5,3.0,0,0,1,68,27
gma-miR398b,95,95,4.605263157894737,4.5,3.0,0,0,1,68,27
gra-miR398,95,95,4.605263157894737,4.5,3.0,0,0,1,68,27
hme-miR-276,95,95,4.431578947368421,4.5,2.5,0,0,3,73,22
mdm-miR398a,95,95,4.605263157894737,4.5,3.0,0,0,1,68,27
mtr-miR1507-3p,95,95,4.368421052631579,4.5,2.0,0,2,6,67,28
mtr-miR398a-3p,95,95,4.605263157894737,4.5,3.0,0,0,1,68,27
mtr-miR5209,95,95,4.436842105263158,4.5,3.0,0,0,3,82,13
osa-miR398a,95,95,4.605263157894737,4.5,3.0,0,0,1,68,27
osa-miR5337b,95,95,4.468421052631579,4.5,2.5,0,0,4,70,25
ptc-miR398a,95,95,4.605263157894737,4.5,3.0,0,0,1,68,27
rco-miR398a,95,95,4.605263157894737,4.5,3.0,0,0,1,68,27
tcc-miR398b,95,95,4.605263157894737,4.5,3.0,0,0,1,68,27
vvi-miR398a,95,95,4.605263157894737,4.5,3.0,0,0,1,68,27
gra-miR8676,94,102,4.254901960784314,4.5,2.5,0,0,9,86,16
ath-miR8166,94,98,4.219387755102041,4.5,2.5,0,0,7,78,20
osa-miR2102-3p,94,98,4.479591836734694,4.5,1.5,0,2,3,85,13
osa-miR2118p,94,98,4.438775510204081,4.5,2.5,0,0,5,78,20
bdi-miR5063,94,97,4.365979381443299,4.5,3.0,0,0,4,70,27
cre-miR909.1,94,97,4.61340206185567,5.0,3.0,0,0,1,78,19
esi-miR3454e-5p,94,97,4.304123711340206,4.5,2.0,0,2,12,74,23
hme-miR-263a,94,97,4.489690721649485,4.5,3.5,0,0,0,85,12
stu-miR8022,94,97,3.7371134020618557,4.0,1.5,0,16,30,75,22
tae-miR1120b-3p,94,97,4.381443298969073,4.5,3.0,0,0,3,77,20
ata-miR169f-3p,94,96,4.395833333333333,4.5,2.5,0,0,7,80,16
ath-miR157a-3p,94,96,4.40625,4.5,2.5,0,0,5,71,25
ath-miR157b-3p,94,96,4.40625,4.5,2.5,0,0,5,71,25
ath-miR4228-5p,94,96,4.463541666666667,4.5,2.0,0,1,7,78,18
cca-miR169b,94,96,4.416666666666667,4.5,2.5,0,0,5,81,15
esi-miR3454a-5p,94,96,4.34375,4.5,1.0,1,1,10,69,27
esi-miR3454b-5p,94,96,4.34375,4.5,1.0,1,1,10,69,27
esi-miR3454c-5p,94,96,4.34375,4.5,1.0,1,1,10,69,27
gma-miR169u,94,96,4.484375,4.5,2.0,0,1,6,75,21
gma-miR482b-3p,94,96,4.270833333333333,4.5,1.5,0,3,8,56,40
gma-miR482d-3p,94,96,4.270833333333333,4.5,1.5,0,3,8,56,40
lja-miR7536a,94,96,4.578125,4.5,3.0,0,0,2,74,22
lja-miR7536b,94,96,4.578125,4.5,3.0,0,0,2,74,22
osa-miR1437b-3p,94,96,3.9010416666666665,4.0,1.5,0,1,30,54,42
osa-miR169i-3p,94,96,4.536458333333333,4.5,3.0,0,0,2,81,15
osa-miR5526,94,96,4.390625,4.5,1.5,0,2,6,85,11
ptc-miR6465,94,96,4.385416666666667,4.5,1.5,0,1,6,79,17
sly-miR6027-3p,94,96,4.21875,4.5,2.0,0,1,15,58,38
stu-miR6027,94,96,4.21875,4.5,2.0,0,1,15,58,38
tae-miR9658-3p,94,96,4.484375,4.5,2.5,0,0,4,76,20
ata-miR9776-3p,94,95,4.61578947368421,5.0,3.5,0,0,0,81,14
ath-miR3932a,94,95,4.352631578947369,4.5,3.0,0,0,8,75,20
ath-miR3932b-3p,94,95,4.352631578947369,4.5,3.0,0,0,8,75,20
ath-miR774a,94,95,4.568421052631579,4.5,1.5,0,1,4,74,21
ath-miR8170-5p,94,95,4.568421052631579,4.5,3.0,0,0,3,56,39
bdi-miR5179,94,95,4.563157894736842,4.5,3.0,0,0,3,81,14
bdi-miR7777-3p.1,94,95,4.36578947368421,4.5,2.5,0,0,6,69,26
cre-miR905-3p,94,95,4.526315789473684,4.5,2.0,0,1,3,79,16
dpr-miR160,94,95,4.226315789473684,4.5,0.5,4,7,10,71,24
ghr-miR2948-5p,94,95,4.326315789473684,4.5,2.5,0,0,5,77,18
gra-miR7484e,94,95,4.5473684210526315,4.5,2.0,0,1,1,81,14
gra-miR7502d,94,95,4.28421052631579,4.5,2.5,0,0,9,76,19
mtr-miR2648,94,95,4.447368421052632,4.5,2.5,0,0,3,79,16
mtr-miR5224a,94,95,4.531578947368421,4.5,3.0,0,0,1,80,15
mtr-miR5231,94,95,4.58421052631579,4.5,3.0,0,0,1,71,24
osa-miR5179,94,95,4.563157894736842,4.5,3.0,0,0,3,81,14
osa-miR5534a,94,95,4.447368421052632,4.5,2.5,0,0,4,79,16
ppt-miR160g,94,95,4.226315789473684,4.5,0.5,4,7,10,71,24
ptc-miR6428,94,95,4.310526315789474,4.5,2.5,0,0,7,75,20
ptc-miR6441,94,95,4.473684210526316,4.5,2.5,0,0,2,82,13
zma-miR159c-5p,94,95,4.38421052631579,4.5,2.0,0,1,4,83,12
zma-miR159d-5p,94,95,4.38421052631579,4.5,2.0,0,1,4,83,12
zma-miR171l-5p,94,95,4.594736842105263,4.5,2.0,0,3,4,78,17
aqc-miR167,94,94,4.191489361702128,4.5,2.0,0,6,10,76,18
cme-miR167e,94,94,4.191489361702128,4.5,2.0,0,6,10,76,18
cme-miR169r,94,94,4.542553191489362,4.5,1.0,1,1,2,78,16
cre-miR1170.1,94,94,4.4361702127659575,4.5,1.0,1,4,5,83,11
gma-miR4392,94,94,4.281914893617022,4.0,2.5,0,0,2,81,13
gma-miR4395,94,94,4.361702127659575,4.5,2.0,0,1,6,80,14
gma-miR4414-3p,94,94,4.569148936170213,4.75,2.5,0,0,3,72,22
gma-miR5037d,94,94,4.579787234042553,4.5,3.5,0,0,0,65,29
hbr-miR408b,94,94,4.404255319148936,4.5,2.0,0,1,4,86,8
mes-miR169i,94,94,4.542553191489362,4.5,1.0,1,1,2,78,16
mes-miR169j,94,94,4.542553191489362,4.5,1.0,1,1,2,78,16
mes-miR169k,94,94,4.542553191489362,4.5,1.0,1,1,2,78,16
mtr-miR172d-5p,94,94,4.037234042553192,4.0,2.0,0,1,14,76,18
osa-miR5083,94,94,4.457446808510638,4.5,2.0,0,1,4,80,14
osa-miR5496,94,94,4.50531914893617,4.5,3.0,0,0,3,85,9
pde-miR949a,94,94,4.50531914893617,4.5,2.5,0,0,4,79,15
ptc-miR169t,94,94,4.542553191489362,4.5,1.0,1,1,2,78,16
rgl-miR7804-3p,94,94,4.462765957446808,4.5,3.0,0,0,3,78,16
smo-miR1101-5p,94,94,4.5611702127659575,4.5,2.5,0,0,1,66,28
stu-miR8042,94,94,4.48404255319149,4.5,3.0,0,0,3,81,13
mtr-miR156i-3p,93,98,4.091836734693878,4.5,2.0,0,1,19,87,11
cre-miR1163.2,93,97,4.706185567010309,5.0,3.0,0,0,2,86,11
smo-miR1087,93,97,4.536082474226804,4.5,2.0,0,1,2,82,15
ath-miR169g-3p,93,96,4.4375,4.5,2.5,0,0,4,89,7
osa-miR2095-5p,93,96,4.403645833333333,4.5,3.0,0,0,4,83,13
ptc-miR6427-5p,93,96,4.3125,4.5,3.0,0,0,4,92,4
sly-miR482c,93,96,4.328125,4.5,2.5,0,0,6,64,32
stu-miR482e-3p,93,96,4.328125,4.5,2.5,0,0,6,64,32
aly-miR169a-5p,93,95,4.5,4.5,2.0,0,1,6,71,24
ata-miR169e-5p,93,95,4.5,4.5,2.0,0,1,6,71,24
ata-miR169f-5p,93,95,4.5,4.5,2.0,0,1,6,71,24
ata-miR169g-5p,93,95,4.5,4.5,2.0,0,1,6,71,24
ath-miR169a-5p,93,95,4.5,4.5,2.0,0,1,6,71,24
ath-miR5024-5p,93,95,4.410526315789474,4.5,2.0,0,1,5,81,14
bdi-miR169a-5p,93,95,4.5,4.5,2.0,0,1,6,71,24
bdi-miR7769-5p,93,95,4.621052631578947,4.5,3.0,0,0,1,76,19
bna-miR169a,93,95,4.5,4.5,2.0,0,1,6,71,24
bna-miR169b,93,95,4.5,4.5,2.0,0,1,6,71,24
gma-miR169b,93,95,4.5,4.5,2.0,0,1,6,71,24
mes-miR169g,93,95,4.5,4.5,2.0,0,1,6,71,24
mtr-miR169a,93,95,4.5,4.5,2.0,0,1,6,71,24
nta-miR169a,93,95,4.5,4.5,2.0,0,1,6,71,24
nta-miR169b,93,95,4.5,4.5,2.0,0,1,6,71,24
nta-miR169c,93,95,4.5,4.5,2.0,0,1,6,71,24
nta-miR169d,93,95,4.5,4.5,2.0,0,1,6,71,24
nta-miR169e,93,95,4.5,4.5,2.0,0,1,6,71,24
nta-miR169f,93,95,4.5,4.5,2.0,0,1,6,71,24
nta-miR169g,93,95,4.5,4.5,2.0,0,1,6,71,24
nta-miR169h,93,95,4.5,4.5,2.0,0,1,6,71,24
nta-miR169i,93,95,4.5,4.5,2.0,0,1,6,71,24
nta-miR169j,93,95,4.5,4.5,2.0,0,1,6,71,24
nta-miR169k,93,95,4.5,4.5,2.0,0,1,6,71,24
nta-miR169l,93,95,4.5,4.5,2.0,0,1,6,71,24
nta-miR169m,93,95,4.5,4.5,2.0,0,1,6,71,24
nta-miR169o,93,95,4.5,4.5,2.0,0,1,6,71,24
nta-miR169p,93,95,4.5,4.5,2.0,0,1,6,71,24
osa-miR169a,93,95,4.5,4.5,2.0,0,1,6,71,24
osa-miR1861e,93,95,4.389473684210526,4.5,2.5,0,0,7,83,12
osa-miR1861k,93,95,4.389473684210526,4.5,2.5,0,0,7,83,12
osa-miR1861m,93,95,4.389473684210526,4.5,2.5,0,0,7,83,12
osa-miR2103,93,95,4.505263157894737,4.5,3.0,0,0,1,84,11
pde-miR3704b,93,95,4.368421052631579,4.5,3.0,0,0,3,88,7
ptc-miR169a,93,95,4.5,4.5,2.0,0,1,6,71,24
ptc-miR169b-5p,93,95,4.5,4.5,2.0,0,1,6,71,24
ptc-miR169c,93,95,4.5,4.5,2.0,0,1,6,71,24
sbi-miR169a,93,95,4.5,4.5,2.0,0,1,6,71,24
sly-miR169c,93,95,4.5,4.5,2.0,0,1,6,71,24
tcc-miR169a,93,95,4.5,4.5,2.0,0,1,6,71,24
tcc-miR169c,93,95,4.5,4.5,2.0,0,1,6,71,24
tcc-miR169e,93,95,4.5,4.5,2.0,0,1,6,71,24
vvi-miR169f,93,95,4.5,4.5,2.0,0,1,6,71,24
vvi-miR169g,93,95,4.5,4.5,2.0,0,1,6,71,24
zma-miR169a-5p,93,95,4.5,4.5,2.0,0,1,6,71,24
zma-miR169b-5p,93,95,4.5,4.5,2.0,0,1,6,71,24
ata-miR399a-5p,93,94,4.377659574468085,4.5,3.0,0,0,1,82,12
ata-miR9772a-5p,93,94,4.579787234042553,4.5,3.0,0,0,1,74,20
ata-miR9772b-5p,93,94,4.579787234042553,4.5,3.0,0,0,1,74,20
ath-miR5022,93,94,4.542553191489362,4.5,3.0,0,0,4,73,21
bra-miR2111b-3p,93,94,4.6861702127659575,5.0,3.5,0,0,0,78,16
csi-miR393,93,94,4.058510638297872,4.5,0.0,3,6,17,82,12
gra-miR8770,93,94,4.319148936170213,4.5,2.5,0,0,8,81,13
hme-miR-277,93,94,4.473404255319149,4.5,2.0,0,1,3,65,29
nta-miR6151g,93,94,4.382978723404255,4.5,2.0,0,2,8,89,5
nta-miR6151h,93,94,4.382978723404255,4.5,2.0,0,2,8,89,5
nta-miR6151i,93,94,4.382978723404255,4.5,2.0,0,2,8,89,5
osa-miR1846e,93,94,4.547872340425532,4.5,2.5,0,0,2,85,9
pab-miR3693,93,94,4.398936170212766,4.5,2.5,0,0,2,80,14
sof-miR168b,93,94,4.547872340425532,4.5,3.0,0,0,1,66,28
tae-miR9772,93,94,4.579787234042553,4.5,3.0,0,0,1,74,20
aly-miR395d-5p,93,93,4.5,4.5,2.5,0,0,4,73,20
ata-miR169h-5p,93,93,4.494623655913978,4.5,2.0,0,1,3,75,18
ata-miR9672-5p,93,93,4.575268817204301,4.5,3.0,0,0,1,88,5
ath-miR5647,93,93,4.349462365591398,4.5,1.5,0,3,6,78,15
ath-miR782,93,93,4.532258064516129,5.0,2.5,0,0,2,83,10
bdi-miR169b,93,93,4.494623655913978,4.5,2.0,0,1,3,75,18
bol-miR398a-5p,93,93,4.591397849462366,5.0,2.5,0,0,3,74,19
csi-miR171b,93,93,4.446236559139785,4.5,3.0,0,0,3,88,5
esi-miR8618a,93,93,4.693548387096774,5.0,2.5,0,0,1,78,15
gma-miR171b-3p,93,93,4.446236559139785,4.5,3.0,0,0,3,88,5
gma-miR396b-3p,93,93,4.478494623655914,4.5,3.5,0,0,0,86,7
gma-miR396k-3p,93,93,4.478494623655914,4.5,3.5,0,0,0,86,7
gma-miR4365,93,93,4.247311827956989,4.5,1.5,0,1,9,88,5
gra-miR8766,93,93,4.435483870967742,4.5,2.5,0,0,3,68,25
mes-miR169f,93,93,4.494623655913978,4.5,2.0,0,1,3,75,18
mes-miR535b,93,93,4.543010752688172,4.5,2.5,0,0,1,79,14
mtr-miR171g,93,93,4.446236559139785,4.5,3.0,0,0,3,88,5
mtr-miR171h,93,93,4.446236559139785,4.5,3.0,0,0,3,88,5
mtr-miR396a-3p,93,93,4.478494623655914,4.5,3.5,0,0,0,86,7
mtr-miR5263,93,93,4.510752688172043,4.5,2.5,0,0,5,80,13
nta-miR6020a-3p,93,93,4.596774193548387,4.5,2.5,0,0,2,74,19
osa-miR169e,93,93,4.494623655913978,4.5,2.0,0,1,3,75,18
ppt-miR1036-5p,93,93,4.60752688172043,4.5,2.5,0,0,2,71,22
ppt-miR2081,93,93,4.473118279569892,4.5,2.0,0,1,6,71,22
ptc-miR399e,93,93,4.494623655913978,4.5,2.5,0,0,6,78,15
sbi-miR169e,93,93,4.494623655913978,4.5,2.0,0,1,3,75,18
sbi-miR169j,93,93,4.494623655913978,4.5,2.0,0,1,3,75,18
smo-miR1113,93,93,4.60752688172043,4.5,3.5,0,0,0,73,20
ssp-miR169,93,93,4.494623655913978,4.5,2.0,0,1,3,75,18
stu-miR5303a,93,93,4.274193548387097,4.5,2.5,0,0,4,74,19
stu-miR5303b,93,93,4.274193548387097,4.5,2.5,0,0,4,74,19
stu-miR5303c,93,93,4.274193548387097,4.5,2.5,0,0,4,74,19
stu-miR5303d,93,93,4.274193548387097,4.5,2.5,0,0,4,74,19
zma-miR169p-5p,93,93,4.494623655913978,4.5,2.0,0,1,3,75,18
bra-miR5654a,92,99,4.494949494949495,4.5,2.0,0,1,4,81,18
bra-miR5654b,92,99,4.494949494949495,4.5,2.0,0,1,4,81,18
ppt-miR1042-3p,92,99,4.55050505050505,4.5,3.0,0,0,1,84,15
gma-miR482a-3p,92,98,3.9744897959183674,4.0,0.0,1,6,13,86,12
vun-miR482,92,98,3.9744897959183674,4.0,0.0,1,6,13,86,12
bdi-miR529-3p,92,97,4.484536082474227,4.5,3.0,0,0,3,80,17
zma-miR529-3p,92,97,4.484536082474227,4.5,3.0,0,0,3,80,17
bdi-miR7760-3p,92,96,4.453125,4.5,3.0,0,0,2,76,20
gma-miR1519,92,96,4.484375,4.5,2.5,0,0,5,83,13
gra-miR8730,92,96,4.1875,4.5,1.5,0,2,9,83,13
hme-miR-2c,92,96,4.229166666666667,4.5,2.0,0,1,9,82,14
nta-miR827,92,96,4.375,4.5,2.5,0,0,4,79,17
ptc-miR478a,92,96,4.3125,4.5,2.5,0,0,11,90,6
ptc-miR478b,92,96,4.3125,4.5,2.5,0,0,11,90,6
ptc-miR478c,92,96,4.3125,4.5,2.5,0,0,11,90,6
sbi-miR6232a-5p,92,96,4.380208333333333,4.5,1.0,1,2,4,75,21
stu-miR8023,92,96,4.307291666666667,4.5,1.5,0,2,8,74,22
stu-miR827-3p,92,96,4.375,4.5,2.5,0,0,4,79,17
bdi-miR156h-3p,92,95,4.363157894736842,4.5,2.0,0,1,6,86,9
bdi-miR169k-5p,92,95,4.410526315789474,4.5,2.5,0,0,4,82,13
bdi-miR7786-5p,92,95,4.21578947368421,4.5,1.5,0,1,10,79,16
hme-miR-8,92,95,4.410526315789474,4.5,2.5,0,0,1,85,10
osa-miR1857-3p,92,95,4.5,4.5,2.5,0,0,3,82,13
osa-miR5819,92,95,4.515789473684211,4.5,2.5,0,0,2,81,14
zma-miR395l-5p,92,95,4.35,4.5,3.0,0,0,5,78,17
ahy-miR3512,92,94,4.654255319148936,5.0,2.5,0,0,1,83,11
aly-miR3433-3p,92,94,4.441489361702128,4.5,3.0,0,0,3,91,3
gra-miR7484l,92,94,4.212765957446808,4.5,2.5,0,0,8,81,13
gra-miR8762a,92,94,4.340425531914893,4.5,2.5,0,0,8,79,15
mtr-miR2586a,92,94,4.529255319148936,4.5,3.0,0,0,3,76,18
mtr-miR5296,92,94,4.404255319148936,4.5,2.5,0,0,3,84,10
osa-miR2865,92,94,4.675531914893617,5.0,3.0,0,0,1,80,14
osa-miR5507,92,94,4.531914893617022,4.5,3.0,0,0,2,79,15
sbi-miR6234a-5p,92,94,4.175531914893617,4.5,2.0,0,1,11,84,10
sbi-miR6234b-5p,92,94,4.175531914893617,4.5,2.0,0,1,11,84,10
sbi-miR6235-3p,92,94,4.361702127659575,4.5,2.0,0,1,5,74,20
zma-miR396e-3p,92,94,4.537234042553192,4.5,2.5,0,0,2,78,16
aly-miR158b-3p,92,93,4.462365591397849,4.5,2.0,0,2,5,75,18
ath-miR5648-3p,92,93,4.489247311827957,5.0,1.5,0,1,6,74,19
ddi-miR-1177,92,93,4.505376344086022,4.5,3.0,0,0,1,86,7
ghr-miR479,92,93,4.543010752688172,4.5,3.0,0,0,1,76,17
gma-miR4355,92,93,4.5,4.5,3.0,0,0,3,69,24
osa-miR1853-3p,92,93,4.365591397849462,4.5,2.5,0,0,7,74,19
ptc-miR7838,92,93,4.456989247311828,4.5,1.5,0,1,4,81,12
sbi-miR399k,92,93,4.591397849462366,4.5,2.5,0,0,2,81,12
stu-miR319-5p,92,93,4.462365591397849,4.5,3.0,0,0,3,80,13
stu-miR8041a-3p,92,93,4.526881720430108,4.5,2.5,0,0,6,77,16
stu-miR8041b-3p,92,93,4.526881720430108,4.5,2.5,0,0,6,77,16
vvi-miR3628-3p,92,93,4.505376344086022,4.5,2.5,0,0,1,79,14
zma-miR399g-3p,92,93,4.591397849462366,4.5,2.5,0,0,2,81,12
aly-miR3436-5p,92,92,4.483695652173913,4.5,3.0,0,0,1,78,14
aly-miR403a-5p,92,92,4.364130434782608,4.5,3.0,0,0,4,64,28
aly-miR403b-5p,92,92,4.364130434782608,4.5,3.0,0,0,4,64,28
ath-miR406,92,92,4.451086956521739,4.5,3.0,0,0,4,75,17
bdi-miR169d,92,92,4.489130434782608,4.5,1.5,0,1,6,78,14
bdi-miR399a,92,92,4.608695652173913,4.5,2.5,0,0,1,79,13
bdi-miR7773-5p,92,92,4.565217391304348,5.0,2.5,0,0,5,69,23
gma-miR1512c,92,92,4.309782608695652,4.5,3.0,0,0,4,75,17
gma-miR5037a,92,92,4.375,4.5,2.0,0,1,6,72,20
mtr-miR2662,92,92,4.5,4.5,3.0,0,0,3,75,17
osa-miR169n,92,92,4.489130434782608,4.5,1.5,0,1,6,78,14
osa-miR169o,92,92,4.489130434782608,4.5,1.5,0,1,6,78,14
pab-miR3708,92,92,4.548913043478261,4.5,3.0,0,0,2,81,11
ppt-miR533e,92,92,4.548913043478261,4.5,2.0,0,1,4,68,24
ptc-miR1444b,92,92,4.663043478260869,5.0,3.0,0,0,1,75,17
ptc-miR1444c,92,92,4.663043478260869,5.0,3.0,0,0,1,75,17
sbi-miR169i,92,92,4.489130434782608,4.5,1.5,0,1,6,78,14
sly-miR482b,92,92,4.282608695652174,4.5,1.5,0,1,9,51,41
stu-miR482d-3p,92,92,4.282608695652174,4.5,1.5,0,1,9,51,41
zma-miR169o-5p,92,92,4.489130434782608,4.5,1.5,0,1,6,78,14
vvi-miR3636-5p,91,98,4.4438775510204085,4.5,2.0,0,1,7,95,3
ata-miR9677-5p,91,97,4.489690721649485,4.5,2.5,0,0,4,59,38
ghr-miR393,91,96,4.270833333333333,4.5,2.0,0,4,10,83,13
mdm-miR393a,91,96,4.270833333333333,4.5,2.0,0,4,10,83,13
mdm-miR393b,91,96,4.270833333333333,4.5,2.0,0,4,10,83,13
mdm-miR393c,91,96,4.270833333333333,4.5,2.0,0,4,10,83,13
mes-miR393c,91,96,4.270833333333333,4.5,2.0,0,4,10,83,13
mes-miR393d,91,96,4.270833333333333,4.5,2.0,0,4,10,83,13
osa-miR393b-5p,91,96,4.270833333333333,4.5,2.0,0,4,10,83,13
zma-miR393a-5p,91,96,4.270833333333333,4.5,2.0,0,4,10,83,13
zma-miR393c-5p,91,96,4.270833333333333,4.5,2.0,0,4,10,83,13
ata-miR2118c-3p,91,95,4.542105263157895,5.0,2.5,0,0,5,70,25
ata-miR2118d-3p,91,95,4.542105263157895,5.0,2.5,0,0,5,70,25
gma-miR5032,91,95,4.373684210526315,4.5,2.5,0,0,4,88,7
osa-miR2118d,91,95,4.542105263157895,5.0,2.5,0,0,5,70,25
sbi-miR2118-3p,91,95,4.542105263157895,5.0,2.5,0,0,5,70,25
stu-miR1886i-3p,91,95,4.342105263157895,4.5,2.0,0,1,4,81,14
zma-miR2118d,91,95,4.542105263157895,5.0,2.5,0,0,5,70,25
ath-miR161.1,91,94,4.569148936170213,4.5,2.0,0,1,3,63,31
gra-miR8641,91,94,4.319148936170213,4.5,1.5,0,1,7,78,16
mdm-miR477b,91,94,4.446808510638298,4.5,1.5,0,2,5,84,10
osa-miR1863b.2,91,94,4.462765957446808,4.5,3.0,0,0,4,76,18
osa-miR6249a,91,94,4.569148936170213,5.0,2.0,0,1,2,76,18
osa-miR6249b,91,94,4.569148936170213,5.0,2.0,0,1,2,76,18
stu-miR393-3p,91,94,4.622340425531915,5.0,2.5,0,0,2,71,23
ata-miR398g-5p,91,93,4.505376344086022,4.5,3.0,0,0,4,84,9
ath-miR855,91,93,4.341397849462366,4.5,2.5,0,0,6,64,29
bdi-miR7743-3p,91,93,4.204301075268817,4.5,1.5,0,2,10,78,15
cre-miR1160.2,91,93,4.459677419354839,4.5,2.5,0,0,4,78,15
esi-miR3459-3p,91,93,4.467741935483871,4.5,3.0,0,0,5,77,16
gra-miR8751b,91,93,4.311827956989247,4.5,2.0,0,1,6,75,18
hme-miR-11,91,93,4.387096774193548,4.5,3.0,0,0,3,74,19
mtr-miR2669a,91,93,4.381720430107527,4.5,3.0,0,0,3,79,14
mtr-miR2669b,91,93,4.381720430107527,4.5,3.0,0,0,3,79,14
mtr-miR5270a,91,93,4.172043010752688,4.0,2.5,0,0,11,69,24
mtr-miR5270b,91,93,4.172043010752688,4.0,2.5,0,0,11,69,24
ptc-miR390d-3p,91,93,4.467741935483871,4.5,2.5,0,0,4,82,11
ptc-miR7824,91,93,4.454301075268817,4.5,2.5,0,0,5,80,13
sly-miR390a-3p,91,93,4.467741935483871,4.5,2.5,0,0,4,82,11
ath-miR5639-5p,91,92,4.641304347826087,4.5,2.5,0,0,2,78,14
bdi-miR169j-5p,91,92,4.423913043478261,4.5,2.5,0,0,5,77,15
bdi-miR9486a,91,92,4.413043478260869,4.5,2.5,0,0,4,79,13
gma-miR1512b,91,92,4.369565217391305,4.5,2.5,0,0,6,77,15
gma-miR9756,91,92,4.429347826086956,4.5,2.0,0,1,4,62,30
gra-miR5207,91,92,4.364130434782608,4.5,2.0,0,2,5,83,9
osa-miR2094-3p,91,92,4.434782608695652,4.5,2.5,0,0,3,85,7
osa-miR2118g,91,92,4.353260869565218,4.5,2.0,0,1,4,71,21
osa-miR5797,91,92,4.451086956521739,4.5,2.5,0,0,1,82,10
pta-miR398,91,92,4.543478260869565,4.5,3.5,0,0,0,72,20
zma-miR2118c,91,92,4.353260869565218,4.5,2.0,0,1,4,71,21
ata-miR394-3p,91,91,4.483516483516484,4.5,3.0,0,0,2,70,21
bdi-miR169l,91,91,4.4945054945054945,4.5,2.5,0,0,4,70,21
cpa-miR535,91,91,4.543956043956044,4.5,2.5,0,0,1,78,13
gma-miR169t,91,91,4.483516483516484,4.5,3.0,0,0,3,71,20
gra-miR167c,91,91,4.304945054945055,4.5,2.5,0,0,7,73,18
hme-miR-6301-1-5p,91,91,4.450549450549451,4.5,2.5,0,0,4,75,16
mdm-miR535a,91,91,4.543956043956044,4.5,2.5,0,0,1,78,13
mtr-miR169j,91,91,4.43956043956044,4.5,2.0,0,3,4,69,22
mtr-miR2592a-3p,91,91,4.571428571428571,4.5,3.0,0,0,3,75,16
mtr-miR5213-5p,91,91,4.302197802197802,4.5,1.5,0,1,9,79,12
osa-miR169d,91,91,4.4945054945054945,4.5,2.5,0,0,4,70,21
osa-miR535-5p,91,91,4.543956043956044,4.5,2.5,0,0,1,78,13
pab-miR535,91,91,4.543956043956044,4.5,2.5,0,0,1,78,13
ppt-miR1028b-3p,91,91,4.554945054945055,4.5,2.5,0,0,3,67,24
ppt-miR1033a,91,91,4.554945054945055,4.5,1.5,0,1,1,73,18
ppt-miR1033b,91,91,4.554945054945055,4.5,1.5,0,1,1,73,18
ppt-miR1033c,91,91,4.554945054945055,4.5,1.5,0,1,1,73,18
ppt-miR1033d,91,91,4.554945054945055,4.5,1.5,0,1,1,73,18
ppt-miR1033e,91,91,4.554945054945055,4.5,1.5,0,1,1,73,18
ppt-miR535a,91,91,4.543956043956044,4.5,2.5,0,0,1,78,13
ppt-miR535b,91,91,4.543956043956044,4.5,2.5,0,0,1,78,13
ppt-miR535c,91,91,4.543956043956044,4.5,2.5,0,0,1,78,13
ppt-miR535d,91,91,4.543956043956044,4.5,2.5,0,0,1,78,13
ptc-miR396g-3p,91,91,4.543956043956044,4.5,3.0,0,0,3,67,24
ptc-miR6435,91,91,4.34065934065934,4.5,2.5,0,0,4,75,16
rco-miR535,91,91,4.543956043956044,4.5,2.5,0,0,1,78,13
stu-miR398a-3p,91,91,4.6208791208791204,4.5,2.5,0,0,2,69,22
stu-miR8028-3p,91,91,4.313186813186813,4.5,2.5,0,0,7,74,17
tcc-miR399a,91,91,4.467032967032967,4.5,2.5,0,0,6,76,15
vvi-miR399i,91,91,4.467032967032967,4.5,2.5,0,0,6,76,15
vvi-miR535a,91,91,4.543956043956044,4.5,2.5,0,0,1,78,13
vvi-miR535b,91,91,4.543956043956044,4.5,2.5,0,0,1,78,13
vvi-miR535c,91,91,4.543956043956044,4.5,2.5,0,0,1,78,13
zma-miR171b-5p,91,91,4.532967032967033,4.5,3.0,0,0,2,58,33
mtr-miR399q,90,95,4.489473684210527,4.5,3.0,0,0,2,84,11
osa-miR156j-3p,90,94,4.398936170212766,4.5,3.0,0,0,7,77,17
ptc-miR474b,90,94,4.132978723404255,4.5,2.0,0,2,13,85,9
zma-miR160c-3p,90,94,4.531914893617022,4.5,3.0,0,0,1,83,11
bdi-miR5067,90,93,4.505376344086022,4.5,2.5,0,0,5,74,19
bdi-miR7748b-3p,90,93,4.365591397849462,4.5,3.0,0,0,4,80,13
gma-miR5780b,90,93,4.349462365591398,4.5,3.0,0,0,6,75,18
lja-miR7534,90,93,4.489247311827957,4.5,2.5,0,0,2,76,17
ptc-miR482b-3p,90,93,4.462365591397849,4.5,1.5,0,2,4,76,17
ata-miR9677-3p,90,92,4.375,4.5,3.0,0,0,6,78,14
ath-miR5017-3p,90,92,4.565217391304348,4.5,3.0,0,0,2,78,14
bra-miR9563a-5p,90,92,4.456521739130435,4.5,3.0,0,0,2,77,15
cme-miR477a,90,92,4.4646739130434785,4.5,2.0,0,1,3,76,16
cpa-miR8138,90,92,4.298913043478261,4.5,2.5,0,0,7,74,18
gma-miR1509a,90,92,4.516304347826087,4.5,3.5,0,0,0,78,14
gma-miR1515a,90,92,4.364130434782608,4.5,2.5,0,0,7,68,24
gma-miR1515b,90,92,4.364130434782608,4.5,2.5,0,0,7,68,24
gma-miR169o,90,92,4.434782608695652,4.5,2.5,0,0,5,70,22
gma-miR169r,90,92,4.434782608695652,4.5,2.5,0,0,5,70,22
gso-miR1509a,90,92,4.516304347826087,4.5,3.5,0,0,0,78,14
osa-miR2874,90,92,4.3478260869565215,4.5,3.0,0,0,2,79,13
stu-miR7980b-3p,90,92,4.255434782608695,4.5,1.5,0,4,9,81,11
tae-miR9677a,90,92,4.375,4.5,3.0,0,0,6,78,14
bdi-miR5056,90,91,4.524725274725275,4.5,3.0,0,0,2,74,17
bdi-miR5174b-3p,90,91,4.543956043956044,4.5,3.5,0,0,0,80,11
bdi-miR5174e-3p.1,90,91,4.543956043956044,4.5,3.5,0,0,0,80,11
cca-miR6106-3p,90,91,4.467032967032967,4.5,3.0,0,0,3,76,15
gma-miR5669,90,91,4.478021978021978,4.5,2.5,0,0,2,76,15
gma-miR5780c,90,91,4.142857142857143,4.0,2.5,0,0,12,76,15
gma-miR9759,90,91,4.357142857142857,4.5,2.0,0,1,8,80,11
gra-miR482c,90,91,4.332417582417582,4.5,2.0,0,1,4,72,19
gra-miR8640,90,91,4.510989010989011,4.5,2.5,0,0,4,63,28
hbr-miR6174,90,91,4.582417582417582,4.5,3.5,0,0,0,78,13
ppt-miR1061-5p,90,91,4.532967032967033,4.5,3.0,0,0,4,71,20
ptc-miR6429,90,91,4.5989010989010985,5.0,3.0,0,0,2,77,14
ptc-miR6452,90,91,4.450549450549451,4.5,2.5,0,0,3,69,22
smo-miR1094c,90,91,4.450549450549451,4.5,2.0,0,1,4,73,18
stu-miR1886h,90,91,4.3076923076923075,4.5,2.0,0,1,7,82,9
stu-miR7983-5p,90,91,4.1923076923076925,4.5,2.5,0,0,8,83,8
aly-miR169n-5p,90,90,4.491666666666666,4.5,1.5,0,1,4,64,26
aly-miR399a-5p,90,90,4.433333333333334,4.5,2.5,0,0,5,74,16
ath-miR863-3p,90,90,4.4222222222222225,4.5,1.0,1,1,4,68,22
bra-miR5724,90,90,4.605555555555555,4.5,3.0,0,0,1,79,11
cme-miR169c,90,90,4.491666666666666,4.5,1.5,0,1,4,64,26
cme-miR169d,90,90,4.491666666666666,4.5,1.5,0,1,4,64,26
cme-miR169o,90,90,4.491666666666666,4.5,1.5,0,1,4,64,26
esi-miR8623c,90,90,4.361111111111111,4.5,2.0,0,1,7,70,20
han-miR3630-5p,90,90,4.416666666666667,4.5,3.0,0,0,2,74,16
mdm-miR535d,90,90,4.488888888888889,4.5,2.0,0,1,5,72,18
mtr-miR2592br-5p,90,90,4.433333333333334,4.5,2.5,0,0,4,74,16
mtr-miR2659a,90,90,4.477777777777778,4.5,3.0,0,0,2,71,19
mtr-miR2659b,90,90,4.477777777777778,4.5,3.0,0,0,2,71,19
mtr-miR2659c,90,90,4.477777777777778,4.5,3.0,0,0,2,71,19
mtr-miR2659d,90,90,4.477777777777778,4.5,3.0,0,0,2,71,19
mtr-miR2659e,90,90,4.477777777777778,4.5,3.0,0,0,2,71,19
mtr-miR2659f,90,90,4.477777777777778,4.5,3.0,0,0,2,71,19
mtr-miR2659g,90,90,4.477777777777778,4.5,3.0,0,0,2,71,19
mtr-miR2659h,90,90,4.477777777777778,4.5,3.0,0,0,2,71,19
mtr-miR2659i,90,90,4.477777777777778,4.5,3.0,0,0,2,71,19
mtr-miR2659j,90,90,4.477777777777778,4.5,3.0,0,0,2,71,19
mtr-miR2659k,90,90,4.477777777777778,4.5,3.0,0,0,2,71,19
mtr-miR5256,90,90,4.516666666666667,4.5,2.5,0,0,3,56,34
osa-miR6256,90,90,4.405555555555556,4.5,3.0,0,0,2,78,12
ppt-miR171a,90,90,4.5055555555555555,4.5,1.0,1,1,3,71,19
ppt-miR536a,90,90,4.508333333333334,4.5,3.0,0,0,2,78,12
ppt-miR536b,90,90,4.508333333333334,4.5,3.0,0,0,2,78,12
ppt-miR536d,90,90,4.508333333333334,4.5,3.0,0,0,2,78,12
ppt-miR536e,90,90,4.508333333333334,4.5,3.0,0,0,2,78,12
ptc-miR6432,90,90,4.477777777777778,4.5,3.0,0,0,2,73,17
smo-miR171d,90,90,4.5055555555555555,4.5,1.0,1,1,3,71,19
ssp-miR437b,90,90,4.461111111111111,4.5,3.0,0,0,4,68,22
tae-miR399,90,90,4.5777777777777775,4.75,2.5,0,0,5,79,11
tcc-miR169g,90,90,4.455555555555556,4.5,2.5,0,0,2,77,13
vvi-miR3627-5p,90,90,4.461111111111111,4.5,3.5,0,0,0,72,18
ssp-miR1128,89,111,4.657657657657658,5.0,3.0,0,0,2,80,31
gso-miR3522b,89,99,4.3686868686868685,4.5,2.5,0,0,3,83,16
hvu-miR6184,89,97,4.453608247422681,4.5,3.0,0,0,1,65,32
aly-miR839-5p,89,94,4.48936170212766,4.5,3.0,0,0,3,70,24
ata-miR2118b-5p,89,94,4.170212765957447,4.0,2.0,0,2,7,80,14
gra-miR8657a,89,94,4.340425531914893,4.5,2.5,0,0,9,77,17
gra-miR8657b,89,94,4.340425531914893,4.5,2.5,0,0,9,77,17
gra-miR8657c,89,94,4.340425531914893,4.5,2.5,0,0,9,77,17
gra-miR8657d,89,94,4.340425531914893,4.5,2.5,0,0,9,77,17
gra-miR8657e,89,94,4.340425531914893,4.5,2.5,0,0,9,77,17
mtr-miR1510b-3p,89,94,4.632978723404255,4.5,3.0,0,0,1,83,11
mtr-miR5743a,89,94,4.48404255319149,4.5,2.5,0,0,5,88,6
mtr-miR5743b,89,94,4.48404255319149,4.5,2.5,0,0,5,88,6
osa-miR2118b,89,94,4.170212765957447,4.0,2.0,0,2,7,80,14
osa-miR2118n,89,94,4.170212765957447,4.0,2.0,0,2,7,80,14
tae-miR9672a-3p,89,94,4.595744680851064,4.5,2.5,0,0,1,89,5
zma-miR2118b,89,94,4.170212765957447,4.0,2.0,0,2,7,80,14
aly-miR835-3p,89,93,4.419354838709677,4.5,2.5,0,0,4,63,30
bdi-miR5058,89,92,4.266304347826087,4.5,2.5,0,0,3,78,14
esi-miR3450-3p,89,92,4.625,5.0,3.0,0,0,2,80,12
gma-miR1517,89,92,4.423913043478261,4.5,1.5,0,1,2,83,9
gma-miR4397-5p,89,92,4.5978260869565215,4.5,3.0,0,0,1,70,22
gra-miR8751a,89,92,4.336956521739131,4.5,3.0,0,0,4,79,13
mtr-miR1507-5p,89,92,4.4375,4.5,3.0,0,0,3,69,23
aau-miR2086,89,91,4.236263736263736,4.5,2.0,0,3,9,76,15
amg-miR2086,89,91,4.236263736263736,4.5,2.0,0,3,9,76,15
bra-miR9567-5p,89,91,4.579670329670329,4.5,3.5,0,0,0,54,37
gma-miR4416c,89,91,4.516483516483516,4.5,3.5,0,0,0,77,14
gra-miR8776a,89,91,4.302197802197802,4.5,2.0,0,1,6,70,21
gra-miR8776b,89,91,4.302197802197802,4.5,2.0,0,1,6,70,21
gra-miR8776c,89,91,4.302197802197802,4.5,2.0,0,1,6,70,21
gra-miR8776d,89,91,4.302197802197802,4.5,2.0,0,1,6,70,21
gra-miR8781b,89,91,4.236263736263736,4.5,1.5,0,2,11,82,9
mtr-miR2086-3p,89,91,4.236263736263736,4.5,2.0,0,3,9,76,15
mtr-miR2605,89,91,4.587912087912088,4.5,2.5,0,0,1,74,17
mtr-miR5217,89,91,4.472527472527473,4.5,3.0,0,0,1,79,12
osa-miR171h,89,91,4.5,4.5,3.5,0,0,0,66,25
ptc-miR169o,89,91,4.434065934065934,4.5,1.0,1,1,3,72,19
ptc-miR482d-5p,89,91,4.252747252747253,4.5,3.0,0,0,7,82,9
sbi-miR171e,89,91,4.5,4.5,3.5,0,0,0,66,25
sly-miR9477-5p,89,91,4.28021978021978,4.5,2.0,0,1,6,84,7
stu-miR8049-3p,89,91,4.428571428571429,4.5,3.5,0,0,0,72,19
vvi-miR169o,89,91,4.5,4.5,1.5,0,2,3,75,16
zma-miR159b-5p,89,91,4.516483516483516,4.5,2.5,0,0,1,82,9
zma-miR159j-5p,89,91,4.516483516483516,4.5,2.5,0,0,1,82,9
zma-miR159k-5p,89,91,4.516483516483516,4.5,2.5,0,0,1,82,9
zma-miR171h-3p,89,91,4.5,4.5,3.5,0,0,0,66,25
zma-miR171k-3p,89,91,4.5,4.5,3.5,0,0,0,66,25
aqc-miR171a,89,90,4.461111111111111,4.5,0.5,1,1,1,71,19
aqc-miR171b,89,90,4.461111111111111,4.5,0.5,1,1,1,71,19
aqc-miR171d,89,90,4.461111111111111,4.5,0.5,1,1,1,71,19
ata-miR171b-3p,89,90,4.461111111111111,4.5,0.5,1,1,1,71,19
ata-miR171d-3p,89,90,4.461111111111111,4.5,0.5,1,1,1,71,19
ata-miR5062a-3p,89,90,4.283333333333333,4.5,2.5,0,0,7,77,13
ata-miR5168-3p,89,90,4.233333333333333,4.5,1.5,0,7,12,69,21
bdi-miR166h-3p,89,90,4.233333333333333,4.5,1.5,0,7,12,69,21
bdi-miR171b,89,90,4.461111111111111,4.5,0.5,1,1,1,71,19
bdi-miR171c-3p,89,90,4.461111111111111,4.5,0.5,1,1,1,71,19
bdi-miR171d-3p,89,90,4.461111111111111,4.5,0.5,1,1,1,71,19
bdi-miR171e,89,90,4.461111111111111,4.5,0.5,1,1,1,71,19
bra-miR5715,89,90,4.511111111111111,4.5,2.5,0,0,4,81,9
bra-miR9566-5p,89,90,4.35,4.5,3.0,0,0,4,74,16
cca-miR6111-3p,89,90,4.455555555555556,4.5,2.0,0,1,4,74,16
cme-miR171c,89,90,4.461111111111111,4.5,0.5,1,1,1,71,19
cme-miR171f,89,90,4.461111111111111,4.5,0.5,1,1,1,71,19
cpa-miR171a,89,90,4.461111111111111,4.5,0.5,1,1,1,71,19
cpa-miR171b,89,90,4.461111111111111,4.5,0.5,1,1,1,71,19
cpa-miR171c,89,90,4.461111111111111,4.5,0.5,1,1,1,71,19
cpa-miR171d,89,90,4.461111111111111,4.5,0.5,1,1,1,71,19
crt-miR171,89,90,4.461111111111111,4.5,0.5,1,1,1,71,19
far-miR171,89,90,4.461111111111111,4.5,0.5,1,1,1,71,19
gma-miR171e,89,90,4.461111111111111,4.5,0.5,1,1,1,71,19
gma-miR171f,89,90,4.461111111111111,4.5,0.5,1,1,1,71,19
gma-miR171g,89,90,4.461111111111111,4.5,0.5,1,1,1,71,19
gma-miR171j-3p,89,90,4.461111111111111,4.5,0.5,1,1,1,71,19
gma-miR171u,89,90,4.461111111111111,4.5,0.5,1,1,1,71,19
gma-miR319n,89,90,4.605555555555555,4.5,2.0,0,1,2,67,23
gma-miR4380b,89,90,4.488888888888889,4.5,2.5,0,0,3,58,32
gra-miR8760,89,90,4.3,4.5,2.5,0,0,7,79,11
hpa-miR171a,89,90,4.461111111111111,4.5,0.5,1,1,1,71,19
htu-miR171b,89,90,4.461111111111111,4.5,0.5,1,1,1,71,19
htu-miR171c,89,90,4.461111111111111,4.5,0.5,1,1,1,71,19
hvu-miR171-3p,89,90,4.461111111111111,4.5,0.5,1,1,1,71,19
lja-miR171a,89,90,4.461111111111111,4.5,0.5,1,1,1,71,19
mdm-miR171g,89,90,4.461111111111111,4.5,0.5,1,1,1,71,19
mdm-miR171h,89,90,4.461111111111111,4.5,0.5,1,1,1,71,19
mes-miR171g,89,90,4.461111111111111,4.5,0.5,1,1,1,71,19
mes-miR171h,89,90,4.461111111111111,4.5,0.5,1,1,1,71,19
mes-miR171i,89,90,4.461111111111111,4.5,0.5,1,1,1,71,19
mes-miR171j,89,90,4.461111111111111,4.5,0.5,1,1,1,71,19
mes-miR171k,89,90,4.461111111111111,4.5,0.5,1,1,1,71,19
mtr-miR171d,89,90,4.461111111111111,4.5,0.5,1,1,1,71,19
nta-miR171c,89,90,4.461111111111111,4.5,0.5,1,1,1,71,19
osa-miR166k-3p,89,90,4.233333333333333,4.5,1.5,0,7,12,69,21
osa-miR166l-3p,89,90,4.233333333333333,4.5,1.5,0,7,12,69,21
osa-miR171b,89,90,4.461111111111111,4.5,0.5,1,1,1,71,19
osa-miR171c-3p,89,90,4.461111111111111,4.5,0.5,1,1,1,71,19
osa-miR171d-3p,89,90,4.461111111111111,4.5,0.5,1,1,1,71,19
osa-miR171e-3p,89,90,4.461111111111111,4.5,0.5,1,1,1,71,19
osa-miR171f-3p,89,90,4.461111111111111,4.5,0.5,1,1,1,71,19
osa-miR2097-5p,89,90,4.483333333333333,4.5,2.5,0,0,2,54,36
osa-miR2275c,89,90,4.283333333333333,4.5,2.5,0,0,5,83,7
osa-miR5149,89,90,4.488888888888889,4.5,3.0,0,0,3,69,21
osa-miR5515,89,90,4.511111111111111,4.5,3.0,0,0,2,76,14
osa-miR817,89,90,4.388888888888889,4.5,2.5,0,0,1,79,11
pde-miR171,89,90,4.461111111111111,4.5,0.5,1,1,1,71,19
ppt-miR538a,89,90,4.294444444444444,4.5,1.5,0,1,6,79,11
ppt-miR538b,89,90,4.294444444444444,4.5,1.5,0,1,6,79,11
ppt-miR538c,89,90,4.294444444444444,4.5,1.5,0,1,6,79,11
ptc-miR171e,89,90,4.461111111111111,4.5,0.5,1,1,1,71,19
ptc-miR171f,89,90,4.461111111111111,4.5,0.5,1,1,1,71,19
ptc-miR171g-3p,89,90,4.461111111111111,4.5,0.5,1,1,1,71,19
ptc-miR171h-3p,89,90,4.461111111111111,4.5,0.5,1,1,1,71,19
ptc-miR171i,89,90,4.461111111111111,4.5,0.5,1,1,1,71,19
ptc-miR6455,89,90,4.458333333333333,4.5,2.5,0,0,4,80,10
rco-miR171c,89,90,4.461111111111111,4.5,0.5,1,1,1,71,19
rco-miR171d,89,90,4.461111111111111,4.5,0.5,1,1,1,71,19
rco-miR171e,89,90,4.461111111111111,4.5,0.5,1,1,1,71,19
rco-miR171f,89,90,4.461111111111111,4.5,0.5,1,1,1,71,19
sbi-miR166e,89,90,4.233333333333333,4.5,1.5,0,7,12,69,21
sbi-miR166g,89,90,4.233333333333333,4.5,1.5,0,7,12,69,21
sbi-miR171a,89,90,4.461111111111111,4.5,0.5,1,1,1,71,19
sbi-miR171b,89,90,4.461111111111111,4.5,0.5,1,1,1,71,19
sbi-miR171d,89,90,4.461111111111111,4.5,0.5,1,1,1,71,19
sbi-miR171i,89,90,4.461111111111111,4.5,0.5,1,1,1,71,19
sbi-miR171k,89,90,4.461111111111111,4.5,0.5,1,1,1,71,19
sbi-miR5568c-3p,89,90,4.561111111111111,4.5,3.0,0,0,3,82,8
sly-miR171a,89,90,4.461111111111111,4.5,0.5,1,1,1,71,19
sly-miR9473-5p,89,90,4.511111111111111,4.5,2.5,0,0,3,69,21
stu-miR171a-3p,89,90,4.461111111111111,4.5,0.5,1,1,1,71,19
stu-miR171e,89,90,4.461111111111111,4.5,0.5,1,1,1,71,19
tae-miR171a,89,90,4.461111111111111,4.5,0.5,1,1,1,71,19
tcc-miR171d,89,90,4.461111111111111,4.5,0.5,1,1,1,71,19
tcc-miR171e,89,90,4.461111111111111,4.5,0.5,1,1,1,71,19
tcc-miR171f,89,90,4.461111111111111,4.5,0.5,1,1,1,71,19
tcc-miR171g,89,90,4.461111111111111,4.5,0.5,1,1,1,71,19
tcc-miR171h,89,90,4.461111111111111,4.5,0.5,1,1,1,71,19
vvi-miR171a,89,90,4.461111111111111,4.5,0.5,1,1,1,71,19
vvi-miR171c,89,90,4.461111111111111,4.5,0.5,1,1,1,71,19
vvi-miR171d,89,90,4.461111111111111,4.5,0.5,1,1,1,71,19
vvi-miR171i,89,90,4.461111111111111,4.5,0.5,1,1,1,71,19
vvi-miR171j,89,90,4.461111111111111,4.5,0.5,1,1,1,71,19
zma-miR166j-3p,89,90,4.233333333333333,4.5,1.5,0,7,12,69,21
zma-miR166k-3p,89,90,4.233333333333333,4.5,1.5,0,7,12,69,21
zma-miR166n-3p,89,90,4.233333333333333,4.5,1.5,0,7,12,69,21
zma-miR171d-3p,89,90,4.461111111111111,4.5,0.5,1,1,1,71,19
zma-miR171e-3p,89,90,4.461111111111111,4.5,0.5,1,1,1,71,19
zma-miR171i-3p,89,90,4.461111111111111,4.5,0.5,1,1,1,71,19
zma-miR171j-3p,89,90,4.461111111111111,4.5,0.5,1,1,1,71,19
zma-miR395i-5p,89,90,4.488888888888889,4.5,2.5,0,0,4,80,10
aly-miR3440-5p,89,89,4.426966292134831,4.5,2.5,0,0,3,74,15
aly-miR4228,89,89,4.52808988764045,4.5,2.5,0,0,3,66,23
bdi-miR7770-3p,89,89,4.612359550561798,4.5,3.5,0,0,0,69,20
gma-miR169j-5p,89,89,4.443820224719101,4.5,1.5,0,1,6,78,11
gma-miR169k,89,89,4.443820224719101,4.5,1.5,0,1,6,75,14
gma-miR169l-5p,89,89,4.443820224719101,4.5,1.5,0,1,6,75,14
mes-miR169l,89,89,4.443820224719101,4.5,1.5,0,1,6,75,14
mes-miR169m,89,89,4.443820224719101,4.5,1.5,0,1,6,75,14
nta-miR6159,89,89,4.477528089887641,4.5,3.0,0,0,5,81,8
osa-miR171i-5p,89,89,4.550561797752809,4.5,2.5,0,0,2,62,27
ppt-miR1049,89,89,4.544943820224719,4.5,3.5,0,0,0,77,12
ptc-miR7828,89,89,4.438202247191011,4.5,2.5,0,0,6,57,32
smo-miR1114,89,89,4.584269662921348,4.5,2.5,0,0,3,64,25
stu-miR8019-5p,89,89,4.303370786516854,4.5,2.5,0,0,5,72,17
ata-miR156a-3p,88,98,4.627551020408164,5.0,3.0,0,0,2,88,10
ata-miR156e-3p,88,98,4.627551020408164,5.0,3.0,0,0,2,88,10
bdi-miR156g-3p,88,98,4.627551020408164,5.0,3.0,0,0,2,88,10
bdi-miR156i-3p,88,98,4.627551020408164,5.0,3.0,0,0,2,88,10
tae-miR9666a-3p,88,94,4.26595744680851,4.5,2.0,0,2,8,84,10
gma-miR9750,88,92,4.429347826086956,4.5,2.5,0,0,4,79,13
aly-miR774a-5p.2,88,91,4.681318681318682,5.0,3.0,0,0,4,83,8
stu-miR5303e,88,91,4.252747252747253,4.5,3.0,0,0,10,82,9
ath-miR856,88,90,4.361111111111111,4.5,2.5,0,0,5,87,3
esi-miR3465-3p,88,90,4.322222222222222,4.5,2.5,0,0,5,73,17
gra-miR8771f,88,90,4.5055555555555555,4.5,2.5,0,0,2,67,23
hme-miR-2a,88,90,4.338888888888889,4.5,3.0,0,0,6,79,11
hme-miR-2b,88,90,4.338888888888889,4.5,3.0,0,0,6,79,11
mdm-miR169b,88,90,4.383333333333334,4.5,2.5,0,0,4,76,14
ppt-miR1212,88,90,4.616666666666666,4.75,3.0,0,0,2,72,18
ppt-miR902k-3p,88,90,4.45,4.5,2.5,0,0,6,79,11
ptc-miR3627b,88,90,4.3,4.5,3.0,0,0,4,79,11
vvi-miR3637-5p,88,90,4.288888888888889,4.5,2.0,0,1,7,81,9
aly-miR159c-5p,88,89,4.48876404494382,4.5,2.5,0,0,2,78,11
ath-miR5666,88,89,4.629213483146067,5.0,3.0,0,0,1,64,25
bdi-miR7757-5p.1,88,89,4.51123595505618,4.5,3.5,0,0,0,78,11
cca-miR6113,88,89,4.196629213483146,4.5,1.0,1,4,15,74,15
gra-miR7486d,88,89,4.53932584269663,4.5,2.5,0,0,4,82,7
mtr-miR171c,88,89,4.466292134831461,4.5,0.5,1,1,1,68,21
nta-miR6145f,88,89,4.640449438202247,4.5,3.5,0,0,0,68,21
sbi-miR5564a,88,89,4.320224719101123,4.5,2.5,0,0,9,72,17
smo-miR1103-3p,88,89,4.219101123595506,4.5,2.5,0,0,11,77,12
ath-miR5027,88,88,4.471590909090909,4.5,1.5,0,1,1,77,11
cpa-miR166e,88,88,4.301136363636363,4.5,2.0,0,3,13,82,6
csi-miR169,88,88,4.517045454545454,4.5,1.0,1,1,2,74,14
csi-miR3954,88,88,4.3352272727272725,4.5,2.5,0,0,9,69,19
far-miR166,88,88,4.181818181818182,4.5,0.0,7,7,10,74,14
gma-miR171i-5p,88,88,4.5397727272727275,4.75,3.0,0,0,5,66,22
gma-miR9727,88,88,4.420454545454546,4.5,2.5,0,0,2,70,18
mes-miR169n,88,88,4.517045454545454,4.5,1.0,1,1,2,74,14
mtr-miR2592bm-3p,88,88,4.505681818181818,4.5,1.5,0,1,6,71,17
mtr-miR2592bn-3p,88,88,4.505681818181818,4.5,1.5,0,1,6,71,17
mtr-miR7701-5p,88,88,4.542613636363637,4.5,3.0,0,0,1,71,17
osa-miR2096-5p,88,88,4.630681818181818,5.0,3.0,0,0,1,63,25
ppt-miR533b-3p,88,88,4.482954545454546,4.5,3.0,0,0,3,77,11
pta-miR166c,88,88,4.181818181818182,4.5,0.0,7,7,10,74,14
osa-miR2873a,87,95,4.3578947368421055,4.5,2.5,0,0,6,77,18
osa-miR5493,87,92,4.565217391304348,4.5,3.0,0,0,3,77,15
zma-miR156e-3p,87,92,4.309782608695652,4.5,2.0,0,1,8,68,24
aly-miR399b-3p,87,91,4.43956043956044,4.5,3.0,0,0,8,79,12
aly-miR399c-3p,87,91,4.43956043956044,4.5,3.0,0,0,8,79,12
ath-miR399b,87,91,4.43956043956044,4.5,3.0,0,0,8,79,12
ath-miR399c-3p,87,91,4.43956043956044,4.5,3.0,0,0,8,79,12
csi-miR399d,87,91,4.43956043956044,4.5,3.0,0,0,8,79,12
gma-miR399a,87,91,4.43956043956044,4.5,3.0,0,0,8,79,12
gma-miR399b,87,91,4.43956043956044,4.5,3.0,0,0,8,79,12
gma-miR399c,87,91,4.43956043956044,4.5,3.0,0,0,8,79,12
gma-miR399h,87,91,4.43956043956044,4.5,3.0,0,0,8,79,12
mdm-miR399i,87,91,4.43956043956044,4.5,3.0,0,0,8,79,12
mdm-miR399j,87,91,4.43956043956044,4.5,3.0,0,0,8,79,12
mes-miR399f,87,91,4.43956043956044,4.5,3.0,0,0,8,79,12
mtr-miR399l,87,91,4.43956043956044,4.5,3.0,0,0,8,79,12
mtr-miR399p,87,91,4.43956043956044,4.5,3.0,0,0,8,79,12
osa-miR399d,87,91,4.43956043956044,4.5,3.0,0,0,8,79,12
pvu-miR399a,87,91,4.43956043956044,4.5,3.0,0,0,8,79,12
rco-miR399a,87,91,4.43956043956044,4.5,3.0,0,0,8,79,12
sbi-miR399d,87,91,4.43956043956044,4.5,3.0,0,0,8,79,12
sbi-miR399i,87,91,4.43956043956044,4.5,3.0,0,0,8,79,12
tcc-miR399i,87,91,4.43956043956044,4.5,3.0,0,0,8,79,12
vun-miR399a,87,91,4.43956043956044,4.5,3.0,0,0,8,79,12
vvi-miR399b,87,91,4.43956043956044,4.5,3.0,0,0,8,79,12
vvi-miR399c,87,91,4.43956043956044,4.5,3.0,0,0,8,79,12
zma-miR399e-3p,87,91,4.43956043956044,4.5,3.0,0,0,8,79,12
zma-miR399i-3p,87,91,4.43956043956044,4.5,3.0,0,0,8,79,12
zma-miR399j-3p,87,91,4.43956043956044,4.5,3.0,0,0,8,79,12
aly-miR170-3p,87,90,4.411111111111111,4.5,1.0,1,1,4,69,21
aly-miR400-3p,87,90,4.475,4.5,3.0,0,0,1,75,15
ath-miR170-3p,87,90,4.411111111111111,4.5,1.0,1,1,4,69,21
bdi-miR7709-3p,87,90,4.527777777777778,4.5,2.5,0,0,3,72,18
bdi-miR7717c-5p,87,90,4.3805555555555555,4.5,2.0,0,1,7,83,7
gma-miR5778,87,90,4.394444444444445,4.5,3.0,0,0,2,71,19
gra-miR8717,87,90,4.316666666666666,4.5,2.5,0,0,6,71,19
gra-miR8781a,87,90,4.383333333333334,4.5,2.5,0,0,5,61,29
osa-miR5544,87,90,4.472222222222222,4.5,2.0,0,2,3,77,13
stu-miR171c-3p,87,90,4.411111111111111,4.5,1.0,1,1,4,69,21
ath-miR8176,87,89,4.550561797752809,4.5,2.5,0,0,1,59,30
bdi-miR1878-3p,87,89,4.196629213483146,4.5,2.0,0,1,11,75,14
bdi-miR7711-5p.2,87,89,4.286516853932584,4.5,2.0,0,1,7,81,8
cre-miR1148.2,87,89,4.550561797752809,4.5,3.0,0,0,2,73,16
gra-miR8643a,87,89,4.578651685393258,4.5,3.0,0,0,1,77,12
gra-miR8643b,87,89,4.578651685393258,4.5,3.0,0,0,1,77,12
osa-miR5160,87,89,4.398876404494382,4.5,3.0,0,0,3,75,14
osa-miR5503,87,89,4.331460674157303,4.5,3.0,0,0,3,79,10
osa-miR5511,87,89,4.48314606741573,4.5,3.0,0,0,2,78,11
ppt-miR1036-3p,87,89,4.640449438202247,5.0,2.5,0,0,1,73,16
ssl-miR398,87,89,4.550561797752809,4.5,3.0,0,0,1,62,27
stu-miR5303j,87,89,4.297752808988764,4.5,2.5,0,0,5,75,14
tae-miR9673-5p,87,89,4.558988764044944,4.5,3.5,0,0,0,66,23
ata-miR167c-3p,87,88,4.482954545454546,4.5,2.0,0,1,6,78,10
ath-miR845a,87,88,4.471590909090909,4.5,2.5,0,0,3,66,22
cca-miR393,87,88,4.232954545454546,4.5,2.0,0,1,9,81,7
gra-miR3267,87,88,4.357954545454546,4.5,2.5,0,0,4,77,11
gra-miR8753,87,88,4.636363636363637,5.0,2.5,0,0,1,73,15
hbr-miR9386,87,88,4.261363636363637,4.5,2.5,0,0,10,65,23
hvu-miR6177,87,88,4.5852272727272725,4.5,2.5,0,0,2,73,15
mtr-miR5207,87,88,4.2727272727272725,4.5,2.0,0,2,4,74,14
osa-miR818a,87,88,4.5227272727272725,4.5,3.0,0,0,1,70,18
osa-miR818b,87,88,4.5227272727272725,4.5,3.0,0,0,1,70,18
osa-miR818c,87,88,4.5227272727272725,4.5,3.0,0,0,1,70,18
osa-miR818d,87,88,4.5227272727272725,4.5,3.0,0,0,1,70,18
osa-miR818e,87,88,4.5227272727272725,4.5,3.0,0,0,1,70,18
ppt-miR1053-3p,87,88,4.545454545454546,4.5,3.0,0,0,2,66,22
ptc-miR478p,87,88,4.2727272727272725,4.5,2.0,0,1,8,79,9
ptc-miR6477,87,88,4.590909090909091,4.75,3.0,0,0,2,72,16
sly-miR168a-3p,87,88,4.4147727272727275,4.5,2.5,0,0,3,81,7
tcc-miR169f,87,88,4.426136363636363,4.5,0.5,1,1,2,75,13
aly-miR399b-5p,87,87,4.574712643678161,4.5,3.5,0,0,0,63,24
ata-miR319-3p,87,87,4.620689655172414,4.5,3.0,0,0,2,64,23
ata-miR390-3p,87,87,4.583333333333333,4.75,3.0,0,0,3,74,13
ata-miR396d-3p,87,87,4.442528735632184,4.5,2.5,0,0,3,76,11
ath-miR3933,87,87,4.580459770114943,4.5,3.5,0,0,0,74,13
bdi-miR396b-3p,87,87,4.442528735632184,4.5,2.5,0,0,3,76,11
gma-miR159d,87,87,4.511494252873563,4.5,2.5,0,0,1,76,11
gma-miR4406,87,87,4.310344827586207,4.5,3.0,0,0,2,73,14
mtr-miR2589,87,87,4.425287356321839,4.5,2.5,0,0,4,67,20
osa-miR319a-3p,87,87,4.620689655172414,4.5,3.0,0,0,2,64,23
osa-miR390-3p,87,87,4.583333333333333,4.75,3.0,0,0,3,74,13
osa-miR399h,87,87,4.586206896551724,4.5,3.0,0,0,2,75,12
ppt-miR1028b-5p,87,87,4.563218390804598,4.5,3.0,0,0,2,62,25
ppt-miR1028c-5p,87,87,4.517241379310345,4.5,3.0,0,0,3,60,27
ptc-miR6437a,87,87,4.471264367816092,4.5,3.0,0,0,1,71,16
ptc-miR6437b,87,87,4.471264367816092,4.5,3.0,0,0,1,71,16
sbi-miR6221-5p,87,87,4.482758620689655,4.5,3.0,0,0,2,74,13
tae-miR1122c-3p,87,87,4.557471264367816,4.5,3.0,0,0,2,69,18
tcc-miR535,87,87,4.522988505747127,4.5,2.5,0,0,4,72,15
hme-miR-306,86,94,4.638297872340425,4.5,3.0,0,0,1,58,36
mtr-miR5293,86,93,4.153225806451613,4.5,0.5,1,1,12,64,29
osa-miR1871,86,92,4.282608695652174,4.5,2.0,0,2,7,77,15
hme-miR-210,86,91,4.2967032967032965,4.5,3.0,0,0,2,78,13
mtr-miR5273,86,91,4.1923076923076925,4.5,2.5,0,0,12,70,21
ghr-miR7489,86,90,4.277777777777778,4.5,2.5,0,0,10,70,20
gra-miR8702,86,89,4.421348314606742,4.5,3.0,0,0,4,68,21
osa-miR7693-5p,86,89,4.247191011235955,4.5,2.5,0,0,8,78,11
aly-miR831-5p,86,88,4.357954545454546,4.5,2.0,0,1,10,55,33
ata-miR171a-3p,86,88,4.488636363636363,4.5,3.0,0,0,2,67,21
ata-miR5070-3p,86,88,4.551136363636363,4.5,3.0,0,0,2,74,14
bdi-miR156d-3p,86,88,4.545454545454546,4.5,1.5,0,1,3,73,15
bdi-miR7746-3p,86,88,4.375,4.5,3.0,0,0,6,73,15
mdm-miR171i,86,88,4.488636363636363,4.5,3.0,0,0,2,67,21
mtr-miR2599,86,88,4.636363636363637,4.5,3.0,0,0,1,81,7
mtr-miR2627,86,88,4.318181818181818,4.5,2.0,0,1,5,77,11
sbi-miR5570,86,88,4.5,4.5,2.0,0,1,2,70,18
stu-miR479,86,88,4.488636363636363,4.5,3.0,0,0,2,67,21
stu-miR8024a-5p,86,88,4.204545454545454,4.5,2.0,0,1,12,84,4
vvi-miR169i,86,88,4.596590909090909,4.5,2.5,0,0,3,64,24
aly-miR158a-3p,86,87,4.436781609195402,4.5,2.0,0,2,5,69,18
aly-miR3445-5p.1,86,87,4.442528735632184,4.5,3.0,0,0,3,56,31
ath-miR158a-3p,86,87,4.436781609195402,4.5,2.0,0,2,5,69,18
bdi-miR7755-5p,86,87,4.482758620689655,4.5,3.0,0,0,3,77,10
bdi-miR9498,86,87,4.339080459770115,4.5,2.5,0,0,3,77,10
gma-miR1508a,86,87,4.353448275862069,4.5,2.5,0,0,6,85,2
nta-miR6152a,86,87,4.2298850574712645,4.5,2.5,0,0,10,69,18
nta-miR6152b,86,87,4.2298850574712645,4.5,2.5,0,0,10,69,18
osa-miR2869,86,87,4.580459770114943,4.5,3.0,0,0,2,71,16
osa-miR415,86,87,4.505747126436781,4.5,2.5,0,0,3,71,16
osa-miR5788,86,87,4.522988505747127,4.5,3.5,0,0,0,75,12
zma-miR169l-3p,86,87,4.5344827586206895,4.5,2.5,0,0,5,82,5
zma-miR395d-5p,86,87,4.367816091954023,4.5,3.0,0,0,2,83,4
zma-miR395g-5p,86,87,4.367816091954023,4.5,3.0,0,0,2,83,4
aly-miR156f-3p,86,86,4.674418604651163,5.0,2.0,0,1,2,76,10
aly-miR857-5p,86,86,4.494186046511628,4.5,2.5,0,0,3,61,25
aqc-miR535,86,86,4.546511627906977,4.5,2.5,0,0,1,75,11
ath-miR394b-3p,86,86,4.482558139534884,4.5,3.0,0,0,2,70,16
ath-miR5638b,86,86,4.395348837209302,4.5,2.5,0,0,2,70,16
bdi-miR7740-5p,86,86,4.488372093023256,4.5,2.5,0,0,2,67,19
bdi-miR9495,86,86,4.6104651162790695,5.0,3.0,0,0,1,50,36
bra-miR156b-3p,86,86,4.674418604651163,5.0,2.0,0,1,2,76,10
bra-miR156d-3p,86,86,4.674418604651163,5.0,2.0,0,1,2,76,10
bra-miR9561-3p,86,86,4.540697674418604,4.5,3.0,0,0,4,72,14
cre-miR1169-5p,86,86,4.482558139534884,4.5,3.5,0,0,0,77,9
gma-miR2606a,86,86,4.52906976744186,4.5,2.5,0,0,2,68,18
gma-miR2606b,86,86,4.52906976744186,4.5,2.5,0,0,2,68,18
gra-miR7504h,86,86,4.34593023255814,4.5,2.5,0,0,1,59,27
hvu-miR5049b,86,86,4.558139534883721,4.5,3.0,0,0,4,73,13
mtr-miR399j,86,86,4.546511627906977,4.5,3.0,0,0,1,73,13
nta-miR6148a,86,86,4.534883720930233,4.5,2.5,0,0,1,56,30
osa-miR2098-5p,86,86,4.627906976744186,4.5,3.0,0,0,1,70,16
sly-miR156e-3p,86,86,4.534883720930233,4.5,2.5,0,0,2,67,19
smo-miR1092,86,86,4.395348837209302,4.5,2.5,0,0,2,73,13
stu-miR156g-3p,86,86,4.534883720930233,4.5,2.5,0,0,2,67,19
tae-miR1122b-3p,86,86,4.622093023255814,4.5,3.5,0,0,0,67,19
csi-miR482a-3p,85,93,4.112903225806452,4.0,2.0,0,1,9,65,28
nta-miR6163,85,93,4.403225806451613,4.5,2.0,0,1,7,83,10
gra-miR7484j,85,90,4.455555555555556,4.5,2.0,0,1,2,81,9
aqc-miR399,85,89,4.432584269662922,4.5,3.0,0,0,8,76,13
bdi-miR167c-3p,85,89,4.325842696629214,4.5,2.0,0,1,5,63,26
cme-miR399b,85,89,4.432584269662922,4.5,3.0,0,0,8,76,13
csi-miR399b,85,89,4.432584269662922,4.5,3.0,0,0,8,76,13
mdm-miR399d,85,89,4.432584269662922,4.5,3.0,0,0,8,76,13
osa-miR167d-3p,85,89,4.325842696629214,4.5,2.0,0,1,5,63,26
osa-miR399j,85,89,4.432584269662922,4.5,3.0,0,0,8,76,13
osa-miR5145,85,89,4.46067415730337,4.5,2.5,0,0,5,74,15
ptc-miR399i,85,89,4.432584269662922,4.5,3.0,0,0,8,76,13
sly-miR399,85,89,4.432584269662922,4.5,3.0,0,0,8,76,13
stu-miR399i-3p,85,89,4.432584269662922,4.5,3.0,0,0,8,76,13
zma-miR167e-3p,85,89,4.325842696629214,4.5,2.0,0,1,5,63,26
ath-miR5653,85,88,4.2727272727272725,4.5,2.0,0,1,9,73,15
cre-miR9897-3p,85,88,4.551136363636363,4.5,2.5,0,0,2,82,6
mtr-miR5208d,85,88,4.3352272727272725,4.5,2.0,0,1,6,71,17
mtr-miR5284a,85,88,4.238636363636363,4.5,2.0,0,1,12,58,30
mtr-miR5284c,85,88,4.238636363636363,4.5,2.0,0,1,12,58,30
mtr-miR5284d,85,88,4.238636363636363,4.5,2.0,0,1,12,58,30
mtr-miR5284e,85,88,4.238636363636363,4.5,2.0,0,1,12,58,30
mtr-miR5284f,85,88,4.238636363636363,4.5,2.0,0,1,12,58,30
mtr-miR5284g,85,88,4.238636363636363,4.5,2.0,0,1,12,58,30
ptc-miR169ag,85,88,4.409090909090909,4.5,1.5,0,2,5,80,8
ptc-miR827,85,88,4.443181818181818,4.5,3.0,0,0,1,77,11
smo-miR1094a,85,88,4.545454545454546,4.5,3.5,0,0,0,80,8
stu-miR8014-5p,85,88,4.363636363636363,4.5,2.5,0,0,3,65,23
aly-miR157a-3p,85,87,4.396551724137931,4.5,2.5,0,0,5,62,25
aly-miR398b-3p,85,87,4.551724137931035,4.5,3.5,0,0,0,62,25
ath-miR398b-3p,85,87,4.551724137931035,4.5,3.5,0,0,0,62,25
ath-miR398c-3p,85,87,4.551724137931035,4.5,3.5,0,0,0,62,25
bdi-miR7729a-3p,85,87,4.362068965517241,4.5,2.5,0,0,6,79,8
bdi-miR7729b-3p,85,87,4.362068965517241,4.5,2.5,0,0,6,79,8
bra-miR398-3p,85,87,4.551724137931035,4.5,3.5,0,0,0,62,25
esi-miR3452-5p,85,87,4.574712643678161,5.0,3.0,0,0,3,78,9
hvu-miR6183,85,87,4.373563218390805,4.5,2.5,0,0,4,75,12
ppt-miR1223a,85,87,4.517241379310345,4.5,3.0,0,0,2,75,12
ppt-miR533a-3p,85,87,4.517241379310345,4.5,3.0,0,0,2,63,24
ppt-miR533c,85,87,4.517241379310345,4.5,3.0,0,0,2,63,24
ppt-miR533d,85,87,4.517241379310345,4.5,3.0,0,0,2,63,24
ata-miR169b-3p,85,86,4.540697674418604,4.5,3.0,0,0,2,68,18
ath-miR5029,85,86,4.52906976744186,4.5,2.5,0,0,3,74,12
ath-miR870-5p,85,86,4.520348837209302,4.5,3.5,0,0,0,65,21
bdi-miR7709-5p,85,86,4.622093023255814,5.0,2.0,0,1,2,60,26
gma-miR1520b,85,86,4.1976744186046515,4.0,2.5,0,0,6,77,9
gma-miR319g,85,86,4.270348837209302,4.5,1.5,0,3,7,75,11
gma-miR319l,85,86,4.270348837209302,4.5,1.5,0,3,7,75,11
mtr-miR2598,85,86,4.575581395348837,4.5,3.0,0,0,1,76,10
mtr-miR5223,85,86,4.511627906976744,4.5,3.0,0,0,2,61,25
mtr-miR5281a,85,86,4.069767441860465,4.5,2.5,0,0,21,78,8
mtr-miR5742,85,86,4.267441860465116,4.5,2.0,0,1,8,75,11
osa-miR1846d-3p,85,86,4.6395348837209305,5.0,2.5,0,0,2,57,29
osa-miR416,85,86,4.523255813953488,4.5,3.5,0,0,0,79,7
ppt-miR2080,85,86,4.395348837209302,4.5,2.5,0,0,5,67,19
rgl-miR7807a-5p,85,86,4.502906976744186,4.5,3.0,0,0,5,76,10
aly-miR2112-5p,85,85,4.529411764705882,4.5,2.5,0,0,1,76,9
ath-miR2112-5p,85,85,4.529411764705882,4.5,2.5,0,0,1,76,9
bra-miR9558-3p,85,85,4.4411764705882355,4.5,2.5,0,0,2,60,25
gma-miR5370,85,85,4.488235294117647,4.5,3.0,0,0,2,61,24
hme-miR-263b,85,85,4.426470588235294,4.5,3.0,0,0,3,75,10
mdm-miR319c,85,85,4.541176470588235,4.5,3.0,0,0,2,73,12
mtr-miR5750,85,85,4.4,4.5,2.5,0,0,8,60,25
osa-miR156b-3p,85,85,4.652941176470589,5.0,2.0,0,1,2,69,16
pab-miR3694,85,85,4.576470588235294,4.5,3.0,0,0,1,66,19
smo-miR536,85,85,4.541176470588235,4.5,2.5,0,0,1,72,13
ssl-miR399,85,85,4.5588235294117645,4.5,2.5,0,0,5,73,12
zma-miR393c-3p,85,85,4.4,4.5,3.0,0,0,3,62,23
tae-miR9666b-3p,84,98,4.25,4.5,2.0,0,3,10,90,8
osa-miR1848,84,92,4.619565217391305,4.5,3.0,0,0,1,72,20
hvu-miR5049f,84,91,4.532967032967033,4.5,2.5,0,0,4,80,11
ghr-miR7511,84,90,4.294444444444444,4.5,2.0,0,1,12,71,19
aly-miR4234,84,89,4.308988764044944,4.5,2.0,0,1,8,71,18
bdi-miR7738-3p,84,88,4.494318181818182,4.5,3.0,0,0,1,79,9
mtr-miR5272a,84,87,4.224137931034483,4.5,2.0,0,1,6,62,25
mtr-miR5272b,84,87,4.224137931034483,4.5,2.0,0,1,6,62,25
mtr-miR5272c,84,87,4.224137931034483,4.5,2.0,0,1,6,62,25
mtr-miR5272d,84,87,4.224137931034483,4.5,2.0,0,1,6,62,25
mtr-miR5272e,84,87,4.224137931034483,4.5,2.0,0,1,6,62,25
mtr-miR5298d,84,87,4.080459770114943,4.0,2.0,0,2,14,62,25
osa-miR171e-5p,84,87,4.540229885057471,4.5,3.0,0,0,3,77,10
osa-miR6252,84,87,4.310344827586207,4.5,2.5,0,0,4,75,12
zma-miR171d-5p,84,87,4.540229885057471,4.5,3.0,0,0,3,77,10
zma-miR171e-5p,84,87,4.540229885057471,4.5,3.0,0,0,3,77,10
aly-miR4250,84,86,4.25,4.5,2.0,0,1,8,61,25
bdi-miR9483a,84,86,4.174418604651163,4.0,2.5,0,0,7,84,2
bdi-miR9483b,84,86,4.174418604651163,4.0,2.5,0,0,7,84,2
cme-miR169t,84,86,4.354651162790698,4.5,1.5,0,1,6,65,21
csi-miR3946,84,86,4.093023255813954,4.0,2.5,0,0,10,61,25
gma-miR160a-3p,84,86,4.505813953488372,4.5,3.0,0,0,4,77,9
osa-miR1882a,84,86,4.1976744186046515,4.5,2.0,0,1,11,76,10
osa-miR1882b,84,86,4.1976744186046515,4.5,2.0,0,1,11,76,10
osa-miR1882c,84,86,4.1976744186046515,4.5,2.0,0,1,11,76,10
osa-miR1882d,84,86,4.1976744186046515,4.5,2.0,0,1,11,76,10
osa-miR1882e-5p,84,86,4.1976744186046515,4.5,2.0,0,1,11,76,10
osa-miR1882f,84,86,4.1976744186046515,4.5,2.0,0,1,11,76,10
osa-miR1882g,84,86,4.1976744186046515,4.5,2.0,0,1,11,76,10
osa-miR1882h,84,86,4.1976744186046515,4.5,2.0,0,1,11,76,10
osa-miR2875,84,86,4.5813953488372094,4.75,3.0,0,0,2,70,16
osa-miR5532,84,86,4.412790697674419,4.5,2.5,0,0,6,62,24
ptc-miR3627a,84,86,4.534883720930233,4.5,3.0,0,0,2,77,9
sbi-miR5568g-3p,84,86,4.5813953488372094,5.0,2.5,0,0,2,56,30
stu-miR160a-3p,84,86,4.505813953488372,4.5,3.0,0,0,4,77,9
zma-miR167d-3p,84,86,4.4186046511627906,4.5,2.0,0,1,1,71,15
aly-miR391-3p,84,85,4.6,4.5,2.5,0,0,2,78,7
ata-miR5181-3p,84,85,4.5588235294117645,4.5,3.5,0,0,0,70,15
ath-miR391-3p,84,85,4.6,4.5,2.5,0,0,2,78,7
bdi-miR7779-5p,84,85,4.2823529411764705,4.5,2.5,0,0,9,74,11
bra-miR1885b,84,85,4.4,4.5,3.0,0,0,5,72,13
bra-miR391-3p,84,85,4.6,4.5,2.5,0,0,2,78,7
cre-miR906-3p,84,85,4.535294117647059,4.5,2.5,0,0,2,67,18
gma-miR319d,84,85,4.376470588235295,4.5,2.5,0,0,2,73,12
gma-miR319o,84,85,4.376470588235295,4.5,2.5,0,0,2,73,12
gma-miR5374-5p,84,85,4.623529411764705,5.0,2.5,0,0,3,68,17
hme-bantam,84,85,4.182352941176471,4.0,2.5,0,0,9,71,14
hme-miR-6305-5p,84,85,4.429411764705883,4.5,3.0,0,0,2,70,15
mtr-miR2111g-3p,84,85,4.541176470588235,4.5,3.0,0,0,2,75,10
mtr-miR5284b,84,85,4.2176470588235295,4.5,2.0,0,2,10,60,25
sly-miR403-5p,84,85,4.705882352941177,5.0,3.5,0,0,0,71,14
sly-miR9470-5p,84,85,4.470588235294118,4.5,3.0,0,0,1,67,18
zma-miR408b-5p,84,85,4.517647058823529,4.5,3.0,0,0,4,75,10
aau-miR160,84,84,4.5476190476190474,4.5,3.5,0,0,0,75,9
aly-miR169h-5p,84,84,4.464285714285714,4.5,2.0,0,1,3,70,14
aly-miR169i-5p,84,84,4.464285714285714,4.5,2.0,0,1,3,70,14
aly-miR169j-5p,84,84,4.464285714285714,4.5,2.0,0,1,3,70,14
aly-miR169k-5p,84,84,4.464285714285714,4.5,2.0,0,1,3,70,14
aly-miR169l-5p,84,84,4.464285714285714,4.5,2.0,0,1,3,70,14
aly-miR169m-5p,84,84,4.464285714285714,4.5,2.0,0,1,3,70,14
aly-miR403a-3p,84,84,4.613095238095238,4.5,3.0,0,0,1,46,38
aly-miR403b-3p,84,84,4.613095238095238,4.5,3.0,0,0,1,46,38
aqc-miR169b,84,84,4.464285714285714,4.5,2.0,0,1,3,70,14
ata-miR169i-5p,84,84,4.464285714285714,4.5,2.0,0,1,3,70,14
ata-miR5200-5p,84,84,4.559523809523809,4.5,2.5,0,0,3,61,23
ath-miR169h,84,84,4.464285714285714,4.5,2.0,0,1,3,70,14
ath-miR169i,84,84,4.464285714285714,4.5,2.0,0,1,3,70,14
ath-miR169j,84,84,4.464285714285714,4.5,2.0,0,1,3,70,14
ath-miR169k,84,84,4.464285714285714,4.5,2.0,0,1,3,70,14
ath-miR169l,84,84,4.464285714285714,4.5,2.0,0,1,3,70,14
ath-miR169m,84,84,4.464285714285714,4.5,2.0,0,1,3,70,14
ath-miR169n,84,84,4.464285714285714,4.5,2.0,0,1,3,70,14
ath-miR403-3p,84,84,4.613095238095238,4.5,3.0,0,0,1,46,38
bdi-miR169e-5p,84,84,4.464285714285714,4.5,2.0,0,1,3,70,14
bdi-miR169g,84,84,4.464285714285714,4.5,2.0,0,1,3,70,14
bna-miR403,84,84,4.613095238095238,4.5,3.0,0,0,1,46,38
bra-miR403-3p,84,84,4.613095238095238,4.5,3.0,0,0,1,46,38
cme-miR169e,84,84,4.464285714285714,4.5,2.0,0,1,3,70,14
cme-miR169n,84,84,4.464285714285714,4.5,2.0,0,1,3,70,14
cpa-miR8137,84,84,4.541666666666667,4.5,3.5,0,0,0,64,20
csi-miR403,84,84,4.613095238095238,4.5,3.0,0,0,1,46,38
csi-miR477c,84,84,4.428571428571429,4.5,1.0,1,2,2,58,26
ghb-miR169a,84,84,4.464285714285714,4.5,2.0,0,1,3,70,14
ghr-miR169a,84,84,4.464285714285714,4.5,2.0,0,1,3,70,14
gma-miR1511,84,84,4.464285714285714,4.5,2.5,0,0,3,71,13
gma-miR169e,84,84,4.5476190476190474,4.5,2.0,0,1,4,72,12
gma-miR5371-5p,84,84,4.553571428571429,5.0,2.5,0,0,3,76,8
har-miR403a,84,84,4.613095238095238,4.5,3.0,0,0,1,46,38
hme-miR-932,84,84,4.440476190476191,4.5,3.0,0,0,4,74,10
hpe-miR403a,84,84,4.613095238095238,4.5,3.0,0,0,1,46,38
htu-miR403a,84,84,4.613095238095238,4.5,3.0,0,0,1,46,38
htu-miR403b,84,84,4.613095238095238,4.5,3.0,0,0,1,46,38
htu-miR403c,84,84,4.613095238095238,4.5,3.0,0,0,1,46,38
htu-miR403d,84,84,4.613095238095238,4.5,3.0,0,0,1,46,38
htu-miR403e,84,84,4.613095238095238,4.5,3.0,0,0,1,46,38
mdm-miR403a,84,84,4.613095238095238,4.5,3.0,0,0,1,46,38
mdm-miR403b,84,84,4.613095238095238,4.5,3.0,0,0,1,46,38
mes-miR169aa,84,84,4.464285714285714,4.5,2.0,0,1,3,70,14
mes-miR169o,84,84,4.464285714285714,4.5,2.0,0,1,3,70,14
mes-miR169p,84,84,4.464285714285714,4.5,2.0,0,1,3,70,14
mes-miR169q,84,84,4.464285714285714,4.5,2.0,0,1,3,70,14
mes-miR169s,84,84,4.464285714285714,4.5,2.0,0,1,3,70,14
mes-miR169u,84,84,4.464285714285714,4.5,2.0,0,1,3,70,14
mes-miR169w,84,84,4.464285714285714,4.5,2.0,0,1,3,70,14
mes-miR169y,84,84,4.464285714285714,4.5,2.0,0,1,3,70,14
mes-miR403a,84,84,4.613095238095238,4.5,3.0,0,0,1,46,38
mes-miR403b,84,84,4.613095238095238,4.5,3.0,0,0,1,46,38
osa-miR169h,84,84,4.464285714285714,4.5,2.0,0,1,3,70,14
osa-miR169i-5p.1,84,84,4.464285714285714,4.5,2.0,0,1,3,70,14
osa-miR169j,84,84,4.464285714285714,4.5,2.0,0,1,3,70,14
osa-miR169k,84,84,4.464285714285714,4.5,2.0,0,1,3,70,14
osa-miR169l,84,84,4.464285714285714,4.5,2.0,0,1,3,70,14
osa-miR169m,84,84,4.464285714285714,4.5,2.0,0,1,3,70,14
osa-miR1860-5p,84,84,4.446428571428571,4.5,3.0,0,0,5,65,19
osa-miR5485,84,84,4.5,4.5,2.5,0,0,2,67,17
osa-miR5829,84,84,4.261904761904762,4.5,2.5,0,0,5,71,13
pab-miR3703,84,84,4.380952380952381,4.5,2.5,0,0,3,71,13
ppt-miR536c,84,84,4.410714285714286,4.5,2.5,0,0,4,74,10
ptc-miR169i,84,84,4.464285714285714,4.5,2.0,0,1,3,70,14
ptc-miR169j,84,84,4.464285714285714,4.5,2.0,0,1,3,70,14
ptc-miR169k,84,84,4.464285714285714,4.5,2.0,0,1,3,70,14
ptc-miR169l,84,84,4.464285714285714,4.5,2.0,0,1,3,70,14
ptc-miR169m,84,84,4.464285714285714,4.5,2.0,0,1,3,70,14
ptc-miR403a,84,84,4.613095238095238,4.5,3.0,0,0,1,46,38
ptc-miR403b,84,84,4.613095238095238,4.5,3.0,0,0,1,46,38
ptc-miR403c-3p,84,84,4.613095238095238,4.5,3.0,0,0,1,46,38
ptc-miR403d,84,84,4.613095238095238,4.5,3.0,0,0,1,46,38
rco-miR403a,84,84,4.613095238095238,4.5,3.0,0,0,1,46,38
rco-miR403b,84,84,4.613095238095238,4.5,3.0,0,0,1,46,38
sbi-miR169f,84,84,4.464285714285714,4.5,2.0,0,1,3,70,14
sbi-miR169g,84,84,4.464285714285714,4.5,2.0,0,1,3,70,14
sbi-miR169l,84,84,4.464285714285714,4.5,2.0,0,1,3,70,14
sly-miR169b,84,84,4.464285714285714,4.5,2.0,0,1,3,70,14
smo-miR1108,84,84,4.494047619047619,4.5,3.0,0,0,3,67,17
stu-miR399g-3p,84,84,4.559523809523809,4.5,2.5,0,0,3,68,16
tcc-miR169h,84,84,4.464285714285714,4.5,2.0,0,1,3,70,14
tcc-miR169j,84,84,4.464285714285714,4.5,2.0,0,1,3,70,14
tcc-miR403a,84,84,4.613095238095238,4.5,3.0,0,0,1,46,38
tcc-miR403b,84,84,4.613095238095238,4.5,3.0,0,0,1,46,38
vvi-miR403a,84,84,4.613095238095238,4.5,3.0,0,0,1,46,38
vvi-miR403b,84,84,4.613095238095238,4.5,3.0,0,0,1,46,38
vvi-miR403c,84,84,4.613095238095238,4.5,3.0,0,0,1,46,38
vvi-miR403d,84,84,4.613095238095238,4.5,3.0,0,0,1,46,38
vvi-miR403e,84,84,4.613095238095238,4.5,3.0,0,0,1,46,38
vvi-miR403f,84,84,4.613095238095238,4.5,3.0,0,0,1,46,38
zma-miR169i-5p,84,84,4.464285714285714,4.5,2.0,0,1,3,70,14
zma-miR169j-5p,84,84,4.464285714285714,4.5,2.0,0,1,3,70,14
zma-miR169k-5p,84,84,4.464285714285714,4.5,2.0,0,1,3,70,14
stu-miR8001b-5p,83,88,4.3977272727272725,4.5,1.5,0,1,5,70,18
tae-miR9780,83,88,4.576704545454546,4.5,3.5,0,0,0,73,15
bdi-miR7711-3p.1,83,86,4.366279069767442,4.5,3.0,0,0,2,68,18
ath-miR390b-3p,83,85,4.5,4.5,3.0,0,0,3,67,18
bra-miR390-3p,83,85,4.4411764705882355,4.5,2.0,0,1,4,66,19
gma-miR5377,83,85,4.341176470588235,4.5,1.0,1,1,4,66,19
gra-miR8707,83,85,4.3,4.5,2.5,0,0,6,83,2
osa-miR1424,83,85,4.555882352941176,4.5,3.0,0,0,3,69,16
osa-miR5337a,83,85,4.564705882352941,4.5,2.0,0,1,1,76,9
pti-miR5471,83,85,4.576470588235294,4.5,3.0,0,0,2,68,17
sbi-miR6232b-3p,83,85,4.529411764705882,4.5,2.5,0,0,2,62,23
tae-miR7757-5p,83,85,4.3088235294117645,4.5,2.0,0,2,4,78,7
bna-miR6030,83,84,4.333333333333333,4.5,1.0,1,5,11,60,24
gma-miR9743,83,84,4.291666666666667,4.5,2.5,0,0,8,73,11
mtr-miR5299,83,84,4.273809523809524,4.5,3.0,0,0,7,70,14
mtr-miR7697-3p,83,84,4.598214285714286,4.5,3.0,0,0,1,57,27
osa-miR1319b,83,84,4.5,4.5,3.0,0,0,3,68,16
rgl-miR5576,83,84,4.208333333333333,4.5,2.5,0,0,5,70,14
sbi-miR6227-3p,83,84,4.2976190476190474,4.5,1.5,0,1,6,68,16
stu-miR399j-5p,83,84,4.565476190476191,4.5,1.5,0,1,2,68,16
vvi-miR3632-5p,83,84,4.464285714285714,4.5,3.0,0,0,3,70,14
ata-miR156c-3p,83,83,4.493975903614458,4.5,1.0,1,1,2,66,17
ath-miR831-5p,83,83,4.5,4.5,2.5,0,0,3,61,22
bdi-miR166a-5p,83,83,4.566265060240964,4.5,2.5,0,0,2,68,15
ghr-miR7492a,83,83,4.427710843373494,4.5,3.0,0,0,1,67,16
ghr-miR7492b,83,83,4.427710843373494,4.5,3.0,0,0,1,67,16
ghr-miR7492c,83,83,4.427710843373494,4.5,3.0,0,0,1,67,16
gma-miR1512a-5p,83,83,4.478915662650603,4.5,3.0,0,0,3,71,12
gma-miR171h,83,83,4.433734939759036,4.5,3.0,0,0,2,67,16
gma-miR403a,83,83,4.578313253012048,4.5,3.0,0,0,2,44,39
gma-miR403b,83,83,4.578313253012048,4.5,3.0,0,0,2,44,39
hbr-miR408a,83,83,4.391566265060241,4.5,1.0,1,1,4,76,7
hvu-miR6194,83,83,4.566265060240964,4.5,2.5,0,0,3,66,17
osa-miR5541,83,83,4.506024096385542,4.5,2.5,0,0,2,70,13
pti-miR5480,83,83,4.463855421686747,4.5,3.0,0,0,2,70,13
sly-miR156d-3p,83,83,4.493975903614458,4.5,1.0,1,1,2,66,17
stu-miR156h-3p,83,83,4.493975903614458,4.5,1.0,1,1,2,66,17
stu-miR156i-3p,83,83,4.493975903614458,4.5,1.0,1,1,2,66,17
stu-miR156j-3p,83,83,4.493975903614458,4.5,1.0,1,1,2,66,17
stu-miR156k-3p,83,83,4.493975903614458,4.5,1.0,1,1,2,66,17
stu-miR8016,83,83,4.409638554216867,4.5,2.0,0,1,7,70,13
zma-miR156l-3p,83,83,4.493975903614458,4.5,1.0,1,1,2,66,17
zma-miR169d,83,83,4.626506024096385,5.0,3.0,0,0,1,65,18
ath-miR163,82,87,4.160919540229885,4.5,1.5,0,2,12,65,22
nta-miR6157,82,86,4.433139534883721,4.5,2.5,0,0,2,72,14
cre-miR1151b-3p,82,85,4.694117647058824,5.0,3.0,0,0,1,72,13
osa-miR1862d,82,85,4.161764705882353,4.5,1.5,0,2,12,72,13
aly-miR166f-5p,82,84,4.529761904761905,4.5,3.0,0,0,2,62,22
aly-miR166h-5p,82,84,4.529761904761905,4.5,3.0,0,0,2,62,22
ath-miR864-3p,82,84,4.434523809523809,4.5,2.5,0,0,4,66,18
esi-miR3468-5p,82,84,4.523809523809524,4.5,2.5,0,0,1,71,13
hme-miR-2788-3p,82,84,4.315476190476191,4.5,2.0,0,1,5,76,8
osa-miR396f-3p,82,84,4.136904761904762,4.5,2.0,0,1,12,75,9
sbi-miR6218-5p,82,84,4.488095238095238,4.5,3.0,0,0,2,44,40
aly-miR170-5p,82,83,4.542168674698795,4.5,3.0,0,0,2,73,10
aly-miR171a-5p,82,83,4.542168674698795,4.5,3.0,0,0,2,73,10
aly-miR4245,82,83,4.493975903614458,4.5,3.0,0,0,2,57,26
aly-miR869-5p,82,83,4.379518072289157,4.5,1.5,0,1,8,70,13
ath-miR170-5p,82,83,4.542168674698795,4.5,3.0,0,0,2,73,10
ath-miR171a-5p,82,83,4.542168674698795,4.5,3.0,0,0,2,73,10
ath-miR4245,82,83,4.493975903614458,4.5,3.0,0,0,2,57,26
bra-miR156f-3p,82,83,4.27710843373494,4.5,2.0,0,1,4,72,11
esi-miR3457-5p,82,83,4.451807228915663,4.5,3.0,0,0,2,69,14
gma-miR171j-5p,82,83,4.542168674698795,4.5,3.0,0,0,2,73,10
han-miR160a,82,83,4.457831325301205,4.5,2.0,0,2,6,63,20
hvu-miR6181,82,83,4.27710843373494,4.5,2.5,0,0,7,68,15
mtr-miR2670e,82,83,4.668674698795181,5.0,3.0,0,0,1,65,18
mtr-miR399t-5p,82,83,4.144578313253012,4.5,2.0,0,1,13,70,13
mtr-miR5557-5p,82,83,4.518072289156627,4.5,2.5,0,0,3,62,21
osa-miR5813,82,83,4.575301204819277,4.5,2.5,0,0,1,73,10
osa-miR812n-5p,82,83,4.27710843373494,4.5,2.5,0,0,4,64,19
stu-miR171a-5p,82,83,4.542168674698795,4.5,3.0,0,0,2,73,10
stu-miR171c-5p,82,83,4.542168674698795,4.5,3.0,0,0,2,73,10
tae-miR1138,82,83,4.271084337349397,4.5,2.5,0,0,8,77,6
tae-miR9663-5p,82,83,4.674698795180723,5.0,3.0,0,0,1,65,18
zma-miR393a-3p,82,83,4.391566265060241,4.5,3.0,0,0,2,70,13
aly-miR396b-3p,82,82,4.4817073170731705,4.5,3.5,0,0,0,69,13
aly-miR398c-5p,82,82,4.5182926829268295,4.5,2.5,0,0,1,71,11
aqc-miR169a,82,82,4.445121951219512,4.5,2.0,0,1,3,68,14
ata-miR169c-5p,82,82,4.445121951219512,4.5,2.0,0,1,3,68,14
ata-miR9772a-3p,82,82,4.5,4.5,2.0,0,1,2,66,16
ata-miR9772b-3p,82,82,4.5,4.5,2.0,0,1,2,66,16
ath-miR396b-3p,82,82,4.4817073170731705,4.5,3.5,0,0,0,69,13
ath-miR851-3p,82,82,4.652439024390244,5.0,2.5,0,0,3,67,15
bdi-miR169h-5p,82,82,4.445121951219512,4.5,2.0,0,1,3,68,14
bdi-miR169n,82,82,4.445121951219512,4.5,2.0,0,1,3,68,14
bdi-miR5200a-5p,82,82,4.560975609756097,4.5,3.5,0,0,0,78,4
bdi-miR7717a-5p,82,82,4.439024390243903,4.5,3.0,0,0,2,73,9
bdi-miR7734-3p,82,82,4.530487804878049,4.5,2.5,0,0,4,67,15
bna-miR169c,82,82,4.445121951219512,4.5,2.0,0,1,3,68,14
bna-miR169d,82,82,4.445121951219512,4.5,2.0,0,1,3,68,14
bna-miR169e,82,82,4.445121951219512,4.5,2.0,0,1,3,68,14
bna-miR169f,82,82,4.445121951219512,4.5,2.0,0,1,3,68,14
bna-miR860,82,82,4.469512195121951,4.5,2.0,0,2,3,67,15
bra-miR396-3p,82,82,4.4817073170731705,4.5,3.5,0,0,0,69,13
bra-miR5714,82,82,4.341463414634147,4.5,2.5,0,0,3,64,18
bra-miR860-3p,82,82,4.469512195121951,4.5,2.0,0,2,3,67,15
bra-miR9562-5p,82,82,4.536585365853658,4.5,2.0,0,1,1,69,13
crt-miR166a,82,82,4.024390243902439,4.5,0.5,7,8,14,70,12
csi-miR166b,82,82,4.024390243902439,4.5,0.5,7,8,14,70,12
far-miR169,82,82,4.445121951219512,4.5,2.0,0,1,3,68,14
gma-miR393c-3p,82,82,4.4573170731707314,4.5,2.0,0,2,4,76,6
gma-miR9763,82,82,4.567073170731708,4.5,1.5,0,1,3,45,37
hme-miR-929,82,82,4.463414634146342,4.5,2.5,0,0,2,71,11
hvu-miR6182,82,82,4.451219512195122,4.5,2.5,0,0,4,68,14
mes-miR166h,82,82,4.024390243902439,4.5,0.5,7,8,14,70,12
mes-miR169ab,82,82,4.445121951219512,4.5,2.0,0,1,3,68,14
mes-miR169ac,82,82,4.445121951219512,4.5,2.0,0,1,3,68,14
mes-miR171a,82,82,4.530487804878049,4.5,1.5,0,1,1,54,28
mtr-miR169d-3p,82,82,4.228658536585366,4.5,2.0,0,1,10,74,8
mtr-miR169e-3p,82,82,4.228658536585366,4.5,2.0,0,1,10,74,8
mtr-miR399b,82,82,4.512195121951219,4.5,3.0,0,0,4,70,12
mtr-miR399o,82,82,4.512195121951219,4.5,3.0,0,0,4,70,12
osa-miR169f.1,82,82,4.445121951219512,4.5,2.0,0,1,3,68,14
osa-miR169g,82,82,4.445121951219512,4.5,2.0,0,1,3,68,14
osa-miR171i-3p,82,82,4.530487804878049,4.5,1.5,0,1,1,54,28
osa-miR399i,82,82,4.512195121951219,4.5,3.0,0,0,4,70,12
osa-miR399k,82,82,4.353658536585366,4.5,3.5,0,0,0,69,13
ptc-miR169r,82,82,4.445121951219512,4.5,2.0,0,1,3,68,14
ptc-miR393a-3p,82,82,4.4573170731707314,4.5,2.0,0,2,4,76,6
ptc-miR393b-3p,82,82,4.4573170731707314,4.5,2.0,0,2,4,76,6
pti-miR5478,82,82,4.475609756097561,4.5,3.0,0,0,3,74,8
rco-miR399d,82,82,4.512195121951219,4.5,3.0,0,0,4,70,12
sbi-miR169c,82,82,4.445121951219512,4.5,2.0,0,1,3,68,14
sbi-miR169h,82,82,4.445121951219512,4.5,2.0,0,1,3,68,14
sbi-miR169m,82,82,4.445121951219512,4.5,2.0,0,1,3,68,14
sbi-miR169n,82,82,4.445121951219512,4.5,2.0,0,1,3,68,14
sbi-miR171h,82,82,4.530487804878049,4.5,1.5,0,1,1,54,28
sbi-miR399b,82,82,4.512195121951219,4.5,3.0,0,0,4,70,12
sbi-miR399g,82,82,4.353658536585366,4.5,3.5,0,0,0,69,13
sly-miR169d,82,82,4.445121951219512,4.5,2.0,0,1,3,68,14
ssl-miR169,82,82,4.445121951219512,4.5,2.0,0,1,3,68,14
stu-miR399a-3p,82,82,4.512195121951219,4.5,3.0,0,0,4,70,12
stu-miR399b-3p,82,82,4.512195121951219,4.5,3.0,0,0,4,70,12
stu-miR399c-3p,82,82,4.512195121951219,4.5,3.0,0,0,4,70,12
stu-miR399d-3p,82,82,4.512195121951219,4.5,3.0,0,0,4,70,12
stu-miR399e-3p,82,82,4.512195121951219,4.5,3.0,0,0,4,70,12
stu-miR399f-3p,82,82,4.512195121951219,4.5,3.0,0,0,4,70,12
tcc-miR169d,82,82,4.445121951219512,4.5,2.0,0,1,3,68,14
vvi-miR169x,82,82,4.445121951219512,4.5,2.0,0,1,3,68,14
zma-miR169f-5p,82,82,4.445121951219512,4.5,2.0,0,1,3,68,14
zma-miR169g,82,82,4.445121951219512,4.5,2.0,0,1,3,68,14
zma-miR169h,82,82,4.445121951219512,4.5,2.0,0,1,3,68,14
zma-miR171l-3p,82,82,4.530487804878049,4.5,1.5,0,1,1,54,28
zma-miR171m-3p,82,82,4.530487804878049,4.5,1.5,0,1,1,54,28
zma-miR399d-3p,82,82,4.512195121951219,4.5,3.0,0,0,4,70,12
zma-miR399f-3p,82,82,4.353658536585366,4.5,3.5,0,0,0,69,13
csi-miR3947-5p,81,86,4.436046511627907,4.5,2.5,0,0,2,56,30
hme-miR-2788-5p,81,86,4.412790697674419,4.5,2.5,0,0,1,67,19
mtr-miR2586b,81,86,4.465116279069767,4.5,3.0,0,0,2,62,24
bdi-miR7710-3p,81,83,4.355421686746988,4.5,2.5,0,0,4,54,29
csi-miR482a-5p,81,83,4.5,4.5,2.5,0,0,2,66,17
osa-miR1440a,81,83,4.481927710843373,4.5,3.0,0,0,5,58,25
osa-miR5538,81,83,4.373493975903615,4.5,3.5,0,0,0,62,21
ppt-miR1047-3p,81,83,4.590361445783133,4.5,3.0,0,0,1,68,15
ppt-miR1073-3p,81,83,4.596385542168675,4.5,2.0,0,1,2,67,16
ahy-miR3517,81,82,4.5060975609756095,4.5,3.5,0,0,0,69,13
aly-miR160a-3p,81,82,4.469512195121951,4.5,2.0,0,1,4,77,5
ata-miR9783-3p,81,82,4.554878048780488,4.5,3.0,0,0,2,75,7
ath-miR160a-3p,81,82,4.469512195121951,4.5,2.0,0,1,4,77,5
bdi-miR159b-5p.2,81,82,4.158536585365853,4.0,1.5,0,2,12,64,18
bra-miR160a-3p,81,82,4.469512195121951,4.5,2.0,0,1,4,77,5
bra-miR9557-3p,81,82,4.682926829268292,4.5,4.0,0,0,0,66,16
cpa-miR160c-3p,81,82,4.469512195121951,4.5,2.0,0,1,4,77,5
cpa-miR160f-3p,81,82,4.469512195121951,4.5,2.0,0,1,4,77,5
cre-miR1164,81,82,4.512195121951219,4.5,2.5,0,0,2,67,15
esi-miR3458-3p,81,82,4.475609756097561,4.5,2.5,0,0,4,71,11
gma-miR390b-3p,81,82,4.554878048780488,4.5,3.5,0,0,0,64,18
gra-miR166c,81,82,4.533536585365853,4.5,3.0,0,0,1,63,19
gra-miR8645,81,82,4.475609756097561,4.5,2.5,0,0,3,68,14
gra-miR8672,81,82,4.2317073170731705,4.5,2.5,0,0,7,63,19
osa-miR159a.2,81,82,4.469512195121951,4.5,1.0,1,1,3,66,16
osa-miR1861b,81,82,4.5182926829268295,4.5,2.0,0,1,2,70,12
osa-miR1861f,81,82,4.5182926829268295,4.5,2.0,0,1,2,70,12
osa-miR1861i,81,82,4.5182926829268295,4.5,2.0,0,1,2,70,12
osa-miR1861l,81,82,4.5182926829268295,4.5,2.0,0,1,2,70,12
osa-miR5150-3p,81,82,4.121951219512195,4.5,2.0,0,1,12,65,17
ppt-miR160h,81,82,4.317073170731708,4.5,1.5,0,4,7,63,19
ptc-miR160b-3p,81,82,4.469512195121951,4.5,2.0,0,1,4,77,5
ptc-miR160c-3p,81,82,4.469512195121951,4.5,2.0,0,1,4,77,5
pti-miR5477,81,82,4.420731707317073,4.5,3.0,0,0,2,72,10
sbi-miR5565c,81,82,4.484756097560975,4.5,2.5,0,0,5,66,16
sbi-miR5568b-3p,81,82,4.652439024390244,5.0,3.0,0,0,1,59,23
stu-miR8002-5p,81,82,4.286585365853658,4.5,2.5,0,0,10,66,16
zma-miR1432-3p,81,82,4.573170731707317,4.5,3.0,0,0,2,63,19
aly-miR391-5p,81,81,4.493827160493828,4.5,3.0,0,0,4,70,11
ata-miR398f-5p,81,81,4.685185185185185,5.0,2.5,0,0,1,65,16
ath-miR391-5p,81,81,4.493827160493828,4.5,3.0,0,0,4,70,11
bdi-miR164c-3p,81,81,4.382716049382716,4.5,2.0,0,1,3,64,17
bra-miR391-5p,81,81,4.493827160493828,4.5,3.0,0,0,4,70,11
cpa-miR398,81,81,4.660493827160494,4.5,3.5,0,0,0,65,16
cre-miR1172.2,81,81,4.512345679012346,4.5,3.0,0,0,1,70,11
ghr-miR7497,81,81,4.407407407407407,4.5,2.5,0,0,3,62,19
gma-miR5375,81,81,4.3765432098765435,4.5,2.5,0,0,6,70,11
gma-miR9728,81,81,4.555555555555555,4.5,3.0,0,0,1,69,12
gra-miR8783,81,81,4.469135802469136,4.5,2.5,0,0,2,71,10
mdm-miR169c,81,81,4.419753086419753,4.5,2.0,0,1,3,69,12
mdm-miR169d,81,81,4.419753086419753,4.5,2.0,0,1,3,69,12
mes-miR169r,81,81,4.419753086419753,4.5,2.0,0,1,3,69,12
mes-miR169t,81,81,4.419753086419753,4.5,2.0,0,1,3,69,12
mes-miR169v,81,81,4.419753086419753,4.5,2.0,0,1,3,69,12
mes-miR169x,81,81,4.419753086419753,4.5,2.0,0,1,3,69,12
mes-miR169z,81,81,4.419753086419753,4.5,2.0,0,1,3,69,12
mtr-miR408-5p,81,81,4.512345679012346,4.5,3.5,0,0,0,65,16
mtr-miR5037a,81,81,4.382716049382716,4.5,1.0,1,1,5,64,17
mtr-miR5037b,81,81,4.382716049382716,4.5,1.0,1,1,5,64,17
mtr-miR5037c,81,81,4.382716049382716,4.5,1.0,1,1,5,64,17
nta-miR6019a,81,81,4.351851851851852,4.5,2.5,0,0,4,71,10
nta-miR6019b,81,81,4.351851851851852,4.5,2.5,0,0,4,71,10
osa-miR396e-3p,81,81,4.277777777777778,4.5,2.5,0,0,5,70,11
osa-miR6247,81,81,4.546296296296297,4.5,3.0,0,0,1,69,12
pta-miR1314,81,81,4.530864197530864,4.5,2.0,0,1,1,71,10
ptc-miR166p,81,81,4.3580246913580245,4.5,2.0,0,3,10,60,21
ptc-miR169v,81,81,4.41358024691358,4.5,2.0,0,1,3,70,11
ptc-miR169w,81,81,4.41358024691358,4.5,2.0,0,1,3,70,11
rgl-miR7801,81,81,4.611111111111111,5.0,3.0,0,0,2,68,13
tae-miR9662b-3p,81,81,4.561728395061729,4.5,2.0,0,1,3,70,11
osa-miR1866-5p,80,94,4.417553191489362,4.5,2.0,0,2,4,81,13
osa-miR166j-5p,80,89,4.50561797752809,4.5,3.0,0,0,1,77,12
vvi-miR3639-5p,80,84,4.4226190476190474,4.5,2.5,0,0,6,76,8
mtr-miR2608,80,83,4.475903614457831,4.5,2.0,0,1,3,67,16
bdi-miR171f,80,82,4.475609756097561,4.5,3.0,0,0,2,65,17
bra-miR9559-3p,80,82,4.286585365853658,4.5,3.0,0,0,4,71,11
cca-miR6112,80,82,4.079268292682927,4.5,2.5,0,0,16,74,8
cpa-miR8152,80,82,4.609756097560975,5.0,2.5,0,0,4,59,23
gma-miR167k,80,82,4.353658536585366,4.5,2.5,0,0,7,65,17
gra-miR482d,80,82,4.359756097560975,4.5,2.5,0,0,2,65,17
gra-miR8728,80,82,4.335365853658536,4.5,3.0,0,0,6,69,13
osa-miR171g,80,82,4.640243902439025,4.5,3.0,0,0,1,58,24
osa-miR5789,80,82,4.384146341463414,4.5,2.5,0,0,2,73,9
osa-miR6246,80,82,4.347560975609756,4.5,3.0,0,0,3,69,13
sbi-miR171c,80,82,4.640243902439025,4.5,3.0,0,0,1,58,24
zma-miR171g-3p,80,82,4.640243902439025,4.5,3.0,0,0,1,58,24
aly-miR168b-3p,80,81,4.533950617283951,4.5,3.0,0,0,1,66,15
aly-miR397a-3p,80,81,4.765432098765432,5.0,3.5,0,0,0,46,35
ath-miR168b-3p,80,81,4.533950617283951,4.5,3.0,0,0,1,66,15
ath-miR5642a,80,81,4.666666666666667,5.0,3.0,0,0,2,72,9
ath-miR5642b,80,81,4.666666666666667,5.0,3.0,0,0,2,72,9
bdi-miR7707-3p,80,81,4.287037037037037,4.5,2.0,0,1,5,66,15
gma-miR5040,80,81,4.496913580246914,4.5,3.0,0,0,2,61,20
gra-miR8663b,80,81,4.3580246913580245,4.5,2.5,0,0,6,64,17
osa-miR1441,80,81,4.697530864197531,5.0,2.5,0,0,2,62,19
osa-miR1861c,80,81,4.166666666666667,4.5,1.5,0,3,9,71,10
osa-miR1865-5p,80,81,4.111111111111111,4.0,2.0,0,1,10,76,5
osa-miR2104,80,81,4.598765432098766,4.5,3.0,0,0,2,70,11
osa-miR5806,80,81,4.574074074074074,5.0,3.0,0,0,1,65,16
osa-miR5817,80,81,4.271604938271605,4.5,2.0,0,1,6,64,17
ptc-miR478e,80,81,4.160493827160494,4.5,2.5,0,0,14,74,7
stu-miR399a-5p,80,81,4.567901234567901,4.5,1.5,0,1,2,67,14
stu-miR399b-5p,80,81,4.567901234567901,4.5,1.5,0,1,2,67,14
stu-miR399c-5p,80,81,4.567901234567901,4.5,1.5,0,1,2,67,14
stu-miR399d-5p,80,81,4.567901234567901,4.5,1.5,0,1,2,67,14
stu-miR399e-5p,80,81,4.567901234567901,4.5,1.5,0,1,2,67,14
stu-miR399f-5p,80,81,4.567901234567901,4.5,1.5,0,1,2,67,14
stu-miR399g-5p,80,81,4.567901234567901,4.5,1.5,0,1,2,67,14
stu-miR399h,80,81,4.567901234567901,4.5,1.5,0,1,2,67,14
stu-miR399k-5p,80,81,4.567901234567901,4.5,1.5,0,1,2,67,14
stu-miR399l-5p,80,81,4.567901234567901,4.5,1.5,0,1,2,67,14
stu-miR399m-5p,80,81,4.567901234567901,4.5,1.5,0,1,2,67,14
stu-miR399n-5p,80,81,4.567901234567901,4.5,1.5,0,1,2,67,14
stu-miR399o-5p,80,81,4.567901234567901,4.5,1.5,0,1,2,67,14
stu-miR7991a,80,81,4.277777777777778,4.5,2.0,0,1,7,63,18
stu-miR7991b,80,81,4.277777777777778,4.5,2.0,0,1,7,63,18
stu-miR7991c,80,81,4.277777777777778,4.5,2.0,0,1,7,63,18
stu-miR8015-5p,80,81,4.234567901234568,4.5,2.5,0,0,7,70,11
tae-miR9775,80,81,4.407407407407407,4.5,2.0,0,1,2,68,13
vvi-miR3634-5p,80,81,4.4753086419753085,4.5,2.0,0,1,3,69,12
ata-miR160c-3p,80,80,4.55,4.5,3.0,0,0,1,73,7
ata-miR399a-3p,80,80,4.54375,4.5,2.5,0,0,5,69,11
ata-miR399b-3p,80,80,4.54375,4.5,2.5,0,0,5,69,11
bdi-miR160b-3p,80,80,4.55,4.5,3.0,0,0,1,73,7
bdi-miR160c-3p,80,80,4.55,4.5,3.0,0,0,1,73,7
bdi-miR399b,80,80,4.54375,4.5,2.5,0,0,5,69,11
bdi-miR399c,80,80,4.54375,4.5,2.5,0,0,5,69,11
cre-miR908.1,80,80,4.425,4.5,3.0,0,0,2,48,32
csi-miR399c,80,80,4.54375,4.5,2.5,0,0,5,69,11
csi-miR399e,80,80,4.54375,4.5,2.5,0,0,5,69,11
gma-miR1520c,80,80,4.55625,4.5,3.0,0,0,1,64,16
gma-miR319i,80,80,4.40625,4.5,3.0,0,0,2,69,11
gma-miR399i,80,80,4.54375,4.5,2.5,0,0,5,69,11
gma-miR5225,80,80,4.48125,4.5,2.5,0,0,1,69,11
gra-miR8761,80,80,4.41875,4.5,3.0,0,0,4,62,18
mdm-miR399a,80,80,4.54375,4.5,2.5,0,0,5,69,11
mdm-miR399b,80,80,4.54375,4.5,2.5,0,0,5,69,11
mdm-miR399c,80,80,4.54375,4.5,2.5,0,0,5,69,11
mes-miR399a,80,80,4.54375,4.5,2.5,0,0,5,69,11
mtr-miR2619b-3p,80,80,4.4875,4.5,2.5,0,0,2,61,19
mtr-miR2652a,80,80,4.61875,4.75,3.0,0,0,1,69,11
mtr-miR2652b,80,80,4.61875,4.75,3.0,0,0,1,69,11
mtr-miR2652c,80,80,4.61875,4.75,3.0,0,0,1,69,11
mtr-miR2652d,80,80,4.61875,4.75,3.0,0,0,1,69,11
mtr-miR2652e,80,80,4.61875,4.75,3.0,0,0,1,69,11
mtr-miR2652f,80,80,4.61875,4.75,3.0,0,0,1,69,11
mtr-miR2652g,80,80,4.61875,4.75,3.0,0,0,1,69,11
mtr-miR2652h,80,80,4.61875,4.75,3.0,0,0,1,69,11
mtr-miR2652i,80,80,4.61875,4.75,3.0,0,0,1,69,11
mtr-miR2652j,80,80,4.61875,4.75,3.0,0,0,1,69,11
mtr-miR2652k,80,80,4.61875,4.75,3.0,0,0,1,69,11
mtr-miR2652l,80,80,4.61875,4.75,3.0,0,0,1,69,11
mtr-miR2652m,80,80,4.61875,4.75,3.0,0,0,1,69,11
mtr-miR399d,80,80,4.5,4.5,3.0,0,0,4,67,13
mtr-miR399m,80,80,4.5,4.5,3.0,0,0,4,67,13
mtr-miR399n,80,80,4.5,4.5,3.0,0,0,4,67,13
mtr-miR5554a-3p,80,80,4.4,4.5,3.0,0,0,3,64,16
mtr-miR5554b-3p,80,80,4.4,4.5,3.0,0,0,3,64,16
mtr-miR5554c-3p,80,80,4.4,4.5,3.0,0,0,3,64,16
mtr-miR5563-3p,80,80,4.4625,4.5,3.0,0,0,2,60,20
osa-miR160a-3p,80,80,4.55,4.5,3.0,0,0,1,73,7
osa-miR160b-3p,80,80,4.55,4.5,3.0,0,0,1,73,7
osa-miR169q,80,80,4.56875,5.0,3.0,0,0,3,62,18
osa-miR399a,80,80,4.54375,4.5,2.5,0,0,5,69,11
osa-miR399b,80,80,4.54375,4.5,2.5,0,0,5,69,11
osa-miR399c,80,80,4.54375,4.5,2.5,0,0,5,69,11
osa-miR5510,80,80,4.54375,4.5,2.0,0,1,3,54,26
ptc-miR399f,80,80,4.54375,4.5,2.5,0,0,5,69,11
ptc-miR399g,80,80,4.54375,4.5,2.5,0,0,5,69,11
ptc-miR6451,80,80,4.575,4.5,2.5,0,0,2,56,24
sbi-miR399a,80,80,4.54375,4.5,2.5,0,0,5,69,11
sbi-miR399c,80,80,4.54375,4.5,2.5,0,0,5,69,11
sbi-miR399h,80,80,4.54375,4.5,2.5,0,0,5,69,11
sbi-miR399j,80,80,4.54375,4.5,2.5,0,0,5,69,11
tcc-miR399g,80,80,4.54375,4.5,2.5,0,0,5,69,11
vun-miR399b,80,80,4.54375,4.5,2.5,0,0,5,69,11
vvi-miR399a,80,80,4.54375,4.5,2.5,0,0,5,69,11
vvi-miR399h,80,80,4.54375,4.5,2.5,0,0,5,69,11
zma-miR160b-3p,80,80,4.55,4.5,3.0,0,0,1,73,7
zma-miR160g-3p,80,80,4.55,4.5,3.0,0,0,1,73,7
zma-miR399a-3p,80,80,4.54375,4.5,2.5,0,0,5,69,11
zma-miR399c-3p,80,80,4.54375,4.5,2.5,0,0,5,69,11
zma-miR399h-3p,80,80,4.54375,4.5,2.5,0,0,5,69,11
osa-miR1846a-3p,79,86,4.5523255813953485,4.5,2.5,0,0,1,71,15
osa-miR1846b-3p,79,86,4.5523255813953485,4.5,2.5,0,0,1,71,15
ptc-miR480,79,86,4.296511627906977,4.5,2.5,0,0,8,83,3
gma-miR172d,79,85,3.9823529411764707,4.5,0.5,6,9,16,68,17
gma-miR172e,79,85,3.9823529411764707,4.5,0.5,6,9,16,68,17
osa-miR2932,79,84,4.565476190476191,4.5,2.5,0,0,2,72,12
gma-miR167i,79,83,4.349397590361446,4.5,2.5,0,0,6,72,11
ata-miR171d-5p,79,82,4.591463414634147,4.5,3.5,0,0,0,71,11
bdi-miR171d-5p,79,82,4.591463414634147,4.5,3.5,0,0,0,71,11
gma-miR5784,79,82,4.551829268292683,4.5,3.0,0,0,1,73,9
hvu-miR171-5p,79,82,4.591463414634147,4.5,3.5,0,0,0,71,11
smo-miR1112-3p,79,82,4.353658536585366,4.5,2.0,0,2,5,64,18
tae-miR1136,79,82,4.347560975609756,4.5,2.0,0,1,4,70,12
bdi-miR5167a-3p,79,81,4.339506172839506,4.5,2.5,0,0,5,58,23
gra-miR8709a,79,81,4.672839506172839,5.0,2.0,0,1,1,63,18
hme-miR-965,79,81,4.302469135802469,4.5,2.5,0,0,6,64,17
hvu-miR6207,79,81,4.617283950617284,4.5,3.0,0,0,1,65,16
mtr-miR5208a,79,81,4.320987654320987,4.5,2.0,0,2,7,70,11
mtr-miR5208b,79,81,4.320987654320987,4.5,2.0,0,2,7,70,11
mtr-miR5208c,79,81,4.320987654320987,4.5,2.0,0,2,7,70,11
pab-miR3699,79,81,4.5,4.5,3.0,0,0,2,65,16
ptc-miR474a,79,81,4.154320987654321,4.5,2.0,0,3,13,61,20
sbi-miR5565d,79,81,4.407407407407407,4.5,3.0,0,0,5,65,16
smo-miR1100,79,81,4.611111111111111,4.5,3.0,0,0,1,62,19
zma-miR167a-3p,79,81,4.438271604938271,4.5,2.0,0,2,2,71,10
ahy-miR3509-5p,79,80,4.48125,4.5,1.5,0,1,2,69,11
bdi-miR5176-5p,79,80,4.59375,4.5,3.5,0,0,0,59,21
esi-miR3469-3p,79,80,4.43125,4.5,2.5,0,0,5,53,27
ghr-miR7499,79,80,4.29375,4.5,2.0,0,1,8,67,13
gra-miR8758,79,80,4.30625,4.5,3.0,0,0,5,70,10
hme-miR-6306-5p,79,80,4.3125,4.5,3.0,0,0,3,68,12
hvu-miR6195,79,80,4.55,4.75,3.0,0,0,1,75,5
ptc-miR171l-5p,79,80,4.45625,4.5,3.0,0,0,5,73,7
pti-miR5479,79,80,4.340625,4.5,2.0,0,1,2,66,14
aly-miR4235,79,79,4.651898734177215,5.0,3.5,0,0,0,68,11
aqu-miR-2016-5p,79,79,4.506329113924051,4.5,2.5,0,0,4,69,10
esi-miR3451-3p,79,79,4.6265822784810124,5.0,2.5,0,0,3,69,10
gma-miR169i-3p,79,79,4.594936708860759,4.5,3.0,0,0,2,61,18
hvu-miR5049d,79,79,4.6835443037974684,5.0,3.5,0,0,0,65,14
mtr-miR2674,79,79,4.582278481012659,4.5,3.0,0,0,1,74,5
mtr-miR5288,79,79,4.075949367088608,4.0,2.5,0,0,8,69,10
osa-miR169p,79,79,4.487341772151899,4.5,2.0,0,1,3,61,18
osa-miR1849,79,79,4.6075949367088604,5.0,3.0,0,0,2,63,16
osa-miR5804,79,79,4.531645569620253,4.5,2.5,0,0,4,67,12
rgl-miR7806,79,79,4.348101265822785,4.5,2.0,0,1,4,68,11
tae-miR9654b-3p,79,79,4.405063291139241,4.5,2.5,0,0,5,65,14
vvi-miR171h,79,79,4.6265822784810124,5.0,0.5,1,1,1,56,23
mtr-miR5290,78,83,4.27710843373494,4.5,2.5,0,0,8,69,14
bra-miR9561-5p,78,81,4.283950617283951,4.5,2.5,0,0,7,58,23
gra-miR8778,78,81,4.185185185185185,4.5,2.0,0,1,16,60,21
ath-miR8175,78,80,4.55,4.5,3.5,0,0,0,69,11
esi-miR8622a,78,80,4.575,4.5,3.0,0,0,2,71,9
esi-miR8622b,78,80,4.575,4.5,3.0,0,0,2,71,9
mtr-miR2632a,78,80,4.4375,4.5,3.0,0,0,4,52,28
mtr-miR2632b,78,80,4.4375,4.5,3.0,0,0,4,52,28
mtr-miR2632c,78,80,4.4375,4.5,3.0,0,0,4,52,28
osa-miR5812,78,80,4.3375,4.5,2.5,0,0,6,79,1
osa-miR7694-3p,78,80,4.55625,4.5,3.0,0,0,2,69,11
sbi-miR6222-3p,78,80,4.5125,4.5,2.5,0,0,3,74,6
bdi-miR166i-5p,78,79,4.512658227848101,4.5,3.5,0,0,0,61,18
bdi-miR7713-3p,78,79,4.291139240506329,4.5,2.0,0,1,6,70,9
bdi-miR7737-5p,78,79,4.310126582278481,4.5,2.0,0,1,8,66,13
bdi-miR9481a,78,79,4.329113924050633,4.5,2.5,0,0,4,73,6
gma-miR9745,78,79,4.2784810126582276,4.5,1.5,0,1,5,70,9
hme-miR-92a,78,79,4.620253164556962,4.5,3.0,0,0,1,69,10
mtr-miR2592ae,78,79,4.575949367088608,4.5,3.0,0,0,1,63,16
osa-miR5143a,78,79,4.310126582278481,4.5,2.5,0,0,7,72,7
osa-miR5143b,78,79,4.310126582278481,4.5,2.5,0,0,7,72,7
ppt-miR1077-3p,78,79,4.69620253164557,5.0,3.0,0,0,1,55,24
sbi-miR2118-5p,78,79,4.4113924050632916,4.5,2.5,0,0,3,46,33
stu-miR3627-5p,78,79,4.575949367088608,5.0,2.0,0,1,2,61,18
aly-miR4247,78,78,4.583333333333333,4.5,2.5,0,0,2,65,13
aly-miR862-3p,78,78,4.487179487179487,4.5,3.5,0,0,0,61,17
bdi-miR156f-3p,78,78,4.435897435897436,4.5,1.0,1,1,2,64,14
bdi-miR5065,78,78,4.487179487179487,4.5,2.0,0,2,2,65,13
bra-miR5718,78,78,4.410256410256411,4.5,2.5,0,0,3,60,18
cme-miR169a,78,78,4.4743589743589745,4.5,1.0,1,1,5,63,15
cme-miR169b,78,78,4.4743589743589745,4.5,1.0,1,1,5,63,15
cre-miR919.1,78,78,4.519230769230769,4.5,2.0,0,1,3,57,21
hme-miR-9a,78,78,4.461538461538462,4.5,2.0,0,1,2,68,10
hvu-miR1436,78,78,4.596153846153846,4.5,2.5,0,0,2,63,15
lja-miR7544,78,78,4.352564102564102,4.5,3.0,0,0,6,64,14
mtr-miR2592bq-5p,78,78,4.641025641025641,4.5,3.5,0,0,0,60,18
mtr-miR5760,78,78,4.064102564102564,4.5,1.5,0,2,15,68,10
nta-miR1446,78,78,4.282051282051282,4.5,2.0,0,1,3,60,18
osa-miR1436,78,78,4.596153846153846,4.5,2.5,0,0,2,63,15
sbi-miR6231-5p,78,78,4.397435897435898,4.5,2.0,0,1,5,68,10
ata-miR160b-3p,77,89,4.455056179775281,4.5,3.0,0,0,2,83,6
ath-miR156b-3p,77,82,4.341463414634147,4.5,2.0,0,1,5,73,9
bdi-miR7767-5p,77,82,4.5426829268292686,4.5,1.5,0,1,4,65,17
bra-miR156e-3p,77,82,4.341463414634147,4.5,2.0,0,1,5,73,9
gma-miR169d,77,81,4.345679012345679,4.5,1.5,0,2,6,65,16
gma-miR9746a,77,81,4.222222222222222,4.5,2.0,0,2,10,66,15
gma-miR9746b,77,81,4.222222222222222,4.5,2.0,0,2,10,66,15
gma-miR9746c,77,81,4.222222222222222,4.5,2.0,0,2,10,66,15
gma-miR9746d,77,81,4.222222222222222,4.5,2.0,0,2,10,66,15
gma-miR9746e,77,81,4.222222222222222,4.5,2.0,0,2,10,66,15
gma-miR9746f,77,81,4.222222222222222,4.5,2.0,0,2,10,66,15
gma-miR9746g,77,81,4.222222222222222,4.5,2.0,0,2,10,66,15
gma-miR9746h,77,81,4.222222222222222,4.5,2.0,0,2,10,66,15
zma-miR395a-5p,77,81,4.333333333333333,4.5,0.5,1,2,7,62,19
aly-miR3446-3p,77,79,4.291139240506329,4.5,2.0,0,2,8,73,6
aly-miR828-3p,77,79,4.3544303797468356,4.5,2.0,0,1,4,77,2
bdi-miR7717c-3p,77,79,4.39873417721519,4.5,2.5,0,0,1,66,13
bdi-miR7730-3p,77,79,4.4113924050632916,4.5,2.5,0,0,7,43,36
cca-miR6117,77,79,4.310126582278481,4.5,2.5,0,0,5,58,21
cre-miR909.2,77,79,4.512658227848101,4.5,3.0,0,0,1,67,12
cre-miR914,77,79,4.5886075949367084,4.5,3.5,0,0,0,75,4
csi-miR482c,77,79,4.481012658227848,4.5,3.0,0,0,2,65,14
gma-miR4415b-5p,77,79,4.3544303797468356,4.5,2.5,0,0,6,66,13
gma-miR4998,77,79,4.462025316455696,4.5,3.0,0,0,4,60,19
gma-miR5044,77,79,4.5,4.5,2.0,0,1,1,62,17
stu-miR6026-5p,77,79,4.2974683544303796,4.5,1.5,0,2,7,68,11
stu-miR8032a-3p,77,79,4.525316455696203,4.5,3.0,0,0,1,66,13
stu-miR8032e-3p,77,79,4.525316455696203,4.5,3.0,0,0,1,66,13
tae-miR9662a-3p,77,79,4.531645569620253,4.5,3.0,0,0,2,60,19
aly-miR399g-5p,77,78,4.410256410256411,4.5,3.0,0,0,5,65,13
aly-miR399i-5p,77,78,4.410256410256411,4.5,3.0,0,0,5,65,13
aqc-miR398b,77,78,4.583333333333333,5.0,2.5,0,0,2,63,15
ata-miR398f-3p,77,78,4.583333333333333,5.0,2.5,0,0,2,61,17
ata-miR398g-3p,77,78,4.583333333333333,5.0,2.5,0,0,2,61,17
bdi-miR398a,77,78,4.583333333333333,5.0,2.5,0,0,2,63,15
cca-miR398,77,78,4.583333333333333,5.0,2.5,0,0,2,63,15
cme-miR398a,77,78,4.583333333333333,5.0,2.5,0,0,2,63,15
csi-miR477a,77,78,4.519230769230769,4.5,2.5,0,0,3,69,9
gma-miR398c,77,78,4.583333333333333,5.0,2.5,0,0,2,63,15
gma-miR398d,77,78,4.583333333333333,5.0,2.5,0,0,2,63,15
gma-miR9747,77,78,4.4743589743589745,4.5,3.5,0,0,0,68,10
gma-miR9765,77,78,4.5576923076923075,4.5,2.5,0,0,1,63,15
mdm-miR398b,77,78,4.583333333333333,5.0,2.5,0,0,2,63,15
mdm-miR398c,77,78,4.583333333333333,5.0,2.5,0,0,2,63,15
mdm-miR7125,77,78,4.493589743589744,4.5,2.0,0,1,5,67,11
mtr-miR2087-5p,77,78,4.5993589743589745,5.0,3.0,0,0,3,58,20
mtr-miR398b,77,78,4.583333333333333,5.0,2.5,0,0,2,63,15
mtr-miR398c,77,78,4.583333333333333,5.0,2.5,0,0,2,63,15
nta-miR398,77,78,4.583333333333333,5.0,2.5,0,0,2,63,15
osa-miR1874-3p,77,78,4.333333333333333,4.5,2.5,0,0,4,63,15
osa-miR398b,77,78,4.583333333333333,5.0,2.5,0,0,2,63,15
osa-miR5340,77,78,4.211538461538462,4.5,2.0,0,1,7,65,13
ppt-miR1025,77,78,4.423076923076923,4.5,3.0,0,0,2,65,13
ptc-miR398b,77,78,4.583333333333333,5.0,2.5,0,0,2,63,15
ptc-miR398c-3p,77,78,4.583333333333333,5.0,2.5,0,0,2,63,15
ptc-miR474c,77,78,4.134615384615385,4.0,2.0,0,1,12,69,9
ptc-miR7834,77,78,4.519230769230769,4.5,3.0,0,0,2,67,11
rco-miR398b,77,78,4.583333333333333,5.0,2.5,0,0,2,63,15
sbi-miR398,77,78,4.583333333333333,5.0,2.5,0,0,2,61,17
tae-miR398,77,78,4.583333333333333,5.0,2.5,0,0,2,61,17
tae-miR9783,77,78,4.532051282051282,4.5,3.0,0,0,2,69,9
tcc-miR398a,77,78,4.583333333333333,5.0,2.5,0,0,2,63,15
vvi-miR398b,77,78,4.583333333333333,5.0,2.5,0,0,2,63,15
vvi-miR398c,77,78,4.583333333333333,5.0,2.5,0,0,2,63,15
zma-miR398a-3p,77,78,4.583333333333333,5.0,2.5,0,0,2,61,17
zma-miR398b-3p,77,78,4.583333333333333,5.0,2.5,0,0,2,61,17
aqu-miR-2018-3p,77,77,4.5064935064935066,4.5,2.5,0,0,1,61,16
bra-miR9553-5p,77,77,4.487012987012987,4.5,3.5,0,0,0,65,12
cca-miR169a,77,77,4.454545454545454,4.5,2.0,0,1,3,66,11
cme-miR169i,77,77,4.5064935064935066,4.5,1.0,1,1,5,62,15
cme-miR169j,77,77,4.5064935064935066,4.5,1.0,1,1,5,62,15
cme-miR169l,77,77,4.5064935064935066,4.5,1.0,1,1,5,62,15
cme-miR169m,77,77,4.5064935064935066,4.5,1.0,1,1,5,62,15
gra-miR8653a,77,77,4.623376623376624,5.0,3.0,0,0,1,68,9
gra-miR8694a,77,77,4.474025974025974,4.5,2.0,0,1,4,74,3
gra-miR8694b,77,77,4.474025974025974,4.5,2.0,0,1,4,74,3
mtr-miR2592bo-5p,77,77,4.616883116883117,5.0,3.5,0,0,0,61,16
nta-miR169t,77,77,4.454545454545454,4.5,2.0,0,1,3,66,11
nta-miR5303a,77,77,4.694805194805195,5.0,3.0,0,0,1,56,21
nta-miR5303b,77,77,4.694805194805195,5.0,3.0,0,0,1,56,21
osa-miR5531,77,77,4.636363636363637,5.0,3.0,0,0,1,65,12
ppt-miR897,77,77,4.207792207792208,4.5,2.5,0,0,8,64,13
ptc-miR6472,77,77,4.487012987012987,4.5,2.5,0,0,2,58,19
aly-miR164a-3p,76,82,4.567073170731708,4.5,3.0,0,0,4,62,20
bdi-miR5181d,76,80,4.525,4.5,2.0,0,1,2,73,7
crt-miR166b,76,79,4.012658227848101,4.5,0.5,7,8,14,64,15
esi-miR8623a,76,79,4.544303797468355,4.5,3.0,0,0,1,60,19
esi-miR8623d,76,79,4.544303797468355,4.5,3.0,0,0,1,60,19
gma-miR5035-3p,76,79,4.3354430379746836,4.5,2.5,0,0,5,66,13
aly-miR402-5p,76,78,4.480769230769231,4.5,2.5,0,0,2,65,13
ghr-miR7501,76,78,4.403846153846154,4.5,3.0,0,0,4,67,11
gma-miR4386,76,78,4.333333333333333,4.5,2.5,0,0,7,67,11
gra-miR8769,76,78,4.371794871794871,4.5,2.5,0,0,6,61,17
mtr-miR5284h,76,78,4.294871794871795,4.5,2.0,0,1,7,57,21
osa-miR5151,76,78,4.583333333333333,5.0,2.5,0,0,3,69,9
stu-miR8007a-5p,76,78,4.282051282051282,4.5,3.0,0,0,7,72,6
stu-miR8011b-3p,76,78,4.4423076923076925,4.5,1.5,0,1,2,54,24
vvi-miR169y,76,78,4.576923076923077,4.5,3.0,0,0,2,65,13
aly-miR1887,76,77,4.337662337662338,4.5,1.5,0,1,5,66,11
aly-miR402-3p,76,77,4.4480519480519485,4.5,3.0,0,0,2,58,19
ath-miR771,76,77,4.603896103896104,4.5,3.5,0,0,0,60,17
cre-miR1160.3,76,77,4.597402597402597,5.0,3.0,0,0,2,57,20
gma-miR4348a,76,77,4.376623376623376,4.5,3.0,0,0,4,71,6
hme-miR-252,76,77,4.607142857142857,4.5,3.5,0,0,0,71,6
hme-miR-6308-3p,76,77,4.194805194805195,4.5,2.0,0,1,3,66,11
hvu-miR6176,76,77,4.363636363636363,4.5,3.0,0,0,5,67,10
mdm-miR482a-3p,76,77,4.357142857142857,4.5,2.0,0,1,3,63,14
nta-miR6025e,76,77,4.435064935064935,4.5,3.0,0,0,1,65,12
ppt-miR2077,76,77,4.3896103896103895,4.5,3.0,0,0,4,52,25
ppt-miR2085,76,77,4.564935064935065,4.5,2.0,0,1,2,65,12
rgl-miR7809,76,77,4.545454545454546,4.5,3.5,0,0,0,61,16
smo-miR319,76,77,4.558441558441558,4.5,3.0,0,0,2,58,19
stu-miR5304-5p,76,77,4.292207792207792,4.5,2.0,0,1,8,61,16
stu-miR8025-3p,76,77,4.48051948051948,4.5,2.5,0,0,4,64,13
ath-miR420,76,76,4.532894736842105,4.5,3.0,0,0,2,61,15
ath-miR5645c,76,76,4.532894736842105,4.75,2.5,0,0,2,60,16
bdi-miR160f,76,76,4.2368421052631575,4.5,0.0,6,6,8,55,21
bdi-miR5070,76,76,4.493421052631579,4.5,2.5,0,0,2,71,5
bdi-miR5171a,76,76,4.671052631578948,5.0,4.0,0,0,0,62,14
bdi-miR5171b,76,76,4.671052631578948,5.0,4.0,0,0,0,62,14
gma-miR160b,76,76,4.2368421052631575,4.5,0.0,6,6,8,55,21
gma-miR160c,76,76,4.2368421052631575,4.5,0.0,6,6,8,55,21
gma-miR160d,76,76,4.2368421052631575,4.5,0.0,6,6,8,55,21
gma-miR160e,76,76,4.2368421052631575,4.5,0.0,6,6,8,55,21
gma-miR9731,76,76,4.605263157894737,5.0,3.0,0,0,3,65,11
gra-miR8729,76,76,4.532894736842105,4.5,2.5,0,0,1,61,15
htu-miR160a,76,76,4.2368421052631575,4.5,0.0,6,6,8,55,21
mtr-miR2620,76,76,4.598684210526316,4.5,3.0,0,0,1,50,26
mtr-miR4414a-3p,76,76,4.565789473684211,4.5,3.0,0,0,1,62,14
osa-miR3981-5p,76,76,4.552631578947368,4.5,2.5,0,0,1,63,13
osa-miR820a,76,76,4.6644736842105265,5.0,3.5,0,0,0,64,12
osa-miR820b,76,76,4.6644736842105265,5.0,3.5,0,0,0,64,12
osa-miR820c,76,76,4.6644736842105265,5.0,3.5,0,0,0,64,12
rgl-miR7804-5p,76,76,4.440789473684211,4.5,3.0,0,0,4,65,11
stu-miR408a-5p,76,76,4.625,4.75,3.0,0,0,1,62,14
stu-miR8032a-5p,76,76,4.717105263157895,5.0,2.5,0,0,1,67,9
stu-miR8032b-5p,76,76,4.717105263157895,5.0,2.5,0,0,1,67,9
stu-miR8032c,76,76,4.717105263157895,5.0,2.5,0,0,1,67,9
stu-miR8032d-5p,76,76,4.717105263157895,5.0,2.5,0,0,1,67,9
stu-miR8032e-5p,76,76,4.717105263157895,5.0,2.5,0,0,1,67,9
stu-miR8032f-5p,76,76,4.717105263157895,5.0,2.5,0,0,1,67,9
stu-miR8032g-5p,76,76,4.717105263157895,5.0,2.5,0,0,1,67,9
zma-miR169e,76,76,4.5855263157894735,4.5,3.0,0,0,1,59,17
ppt-miR477f,75,81,4.425925925925926,4.5,1.5,0,2,4,63,18
ppt-miR477g-5p,75,81,4.425925925925926,4.5,1.5,0,2,4,63,18
cme-miR399d,75,79,4.436708860759493,4.5,3.0,0,0,8,67,12
cme-miR399e,75,79,4.436708860759493,4.5,3.0,0,0,8,67,12
tae-miR5384-3p,75,79,4.617088607594937,5.0,3.0,0,0,1,70,9
gra-miR8735,75,78,4.467948717948718,4.5,3.5,0,0,0,53,25
bdi-miR7750-5p,75,77,4.2727272727272725,4.5,2.0,0,1,4,67,10
bra-miR9552b-5p,75,77,4.616883116883117,4.5,2.5,0,0,3,46,31
gra-miR8713,75,77,4.467532467532467,4.5,2.5,0,0,3,67,10
hbr-miR482a,75,77,4.35064935064935,4.5,3.0,0,0,3,59,18
mtr-miR5216a,75,77,4.3311688311688314,4.5,2.0,0,1,5,67,10
mtr-miR5216b,75,77,4.3311688311688314,4.5,2.0,0,1,5,67,10
ath-miR5637,75,76,4.506578947368421,4.5,2.5,0,0,2,66,10
cre-miR1154-3p,75,76,4.657894736842105,5.0,3.0,0,0,2,51,25
gma-miR4410,75,76,4.302631578947368,4.5,3.0,0,0,2,64,12
mtr-miR5559-3p,75,76,4.532894736842105,5.0,2.5,0,0,1,65,11
nta-miR6164a,75,76,4.625,5.0,2.5,0,0,2,70,6
nta-miR6164b,75,76,4.625,5.0,2.5,0,0,2,70,6
osa-miR1882e-3p,75,76,4.322368421052632,4.5,2.0,0,1,7,70,6
osa-miR5157a-3p,75,76,4.282894736842105,4.5,2.5,0,0,5,59,17
osa-miR5157b-3p,75,76,4.282894736842105,4.5,2.5,0,0,5,59,17
sbi-miR6225-3p,75,76,4.434210526315789,4.5,1.5,0,1,3,69,7
stu-miR6024-5p,75,76,4.401315789473684,4.5,3.0,0,0,1,54,22
zma-miR171a-3p,75,76,4.605263157894737,5.0,0.0,1,1,2,52,24
ahy-miR160-5p,75,75,4.3133333333333335,4.5,0.0,6,6,8,49,26
aly-miR853-3p,75,75,4.426666666666667,4.5,2.0,0,1,6,65,10
aqu-miR-2021-5p,75,75,4.6066666666666665,5.0,2.0,0,1,4,53,22
ath-miR5655,75,75,4.56,4.5,3.0,0,0,2,56,19
ath-miR5659,75,75,4.273333333333333,4.5,2.0,0,1,7,59,16
bdi-miR160e-5p,75,75,4.3133333333333335,4.5,0.0,6,6,8,49,26
bdi-miR169i,75,75,4.413333333333333,4.5,2.5,0,0,2,65,10
cme-miR160d,75,75,4.3133333333333335,4.5,0.0,6,6,8,49,26
cpa-miR160d,75,75,4.3133333333333335,4.5,0.0,6,6,8,49,26
cre-miR1151b-5p,75,75,4.6466666666666665,4.5,3.0,0,0,1,60,15
gma-miR397b-3p,75,75,4.58,4.5,3.5,0,0,0,69,6
gma-miR4367,75,75,4.466666666666667,4.5,3.5,0,0,0,60,15
gma-miR5033,75,75,4.52,4.5,2.0,0,1,3,56,19
gma-miR5034,75,75,4.453333333333333,4.5,3.0,0,0,2,57,18
gma-miR5378,75,75,4.44,4.5,2.0,0,1,2,65,10
hvu-miR397b-3p,75,75,4.72,5.0,3.5,0,0,0,59,16
mdm-miR7122a,75,75,4.54,4.5,2.5,0,0,3,62,13
mdm-miR7122b,75,75,4.54,4.5,2.5,0,0,3,62,13
mtr-miR160c,75,75,4.3133333333333335,4.5,0.0,6,6,8,49,26
mtr-miR2618a,75,75,4.54,4.5,3.0,0,0,3,74,1
mtr-miR2618b,75,75,4.54,4.5,3.0,0,0,3,74,1
mtr-miR398a-5p,75,75,4.493333333333333,4.5,3.0,0,0,3,57,18
osa-miR1428a-3p,75,75,4.506666666666667,4.5,3.0,0,0,2,61,14
osa-miR160f-5p,75,75,4.3133333333333335,4.5,0.0,6,6,8,49,26
osa-miR5080,75,75,4.68,5.0,3.0,0,0,1,62,13
osa-miR5518,75,75,4.466666666666667,4.5,3.0,0,0,1,50,25
osa-miR810b.1,75,75,4.666666666666667,5.0,3.0,0,0,1,62,13
pab-miR3710,75,75,4.62,5.0,3.0,0,0,1,63,12
ptc-miR1445,75,75,4.54,4.5,2.5,0,0,1,57,18
ptc-miR160e-5p,75,75,4.3133333333333335,4.5,0.0,6,6,8,49,26
ptc-miR160f,75,75,4.3133333333333335,4.5,0.0,6,6,8,49,26
ptc-miR169u-5p,75,75,4.633333333333334,5.0,3.0,0,0,1,51,24
ptc-miR7833,75,75,4.6,4.5,3.5,0,0,0,62,13
rco-miR160c,75,75,4.3133333333333335,4.5,0.0,6,6,8,49,26
sbi-miR160f,75,75,4.3133333333333335,4.5,0.0,6,6,8,49,26
stu-miR4376-5p,75,75,4.493333333333333,4.5,2.5,0,0,2,72,3
stu-miR7997c,75,75,4.293333333333333,4.5,2.0,0,1,5,64,11
tae-miR1121,75,75,4.513333333333334,4.5,3.0,0,0,1,60,15
tae-miR9659-3p,75,75,4.413333333333333,4.5,2.5,0,0,2,53,22
tcc-miR160a,75,75,4.3133333333333335,4.5,0.0,6,6,8,49,26
zma-miR395f-5p,75,75,4.706666666666667,5.0,3.0,0,0,1,65,10
bdi-miR7721-3p,74,87,4.390804597701149,4.5,2.0,0,1,9,77,10
gra-miR8750,74,81,4.364197530864198,4.5,2.0,0,1,4,68,13
ghr-miR7504b,74,78,4.371794871794871,4.5,2.5,0,0,6,65,13
stu-miR7982a,74,78,4.455128205128205,4.5,3.0,0,0,5,65,13
stu-miR7982b,74,78,4.455128205128205,4.5,3.0,0,0,5,65,13
bdi-miR7759-5p,74,77,4.5064935064935066,4.5,3.0,0,0,1,70,7
bra-miR9563b-5p,74,77,4.337662337662338,4.5,2.5,0,0,4,63,14
gra-miR7492n,74,77,4.402597402597403,4.5,2.5,0,0,5,71,6
mtr-miR5298b,74,77,4.185064935064935,4.5,2.0,0,2,11,69,8
mtr-miR5298c,74,77,4.185064935064935,4.5,2.0,0,2,11,69,8
ata-miR164a-3p,74,76,4.644736842105263,5.0,3.5,0,0,0,64,12
esi-miR3467-3p,74,76,4.467105263157895,4.5,2.0,0,1,4,70,6
ghr-miR7494,74,76,4.269736842105263,4.5,2.0,0,1,6,42,34
ghr-miR7507,74,76,4.256578947368421,4.5,2.0,0,2,7,60,16
hvu-miR6211,74,76,4.7105263157894735,5.0,3.5,0,0,0,36,40
aqc-miR160a,74,75,4.24,4.5,0.5,6,6,8,47,28
cca-miR160a,74,75,4.24,4.5,0.5,6,6,8,47,28
esi-miR3462-5p,74,75,4.706666666666667,5.0,3.0,0,0,1,64,11
gra-miR8636,74,75,4.626666666666667,5.0,3.0,0,0,3,71,4
hme-miR-133,74,75,4.506666666666667,4.5,2.5,0,0,4,69,6
mtr-miR2629h,74,75,4.3566666666666665,4.5,3.0,0,0,5,59,16
mtr-miR5755,74,75,4.546666666666667,4.5,2.5,0,0,3,64,11
osa-miR5807,74,75,4.366666666666666,4.5,2.5,0,0,8,67,8
ptc-miR160g,74,75,4.24,4.5,0.5,6,6,8,47,28
smo-miR1115-3p,74,75,4.54,4.5,2.5,0,0,1,59,16
tcc-miR160c,74,75,4.24,4.5,0.5,6,6,8,47,28
aly-miR833-5p,74,74,4.371621621621622,4.5,3.0,0,0,5,61,13
ath-miR1887,74,74,4.614864864864865,5.0,3.0,0,0,2,69,5
ath-miR4228-3p,74,74,4.52027027027027,4.5,2.5,0,0,2,55,19
ath-miR447c-5p,74,74,4.621621621621622,4.5,3.5,0,0,0,60,14
bra-miR156c-3p,74,74,4.412162162162162,4.5,1.0,1,1,2,60,14
bra-miR156g-3p,74,74,4.412162162162162,4.5,1.0,1,1,2,60,14
gma-miR1527,74,74,4.5675675675675675,4.5,3.0,0,0,2,59,15
gma-miR169h,74,74,4.621621621621622,5.0,2.5,0,0,2,64,10
gma-miR9738,74,74,4.45945945945946,4.5,2.0,0,1,5,59,15
gra-miR7486c,74,74,4.202702702702703,4.5,2.5,0,0,7,58,16
gra-miR8675b,74,74,4.168918918918919,4.5,2.0,0,2,9,63,11
hbr-miR6172,74,74,4.547297297297297,4.5,3.0,0,0,1,69,5
hme-miR-1000,74,74,4.445945945945946,4.5,3.0,0,0,2,58,16
mtr-miR2624,74,74,4.486486486486487,4.5,2.5,0,0,4,57,17
osa-miR1428e-5p,74,74,4.412162162162162,4.5,2.0,0,1,3,62,12
osa-miR1428f-5p,74,74,4.412162162162162,4.5,2.0,0,1,3,62,12
osa-miR1428g-5p,74,74,4.412162162162162,4.5,2.0,0,1,3,62,12
osa-miR1856,74,74,4.614864864864865,5.0,3.0,0,0,2,55,19
osa-miR1859,74,74,4.391891891891892,4.5,3.0,0,0,3,48,26
osa-miR2091-5p,74,74,4.5608108108108105,4.5,3.5,0,0,0,54,20
osa-miR2905,74,74,4.527027027027027,4.5,3.5,0,0,0,66,8
osa-miR5791,74,74,4.641891891891892,5.0,3.5,0,0,0,56,18
ppt-miR1071-3p,74,74,4.668918918918919,5.0,2.0,0,1,1,59,15
vvi-miR3628-5p,74,74,4.668918918918919,5.0,3.0,0,0,3,55,19
sly-miR5300,73,79,4.531645569620253,4.5,3.0,0,0,1,66,13
ata-miR169a-5p,73,76,4.394736842105263,4.5,2.5,0,0,4,65,11
ata-miR169b-5p,73,76,4.394736842105263,4.5,2.5,0,0,4,65,11
ata-miR169j-5p,73,76,4.394736842105263,4.5,2.5,0,0,4,65,11
gma-miR4370,73,76,4.440789473684211,4.5,2.5,0,0,4,61,15
gra-miR8748,73,76,4.315789473684211,4.5,3.0,0,0,4,63,13
bdi-miR160d-3p,73,75,4.546666666666667,5.0,2.0,0,2,5,69,6
ddi-miR-7105,73,75,4.61,4.5,2.5,0,0,1,67,8
gma-miR5772,73,75,4.173333333333333,4.0,2.5,0,0,5,63,12
lja-miR7527,73,75,4.566666666666666,4.5,3.0,0,0,1,59,16
mtr-miR5756,73,75,4.673333333333333,5.0,2.0,0,1,2,65,10
osa-miR160c-3p,73,75,4.546666666666667,5.0,2.0,0,2,5,69,6
osa-miR440,73,75,4.433333333333334,4.5,1.5,0,1,4,67,8
ptc-miR1449,73,75,4.6466666666666665,5.0,2.5,0,0,2,47,28
ptc-miR6431,73,75,4.3533333333333335,4.5,2.0,0,1,5,54,21
pti-miR5472,73,75,4.493333333333333,4.5,2.5,0,0,4,54,21
tae-miR531,73,75,4.54,4.5,1.5,0,1,2,60,15
ahy-miR3510,73,74,4.581081081081081,4.5,3.5,0,0,0,62,12
aly-miR390b-3p,73,74,4.493243243243243,4.5,3.0,0,0,1,58,16
bdi-miR5165-3p,73,74,4.472972972972973,4.5,3.0,0,0,3,67,7
ghr-miR7493,73,74,4.391891891891892,4.5,2.5,0,0,3,59,15
gma-miR1529,73,74,4.486486486486487,4.5,2.0,0,1,2,57,17
gma-miR169i-5p,73,74,4.4391891891891895,4.5,3.0,0,0,4,60,14
gma-miR4401a,73,74,4.1824324324324325,4.5,2.0,0,1,7,72,2
gma-miR9733,73,74,4.601351351351352,4.5,3.0,0,0,1,50,24
gra-miR8679,73,74,4.493243243243243,4.5,2.5,0,0,3,54,20
gra-miR8743b,73,74,4.3108108108108105,4.5,2.5,0,0,3,64,10
mes-miR171e,73,74,4.5608108108108105,4.5,1.0,1,1,2,51,23
mes-miR171f,73,74,4.5608108108108105,4.5,1.0,1,1,2,51,23
mtr-miR171e-3p,73,74,4.5608108108108105,4.5,1.0,1,1,2,51,23
mtr-miR2600e,73,74,4.358108108108108,4.5,1.5,0,2,4,67,7
osa-miR2101-3p,73,74,4.533783783783784,4.5,3.0,0,0,2,66,8
ppt-miR898a-5p,73,74,4.574324324324325,4.5,3.0,0,0,1,56,18
ppt-miR898b,73,74,4.574324324324325,4.5,3.0,0,0,1,56,18
ptc-miR171c,73,74,4.5608108108108105,4.5,1.0,1,1,2,51,23
ptc-miR171d,73,74,4.5608108108108105,4.5,1.0,1,1,2,51,23
rco-miR171g,73,74,4.5608108108108105,4.5,1.0,1,1,2,51,23
tcc-miR171b,73,74,4.5608108108108105,4.5,1.0,1,1,2,51,23
tcc-miR171c,73,74,4.5608108108108105,4.5,1.0,1,1,2,51,23
zma-miR395b-5p,73,74,4.391891891891892,4.5,2.5,0,0,4,64,10
aly-miR156c-3p,73,73,4.410958904109589,4.5,1.0,1,1,2,60,13
ath-miR156c-3p,73,73,4.410958904109589,4.5,1.0,1,1,2,60,13
ath-miR841a-5p,73,73,4.6506849315068495,5.0,3.5,0,0,0,57,16
bdi-miR5200b-5p,73,73,4.6506849315068495,5.0,3.5,0,0,0,69,4
bdi-miR5202,73,73,4.712328767123288,5.0,3.0,0,0,1,59,14
bra-miR9552a-3p,73,73,4.6438356164383565,5.0,3.0,0,0,2,52,21
cca-miR6108c,73,73,4.335616438356165,4.5,2.5,0,0,3,60,13
cre-miR919.2,73,73,4.397260273972603,4.5,2.5,0,0,5,62,11
gma-miR9736,73,73,4.568493150684931,4.5,3.0,0,0,2,53,20
gra-miR8737,73,73,4.332191780821918,4.5,2.5,0,0,5,58,15
hvu-miR6188,73,73,4.568493150684931,5.0,2.5,0,0,3,58,15
lja-miR7522,73,73,4.513698630136986,4.5,3.0,0,0,3,60,13
mtr-miR2593a,73,73,4.517123287671233,4.5,3.0,0,0,1,65,8
mtr-miR2593b,73,73,4.517123287671233,4.5,3.0,0,0,1,65,8
mtr-miR2593c,73,73,4.517123287671233,4.5,3.0,0,0,1,65,8
mtr-miR5560-3p,73,73,4.5,4.5,3.0,0,0,3,63,10
osa-miR1877,73,73,4.428082191780822,4.5,2.5,0,0,6,54,19
osa-miR439a,73,73,4.63013698630137,5.0,1.5,0,1,1,53,20
osa-miR439b,73,73,4.63013698630137,5.0,1.5,0,1,1,53,20
osa-miR439c,73,73,4.63013698630137,5.0,1.5,0,1,1,53,20
osa-miR439d,73,73,4.63013698630137,5.0,1.5,0,1,1,53,20
osa-miR439e,73,73,4.63013698630137,5.0,1.5,0,1,1,53,20
osa-miR439f,73,73,4.63013698630137,5.0,1.5,0,1,1,53,20
osa-miR439g,73,73,4.63013698630137,5.0,1.5,0,1,1,53,20
osa-miR439h,73,73,4.63013698630137,5.0,1.5,0,1,1,53,20
osa-miR439i,73,73,4.63013698630137,5.0,1.5,0,1,1,53,20
ppt-miR1223h,73,73,4.554794520547945,4.5,3.0,0,0,1,63,10
ppt-miR1223i,73,73,4.554794520547945,4.5,3.0,0,0,1,63,10
rgl-miR7808,73,73,4.589041095890411,4.5,3.5,0,0,0,47,26
sbi-miR5564c-3p,73,73,4.554794520547945,4.5,3.0,0,0,1,64,9
tae-miR9678-3p,73,73,4.664383561643835,5.0,3.5,0,0,0,61,12
hbr-miR398,72,77,4.642857142857143,4.5,3.5,0,0,0,69,8
bdi-miR7711-5p.4,72,76,4.381578947368421,4.5,3.0,0,0,3,56,20
cca-miR6110-3p,72,76,4.092105263157895,4.0,2.5,0,0,10,64,12
osa-miR2924,72,76,4.447368421052632,4.5,2.5,0,0,2,58,18
osa-miR5157a-5p,72,76,4.256578947368421,4.5,2.5,0,0,9,65,11
osa-miR5157b-5p,72,76,4.256578947368421,4.5,2.5,0,0,9,65,11
gra-miR7484g,72,75,4.373333333333333,4.5,2.5,0,0,5,55,20
aly-miR164c-3p,72,74,4.621621621621622,4.5,3.0,0,0,2,45,29
cme-miR171h,72,74,4.527027027027027,4.5,0.5,1,1,3,48,26
lja-miR171b,72,74,4.527027027027027,4.5,0.5,1,1,3,48,26
mtr-miR171b,72,74,4.527027027027027,4.5,0.5,1,1,3,48,26
osa-miR5155,72,74,4.3175675675675675,4.5,2.0,0,1,6,52,22
sbi-miR6221-3p,72,74,4.581081081081081,4.5,3.5,0,0,0,47,27
vvi-miR171b,72,74,4.527027027027027,4.5,0.5,1,1,3,48,26
ath-miR849,72,73,4.554794520547945,4.5,3.5,0,0,0,60,13
bdi-miR169j-3p,72,73,4.472602739726027,4.5,2.5,0,0,4,62,11
bdi-miR7749-5p,72,73,4.315068493150685,4.5,3.0,0,0,6,59,14
cre-miR1159.1,72,73,4.636986301369863,4.5,3.5,0,0,0,54,19
gma-miR1531-3p,72,73,4.438356164383562,4.5,2.5,0,0,5,58,15
mtr-miR2591,72,73,4.595890410958904,5.0,3.0,0,0,2,39,34
mtr-miR2592ab,72,73,4.561643835616438,4.5,3.0,0,0,1,62,11
mtr-miR2592ac,72,73,4.561643835616438,4.5,3.0,0,0,1,62,11
mtr-miR2592ad,72,73,4.561643835616438,4.5,3.0,0,0,1,62,11
mtr-miR2592af,72,73,4.561643835616438,4.5,3.0,0,0,1,62,11
mtr-miR2592ah,72,73,4.561643835616438,4.5,3.0,0,0,1,62,11
mtr-miR2592ai,72,73,4.561643835616438,4.5,3.0,0,0,1,62,11
mtr-miR2592aj,72,73,4.561643835616438,4.5,3.0,0,0,1,62,11
mtr-miR2592al,72,73,4.561643835616438,4.5,3.0,0,0,1,62,11
mtr-miR2592am,72,73,4.561643835616438,4.5,3.0,0,0,1,62,11
mtr-miR2592d-5p,72,73,4.561643835616438,4.5,3.0,0,0,1,62,11
mtr-miR2592e-5p,72,73,4.561643835616438,4.5,3.0,0,0,1,62,11
mtr-miR2592o-5p,72,73,4.561643835616438,4.5,3.0,0,0,1,62,11
mtr-miR2592q-5p,72,73,4.561643835616438,4.5,3.0,0,0,1,62,11
mtr-miR2592t,72,73,4.561643835616438,4.5,3.0,0,0,1,62,11
mtr-miR2592u,72,73,4.561643835616438,4.5,3.0,0,0,1,62,11
mtr-miR2592v,72,73,4.561643835616438,4.5,3.0,0,0,1,62,11
mtr-miR2592w,72,73,4.561643835616438,4.5,3.0,0,0,1,62,11
mtr-miR2592x,72,73,4.561643835616438,4.5,3.0,0,0,1,62,11
mtr-miR2592y,72,73,4.561643835616438,4.5,3.0,0,0,1,62,11
mtr-miR2592z,72,73,4.561643835616438,4.5,3.0,0,0,1,62,11
mtr-miR5238,72,73,4.595890410958904,4.5,3.5,0,0,0,60,13
osa-miR1869,72,73,4.397260273972603,4.5,2.5,0,0,4,61,12
rgl-miR7803b-3p,72,73,4.7465753424657535,5.0,4.0,0,0,0,55,18
stu-miR1886g-5p,72,73,4.315068493150685,4.5,2.5,0,0,6,63,10
vvi-miR3632-3p,72,73,4.5,4.5,2.5,0,0,4,49,24
aqc-miR171e,72,72,4.583333333333333,4.5,3.5,0,0,0,56,16
bdi-miR390a-3p,72,72,4.552083333333333,4.5,3.0,0,0,3,61,11
bdi-miR5174c-3p,72,72,4.381944444444445,4.5,3.0,0,0,6,54,18
bdi-miR7711-5p.1,72,72,4.409722222222222,4.5,2.5,0,0,6,67,5
bdi-miR7728-3p,72,72,4.576388888888889,4.75,2.5,0,0,3,62,10
bdi-miR7743-5p,72,72,4.354166666666667,4.5,2.0,0,1,5,65,7
bdi-miR7777-5p.2,72,72,4.638888888888889,4.75,3.0,0,0,1,56,16
cpa-miR8143,72,72,4.284722222222222,4.5,2.5,0,0,7,65,7
cre-miR1147.1,72,72,4.527777777777778,4.5,2.5,0,0,2,58,14
gra-miR7484o,72,72,4.465277777777778,4.5,2.5,0,0,1,53,19
gra-miR8675c,72,72,4.166666666666667,4.5,2.0,0,2,9,61,11
hbr-miR6166,72,72,4.430555555555555,4.5,2.0,0,1,3,54,18
hme-miR-279d,72,72,4.548611111111111,4.5,3.0,0,0,1,59,13
hme-miR-6303-5p,72,72,4.611111111111111,5.0,2.0,0,1,2,50,22
mtr-miR5267a,72,72,4.263888888888889,4.5,1.5,0,1,5,58,14
mtr-miR5267b,72,72,4.263888888888889,4.5,1.5,0,1,5,58,14
mtr-miR5267c,72,72,4.263888888888889,4.5,1.5,0,1,5,58,14
mtr-miR5267d,72,72,4.263888888888889,4.5,1.5,0,1,5,58,14
mtr-miR5267e,72,72,4.263888888888889,4.5,1.5,0,1,5,58,14
mtr-miR5267f,72,72,4.263888888888889,4.5,1.5,0,1,5,58,14
mtr-miR5267g,72,72,4.263888888888889,4.5,1.5,0,1,5,58,14
mtr-miR5267h,72,72,4.263888888888889,4.5,1.5,0,1,5,58,14
mtr-miR5267i,72,72,4.263888888888889,4.5,1.5,0,1,5,58,14
mtr-miR5267j,72,72,4.263888888888889,4.5,1.5,0,1,5,58,14
mtr-miR5267k,72,72,4.263888888888889,4.5,1.5,0,1,5,58,14
mtr-miR5267m,72,72,4.263888888888889,4.5,1.5,0,1,5,58,14
mtr-miR5267n,72,72,4.263888888888889,4.5,1.5,0,1,5,58,14
nta-miR399a,72,72,4.520833333333333,4.75,2.5,0,0,3,61,11
nta-miR399b,72,72,4.520833333333333,4.75,2.5,0,0,3,61,11
nta-miR399c,72,72,4.520833333333333,4.75,2.5,0,0,3,61,11
nta-miR399d,72,72,4.520833333333333,4.75,2.5,0,0,3,61,11
nta-miR399e,72,72,4.520833333333333,4.75,2.5,0,0,3,61,11
nta-miR399f,72,72,4.520833333333333,4.75,2.5,0,0,3,61,11
nta-miR399g,72,72,4.520833333333333,4.75,2.5,0,0,3,61,11
osa-miR2101-5p,72,72,4.493055555555555,4.5,2.0,0,1,3,53,19
osa-miR2120,72,72,4.409722222222222,4.5,2.5,0,0,4,62,10
osa-miR5150-5p,72,72,4.274305555555555,4.5,2.5,0,0,9,58,14
osa-miR5153,72,72,4.520833333333333,4.5,3.0,0,0,1,55,17
osa-miR5801,72,72,4.416666666666667,4.5,2.5,0,0,4,68,4
pab-miR3697,72,72,4.465277777777778,4.5,2.5,0,0,2,44,28
ppt-miR1214,72,72,4.548611111111111,4.5,3.0,0,0,1,64,8
ptc-miR6462c-5p,72,72,4.430555555555555,4.5,3.0,0,0,1,50,22
stu-miR1886a,72,72,4.354166666666667,4.5,2.0,0,2,5,56,16
stu-miR1886b,72,72,4.354166666666667,4.5,2.0,0,2,5,56,16
stu-miR1886c,72,72,4.354166666666667,4.5,2.0,0,2,5,56,16
stu-miR1886d,72,72,4.354166666666667,4.5,2.0,0,2,5,56,16
stu-miR1886e,72,72,4.354166666666667,4.5,2.0,0,2,5,56,16
stu-miR1886f,72,72,4.354166666666667,4.5,2.0,0,2,5,56,16
stu-miR399j-3p,72,72,4.520833333333333,4.75,2.5,0,0,3,61,11
stu-miR399k-3p,72,72,4.520833333333333,4.75,2.5,0,0,3,61,11
stu-miR399l-3p,72,72,4.520833333333333,4.75,2.5,0,0,3,61,11
stu-miR399m-3p,72,72,4.520833333333333,4.75,2.5,0,0,3,61,11
stu-miR399n-3p,72,72,4.520833333333333,4.75,2.5,0,0,3,61,11
stu-miR399o-3p,72,72,4.520833333333333,4.75,2.5,0,0,3,61,11
tae-miR396-5p,72,72,4.604166666666667,4.5,0.5,1,1,1,64,8
zma-miR390a-3p,72,72,4.552083333333333,4.5,3.0,0,0,3,61,11
zma-miR390b-3p,72,72,4.552083333333333,4.5,3.0,0,0,3,61,11
ata-miR160a-3p,71,74,4.628378378378378,4.75,3.0,0,0,1,64,10
bdi-miR7761-5p,71,74,4.27027027027027,4.5,2.0,0,3,7,60,14
aly-miR390a-3p,71,73,4.383561643835616,4.5,2.5,0,0,4,60,13
aqc-miR171f,71,73,4.6506849315068495,5.0,2.0,0,1,1,51,22
ath-miR390a-3p,71,73,4.383561643835616,4.5,2.5,0,0,4,60,13
bna-miR6036,71,73,4.226027397260274,4.5,2.5,0,0,10,58,15
gma-miR167h,71,73,4.335616438356165,4.5,3.0,0,0,2,51,22
gma-miR5676,71,73,4.36986301369863,4.5,2.5,0,0,5,50,23
gma-miR5779,71,73,4.506849315068493,4.5,2.5,0,0,4,63,10
lja-miR390a-3p,71,73,4.383561643835616,4.5,2.5,0,0,4,60,13
lja-miR390b-3p,71,73,4.383561643835616,4.5,2.5,0,0,4,60,13
mdm-miR2118a,71,73,4.541095890410959,4.5,2.5,0,0,2,63,10
mdm-miR2118b,71,73,4.541095890410959,4.5,2.5,0,0,2,63,10
mdm-miR2118c,71,73,4.541095890410959,4.5,2.5,0,0,2,63,10
osa-miR2923,71,73,4.52054794520548,4.5,2.5,0,0,2,62,11
sly-miR390b-3p,71,73,4.383561643835616,4.5,2.5,0,0,4,60,13
stu-miR5303h,71,73,4.1506849315068495,4.5,2.0,0,1,8,60,13
ath-miR848,71,72,4.517361111111111,4.5,3.0,0,0,2,50,22
bra-miR9568-5p,71,72,4.527777777777778,4.5,3.0,0,0,4,58,14
ghr-miR7484a,71,72,4.340277777777778,4.5,2.5,0,0,4,47,25
ghr-miR7484b,71,72,4.340277777777778,4.5,2.5,0,0,4,47,25
gma-miR171r,71,72,4.576388888888889,5.0,2.5,0,0,4,60,12
gma-miR171s,71,72,4.576388888888889,5.0,2.5,0,0,4,60,12
gma-miR5671b,71,72,4.402777777777778,4.5,2.0,0,1,2,62,10
hme-miR-6301-2-5p,71,72,4.597222222222222,5.0,3.0,0,0,1,48,24
hme-miR-971,71,72,4.520833333333333,4.5,3.5,0,0,0,51,21
mtr-miR1509a-5p,71,72,4.652777777777778,5.0,3.0,0,0,1,61,11
mtr-miR2600b,71,72,4.305555555555555,4.5,1.5,0,2,5,65,7
mtr-miR2600c,71,72,4.305555555555555,4.5,1.5,0,2,5,65,7
mtr-miR2600d,71,72,4.305555555555555,4.5,1.5,0,2,5,65,7
osa-miR2092-3p,71,72,4.395833333333333,4.5,2.5,0,0,2,60,12
rgl-miR5573,71,72,4.666666666666667,5.0,1.5,0,1,2,54,18
stu-miR408b-5p,71,72,4.652777777777778,5.0,3.0,0,0,2,63,9
zma-miR164g-3p,71,72,4.576388888888889,4.5,3.0,0,0,1,49,23
bdi-miR5178-3p,71,71,4.654929577464789,5.0,3.0,0,0,1,57,14
bdi-miR7717b-3p,71,71,4.373239436619718,4.5,3.0,0,0,2,58,13
cca-miR171,71,71,4.47887323943662,4.5,1.5,0,1,4,45,26
cme-miR7130,71,71,4.485915492957746,4.5,2.5,0,0,3,66,5
gma-miR1510a-5p,71,71,4.359154929577465,4.5,3.0,0,0,4,59,12
gra-miR8682,71,71,4.654929577464789,5.0,3.0,0,0,1,65,6
hme-miR-79,71,71,4.528169014084507,4.5,2.5,0,0,1,60,11
hme-miR-92b,71,71,4.542253521126761,4.5,3.5,0,0,0,55,16
mtr-miR156c-3p,71,71,4.443661971830986,4.5,3.0,0,0,2,63,8
ppt-miR1053-5p,71,71,4.475352112676056,4.5,3.0,0,0,1,58,13
ppt-miR1067,71,71,4.450704225352113,4.5,3.0,0,0,1,63,8
ppt-miR900-5p,71,71,4.5,4.5,2.0,0,1,3,61,10
ptc-miR169q,71,71,4.598591549295775,4.5,3.0,0,0,1,49,22
ptc-miR7842,71,71,4.605633802816901,5.0,3.0,0,0,1,48,23
zma-miR398a-5p,71,71,4.683098591549296,5.0,3.5,0,0,0,63,8
osa-miR171d-5p,70,75,4.633333333333334,5.0,2.5,0,0,1,67,8
bdi-miR7722-5p,70,74,4.513513513513513,4.5,3.0,0,0,3,58,16
bdi-miR7752-5p,70,73,4.328767123287672,4.5,2.5,0,0,7,54,19
stu-miR482b-3p,70,73,4.328767123287672,4.5,2.0,0,2,4,62,11
aly-miR399e-5p,70,72,4.618055555555555,5.0,3.0,0,0,3,62,10
aly-miR825-5p,70,72,4.513888888888889,4.5,3.0,0,0,2,52,20
bdi-miR7768a-5p,70,72,4.673611111111111,5.0,2.5,0,0,1,62,10
bdi-miR7768b-5p,70,72,4.673611111111111,5.0,2.5,0,0,1,62,10
bra-miR9560a-5p,70,72,4.402777777777778,4.5,2.0,0,1,2,65,7
bra-miR9560b-5p,70,72,4.402777777777778,4.5,2.0,0,1,2,65,7
gra-miR8731,70,72,4.472222222222222,4.5,2.0,0,1,4,59,13
hme-miR-6311-3p,70,72,4.569444444444445,4.5,3.0,0,0,3,58,14
pab-miR950-3p,70,72,4.645833333333333,5.0,3.0,0,0,1,58,14
sbi-miR5569,70,72,4.25,4.5,2.0,0,1,8,63,9
smo-miR1084,70,72,4.451388888888889,4.5,3.0,0,0,2,57,15
aly-miR837-3p,70,71,4.5,4.5,1.5,0,1,3,63,8
ath-miR852,70,71,4.633802816901408,4.5,3.5,0,0,0,52,19
cca-miR6107,70,71,4.387323943661972,4.5,2.5,0,0,3,62,9
esi-miR3467-5p,70,71,4.661971830985915,5.0,3.0,0,0,1,52,19
gma-miR396d,70,71,4.429577464788732,4.5,2.5,0,0,6,60,11
gra-miR8693,70,71,4.225352112676056,4.5,1.5,0,2,7,61,10
gra-miR8697,70,71,4.373239436619718,4.5,2.0,0,1,7,55,16
mtr-miR5286a,70,71,4.436619718309859,4.5,3.0,0,0,3,57,14
nta-miR6025b,70,71,4.47887323943662,4.5,2.5,0,0,1,62,9
osa-miR1863c,70,71,4.422535211267606,4.5,3.0,0,0,4,57,14
zma-miR159g-5p,70,71,4.584507042253521,5.0,2.5,0,0,3,56,15
zma-miR159h-5p,70,71,4.584507042253521,5.0,2.5,0,0,3,56,15
zma-miR159i-5p,70,71,4.584507042253521,5.0,2.5,0,0,3,56,15
aau-miR168,70,70,4.3428571428571425,4.5,3.0,0,0,6,51,19
ahy-miR3515,70,70,4.542857142857143,4.5,2.5,0,0,3,60,10
aly-miR4226,70,70,4.485714285714286,4.5,3.0,0,0,3,58,12
bdi-miR7733-5p,70,70,4.192857142857143,4.5,2.0,0,1,8,62,8
cre-miR1163.1,70,70,4.628571428571429,5.0,3.5,0,0,0,59,11
ddi-miR-7100,70,70,4.642857142857143,4.5,3.5,0,0,0,54,16
gma-miR1520d,70,70,4.478571428571429,4.5,2.5,0,0,2,56,14
gma-miR1526,70,70,4.432142857142857,4.5,2.5,0,0,2,61,9
gma-miR5763a,70,70,4.578571428571428,4.5,3.5,0,0,0,52,18
gma-miR5763b,70,70,4.578571428571428,4.5,3.5,0,0,0,52,18
gma-miR5763c,70,70,4.578571428571428,4.5,3.5,0,0,0,52,18
gma-miR5768,70,70,4.2785714285714285,4.5,2.5,0,0,7,42,28
hme-miR-6310-3p,70,70,4.371428571428571,4.5,2.5,0,0,1,60,10
mtr-miR2587a,70,70,4.457142857142857,4.5,3.0,0,0,3,59,11
mtr-miR2587b,70,70,4.457142857142857,4.5,3.0,0,0,3,59,11
mtr-miR2587c,70,70,4.457142857142857,4.5,3.0,0,0,3,59,11
mtr-miR2587d,70,70,4.457142857142857,4.5,3.0,0,0,3,59,11
mtr-miR2587e,70,70,4.457142857142857,4.5,3.0,0,0,3,59,11
mtr-miR2587f,70,70,4.457142857142857,4.5,3.0,0,0,3,59,11
mtr-miR2587g,70,70,4.457142857142857,4.5,3.0,0,0,3,59,11
osa-miR5154,70,70,4.457142857142857,4.5,2.5,0,0,2,63,7
ppt-miR899,70,70,4.478571428571429,4.5,2.0,0,2,4,48,22
ptc-miR6478,70,70,4.55,4.5,3.0,0,0,2,60,10
sbi-miR397-3p,70,70,4.635714285714286,5.0,3.0,0,0,1,59,11
sly-miR9477-3p,70,70,4.285714285714286,4.5,3.0,0,0,6,59,11
smo-miR1111,70,70,4.607142857142857,4.5,3.0,0,0,1,51,19
tcc-miR399e,70,70,4.442857142857143,4.5,2.0,0,3,3,59,11
zma-miR156i-3p,70,70,4.414285714285715,4.5,1.0,1,1,2,61,9
zma-miR166h-5p,70,70,4.65,5.0,2.5,0,0,3,62,8
bra-miR9560b-3p,69,78,4.423076923076923,4.5,2.0,0,1,2,74,4
bdi-miR7708b-5p,69,72,4.305555555555555,4.5,2.0,0,1,8,57,15
esi-miR3451-5p,69,71,4.387323943661972,4.5,3.0,0,0,4,68,3
aly-miR845b-3p,69,70,4.671428571428572,5.0,3.5,0,0,0,52,18
aqu-miR-2019-5p,69,70,4.421428571428572,4.5,3.0,0,0,6,58,12
gma-miR2107,69,70,4.564285714285714,5.0,3.0,0,0,4,60,10
hvu-miR5052,69,70,4.65,5.0,3.0,0,0,1,50,20
ppt-miR1072,69,70,4.264285714285714,4.5,2.5,0,0,7,63,7
ptc-miR478h,69,70,4.321428571428571,4.5,2.0,0,1,4,56,14
ptc-miR478i,69,70,4.321428571428571,4.5,2.0,0,1,4,56,14
ptc-miR478j,69,70,4.321428571428571,4.5,2.0,0,1,4,56,14
ptc-miR478k,69,70,4.321428571428571,4.5,2.0,0,1,4,56,14
ptc-miR478l,69,70,4.321428571428571,4.5,2.0,0,1,4,56,14
ptc-miR478m,69,70,4.321428571428571,4.5,2.0,0,1,4,56,14
ptc-miR478n,69,70,4.321428571428571,4.5,2.0,0,1,4,56,14
ptc-miR478o,69,70,4.321428571428571,4.5,2.0,0,1,4,56,14
ptc-miR478q,69,70,4.321428571428571,4.5,2.0,0,1,4,56,14
ptc-miR478r,69,70,4.321428571428571,4.5,2.0,0,1,4,56,14
ptc-miR478s,69,70,4.321428571428571,4.5,2.0,0,1,4,56,14
ptc-miR7832,69,70,4.5928571428571425,5.0,3.0,0,0,1,51,19
aly-miR3443-5p,69,69,4.6231884057971016,4.5,3.5,0,0,0,54,15
aqu-miR-2014-3p,69,69,4.452898550724638,4.5,3.0,0,0,1,58,11
bdi-miR7785-5p,69,69,4.478260869565218,4.5,3.0,0,0,3,60,9
cre-miR1151a-5p,69,69,4.644927536231884,4.5,3.0,0,0,1,54,15
esi-miR8625,69,69,4.427536231884058,4.5,3.0,0,0,2,61,8
gma-miR1516a-5p,69,69,4.3768115942028984,4.5,3.0,0,0,4,62,7
gma-miR4352b,69,69,4.384057971014493,4.5,2.5,0,0,4,53,16
gma-miR5764,69,69,4.576086956521739,4.5,3.0,0,0,2,60,9
gma-miR9754,69,69,4.445652173913044,4.5,2.0,0,1,3,56,13
gra-miR8686,69,69,4.27536231884058,4.5,2.5,0,0,7,62,7
gra-miR8691,69,69,4.155797101449275,4.0,2.5,0,0,7,52,17
hme-miR-6306-3p,69,69,4.326086956521739,4.5,2.0,0,2,3,59,10
mtr-miR156b-3p,69,69,4.579710144927536,5.0,2.5,0,0,2,61,8
mtr-miR2588a,69,69,4.521739130434782,4.5,3.0,0,0,2,54,15
mtr-miR2588b,69,69,4.521739130434782,4.5,3.0,0,0,2,54,15
osa-miR1870-3p,69,69,4.297101449275362,4.5,2.5,0,0,3,56,13
osa-miR2096-3p,69,69,4.391304347826087,4.5,2.5,0,0,2,59,10
osa-miR3982-3p,69,69,4.594202898550725,4.5,3.0,0,0,2,55,14
ptc-miR169ac,69,69,4.608695652173913,4.5,3.0,0,0,1,46,23
ptc-miR169ad,69,69,4.608695652173913,4.5,3.0,0,0,1,46,23
ptc-miR169ae,69,69,4.608695652173913,4.5,3.0,0,0,1,46,23
ptc-miR169af,69,69,4.608695652173913,4.5,3.0,0,0,1,46,23
ptc-miR6438a,69,69,4.521739130434782,4.5,3.0,0,0,1,56,13
ptc-miR6438b,69,69,4.521739130434782,4.5,3.0,0,0,1,56,13
stu-miR1886i-5p,69,69,4.528985507246377,4.5,3.0,0,0,1,50,19
tae-miR1130b-3p,69,69,4.739130434782608,5.0,3.5,0,0,0,56,13
vvi-miR3638-3p,69,69,4.405797101449275,4.5,3.0,0,0,3,59,10
zma-miR167f-3p,69,69,4.4601449275362315,4.5,2.0,0,1,2,49,20
zma-miR395c-5p,69,69,4.4855072463768115,4.5,3.5,0,0,0,55,14
bra-miR9560a-3p,68,77,4.454545454545454,4.5,2.0,0,1,2,69,8
osa-miR5513,68,72,4.5625,4.5,3.5,0,0,0,52,20
bna-miR162a,68,70,4.585714285714285,4.5,3.0,0,0,4,53,17
cpa-miR8147,68,70,4.164285714285715,4.25,2.5,0,0,9,64,6
gma-miR1520f-5p,68,70,4.421428571428572,4.5,3.0,0,0,2,61,9
stu-miR7992-3p,68,70,4.378571428571429,4.5,2.5,0,0,4,58,12
stu-miR8027,68,70,4.392857142857143,4.5,2.5,0,0,3,56,14
ath-miR164c-3p,68,69,4.673913043478261,5.0,3.0,0,0,2,48,21
bdi-miR5181c-5p,68,69,4.557971014492754,4.5,3.0,0,0,1,56,13
bdi-miR7714-5p,68,69,4.355072463768116,4.5,3.0,0,0,6,55,14
bdi-miR7731-5p,68,69,4.061594202898551,4.0,2.5,0,0,14,51,18
bra-miR164b-3p,68,69,4.673913043478261,5.0,3.0,0,0,2,48,21
bra-miR164c-3p,68,69,4.673913043478261,5.0,3.0,0,0,2,48,21
bra-miR164d-3p,68,69,4.673913043478261,5.0,3.0,0,0,2,48,21
esi-miR3469-5p,68,69,4.63768115942029,5.0,3.0,0,0,2,47,22
lja-miR7546,68,69,4.608695652173913,4.5,3.0,0,0,1,52,17
mtr-miR482-3p,68,69,4.528985507246377,5.0,2.5,0,0,6,49,20
osa-miR1846c-3p,68,69,4.521739130434782,4.5,1.5,0,2,3,58,11
osa-miR5808,68,69,4.326086956521739,4.5,2.5,0,0,5,63,6
stu-miR7996a,68,69,4.463768115942029,4.5,2.0,0,1,4,56,13
stu-miR7996b,68,69,4.463768115942029,4.5,2.0,0,1,4,56,13
stu-miR7996c,68,69,4.463768115942029,4.5,2.0,0,1,4,56,13
stu-miR8014-3p,68,69,4.282608695652174,4.5,2.0,0,1,6,62,7
bna-miR169g,68,68,4.404411764705882,4.5,2.0,0,1,3,57,11
bna-miR169h,68,68,4.404411764705882,4.5,2.0,0,1,3,57,11
bna-miR169i,68,68,4.404411764705882,4.5,2.0,0,1,3,57,11
bna-miR169j,68,68,4.404411764705882,4.5,2.0,0,1,3,57,11
bna-miR169k,68,68,4.404411764705882,4.5,2.0,0,1,3,57,11
bna-miR169l,68,68,4.404411764705882,4.5,2.0,0,1,3,57,11
cre-miR1154-5p,68,68,4.698529411764706,5.0,3.5,0,0,0,56,12
cre-miR908.2,68,68,4.286764705882353,4.5,1.5,0,1,5,63,5
gma-miR4412-3p,68,68,4.610294117647059,4.5,2.5,0,0,2,59,9
gra-miR7486i,68,68,4.375,4.5,2.0,0,1,3,62,6
gra-miR8664,68,68,4.580882352941177,4.5,2.5,0,0,2,48,20
mtr-miR156d-3p,68,68,4.290441176470588,4.5,3.0,0,0,3,53,15
mtr-miR5269b,68,68,4.507352941176471,4.5,3.0,0,0,1,62,6
osa-miR5793,68,68,4.698529411764706,5.0,3.5,0,0,0,54,14
pab-miR3696,68,68,4.610294117647059,5.0,2.5,0,0,5,65,3
sly-miR9471b-5p,68,68,4.654411764705882,5.0,2.5,0,0,3,37,31
stu-miR7122-5p,68,68,4.536764705882353,4.5,2.5,0,0,4,56,12
vvi-miR169e,68,68,4.404411764705882,4.5,2.0,0,1,3,57,11
zma-miR171i-5p,68,68,4.426470588235294,4.5,3.0,0,0,2,58,10
gma-miR4375,67,72,4.465277777777778,4.5,3.0,0,0,2,60,12
aly-miR4225,67,70,4.65,4.5,3.0,0,0,1,55,15
esi-miR3459-5p,67,70,4.457142857142857,4.5,2.5,0,0,4,43,27
gma-miR4402,67,70,4.485714285714286,4.5,3.0,0,0,1,60,10
gra-miR8687,67,70,4.378571428571429,4.5,2.0,0,1,3,61,9
osa-miR1862a,67,70,4.485714285714286,4.5,2.5,0,0,4,63,7
osa-miR1862b,67,70,4.485714285714286,4.5,2.5,0,0,4,63,7
osa-miR1862c,67,70,4.485714285714286,4.5,2.5,0,0,4,63,7
bra-miR9552a-5p,67,69,4.659420289855072,5.0,2.5,0,0,2,40,29
osa-miR2863c,67,69,4.2898550724637685,4.5,2.5,0,0,5,54,15
pti-miR5481,67,69,4.355072463768116,4.5,2.5,0,0,6,59,10
rgl-miR7807b-5p,67,69,4.463768115942029,4.5,2.5,0,0,5,59,10
vvi-miR3635-3p,67,69,4.536231884057971,4.5,3.5,0,0,0,53,16
aly-miR852-5p,67,68,4.632352941176471,5.0,3.5,0,0,0,48,20
ata-miR5062b-5p,67,68,4.242647058823529,4.5,2.0,0,1,6,54,14
bdi-miR5166,67,68,4.485294117647059,4.5,2.5,0,0,5,58,10
bdi-miR7708a-3p,67,68,4.419117647058823,4.5,2.0,0,1,2,45,23
ghr-miR7496a,67,68,4.330882352941177,4.5,2.0,0,2,7,62,6
ghr-miR7496b,67,68,4.330882352941177,4.5,2.0,0,2,7,62,6
gra-miR8688,67,68,4.279411764705882,4.5,2.5,0,0,7,61,7
gra-miR8773,67,68,4.514705882352941,4.5,3.0,0,0,1,53,15
lja-miR7523a,67,68,4.5588235294117645,5.0,3.0,0,0,1,43,25
lja-miR7523b,67,68,4.5588235294117645,5.0,3.0,0,0,1,43,25
osa-miR1876,67,68,4.522058823529412,4.5,2.0,0,1,3,62,6
pab-miR1863,67,68,4.235294117647059,4.5,2.0,0,1,6,52,16
ata-miR166b-5p,67,67,4.5,4.5,2.5,0,0,4,48,19
bdi-miR7726a-5p,67,67,4.2611940298507465,4.5,1.5,0,1,4,58,9
bdi-miR7750-3p,67,67,4.485074626865671,4.5,2.0,0,1,1,60,7
bdi-miR7772-5p,67,67,4.552238805970149,4.5,3.5,0,0,0,61,6
bdi-miR7781-5p,67,67,4.358208955223881,4.5,3.5,0,0,0,56,11
bra-miR398-5p,67,67,4.611940298507463,4.5,2.5,0,0,2,53,14
cre-miR1153-5p.1,67,67,4.485074626865671,4.5,3.0,0,0,1,54,13
gma-miR5771,67,67,4.298507462686567,4.5,3.0,0,0,7,51,16
gra-miR8712,67,67,4.440298507462686,4.5,3.0,0,0,1,56,11
osa-miR1850.3,67,67,4.485074626865671,4.5,3.0,0,0,3,58,9
osa-miR1864,67,67,4.492537313432836,4.5,2.5,0,0,2,52,15
aly-miR839-3p,66,68,4.4411764705882355,4.5,2.5,0,0,4,55,13
ata-miR5200-3p,66,68,4.625,4.5,3.0,0,0,1,57,11
ath-miR829-3p.1,66,68,4.352941176470588,4.5,2.5,0,0,7,48,20
bdi-miR5200a-3p,66,68,4.625,4.5,3.0,0,0,1,57,11
bdi-miR5200b-3p,66,68,4.625,4.5,3.0,0,0,1,57,11
bdi-miR7712-5p,66,68,4.522058823529412,4.5,3.5,0,0,0,54,14
gma-miR4396,66,68,4.419117647058823,4.5,2.5,0,0,6,52,16
gma-miR9734,66,68,4.338235294117647,4.5,2.5,0,0,4,56,12
osa-miR2118o,66,68,4.5,4.75,2.5,0,0,3,45,23
stu-miR8032b-3p,66,68,4.595588235294118,4.5,3.0,0,0,1,59,9
stu-miR8032f-3p,66,68,4.595588235294118,4.5,3.0,0,0,1,59,9
stu-miR8032g-3p,66,68,4.595588235294118,4.5,3.0,0,0,1,59,9
tae-miR5200,66,68,4.625,4.5,3.0,0,0,1,57,11
zma-miR164e-3p,66,68,4.580882352941177,4.5,2.5,0,0,3,46,22
zma-miR164f-3p,66,68,4.595588235294118,4.5,3.5,0,0,0,57,11
aly-miR848-3p,66,67,4.567164179104478,4.5,3.0,0,0,1,50,17
aqc-miR171c,66,67,4.604477611940299,4.5,3.5,0,0,0,42,25
bdi-miR5174d-5p,66,67,4.335820895522388,4.5,2.5,0,0,7,63,4
gma-miR4354,66,67,4.641791044776119,4.5,3.5,0,0,0,52,15
gma-miR4384,66,67,4.440298507462686,4.5,3.0,0,0,1,49,18
gma-miR4408,66,67,4.350746268656716,4.5,3.0,0,0,3,59,8
gma-miR9729,66,67,4.335820895522388,4.5,2.0,0,1,7,59,8
gra-miR8699,66,67,4.388059701492537,4.5,3.0,0,0,2,59,8
gra-miR8705,66,67,4.492537313432836,4.5,3.5,0,0,0,47,20
mtr-miR2088-5p,66,67,4.67910447761194,5.0,3.5,0,0,0,51,16
mtr-miR5232,66,67,4.611940298507463,5.0,3.5,0,0,0,56,11
mtr-miR5274b-5p,66,67,4.522388059701493,4.5,3.0,0,0,1,53,14
osa-miR160e-3p,66,67,4.641791044776119,4.5,3.5,0,0,0,58,9
pta-miR1316,66,67,4.492537313432836,4.5,3.0,0,0,2,55,12
sbi-miR5568a,66,67,4.634328358208955,4.5,3.5,0,0,0,59,8
stu-miR7993a,66,67,4.350746268656716,4.5,2.5,0,0,5,58,9
stu-miR7993b-3p,66,67,4.350746268656716,4.5,2.5,0,0,5,58,9
stu-miR7993c,66,67,4.350746268656716,4.5,2.5,0,0,5,58,9
stu-miR7993d,66,67,4.350746268656716,4.5,2.5,0,0,5,58,9
stu-miR8017,66,67,4.313432835820896,4.5,2.5,0,0,2,57,10
stu-miR8026,66,67,4.350746268656716,4.5,2.5,0,0,5,53,14
tae-miR397-5p,66,67,4.6716417910447765,5.0,3.5,0,0,0,57,10
aly-miR833-3p,66,66,4.492424242424242,4.5,2.5,0,0,3,61,5
aqu-miR-2017-5p,66,66,4.613636363636363,4.75,3.0,0,0,1,64,2
aqu-miR-2020-3p,66,66,4.606060606060606,4.5,3.5,0,0,0,61,5
ath-miR833a-3p,66,66,4.492424242424242,4.5,2.5,0,0,3,61,5
bdi-miR160a-3p,66,66,4.53030303030303,4.5,2.5,0,0,2,62,4
bdi-miR7726b-5p,66,66,4.4393939393939394,4.5,2.5,0,0,2,52,14
bdi-miR7731-3p,66,66,4.25,4.5,2.5,0,0,5,45,21
bra-miR9552b-3p,66,66,4.704545454545454,5.0,3.5,0,0,0,46,20
cre-miR908.3,66,66,4.7272727272727275,5.0,3.0,0,0,1,52,14
esi-miR3461-3p,66,66,4.621212121212121,4.5,3.0,0,0,1,46,20
far-miR1134,66,66,4.128787878787879,4.5,0.0,1,3,9,58,8
gma-miR9741,66,66,4.295454545454546,4.5,1.5,0,1,5,55,11
gra-miR8723a,66,66,4.454545454545454,4.5,3.0,0,0,1,59,7
gra-miR8771e,66,66,4.446969696969697,4.5,3.0,0,0,2,51,15
hbr-miR6173,66,66,4.575757575757576,5.0,0.0,3,3,4,54,12
hme-miR-6304-3p,66,66,4.431818181818182,4.5,3.0,0,0,2,55,11
hvu-miR6179,66,66,4.5227272727272725,4.5,3.0,0,0,2,58,8
mdm-miR1511,66,66,4.553030303030303,5.0,3.0,0,0,1,62,4
mes-miR160c,66,66,4.121212121212121,4.5,0.0,6,6,8,48,18
mtr-miR5205a,66,66,4.4393939393939394,4.5,2.5,0,0,3,58,8
mtr-miR5267l,66,66,4.303030303030303,4.5,1.5,0,1,3,55,11
mtr-miR5267o,66,66,4.303030303030303,4.5,1.5,0,1,3,55,11
mtr-miR5272f,66,66,4.378787878787879,4.5,3.0,0,0,1,54,12
mtr-miR5746,66,66,4.4393939393939394,4.5,3.0,0,0,2,54,12
osa-miR1427,66,66,4.681818181818182,5.0,3.0,0,0,1,48,18
osa-miR160d-3p,66,66,4.53030303030303,4.5,2.5,0,0,2,62,4
osa-miR160e-5p,66,66,4.121212121212121,4.5,0.0,6,6,8,48,18
osa-miR5495,66,66,4.5227272727272725,4.5,2.5,0,0,2,57,9
peu-miR2916,66,66,4.223484848484849,4.5,2.5,0,0,6,60,6
ptc-miR1444d,66,66,4.6893939393939394,4.5,3.5,0,0,0,56,10
ptc-miR1444e,66,66,4.6893939393939394,4.5,3.5,0,0,0,56,10
zma-miR160f-5p,66,66,4.121212121212121,4.5,0.0,6,6,8,48,18
sly-miR9479-5p,65,75,4.506666666666667,4.5,2.5,0,0,4,53,22
mtr-miR5287b,65,73,4.390410958904109,4.5,2.0,0,1,3,61,12
gma-miR5670a,65,72,4.340277777777778,4.5,1.5,0,3,6,56,16
bdi-miR5049-5p,65,71,4.429577464788732,4.5,3.0,0,0,4,49,22
osa-miR5148a,65,69,4.260869565217392,4.0,3.0,0,0,3,56,13
osa-miR5148b,65,69,4.260869565217392,4.0,3.0,0,0,3,56,13
osa-miR5148c,65,69,4.260869565217392,4.0,3.0,0,0,3,56,13
bdi-miR9499,65,68,4.676470588235294,5.0,2.5,0,0,2,40,28
esi-miR8624a,65,68,4.3161764705882355,4.5,2.0,0,1,7,52,16
mtr-miR5219,65,68,4.419117647058823,4.5,2.5,0,0,5,53,15
vvi-miR3640-3p,65,67,4.235074626865671,4.5,2.0,0,1,7,54,13
ahy-miR3514-3p,65,66,4.590909090909091,4.5,3.0,0,0,1,50,16
aly-miR160c-3p,65,66,4.598484848484849,4.5,2.5,0,0,1,57,9
bdi-miR5062a,65,66,4.34469696969697,4.5,2.5,0,0,3,58,8
gma-miR5379,65,66,4.356060606060606,4.5,2.5,0,0,4,53,13
gra-miR8671,65,66,4.507575757575758,4.5,2.0,0,1,3,58,8
gra-miR8747,65,66,4.386363636363637,4.5,3.0,0,0,2,54,12
hme-miR-12,65,66,4.333333333333333,4.5,3.0,0,0,7,57,9
mtr-miR2592b-5p,65,66,4.659090909090909,5.0,3.5,0,0,0,53,13
mtr-miR2592s-5p,65,66,4.659090909090909,5.0,3.5,0,0,0,53,13
mtr-miR5274b-3p,65,66,4.598484848484849,4.5,3.5,0,0,0,53,13
mtr-miR5289a,65,66,4.2272727272727275,4.5,3.0,0,0,5,53,13
mtr-miR5289b,65,66,4.2272727272727275,4.5,3.0,0,0,5,53,13
osa-miR2920,65,66,4.2727272727272725,4.5,2.5,0,0,6,54,12
rgl-miR7797a,65,66,4.537878787878788,4.5,3.5,0,0,0,59,7
ath-miR158b,65,65,4.3538461538461535,4.5,2.5,0,0,5,57,8
ath-miR402,65,65,4.523076923076923,4.5,3.0,0,0,1,41,24
bdi-miR1139,65,65,4.615384615384615,4.5,3.0,0,0,1,39,26
bdi-miR7752-3p,65,65,4.2846153846153845,4.5,3.0,0,0,4,52,13
csi-miR482b,65,65,4.153846153846154,4.0,1.5,0,1,6,33,32
gma-miR1520q,65,65,4.4,4.5,1.0,1,1,3,54,11
gma-miR5042-5p,65,65,4.461538461538462,4.5,2.5,0,0,2,54,11
hme-miR-2767,65,65,4.492307692307692,4.5,2.5,0,0,2,53,12
hme-miR-279b,65,65,4.553846153846154,5.0,3.0,0,0,1,57,8
hme-miR-308,65,65,4.676923076923077,5.0,3.5,0,0,0,53,12
mtr-miR5245,65,65,4.653846153846154,5.0,3.0,0,0,2,51,14
mtr-miR5281b,65,65,4.2384615384615385,4.5,2.0,0,2,5,53,12
mtr-miR5281c,65,65,4.2384615384615385,4.5,2.0,0,2,5,53,12
mtr-miR5281d,65,65,4.2384615384615385,4.5,2.0,0,2,5,53,12
mtr-miR5281e,65,65,4.2384615384615385,4.5,2.0,0,2,5,53,12
mtr-miR5281f,65,65,4.2384615384615385,4.5,2.0,0,2,5,53,12
osa-miR443,65,65,4.392307692307693,4.5,2.0,0,1,8,45,20
ppt-miR1040,65,65,4.538461538461538,4.5,3.5,0,0,0,53,12
ptc-miR7829,65,65,4.6692307692307695,5.0,3.0,0,0,2,48,17
rgl-miR7811,65,65,4.446153846153846,4.5,3.0,0,0,3,52,13
sbi-miR6229-3p,65,65,4.430769230769231,4.5,2.0,0,1,4,51,14
sly-miR403-3p,65,65,4.607692307692307,5.0,3.0,0,0,1,30,35
stu-miR7979,65,65,4.338461538461538,4.5,1.5,0,1,2,51,14
tae-miR1118,65,65,4.338461538461538,4.5,2.5,0,0,6,49,16
tae-miR1130a,65,65,4.569230769230769,5.0,3.5,0,0,0,48,17
tae-miR1135,65,65,4.507692307692308,4.5,2.5,0,0,3,60,5
tae-miR1128,64,68,4.536764705882353,4.5,2.5,0,0,2,55,13
hme-miR-2756,64,67,4.58955223880597,4.5,3.0,0,0,2,56,11
osa-miR5146,64,67,4.373134328358209,4.5,3.0,0,0,5,65,2
bdi-miR5068,64,66,4.507575757575758,4.5,3.0,0,0,2,57,9
bdi-miR5163a-5p,64,66,4.666666666666667,5.0,2.5,0,0,1,54,12
bdi-miR7723b-3p,64,66,4.212121212121212,4.5,1.0,1,3,8,55,11
bdi-miR7761-3p,64,66,4.378787878787879,4.5,2.5,0,0,5,58,8
bdi-miR7772-3p,64,66,4.340909090909091,4.5,2.0,0,1,4,56,10
sbi-miR6234a-3p,64,66,4.507575757575758,4.5,2.5,0,0,2,57,9
sbi-miR6234b-3p,64,66,4.507575757575758,4.5,2.5,0,0,2,57,9
bdi-miR7786-3p,64,65,4.553846153846154,4.5,3.0,0,0,2,55,10
bra-miR2111-3p,64,65,4.384615384615385,4.5,2.5,0,0,2,52,13
cre-miR1162-5p,64,65,4.6461538461538465,5.0,3.5,0,0,0,55,10
gma-miR4340,64,65,4.6,4.5,3.0,0,0,2,57,8
gma-miR4369,64,65,4.415384615384616,4.5,2.5,0,0,3,53,12
gma-miR4378a,64,65,4.515384615384615,4.5,2.5,0,0,1,52,13
gra-miR7493b,64,65,4.461538461538462,4.5,3.0,0,0,2,50,15
nta-miR160d,64,65,4.223076923076923,4.5,0.0,6,6,7,46,19
osa-miR1863b,64,65,4.246153846153846,4.5,2.5,0,0,8,45,20
osa-miR1881,64,65,4.4,4.5,3.0,0,0,3,61,4
osa-miR812g,64,65,4.476923076923077,4.5,3.0,0,0,3,52,13
osa-miR812h,64,65,4.476923076923077,4.5,3.0,0,0,3,52,13
osa-miR812i,64,65,4.476923076923077,4.5,3.0,0,0,3,52,13
osa-miR812j,64,65,4.476923076923077,4.5,3.0,0,0,3,52,13
ppt-miR1062,64,65,4.576923076923077,4.5,2.5,0,0,1,58,7
ppt-miR160d,64,65,4.461538461538462,5.0,1.0,2,6,6,45,20
ptc-miR160h,64,65,4.223076923076923,4.5,0.0,6,6,7,46,19
ata-miR169a-3p,64,64,4.6171875,4.5,3.5,0,0,0,39,25
ata-miR169j-3p,64,64,4.6171875,4.5,3.5,0,0,0,39,25
bdi-miR397b-3p,64,64,4.5859375,4.75,3.0,0,0,3,54,10
bdi-miR7774-5p,64,64,4.4765625,4.5,2.5,0,0,3,55,9
bdi-miR7783-5p,64,64,4.515625,4.5,2.5,0,0,1,60,4
cre-miR1170.2,64,64,4.7109375,5.0,3.0,0,0,1,54,10
ghr-miR7514,64,64,4.48046875,4.5,3.0,0,0,4,47,17
gma-miR1520m,64,64,4.3125,4.5,2.0,0,1,4,47,17
gma-miR4390,64,64,4.484375,4.5,3.0,0,0,2,54,10
gma-miR5785,64,64,4.5859375,5.0,3.0,0,0,2,49,15
gra-miR8719,64,64,4.34375,4.5,3.5,0,0,0,50,14
mtr-miR2593d,64,64,4.21875,4.25,2.0,0,1,4,50,14
mtr-miR2593e,64,64,4.21875,4.25,2.0,0,1,4,50,14
mtr-miR2600a,64,64,4.6171875,5.0,3.0,0,0,1,53,11
mtr-miR2647a,64,64,4.7578125,5.0,3.5,0,0,0,54,10
mtr-miR2647b,64,64,4.7578125,5.0,3.5,0,0,0,54,10
mtr-miR2647c,64,64,4.7578125,5.0,3.5,0,0,0,54,10
mtr-miR2672,64,64,4.5078125,4.5,3.0,0,0,2,51,13
mtr-miR5297,64,64,4.5859375,4.5,3.0,0,0,2,48,16
mtr-miR5555-3p,64,64,4.6484375,4.5,3.5,0,0,0,50,14
osa-miR5517,64,64,4.5,4.5,3.0,0,0,3,47,17
osa-miR5798,64,64,4.5546875,4.5,3.0,0,0,1,57,7
sbi-miR6217a-5p,64,64,4.4140625,4.5,2.5,0,0,5,54,10
sbi-miR6217b-5p,64,64,4.4140625,4.5,2.5,0,0,5,54,10
stu-miR8049-5p,64,64,4.54296875,5.0,3.0,0,0,1,56,8
zma-miR160a-3p,64,64,4.625,4.5,3.5,0,0,0,56,8
zma-miR168b-3p,64,64,4.671875,5.0,3.5,0,0,0,49,15
bdi-miR7720-3p,63,65,4.430769230769231,4.5,3.0,0,0,3,62,3
esi-miR8623b,63,65,4.2615384615384615,4.5,2.5,0,0,2,47,18
stu-miR8030-3p,63,65,4.415384615384616,4.5,2.5,0,0,2,48,17
vvi-miR3640-5p,63,65,4.311538461538461,4.5,2.0,0,1,6,55,10
aly-miR858-3p,63,64,4.453125,4.5,2.0,0,1,2,55,9
bdi-miR7765-3p,63,64,4.5390625,4.5,3.5,0,0,0,56,8
bdi-miR7783-3p,63,64,4.265625,4.5,2.0,0,1,5,48,16
cca-miR6108e-3p,63,64,4.41796875,4.5,3.0,0,0,1,51,13
cre-miR913-5p,63,64,4.6796875,4.75,3.5,0,0,0,50,14
gma-miR4400,63,64,4.203125,4.0,2.0,0,1,2,45,19
gra-miR8724,63,64,4.375,4.5,3.0,0,0,4,51,13
osa-miR5158,63,64,4.2421875,4.5,2.0,0,2,10,59,5
osa-miR5824,63,64,4.3125,4.5,1.5,0,1,4,56,8
osa-miR812v,63,64,4.21875,4.0,2.5,0,0,6,50,14
ppt-miR160c,63,64,4.453125,5.0,1.0,2,6,6,45,19
stu-miR167c-3p,63,64,4.5546875,4.5,3.0,0,0,1,48,16
tae-miR1131,63,64,4.6484375,5.0,3.5,0,0,0,54,10
tae-miR9671-5p,63,64,4.5625,4.5,1.5,0,1,1,43,21
aly-miR160a-5p,63,63,4.079365079365079,4.5,0.0,6,6,8,46,17
aly-miR160b-5p,63,63,4.079365079365079,4.5,0.0,6,6,8,46,17
aly-miR160c-5p,63,63,4.079365079365079,4.5,0.0,6,6,8,46,17
aqc-miR160b,63,63,4.079365079365079,4.5,0.0,6,6,8,46,17
ata-miR160a-5p,63,63,4.079365079365079,4.5,0.0,6,6,8,46,17
ata-miR160b-5p,63,63,4.079365079365079,4.5,0.0,6,6,8,46,17
ata-miR160c-5p,63,63,4.079365079365079,4.5,0.0,6,6,8,46,17
ath-miR160a-5p,63,63,4.079365079365079,4.5,0.0,6,6,8,46,17
ath-miR160b,63,63,4.079365079365079,4.5,0.0,6,6,8,46,17
ath-miR160c-5p,63,63,4.079365079365079,4.5,0.0,6,6,8,46,17
ath-miR405a,63,63,4.261904761904762,4.0,3.0,0,0,2,58,5
ath-miR405b,63,63,4.261904761904762,4.0,3.0,0,0,2,58,5
ath-miR405d,63,63,4.261904761904762,4.0,3.0,0,0,2,58,5
ath-miR5996,63,63,4.587301587301587,5.0,3.0,0,0,2,52,11
bdi-miR160a-5p,63,63,4.079365079365079,4.5,0.0,6,6,8,46,17
bdi-miR160b-5p,63,63,4.079365079365079,4.5,0.0,6,6,8,46,17
bdi-miR160c-5p,63,63,4.079365079365079,4.5,0.0,6,6,8,46,17
bdi-miR160d-5p,63,63,4.079365079365079,4.5,0.0,6,6,8,46,17
bdi-miR169k-3p,63,63,4.603174603174603,5.0,3.0,0,0,1,49,14
bdi-miR7723a-3p,63,63,4.373015873015873,4.5,2.0,0,1,2,54,9
bdi-miR7745-5p,63,63,4.357142857142857,4.5,2.5,0,0,4,56,7
bna-miR160a,63,63,4.079365079365079,4.5,0.0,6,6,8,46,17
bna-miR160b,63,63,4.079365079365079,4.5,0.0,6,6,8,46,17
bna-miR160c,63,63,4.079365079365079,4.5,0.0,6,6,8,46,17
bna-miR160d,63,63,4.079365079365079,4.5,0.0,6,6,8,46,17
bra-miR160a-5p,63,63,4.079365079365079,4.5,0.0,6,6,8,46,17
cca-miR160b,63,63,4.079365079365079,4.5,0.0,6,6,8,46,17
cme-miR160a,63,63,4.079365079365079,4.5,0.0,6,6,8,46,17
cme-miR160b,63,63,4.079365079365079,4.5,0.0,6,6,8,46,17
cme-miR160c,63,63,4.079365079365079,4.5,0.0,6,6,8,46,17
cpa-miR160a,63,63,4.079365079365079,4.5,0.0,6,6,8,46,17
cpa-miR160b,63,63,4.079365079365079,4.5,0.0,6,6,8,46,17
cpa-miR160c-5p,63,63,4.079365079365079,4.5,0.0,6,6,8,46,17
cpa-miR160e,63,63,4.079365079365079,4.5,0.0,6,6,8,46,17
cpa-miR160f-5p,63,63,4.079365079365079,4.5,0.0,6,6,8,46,17
esi-miR3453-3p,63,63,4.595238095238095,4.5,3.0,0,0,1,57,6
far-miR160,63,63,4.079365079365079,4.5,0.0,6,6,8,46,17
ghr-miR7490,63,63,4.492063492063492,4.5,3.0,0,0,2,50,13
gma-miR1520a,63,63,4.527777777777778,4.5,2.0,0,1,3,54,9
gma-miR160a-5p,63,63,4.079365079365079,4.5,0.0,6,6,8,46,17
gma-miR160f,63,63,4.079365079365079,4.5,0.0,6,6,8,46,17
gra-miR7492o,63,63,4.476190476190476,4.5,3.0,0,0,3,52,11
mdm-miR160a,63,63,4.079365079365079,4.5,0.0,6,6,8,46,17
mdm-miR160b,63,63,4.079365079365079,4.5,0.0,6,6,8,46,17
mdm-miR160c,63,63,4.079365079365079,4.5,0.0,6,6,8,46,17
mdm-miR160d,63,63,4.079365079365079,4.5,0.0,6,6,8,46,17
mdm-miR160e,63,63,4.079365079365079,4.5,0.0,6,6,8,46,17
mdm-miR393d,63,63,4.555555555555555,4.5,3.5,0,0,0,48,15
mdm-miR393e,63,63,4.555555555555555,4.5,3.5,0,0,0,48,15
mdm-miR393f,63,63,4.555555555555555,4.5,3.5,0,0,0,48,15
mes-miR160a,63,63,4.079365079365079,4.5,0.0,6,6,8,46,17
mes-miR160b,63,63,4.079365079365079,4.5,0.0,6,6,8,46,17
mes-miR160d,63,63,4.079365079365079,4.5,0.0,6,6,8,46,17
mtr-miR160a,63,63,4.079365079365079,4.5,0.0,6,6,8,46,17
mtr-miR160b,63,63,4.079365079365079,4.5,0.0,6,6,8,46,17
mtr-miR160d,63,63,4.079365079365079,4.5,0.0,6,6,8,46,17
mtr-miR160e,63,63,4.079365079365079,4.5,0.0,6,6,8,46,17
mtr-miR5214-3p,63,63,4.492063492063492,4.5,3.0,0,0,2,47,16
nta-miR160a,63,63,4.079365079365079,4.5,0.0,6,6,8,46,17
nta-miR160b,63,63,4.079365079365079,4.5,0.0,6,6,8,46,17
nta-miR160c,63,63,4.079365079365079,4.5,0.0,6,6,8,46,17
osa-miR160a-5p,63,63,4.079365079365079,4.5,0.0,6,6,8,46,17
osa-miR160b-5p,63,63,4.079365079365079,4.5,0.0,6,6,8,46,17
osa-miR160c-5p,63,63,4.079365079365079,4.5,0.0,6,6,8,46,17
osa-miR160d-5p,63,63,4.079365079365079,4.5,0.0,6,6,8,46,17
osa-miR2879,63,63,4.396825396825397,4.5,2.0,0,2,3,50,13
osa-miR438,63,63,4.658730158730159,5.0,3.5,0,0,0,53,10
pab-miR160a,63,63,4.079365079365079,4.5,0.0,6,6,8,46,17
pab-miR160b,63,63,4.079365079365079,4.5,0.0,6,6,8,46,17
ppt-miR160a,63,63,4.079365079365079,4.5,0.0,6,6,8,46,17
ppt-miR160e,63,63,4.079365079365079,4.5,0.0,6,6,8,46,17
ppt-miR160f,63,63,4.079365079365079,4.5,0.0,6,6,8,46,17
ptc-miR160a,63,63,4.079365079365079,4.5,0.0,6,6,8,46,17
ptc-miR160b-5p,63,63,4.079365079365079,4.5,0.0,6,6,8,46,17
ptc-miR160c-5p,63,63,4.079365079365079,4.5,0.0,6,6,8,46,17
ptc-miR160d,63,63,4.079365079365079,4.5,0.0,6,6,8,46,17
ptc-miR171k,63,63,4.4603174603174605,4.5,1.0,1,1,1,43,20
rco-miR160a,63,63,4.079365079365079,4.5,0.0,6,6,8,46,17
rco-miR160b,63,63,4.079365079365079,4.5,0.0,6,6,8,46,17
sbi-miR160a,63,63,4.079365079365079,4.5,0.0,6,6,8,46,17
sbi-miR160b,63,63,4.079365079365079,4.5,0.0,6,6,8,46,17
sbi-miR160c,63,63,4.079365079365079,4.5,0.0,6,6,8,46,17
sbi-miR160d,63,63,4.079365079365079,4.5,0.0,6,6,8,46,17
sbi-miR160e,63,63,4.079365079365079,4.5,0.0,6,6,8,46,17
sly-miR160a,63,63,4.079365079365079,4.5,0.0,6,6,8,46,17
smo-miR160a,63,63,4.079365079365079,4.5,0.0,6,6,8,46,17
smo-miR160b,63,63,4.079365079365079,4.5,0.0,6,6,8,46,17
stu-miR160a-5p,63,63,4.079365079365079,4.5,0.0,6,6,8,46,17
stu-miR160b,63,63,4.079365079365079,4.5,0.0,6,6,8,46,17
tae-miR160,63,63,4.079365079365079,4.5,0.0,6,6,8,46,17
tae-miR5062-5p,63,63,4.611111111111111,4.5,3.5,0,0,0,52,11
tcc-miR160b,63,63,4.079365079365079,4.5,0.0,6,6,8,46,17
ttu-miR160,63,63,4.079365079365079,4.5,0.0,6,6,8,46,17
vun-miR160,63,63,4.079365079365079,4.5,0.0,6,6,8,46,17
vvi-miR160c,63,63,4.079365079365079,4.5,0.0,6,6,8,46,17
vvi-miR160d,63,63,4.079365079365079,4.5,0.0,6,6,8,46,17
vvi-miR160e,63,63,4.079365079365079,4.5,0.0,6,6,8,46,17
zma-miR160a-5p,63,63,4.079365079365079,4.5,0.0,6,6,8,46,17
zma-miR160b-5p,63,63,4.079365079365079,4.5,0.0,6,6,8,46,17
zma-miR160c-5p,63,63,4.079365079365079,4.5,0.0,6,6,8,46,17
zma-miR160d-5p,63,63,4.079365079365079,4.5,0.0,6,6,8,46,17
zma-miR160e,63,63,4.079365079365079,4.5,0.0,6,6,8,46,17
zma-miR160g-5p,63,63,4.079365079365079,4.5,0.0,6,6,8,46,17
gra-miR8669,62,81,4.191358024691358,4.5,2.5,0,0,1,73,8
bra-miR164e-3p,62,68,4.647058823529412,5.0,2.5,0,0,2,53,15
bdi-miR7723b-5p,62,64,4.4296875,4.5,2.5,0,0,3,52,12
ghr-miR7500,62,64,4.4296875,4.5,2.5,0,0,2,58,6
nta-miR6161a,62,64,4.4453125,4.5,3.0,0,0,5,58,6
nta-miR6161b,62,64,4.4453125,4.5,3.0,0,0,5,58,6
ppt-miR160b,62,64,4.3671875,4.75,1.0,2,6,7,48,16
ppt-miR160i,62,64,4.3671875,4.75,1.0,2,6,7,48,16
stu-miR7994a,62,64,4.34375,4.5,2.0,0,2,5,61,3
stu-miR7994b-3p,62,64,4.34375,4.5,2.0,0,2,5,61,3
ata-miR6201-5p,62,63,4.492063492063492,4.5,3.5,0,0,0,54,9
bdi-miR7718-5p,62,63,4.484126984126984,4.5,3.0,0,0,1,46,17
bdi-miR7780-3p,62,63,4.492063492063492,4.5,3.0,0,0,2,55,8
gma-miR4399,62,63,4.634920634920635,4.5,3.0,0,0,1,53,10
gra-miR8665,62,63,4.436507936507937,4.5,3.0,0,0,5,56,7
hvu-miR5049c,62,63,4.626984126984127,5.0,3.5,0,0,0,60,3
hvu-miR6201,62,63,4.492063492063492,4.5,3.5,0,0,0,54,9
rgl-miR5578,62,63,4.365079365079365,4.5,2.5,0,0,4,55,8
sbi-miR6233-5p,62,63,4.484126984126984,4.5,3.0,0,0,3,52,11
stu-miR8003,62,63,4.420634920634921,4.5,2.0,0,1,4,44,19
stu-miR8031,62,63,4.611111111111111,4.5,3.0,0,0,1,55,8
tae-miR6201,62,63,4.492063492063492,4.5,3.5,0,0,0,54,9
aqu-miR-2019-3p,62,62,4.435483870967742,4.5,3.0,0,0,2,53,9
bdi-miR5181a-3p,62,62,4.701612903225806,5.0,3.5,0,0,0,58,4
bdi-miR7748a-5p,62,62,4.475806451612903,4.5,2.0,0,1,2,52,10
cca-miR6105a,62,62,4.370967741935484,4.5,2.0,0,1,3,49,13
gma-miR4380a,62,62,4.387096774193548,4.5,2.5,0,0,3,51,11
gma-miR4393a,62,62,4.32258064516129,4.5,2.5,0,0,3,54,8
gma-miR4416a,62,62,4.798387096774194,5.0,4.0,0,0,0,59,3
gra-miR8639a,62,62,4.169354838709677,4.5,3.0,0,0,8,55,7
gra-miR8639b,62,62,4.169354838709677,4.5,3.0,0,0,8,55,7
gra-miR8639c,62,62,4.169354838709677,4.5,3.0,0,0,8,55,7
gra-miR8639d,62,62,4.169354838709677,4.5,3.0,0,0,8,55,7
gra-miR8639e,62,62,4.169354838709677,4.5,3.0,0,0,8,55,7
gra-miR8639f,62,62,4.169354838709677,4.5,3.0,0,0,8,55,7
gra-miR8639g,62,62,4.169354838709677,4.5,3.0,0,0,8,55,7
gra-miR8639h,62,62,4.169354838709677,4.5,3.0,0,0,8,55,7
gra-miR8639i,62,62,4.169354838709677,4.5,3.0,0,0,8,55,7
gra-miR8698,62,62,4.645161290322581,5.0,3.0,0,0,2,48,14
gra-miR8732,62,62,4.435483870967742,4.5,2.5,0,0,5,54,8
hme-miR-6312-3p,62,62,4.508064516129032,4.5,3.5,0,0,0,54,8
mtr-miR5268a,62,62,4.419354838709677,4.5,2.0,0,1,3,48,14
mtr-miR5268b,62,62,4.419354838709677,4.5,2.0,0,1,3,48,14
mtr-miR5287a,62,62,4.5,4.5,1.5,0,1,2,50,12
osa-miR814a,62,62,4.588709677419355,4.5,3.5,0,0,0,55,7
osa-miR814b,62,62,4.588709677419355,4.5,3.5,0,0,0,55,7
osa-miR814c,62,62,4.588709677419355,4.5,3.5,0,0,0,55,7
ppt-miR1221-3p,62,62,4.411290322580645,4.5,2.5,0,0,2,44,18
sbi-miR6224a-5p,62,62,4.661290322580645,5.0,3.0,0,0,1,48,14
sbi-miR6224b-5p,62,62,4.661290322580645,5.0,3.0,0,0,1,48,14
sbi-miR6224c-5p,62,62,4.661290322580645,5.0,3.0,0,0,1,48,14
sly-miR169e-5p,62,62,4.387096774193548,4.5,2.0,0,1,3,50,12
sly-miR4376,62,62,4.435483870967742,4.5,2.5,0,0,6,55,7
sly-miR9469-5p,62,62,4.467741935483871,4.5,2.5,0,0,3,48,14
smo-miR1083,62,62,4.629032258064516,5.0,3.0,0,0,1,51,11
tae-miR1120a,62,62,4.379032258064516,4.5,3.0,0,0,2,56,6
vvi-miR3627-3p,62,62,4.435483870967742,4.5,2.0,0,1,3,53,9
zma-miR156j-3p,62,62,4.395161290322581,4.5,3.0,0,0,2,51,11
zma-miR160f-3p,62,62,4.620967741935484,4.5,3.5,0,0,0,57,5
gma-miR5380a,61,64,4.40625,4.5,3.0,0,0,3,49,15
gma-miR5380b,61,64,4.40625,4.5,3.0,0,0,3,49,15
gra-miR7494c,61,64,4.25,4.5,2.0,0,1,4,56,8
gra-miR8692,61,63,4.507936507936508,4.5,2.5,0,0,4,37,26
aly-miR168a-3p,61,62,4.516129032258065,4.5,3.0,0,0,1,56,6
aly-miR171a-3p,61,62,4.532258064516129,4.5,0.0,1,1,2,43,19
ata-miR9783-5p,61,62,4.419354838709677,4.5,2.5,0,0,1,52,10
ath-miR168a-3p,61,62,4.516129032258065,4.5,3.0,0,0,1,56,6
ath-miR171a-3p,61,62,4.532258064516129,4.5,0.0,1,1,2,43,19
bdi-miR171a,61,62,4.532258064516129,4.5,0.0,1,1,2,43,19
bdi-miR7780-5p,61,62,4.411290322580645,4.5,3.0,0,0,1,54,8
bna-miR171f,61,62,4.532258064516129,4.5,0.0,1,1,2,43,19
bra-miR168b-3p,61,62,4.516129032258065,4.5,3.0,0,0,1,56,6
bra-miR168c-3p,61,62,4.516129032258065,4.5,3.0,0,0,1,56,6
bra-miR171e,61,62,4.532258064516129,4.5,0.0,1,1,2,43,19
ccl-miR171,61,62,4.532258064516129,4.5,0.0,1,1,2,43,19
cme-miR171a,61,62,4.532258064516129,4.5,0.0,1,1,2,43,19
cme-miR171e,61,62,4.532258064516129,4.5,0.0,1,1,2,43,19
cme-miR171g,61,62,4.532258064516129,4.5,0.0,1,1,2,43,19
gra-miR7504g,61,62,4.354838709677419,4.5,3.0,0,0,3,48,14
hvu-miR6199,61,62,4.403225806451613,4.5,2.5,0,0,4,55,7
mdm-miR171c,61,62,4.532258064516129,4.5,0.0,1,1,2,43,19
mdm-miR171d,61,62,4.532258064516129,4.5,0.0,1,1,2,43,19
mdm-miR171e,61,62,4.532258064516129,4.5,0.0,1,1,2,43,19
mtr-miR168c-3p,61,62,4.516129032258065,4.5,3.0,0,0,1,56,6
osa-miR171a,61,62,4.532258064516129,4.5,0.0,1,1,2,43,19
osa-miR5082,61,62,4.435483870967742,4.5,2.5,0,0,5,59,3
ppt-miR898a-3p,61,62,4.637096774193548,5.0,3.0,0,0,1,53,9
ptc-miR168a-3p,61,62,4.516129032258065,4.5,3.0,0,0,1,56,6
ptc-miR168b-3p,61,62,4.516129032258065,4.5,3.0,0,0,1,56,6
sbi-miR171g,61,62,4.532258064516129,4.5,0.0,1,1,2,43,19
sbi-miR171j,61,62,4.532258064516129,4.5,0.0,1,1,2,43,19
sly-miR168b-3p,61,62,4.516129032258065,4.5,3.0,0,0,1,56,6
smo-miR1103-5p,61,62,4.491935483870968,5.0,1.5,0,2,3,40,22
stu-miR7990a,61,62,4.32258064516129,4.5,2.0,0,1,3,51,11
tcc-miR171a,61,62,4.532258064516129,4.5,0.0,1,1,2,43,19
vvi-miR171e,61,62,4.532258064516129,4.5,0.0,1,1,2,43,19
zma-miR171n-3p,61,62,4.532258064516129,4.5,0.0,1,1,2,43,19
ath-miR167c-3p,61,61,4.385245901639344,4.5,3.0,0,0,3,49,12
ath-miR851-5p,61,61,4.622950819672131,4.5,3.0,0,0,1,46,15
bdi-miR7708b-3p,61,61,4.5,4.5,3.0,0,0,1,56,5
gma-miR2109-3p,61,61,4.614754098360656,5.0,3.0,0,0,1,59,2
gma-miR4393b,61,61,4.286885245901639,4.5,1.5,0,2,3,47,14
gra-miR8716,61,61,4.401639344262295,4.5,2.5,0,0,3,54,7
nta-miR482d,61,61,4.295081967213115,4.5,2.0,0,1,6,55,6
osa-miR1319a,61,61,4.352459016393443,4.5,3.0,0,0,4,49,12
osa-miR1423-3p,61,61,4.663934426229508,5.0,3.0,0,0,1,46,15
osa-miR1865-3p,61,61,4.491803278688525,4.5,3.0,0,0,4,48,13
smo-miR1085-5p,61,61,4.60655737704918,5.0,2.5,0,0,2,49,12
bdi-miR7712-3p,60,63,4.2063492063492065,4.0,2.5,0,0,4,51,12
gra-miR8786a,60,63,4.357142857142857,4.5,2.0,0,1,4,53,10
gra-miR8786b,60,63,4.357142857142857,4.5,2.0,0,1,4,53,10
tae-miR1134,60,63,4.0476190476190474,4.0,1.0,1,2,12,61,2
aqu-miR-2014-5p,60,62,4.588709677419355,4.75,3.5,0,0,0,44,18
ptc-miR6424,60,62,4.556451612903226,4.5,2.5,0,0,2,47,15
stu-miR7980a,60,62,4.362903225806452,4.5,2.5,0,0,5,40,22
aly-miR852-3p,60,61,4.631147540983607,4.5,3.5,0,0,0,44,17
ata-miR167e-3p,60,61,4.377049180327869,4.5,3.0,0,0,1,57,4
bdi-miR395d-5p,60,61,4.565573770491803,4.5,2.5,0,0,3,47,14
gma-miR4383,60,61,4.475409836065574,4.5,2.0,0,1,4,54,7
hvu-miR1120,60,61,4.39344262295082,4.5,3.0,0,0,2,48,13
osa-miR167c-3p,60,61,4.377049180327869,4.5,3.0,0,0,1,57,4
osa-miR2102-5p,60,61,4.459016393442623,4.5,3.0,0,0,1,54,7
osa-miR5484,60,61,4.532786885245901,4.5,2.0,0,1,3,47,14
ppt-miR1076-3p,60,61,4.540983606557377,4.5,3.0,0,0,4,38,23
stu-miR7984d-5p,60,61,4.401639344262295,4.5,2.5,0,0,3,54,7
ath-miR5026,60,60,4.683333333333334,4.5,4.0,0,0,0,53,7
bdi-miR7711-3p.3,60,60,4.216666666666667,4.25,3.0,0,0,4,52,8
bdi-miR7711-5p.3,60,60,4.391666666666667,4.5,2.5,0,0,3,47,13
bdi-miR7715-3p,60,60,4.383333333333334,4.5,3.0,0,0,5,49,11
bdi-miR7778-3p,60,60,4.533333333333333,4.5,3.0,0,0,4,46,14
cre-miR1144a.2,60,60,4.466666666666667,4.5,2.0,0,1,6,51,9
ghr-miR7506,60,60,4.433333333333334,4.5,2.5,0,0,3,45,15
gma-miR4347,60,60,4.275,4.5,3.0,0,0,4,21,39
hme-miR-993,60,60,4.516666666666667,4.5,2.0,0,1,1,48,12
mtr-miR1509b,60,60,4.591666666666667,4.5,3.5,0,0,0,51,9
mtr-miR2653a,60,60,4.525,4.5,3.5,0,0,0,49,11
mtr-miR2653b,60,60,4.525,4.5,3.5,0,0,0,49,11
mtr-miR2653c,60,60,4.525,4.5,3.5,0,0,0,49,11
mtr-miR2653d,60,60,4.525,4.5,3.5,0,0,0,49,11
mtr-miR5560-5p,60,60,4.65,5.0,2.5,0,0,1,47,13
osa-miR5814,60,60,4.308333333333334,4.5,2.0,0,1,5,48,12
osa-miR810a,60,60,4.4125,4.5,2.5,0,0,5,47,13
ptc-miR398c-5p,60,60,4.616666666666666,5.0,3.5,0,0,0,51,9
ptc-miR6450b,60,60,4.533333333333333,4.75,3.0,0,0,4,52,8
ptc-miR7831,60,60,4.558333333333334,4.75,3.0,0,0,2,49,11
sbi-miR6219-3p,60,60,4.358333333333333,4.5,3.0,0,0,3,52,8
stu-miR398b-5p,60,60,4.55,4.5,3.0,0,0,1,50,10
stu-miR399i-5p,60,60,4.691666666666666,5.0,3.0,0,0,3,51,9
pti-miR5474,59,63,4.714285714285714,5.0,3.5,0,0,0,54,9
vvi-miR3634-3p,59,63,4.642857142857143,5.0,3.0,0,0,2,48,15
ath-miR840-5p,59,61,4.327868852459017,4.5,2.5,0,0,5,54,7
gra-miR8771c,59,61,4.270491803278689,4.5,2.0,0,1,7,52,9
ptc-miR482d-3p,59,61,4.131147540983607,4.5,2.0,0,2,9,57,4
stu-miR8001b-3p,59,61,4.377049180327869,4.5,2.5,0,0,2,45,16
ath-miR156f-3p,59,60,4.666666666666667,5.0,3.0,0,0,1,53,7
bdi-miR7727-3p,59,60,4.541666666666667,4.5,3.5,0,0,0,54,6
bdi-miR7779-3p,59,60,4.45,4.5,2.5,0,0,1,46,14
bra-miR9569-3p,59,60,4.416666666666667,4.5,2.5,0,0,5,54,6
gma-miR1516c,59,60,4.45,4.5,3.0,0,0,1,54,6
gma-miR4364b,59,60,4.483333333333333,5.0,2.5,0,0,5,51,9
gma-miR9757,59,60,4.375,4.5,2.5,0,0,2,54,6
osa-miR2100-3p,59,60,4.425,4.5,3.0,0,0,4,53,7
osa-miR5831,59,60,4.55,5.0,2.5,0,0,2,52,8
stu-miR7992-5p,59,60,4.35,4.5,3.0,0,0,1,43,17
ata-miR6201-3p,59,59,4.52542372881356,4.5,2.5,0,0,1,48,11
esi-miR3464-3p,59,59,4.432203389830509,4.5,1.5,0,1,1,32,27
ghr-miR7504a,59,59,4.322033898305085,4.5,0.0,1,1,2,51,8
gra-miR8704,59,59,4.398305084745763,4.5,2.5,0,0,5,53,6
gra-miR8756,59,59,4.3474576271186445,4.5,3.0,0,0,6,45,14
hvu-miR6213,59,59,4.661016949152542,5.0,3.0,0,0,1,39,20
osa-miR2091-3p,59,59,4.567796610169491,4.5,3.0,0,0,2,47,12
osa-miR5539a,59,59,4.6525423728813555,5.0,3.0,0,0,2,51,8
osa-miR5539b,59,59,4.6525423728813555,5.0,3.0,0,0,2,51,8
osa-miR7693-3p,59,59,4.516949152542373,4.5,3.5,0,0,0,47,12
sly-miR5304,59,59,4.491525423728813,4.5,3.0,0,0,3,47,12
sly-miR9478-5p,59,59,4.61864406779661,5.0,2.0,0,1,2,51,8
zma-miR160d-3p,59,59,4.52542372881356,4.5,3.0,0,0,4,51,8
zma-miR167c-3p,59,59,4.38135593220339,4.5,2.5,0,0,2,51,8
zma-miR171c-3p,59,59,4.601694915254237,5.0,2.0,0,1,3,41,18
zma-miR171m-5p,59,59,4.5,4.5,3.0,0,0,1,48,11
ath-miR777,58,60,4.525,4.5,3.0,0,0,1,47,13
cpa-miR8142,58,60,4.433333333333334,4.5,3.5,0,0,0,44,16
gma-miR5670b,58,60,4.158333333333333,4.5,1.5,0,3,5,42,18
bdi-miR1135,58,59,4.3474576271186445,4.5,3.0,0,0,2,51,8
bdi-miR7744-5p,58,59,4.432203389830509,4.5,3.0,0,0,1,52,7
csi-miR160,58,59,4.220338983050848,4.5,0.0,6,6,8,44,15
gma-miR1528,58,59,4.466101694915254,4.5,2.0,0,1,4,48,11
gma-miR4366,58,59,4.47457627118644,4.5,3.0,0,0,1,49,10
gma-miR4387b,58,59,4.398305084745763,4.5,2.5,0,0,3,52,7
gma-miR4398,58,59,4.338983050847458,4.5,2.5,0,0,4,51,8
gma-miR5673,58,59,4.72457627118644,5.0,3.0,0,0,2,36,23
gra-miR8689,58,59,4.466101694915254,4.5,3.0,0,0,3,43,16
osa-miR1863a,58,59,4.186440677966102,4.5,2.0,0,1,6,45,14
ath-miR837-3p,58,58,4.5344827586206895,4.5,3.0,0,0,1,45,13
ath-miR841b-5p,58,58,4.612068965517241,4.5,3.0,0,0,1,41,17
bdi-miR9493,58,58,4.5,4.5,3.0,0,0,2,46,12
bna-miR6031,58,58,4.422413793103448,4.5,2.5,0,0,4,49,9
gma-miR1520f-3p,58,58,4.422413793103448,4.5,2.0,0,1,4,47,11
gma-miR4372b,58,58,4.422413793103448,4.5,3.0,0,0,2,48,10
gma-miR5774a,58,58,4.612068965517241,4.5,3.5,0,0,0,49,9
gma-miR5774b,58,58,4.612068965517241,4.5,3.5,0,0,0,49,9
hvu-miR6203,58,58,4.487068965517241,4.5,3.0,0,0,2,44,14
osa-miR1875,58,58,4.2844827586206895,4.5,1.5,0,1,2,47,11
sbi-miR6225-5p,58,58,4.405172413793103,4.5,2.5,0,0,5,50,8
sly-miR9471a-5p,58,58,4.646551724137931,5.0,1.5,0,1,2,37,21
stu-miR8008a,58,58,4.413793103448276,4.5,3.0,0,0,4,48,10
stu-miR8009,58,58,4.413793103448276,4.5,3.0,0,0,4,48,10
gar-miR2947,57,62,4.508064516129032,4.5,2.5,0,0,1,49,13
stu-miR8005b-5p,57,60,4.341666666666667,4.5,3.0,0,0,5,50,10
hvu-miR6193,57,59,4.5423728813559325,4.5,3.5,0,0,0,44,15
osa-miR5815,57,59,4.296610169491525,4.5,1.5,0,1,6,49,10
aly-miR851-3p,57,58,4.301724137931035,4.5,3.0,0,0,4,47,11
aqu-miR-2017-3p,57,58,4.5344827586206895,4.75,3.0,0,0,4,43,15
cpa-miR8149,57,58,4.586206896551724,4.5,2.5,0,0,1,50,8
gma-miR4371a,57,58,4.301724137931035,4.5,2.5,0,0,5,41,17
gma-miR5765,57,58,4.646551724137931,5.0,3.5,0,0,0,47,11
gma-miR9751,57,58,4.379310344827586,4.5,2.5,0,0,2,52,6
gma-miR9767,57,58,4.474137931034483,4.5,3.5,0,0,0,49,9
gra-miR8738a,57,58,4.517241379310345,4.5,3.0,0,0,4,47,11
gra-miR8738b,57,58,4.517241379310345,4.5,3.0,0,0,4,47,11
aly-miR398c-3p,57,57,4.62280701754386,4.5,4.0,0,0,0,48,9
bdi-miR7737-3p,57,57,4.4035087719298245,4.5,2.5,0,0,3,46,11
cca-miR6108d,57,57,4.473684210526316,4.5,3.0,0,0,1,49,8
cre-miR1143-5p,57,57,4.780701754385965,5.0,4.0,0,0,0,44,13
gma-miR4345,57,57,4.56140350877193,4.5,3.5,0,0,0,42,15
gra-miR8757a,57,57,4.368421052631579,4.5,2.0,0,2,3,52,5
mtr-miR5271a,57,57,4.4035087719298245,4.5,3.0,0,0,2,50,7
mtr-miR5271b,57,57,4.4035087719298245,4.5,3.0,0,0,2,50,7
mtr-miR5271c,57,57,4.4035087719298245,4.5,3.0,0,0,2,50,7
mtr-miR5271d,57,57,4.4035087719298245,4.5,3.0,0,0,2,50,7
mtr-miR5271e,57,57,4.4035087719298245,4.5,3.0,0,0,2,50,7
osa-miR5800,57,57,4.517543859649122,4.5,3.0,0,0,1,45,12
pab-miR950-5p,57,57,4.491228070175438,4.5,3.0,0,0,1,48,9
rgl-miR7803a,57,57,4.482456140350878,4.5,3.5,0,0,0,49,8
sbi-miR6217a-3p,57,57,4.5,4.5,2.5,0,0,3,44,13
sbi-miR6217b-3p,57,57,4.5,4.5,2.5,0,0,3,44,13
sbi-miR6235-5p,57,57,4.394736842105263,4.5,2.5,0,0,4,46,11
stu-miR8005a,57,57,4.605263157894737,5.0,3.0,0,0,1,33,24
stu-miR8005b-3p,57,57,4.605263157894737,5.0,3.0,0,0,1,33,24
stu-miR8005c,57,57,4.605263157894737,5.0,3.0,0,0,1,33,24
osa-miR531a,56,63,4.484126984126984,4.5,3.0,0,0,5,57,6
osa-miR531c,56,63,4.484126984126984,4.5,3.0,0,0,5,57,6
hme-miR-10,56,61,4.30327868852459,4.5,2.5,0,0,7,52,9
bdi-miR7726a-3p,56,58,4.258620689655173,4.5,2.5,0,0,5,49,9
osa-miR1872,56,58,4.482758620689655,4.5,3.0,0,0,1,48,10
stu-miR8001a,56,58,4.379310344827586,4.5,2.0,0,1,6,47,11
aly-miR4237,56,57,4.552631578947368,4.5,3.0,0,0,1,46,11
ata-miR5084-5p,56,57,4.385964912280702,4.5,2.5,0,0,4,49,8
cme-miR845,56,57,4.535087719298246,4.5,3.5,0,0,0,46,11
esi-miR3454g-5p,56,57,4.517543859649122,4.5,3.0,0,0,1,43,14
gra-miR8673,56,57,4.359649122807017,4.5,3.0,0,0,3,47,10
gra-miR8674c,56,57,4.254385964912281,4.5,2.5,0,0,3,48,9
hme-miR-279a,56,57,4.508771929824562,4.5,3.0,0,0,2,48,9
mtr-miR2199,56,57,4.657894736842105,5.0,3.5,0,0,0,48,9
osa-miR2921,56,57,4.2894736842105265,4.5,1.5,0,1,5,47,10
osa-miR5802,56,57,4.5,4.5,3.0,0,0,1,39,18
aly-miR822-3p,56,56,4.6875,5.0,3.0,0,0,1,42,14
bdi-miR5163b-5p,56,56,4.553571428571429,4.5,3.0,0,0,1,49,7
bdi-miR7730-5p,56,56,4.464285714285714,4.5,3.0,0,0,1,35,21
gra-miR7484k,56,56,4.294642857142857,4.5,2.0,0,2,7,29,27
gra-miR7504e,56,56,4.357142857142857,4.5,3.0,0,0,4,35,21
gra-miR7504f,56,56,4.357142857142857,4.5,3.0,0,0,4,35,21
gra-miR8743c,56,56,4.214285714285714,4.5,2.5,0,0,5,43,13
gra-miR8743d,56,56,4.214285714285714,4.5,2.5,0,0,5,43,13
gra-miR8743e,56,56,4.214285714285714,4.5,2.5,0,0,5,43,13
mtr-miR2639,56,56,4.633928571428571,5.0,3.5,0,0,0,37,19
mtr-miR5269a,56,56,4.330357142857143,4.5,3.0,0,0,4,49,7
nta-miR6149a,56,56,4.705357142857143,5.0,3.5,0,0,0,44,12
nta-miR6149b,56,56,4.705357142857143,5.0,3.5,0,0,0,44,12
osa-miR5792,56,56,4.4375,4.5,2.5,0,0,4,51,5
osa-miR5805,56,56,4.5,4.5,2.5,0,0,2,49,7
stu-miR7990b,56,56,4.428571428571429,4.5,2.5,0,0,2,44,12
tae-miR1139,56,56,4.5625,4.5,3.5,0,0,0,40,16
zma-miR168a-3p,56,56,4.5625,4.5,3.5,0,0,0,46,10
bdi-miR7716-5p,55,58,4.431034482758621,4.5,3.0,0,0,1,42,16
cpa-miR8148,55,57,4.447368421052632,4.5,3.0,0,0,4,48,9
ghr-miR7486a,55,57,4.464912280701754,4.5,2.5,0,0,4,46,11
ghr-miR7486b,55,57,4.464912280701754,4.5,2.5,0,0,4,46,11
lja-miR7518,55,57,4.631578947368421,5.0,3.5,0,0,0,49,8
stu-miR8034,55,57,4.478070175438597,4.5,2.5,0,0,2,44,13
mtr-miR5225b,55,56,4.482142857142857,4.5,3.0,0,0,3,45,11
mtr-miR5225c,55,56,4.482142857142857,4.5,3.0,0,0,3,45,11
osa-miR2867-5p,55,56,4.651785714285714,4.75,3.5,0,0,0,38,18
osa-miR7695-3p,55,56,4.696428571428571,5.0,3.5,0,0,0,54,2
sbi-miR5387b,55,56,4.455357142857143,4.5,3.5,0,0,0,48,8
ata-miR5062a-5p,55,55,4.4,4.5,3.0,0,0,1,49,6
ata-miR5062b-3p,55,55,4.4,4.5,3.0,0,0,1,49,6
cre-miR1156.1,55,55,4.636363636363637,5.0,3.5,0,0,0,40,15
gma-miR4352a,55,55,4.472727272727273,4.5,2.5,0,0,2,36,19
gma-miR4997,55,55,4.472727272727273,4.5,3.0,0,0,1,43,12
gma-miR9753,55,55,4.490909090909091,4.5,2.5,0,0,4,47,8
gra-miR7503b,55,55,4.318181818181818,4.5,2.5,0,0,2,50,5
gra-miR8674a,55,55,4.490909090909091,4.5,2.5,0,0,1,48,7
gra-miR8743a,55,55,4.390909090909091,4.5,3.0,0,0,3,48,7
gra-miR8744,55,55,4.5181818181818185,4.5,3.5,0,0,0,51,4
gra-miR8779,55,55,4.572727272727272,4.5,3.5,0,0,0,41,14
mdm-miR391,55,55,4.627272727272727,5.0,2.0,0,1,3,52,3
mtr-miR5205c,55,55,4.472727272727273,4.5,2.0,0,1,1,48,7
mtr-miR5205d,55,55,4.472727272727273,4.5,2.0,0,1,1,48,7
mtr-miR5292b,55,55,4.390909090909091,4.5,3.0,0,0,3,48,7
osa-miR1429-5p,55,55,4.672727272727273,5.0,3.5,0,0,0,40,15
osa-miR6250,55,55,4.718181818181818,5.0,4.0,0,0,0,42,13
pde-miR1314,55,55,4.427272727272728,4.5,2.5,0,0,2,49,6
ppt-miR903,55,55,4.536363636363636,4.5,3.0,0,0,1,44,11
sbi-miR5565g-5p,55,55,4.336363636363636,4.5,2.5,0,0,3,41,14
aly-miR399d-5p,54,58,4.525862068965517,4.5,3.5,0,0,0,53,5
ath-miR4240,54,57,4.631578947368421,4.5,3.5,0,0,0,39,18
bdi-miR7751-3p,54,56,4.526785714285714,4.5,3.0,0,0,1,43,13
bdi-miR7762-3p,54,56,4.236607142857143,4.5,2.0,0,1,4,44,12
gra-miR8670a,54,56,4.455357142857143,4.5,2.0,0,1,1,40,16
gra-miR8670b,54,56,4.455357142857143,4.5,2.0,0,1,1,40,16
aly-miR840-5p,54,55,4.427272727272728,4.5,2.0,0,1,4,47,8
bdi-miR7725a-5p,54,55,4.445454545454545,4.5,2.5,0,0,4,40,15
bna-miR171g,54,55,4.545454545454546,4.5,0.0,1,1,2,37,18
cpa-miR8150,54,55,4.345454545454546,4.5,2.5,0,0,3,47,8
gma-miR4371b,54,55,4.490909090909091,4.5,2.5,0,0,3,42,13
gra-miR7504n,54,55,4.381818181818182,4.5,3.0,0,0,3,50,5
gra-miR8675a,54,55,4.418181818181818,4.5,1.5,0,1,3,42,13
stu-miR7984a,54,55,4.431818181818182,4.5,3.0,0,0,2,51,4
stu-miR7984b-5p,54,55,4.431818181818182,4.5,3.0,0,0,2,51,4
stu-miR7984d-3p,54,55,4.3,4.5,3.0,0,0,2,41,14
aly-miR3446-5p,54,54,4.287037037037037,4.5,2.5,0,0,1,46,8
bdi-miR7749-3p,54,54,4.407407407407407,4.5,3.5,0,0,0,42,12
bdi-miR7787-5p,54,54,4.398148148148148,4.5,3.0,0,0,2,43,11
gma-miR1520l,54,54,4.388888888888889,4.5,2.5,0,0,2,42,12
gma-miR4385,54,54,4.62037037037037,5.0,3.0,0,0,2,47,7
gra-miR8690,54,54,4.472222222222222,4.5,2.5,0,0,1,36,18
mtr-miR5295a,54,54,4.462962962962963,4.75,1.0,1,1,3,53,1
mtr-miR5295b,54,54,4.462962962962963,4.75,1.0,1,1,3,53,1
mtr-miR5295c,54,54,4.462962962962963,4.75,1.0,1,1,3,53,1
mtr-miR5295d,54,54,4.462962962962963,4.75,1.0,1,1,3,53,1
osa-miR5823,54,54,4.425925925925926,4.5,3.0,0,0,2,44,10
tae-miR1123,54,54,4.5092592592592595,4.5,2.5,0,0,2,40,14
vvi-miR3636-3p,54,54,4.388888888888889,4.5,2.0,0,1,3,47,7
zma-miR156b-3p,54,54,4.648148148148148,4.5,3.0,0,0,1,47,7
zma-miR167b-3p,54,54,4.393518518518518,4.5,3.0,0,0,5,50,4
zma-miR397b-3p,54,54,4.648148148148148,5.0,3.0,0,0,1,43,11
stu-miR7999-5p,53,55,4.172727272727273,4.5,2.0,0,1,6,52,3
bdi-miR7782-3p,53,54,4.444444444444445,4.5,1.5,0,1,3,48,6
lja-miR7537,53,54,4.62962962962963,4.75,3.0,0,0,1,40,14
tae-miR1133,53,54,4.62962962962963,5.0,3.5,0,0,0,42,12
ath-miR850,53,53,4.556603773584905,4.5,2.5,0,0,2,49,4
bdi-miR5181e,53,53,4.660377358490566,5.0,3.0,0,0,2,40,13
bdi-miR7759-3p,53,53,4.584905660377358,4.5,3.5,0,0,0,49,4
bdi-miR7766-3p,53,53,4.518867924528302,4.5,3.0,0,0,1,47,6
cre-miR1143-3p,53,53,4.561320754716981,5.0,2.5,0,0,2,36,17
cre-miR1157-5p,53,53,4.5,4.5,3.0,0,0,1,41,12
cre-miR1166.1,53,53,4.69811320754717,5.0,3.0,0,0,2,37,16
ghr-miR7498,53,53,4.518867924528302,4.5,2.0,0,1,1,38,15
ghr-miR7503,53,53,4.452830188679245,4.5,3.5,0,0,0,37,16
gma-miR1520g,53,53,4.528301886792453,5.0,2.5,0,0,5,44,9
gma-miR4376-5p,53,53,4.622641509433962,5.0,2.0,0,1,3,50,3
gma-miR4387d,53,53,4.518867924528302,4.5,2.5,0,0,2,43,10
gma-miR4388,53,53,4.311320754716981,4.5,2.0,0,1,5,45,8
gra-miR8642,53,53,4.3584905660377355,4.5,2.0,0,1,6,41,12
sbi-miR6224a-3p,53,53,4.669811320754717,5.0,3.5,0,0,0,39,14
sbi-miR6224b-3p,53,53,4.669811320754717,5.0,3.5,0,0,0,39,14
sbi-miR6224c-3p,53,53,4.669811320754717,5.0,3.5,0,0,0,39,14
stu-miR7987,53,53,4.377358490566038,4.5,2.5,0,0,5,47,6
tae-miR1125,53,53,4.433962264150943,4.5,3.0,0,0,2,48,5
tae-miR9665-3p,53,53,4.40566037735849,4.5,2.5,0,0,4,48,5
bdi-miR7771-3p,52,60,4.391666666666667,4.5,2.5,0,0,3,55,5
osa-miR5825,52,56,4.339285714285714,4.5,1.5,0,2,3,44,12
bol-miR9410,52,54,4.675925925925926,5.0,3.5,0,0,0,42,12
bdi-miR5174d-3p,52,53,4.481132075471698,4.5,2.0,0,1,1,47,6
mtr-miR5278,52,53,4.349056603773585,4.5,2.5,0,0,4,42,11
sbi-miR6220-5p,52,53,4.367924528301887,4.5,2.5,0,0,2,40,13
aly-miR167b-3p,52,52,4.461538461538462,4.5,3.0,0,0,1,48,4
bdi-miR7711-3p.4,52,52,4.365384615384615,4.5,3.0,0,0,2,42,10
bdi-miR7724a-5p,52,52,4.384615384615385,4.5,1.5,0,1,3,38,14
bdi-miR7724b-5p,52,52,4.384615384615385,4.5,1.5,0,1,3,38,14
bdi-miR7781-3p,52,52,4.298076923076923,4.5,3.0,0,0,1,37,15
gma-miR4378b,52,52,4.456730769230769,4.5,2.5,0,0,1,40,12
gma-miR4379,52,52,4.384615384615385,4.5,2.5,0,0,3,43,9
gra-miR8654a,52,52,4.5576923076923075,4.5,3.0,0,0,1,27,25
gra-miR8654b,52,52,4.5576923076923075,4.5,3.0,0,0,1,27,25
gra-miR8654c,52,52,4.5576923076923075,4.5,3.0,0,0,1,27,25
gra-miR8749,52,52,4.769230769230769,5.0,4.0,0,0,0,44,8
stu-miR7981-3p,52,52,4.519230769230769,4.75,3.0,0,0,2,39,13
stu-miR7986,52,52,4.5,4.5,3.0,0,0,1,42,10
stu-miR8006-5p,52,52,4.375,4.5,2.0,0,1,3,39,13
stu-miR8011a-3p,52,52,4.365384615384615,4.5,3.5,0,0,0,46,6
tae-miR9666b-5p,52,52,4.663461538461538,5.0,3.0,0,0,1,32,20
tae-miR9666c-5p,52,52,4.663461538461538,5.0,3.0,0,0,1,32,20
osa-miR7692-3p,51,57,4.350877192982456,4.5,1.5,0,1,3,45,12
ath-miR5018,51,53,4.132075471698113,4.5,2.0,0,1,6,40,13
gma-miR4357,51,53,4.613207547169812,5.0,3.0,0,0,1,44,9
gma-miR4372a,51,53,4.5,4.5,3.0,0,0,1,47,6
osa-miR1853-5p,51,53,4.3915094339622645,4.5,3.0,0,0,1,35,18
aly-miR160b-3p,51,52,4.423076923076923,4.5,2.0,0,1,2,50,2
bdi-miR7717b-5p,51,52,4.471153846153846,4.5,2.5,0,0,2,32,20
cca-miR6115,51,52,4.5,4.75,2.5,0,0,2,44,8
gma-miR4343b,51,52,4.394230769230769,4.5,2.0,0,1,1,44,8
sbi-miR6232a-3p,51,52,4.3701923076923075,4.5,2.5,0,0,3,47,5
aly-miR3437-5p,51,51,4.5588235294117645,4.5,3.0,0,0,2,47,4
ata-miR168-3p,51,51,4.519607843137255,4.5,3.5,0,0,0,41,10
bdi-miR168-3p,51,51,4.519607843137255,4.5,3.5,0,0,0,41,10
cre-miR1155,51,51,4.4411764705882355,4.5,2.5,0,0,3,34,17
gma-miR1531-5p,51,51,4.303921568627451,4.5,3.0,0,0,2,47,4
gma-miR4405,51,51,4.519607843137255,4.5,3.0,0,0,1,36,15
gra-miR7504c,51,51,4.166666666666667,4.0,2.5,0,0,8,34,17
gra-miR8703a,51,51,4.450980392156863,4.5,3.5,0,0,0,42,9
gra-miR8703b,51,51,4.450980392156863,4.5,3.5,0,0,0,42,9
gra-miR8703c,51,51,4.450980392156863,4.5,3.5,0,0,0,42,9
gra-miR8727,51,51,4.578431372549019,4.5,2.5,0,0,1,41,10
gra-miR8736,51,51,4.303921568627451,4.5,2.5,0,0,3,47,4
gra-miR8762b,51,51,4.46078431372549,4.5,3.0,0,0,2,43,8
gra-miR8762c,51,51,4.46078431372549,4.5,3.0,0,0,2,43,8
osa-miR1437a,51,51,4.666666666666667,5.0,3.5,0,0,0,43,8
osa-miR812f,51,51,4.480392156862745,4.5,3.0,0,0,1,40,11
stu-miR7981-5p,51,51,4.411764705882353,4.5,3.0,0,0,2,39,12
stu-miR8007b-3p,51,51,4.431372549019608,4.5,3.0,0,0,1,38,13
tae-miR5084,51,51,4.509803921568627,4.5,3.0,0,0,1,41,10
zma-miR397a-3p,51,51,4.617647058823529,4.5,2.5,0,0,1,42,9
mtr-miR5276,50,52,4.384615384615385,4.5,2.0,0,1,2,38,14
bdi-miR7746-5p,50,51,4.46078431372549,4.5,3.0,0,0,3,40,11
esi-miR8619,50,51,4.362745098039215,4.5,2.0,0,2,4,43,8
gma-miR4362,50,51,4.627450980392157,5.0,3.0,0,0,2,38,13
gra-miR7486f,50,51,4.46078431372549,4.5,2.5,0,0,2,41,10
gra-miR7486g,50,51,4.46078431372549,4.5,2.5,0,0,2,41,10
gra-miR8650,50,51,4.352941176470588,4.5,2.0,0,1,1,35,16
sbi-miR6220-3p,50,51,4.181372549019608,4.5,2.5,0,0,7,38,13
stu-miR7988,50,51,4.431372549019608,4.5,3.0,0,0,4,44,7
stu-miR8012,50,51,4.3431372549019605,4.5,3.0,0,0,2,47,4
ata-miR167a-3p,50,50,4.35,4.5,3.0,0,0,1,50,0
bdi-miR5060,50,50,4.75,5.0,4.0,0,0,0,37,13
bra-miR168a-3p,50,50,4.53,4.5,3.0,0,0,2,40,10
cpa-miR8139a,50,50,4.5,4.5,3.0,0,0,3,47,3
cpa-miR8139b,50,50,4.5,4.5,3.0,0,0,3,47,3
cpa-miR8139c,50,50,4.5,4.5,3.0,0,0,3,47,3
cpa-miR8139d,50,50,4.5,4.5,3.0,0,0,3,47,3
cpa-miR8139e,50,50,4.5,4.5,3.0,0,0,3,47,3
ghr-miR7487,50,50,4.51,4.5,3.0,0,0,1,45,5
gma-miR1520n,50,50,4.47,4.5,2.0,0,1,2,36,14
gma-miR1520r,50,50,4.46,4.5,3.0,0,0,1,45,5
gra-miR8715,50,50,4.54,4.5,3.0,0,0,2,31,19
gra-miR8723b,50,50,4.33,4.5,3.0,0,0,3,44,6
mtr-miR5205b,50,50,4.51,4.5,2.0,0,1,1,44,6
mtr-miR5213-3p,50,50,4.75,5.0,3.5,0,0,0,41,9
mtr-miR5298a,50,50,4.15,4.5,2.5,0,0,5,39,11
osa-miR5156,50,50,4.42,4.5,2.5,0,0,2,38,12
sbi-miR6219-5p,50,50,4.47,4.5,3.0,0,0,2,43,7
tae-miR169,50,50,4.5,4.5,2.0,0,1,1,36,14
esi-miR8629,49,71,4.352112676056338,4.5,1.5,0,2,7,65,6
osa-miR1880,49,52,4.538461538461538,4.5,3.5,0,0,0,42,10
bdi-miR1127,49,51,4.637254901960785,5.0,2.5,0,0,2,42,9
mtr-miR5286b,49,51,4.401960784313726,4.5,2.5,0,0,3,43,8
gma-miR1520k,49,50,4.3,4.5,2.0,0,1,4,32,18
gra-miR7484f,49,50,4.69,4.75,3.5,0,0,0,47,3
hme-miR-2797,49,50,4.48,4.5,3.0,0,0,2,40,10
osa-miR1846d-5p,49,50,4.65,5.0,3.5,0,0,0,41,9
osa-miR812q,49,50,4.36,4.5,3.0,0,0,2,43,7
sbi-miR5383,49,50,4.47,4.5,3.0,0,0,1,45,5
ahy-miR3509-3p,49,49,4.63265306122449,4.5,3.5,0,0,0,41,8
bdi-miR5174c-5p,49,49,4.438775510204081,4.5,2.0,0,1,4,44,5
cpa-miR5211,49,49,4.73469387755102,5.0,3.5,0,0,0,39,10
gma-miR4377,49,49,4.408163265306122,4.5,2.5,0,0,5,43,6
mtr-miR5292a,49,49,4.301020408163265,4.5,3.0,0,0,4,33,16
osa-miR2878-5p,49,49,4.469387755102041,4.5,3.5,0,0,0,39,10
pde-miR3701,49,49,4.530612244897959,5.0,3.0,0,0,2,40,9
stu-miR8007a-3p,49,49,4.418367346938775,4.5,2.5,0,0,2,36,13
bdi-miR5049-3p,48,51,4.352941176470588,4.5,2.5,0,0,2,42,9
gma-miR4394,48,51,4.401960784313726,4.5,2.5,0,0,1,40,11
gma-miR1520o,48,50,4.34,4.5,3.0,0,0,1,37,13
gma-miR4349,48,50,4.39,4.5,3.0,0,0,1,46,4
gra-miR8757b,48,49,4.459183673469388,4.5,2.0,0,1,3,42,7
mtr-miR5747,48,49,4.586734693877551,4.5,3.5,0,0,0,42,7
aly-miR841,48,48,4.53125,4.5,2.5,0,0,4,33,15
ath-miR404,48,48,4.5625,4.5,3.5,0,0,0,43,5
bdi-miR7775-3p,48,48,4.416666666666667,4.5,2.5,0,0,2,32,16
bdi-miR7782-5p,48,48,4.541666666666667,4.5,2.5,0,0,2,38,10
cme-miR7129,48,48,4.53125,4.5,3.5,0,0,0,35,13
gma-miR4353,48,48,4.4375,4.5,3.0,0,0,3,45,3
gma-miR4391,48,48,4.395833333333333,4.5,2.5,0,0,2,41,7
gma-miR5780a,48,48,4.5,4.5,2.5,0,0,4,44,4
gra-miR8674b,48,48,4.348958333333333,4.5,2.5,0,0,5,42,6
gra-miR8734,48,48,4.375,4.5,3.0,0,0,1,31,17
hvu-miR6206,48,48,4.572916666666667,5.0,3.0,0,0,1,39,9
mes-miR160e,48,48,4.114583333333333,4.5,0.0,6,6,7,38,10
mes-miR160f,48,48,4.114583333333333,4.5,0.0,6,6,7,38,10
mtr-miR397-3p,48,48,4.6875,5.0,3.5,0,0,0,36,12
mtr-miR5745a,48,48,4.552083333333333,5.0,3.0,0,0,1,25,23
osa-miR5835,48,48,4.520833333333333,4.5,3.5,0,0,0,42,6
stu-miR7993b-5p,48,48,4.4375,4.5,2.5,0,0,2,41,7
vvi-miR160a,48,48,4.114583333333333,4.5,0.0,6,6,7,38,10
vvi-miR160b,48,48,4.114583333333333,4.5,0.0,6,6,7,38,10
bdi-miR7748b-5p,47,49,4.316326530612245,4.5,2.5,0,0,4,47,2
cme-miR1863,47,48,4.34375,4.5,2.0,0,1,5,33,15
cre-miR1148.1,47,48,4.6875,5.0,3.5,0,0,0,40,8
gra-miR8637,47,48,4.46875,4.5,2.5,0,0,2,42,6
mtr-miR5275,47,48,4.25,4.5,2.0,0,1,6,39,9
bdi-miR7717a-3p,47,47,4.446808510638298,4.5,2.5,0,0,2,43,4
bdi-miR7760-5p,47,47,4.446808510638298,4.5,3.0,0,0,2,43,4
bol-miR9411,47,47,4.425531914893617,4.5,2.0,0,1,3,33,14
cca-miR6104,47,47,4.5,4.5,3.0,0,0,2,36,11
cca-miR6109,47,47,4.319148936170213,4.5,2.0,0,1,2,41,6
gra-miR8649,47,47,4.457446808510638,4.5,3.5,0,0,0,40,7
mtr-miR5283,47,47,4.351063829787234,4.5,3.5,0,0,0,41,6
osa-miR5072,47,47,4.4787234042553195,4.5,3.0,0,0,1,44,3
osa-miR5078,47,47,4.553191489361702,4.5,2.5,0,0,2,37,10
osa-miR5811,47,47,4.5,4.5,3.0,0,0,4,42,5
osa-miR5826,47,47,4.50531914893617,4.5,3.0,0,0,3,36,11
ppt-miR1044-5p,47,47,4.617021276595745,4.5,3.5,0,0,0,35,12
ppt-miR1071-5p,47,47,4.638297872340425,5.0,3.5,0,0,0,31,16
ptc-miR6458,47,47,4.5,4.5,3.5,0,0,0,37,10
sbi-miR5565g-3p,47,47,4.468085106382978,4.5,2.5,0,0,3,38,9
stu-miR7983-3p,47,47,4.5,4.5,3.5,0,0,0,43,4
stu-miR7989,47,47,4.148936170212766,4.5,2.5,0,0,5,41,6
vvi-miR3637-3p,47,47,4.51063829787234,4.5,2.0,0,1,1,41,6
bdi-miR7774-3p,46,58,4.482758620689655,4.5,3.0,0,0,1,55,3
bdi-miR7762-5p,46,48,4.395833333333333,4.5,2.0,0,1,2,31,17
bra-miR9566-3p,46,47,4.457446808510638,4.5,3.0,0,0,2,38,9
mtr-miR5274a,46,47,4.574468085106383,4.5,3.0,0,0,1,37,10
osa-miR2878-3p,46,47,4.351063829787234,4.5,2.5,0,0,2,35,12
stu-miR8025-5p,46,47,4.319148936170213,4.5,1.5,0,1,5,40,7
ath-miR416,46,46,4.75,5.0,3.5,0,0,0,36,10
bdi-miR7724a-3p,46,46,4.478260869565218,4.5,3.5,0,0,0,42,4
bdi-miR7724b-3p,46,46,4.478260869565218,4.5,3.5,0,0,0,42,4
bdi-miR7758-5p,46,46,4.608695652173913,4.5,3.0,0,0,1,40,6
bdi-miR7784a-5p,46,46,4.489130434782608,4.5,2.0,0,1,2,36,10
bdi-miR7784b-5p,46,46,4.489130434782608,4.5,2.0,0,1,2,36,10
cca-miR6105b,46,46,4.608695652173913,4.5,3.5,0,0,0,38,8
cre-miR913-3p,46,46,4.815217391304348,5.0,4.0,0,0,0,33,13
gra-miR7486e,46,46,4.380434782608695,4.5,2.5,0,0,3,40,6
gra-miR7504d,46,46,4.445652173913044,4.5,2.5,0,0,2,28,18
gra-miR8696,46,46,4.456521739130435,4.5,3.0,0,0,2,42,4
gra-miR8720,46,46,4.608695652173913,5.0,3.0,0,0,1,37,9
hme-miR-193-3p,46,46,4.478260869565218,4.5,1.5,0,1,1,35,11
lja-miR7528,46,46,4.586956521739131,4.5,3.5,0,0,0,33,13
osa-miR1847.2,46,46,4.554347826086956,4.5,3.0,0,0,3,40,6
osa-miR1870-5p,46,46,4.336956521739131,4.5,2.5,0,0,2,43,3
stu-miR8019-3p,46,46,4.342391304347826,4.5,2.5,0,0,3,37,9
vvi-miR3638-5p,46,46,4.320652173913044,4.5,2.0,0,1,5,45,1
gma-miR4374a,45,48,4.302083333333333,4.5,2.0,0,1,3,35,13
bdi-miR7733-3p,45,47,4.51063829787234,4.5,3.0,0,0,1,40,7
bdi-miR531,45,46,4.358695652173913,4.5,2.0,0,1,2,38,8
bdi-miR7725a-3p,45,46,4.456521739130435,4.5,3.0,0,0,1,38,8
bdi-miR7725b-3p.2,45,46,4.445652173913044,4.5,3.0,0,0,2,41,5
bna-miR1140,45,46,4.630434782608695,4.75,3.5,0,0,0,36,10
bra-miR1140,45,46,4.630434782608695,4.75,3.5,0,0,0,36,10
cre-miR1165-3p,45,46,4.543478260869565,4.5,2.0,0,1,1,42,4
cre-miR9897-5p,45,46,4.554347826086956,4.5,3.5,0,0,0,41,5
bra-miR9564-5p,45,45,4.6,4.5,3.5,0,0,0,37,8
esi-miR3450-5p,45,45,4.711111111111111,5.0,3.0,0,0,1,30,15
gma-miR1520e,45,45,4.355555555555555,4.5,3.0,0,0,2,29,16
gma-miR4387a,45,45,4.544444444444444,5.0,2.5,0,0,1,44,1
gra-miR7486j,45,45,4.533333333333333,4.5,3.5,0,0,0,38,7
gra-miR8739,45,45,4.633333333333334,4.5,3.5,0,0,0,37,8
lja-miR7516-3p,45,45,4.7444444444444445,5.0,3.5,0,0,0,35,10
mtr-miR5279,45,45,4.555555555555555,5.0,2.0,0,1,1,34,11
stu-miR6149-5p,45,45,4.644444444444445,4.5,3.0,0,0,1,32,13
stu-miR8013,45,45,4.411111111111111,4.5,3.0,0,0,3,26,19
gra-miR8700,44,47,4.5,4.5,3.5,0,0,0,41,6
sbi-miR437x-3p,44,46,4.565217391304348,4.5,3.5,0,0,0,30,16
ath-miR8121,44,44,4.6022727272727275,5.0,2.5,0,0,2,37,7
bdi-miR7721-5p,44,44,4.556818181818182,4.5,3.0,0,0,3,36,8
bdi-miR7775-5p,44,44,4.221590909090909,4.5,2.0,0,1,5,42,2
gma-miR1520j,44,44,4.511363636363637,4.5,3.5,0,0,0,27,17
gma-miR4342,44,44,4.443181818181818,4.5,1.5,0,1,1,36,8
gma-miR4359a,44,44,4.488636363636363,4.5,3.0,0,0,1,37,7
gma-miR4387c,44,44,4.6477272727272725,5.0,2.5,0,0,1,28,16
gra-miR7486h,44,44,4.7272727272727275,5.0,3.0,0,0,1,32,12
nta-miR6161c,44,44,4.420454545454546,4.5,3.0,0,0,1,39,5
osa-miR2121a,44,44,4.340909090909091,4.5,3.5,0,0,0,30,14
osa-miR2121b,44,44,4.340909090909091,4.5,3.5,0,0,0,30,14
pab-miR3700,44,44,4.5227272727272725,4.5,3.0,0,0,1,40,4
sbi-miR5565a,44,44,4.431818181818182,4.5,2.0,0,1,4,35,9
sbi-miR5565b,44,44,4.431818181818182,4.5,2.0,0,1,4,35,9
stu-miR7980b-5p,44,44,4.215909090909091,4.5,2.5,0,0,1,35,9
bdi-miR7778-5p,43,51,4.4411764705882355,4.5,3.0,0,0,1,41,10
cpa-miR8145,43,45,4.388888888888889,4.5,1.5,0,1,3,38,7
hme-miR-6312-5p,43,44,4.5227272727272725,4.5,3.0,0,0,1,30,14
mtr-miR2606c,43,44,4.5227272727272725,4.75,2.5,0,0,2,36,8
mtr-miR2625,43,43,4.488372093023256,4.5,3.0,0,0,4,40,3
osa-miR1873,43,43,4.430232558139535,4.5,3.0,0,0,2,39,4
osa-miR1874-5p,43,43,4.406976744186046,4.5,2.5,0,0,1,31,12
osa-miR1878,43,43,4.523255813953488,4.5,3.0,0,0,1,38,5
osa-miR2880,43,43,4.569767441860465,4.5,2.5,0,0,1,29,14
osa-miR2907a,43,43,4.755813953488372,5.0,4.0,0,0,0,33,10
osa-miR2907b,43,43,4.755813953488372,5.0,4.0,0,0,0,33,10
osa-miR2907c,43,43,4.755813953488372,5.0,4.0,0,0,0,33,10
osa-miR2907d,43,43,4.755813953488372,5.0,4.0,0,0,0,33,10
osa-miR3982-5p,43,43,4.604651162790698,5.0,3.5,0,0,0,39,4
osa-miR5152-3p,43,43,4.604651162790698,4.5,4.0,0,0,0,32,11
osa-miR812n-3p,43,43,4.395348837209302,4.5,2.5,0,0,1,33,10
osa-miR812t,43,43,4.395348837209302,4.5,2.5,0,0,1,33,10
osa-miR812u,43,43,4.395348837209302,4.5,2.5,0,0,1,33,10
sbi-miR6227-5p,43,43,4.511627906976744,4.5,3.0,0,0,2,34,9
mtr-miR5282,42,45,4.4222222222222225,4.5,1.5,0,1,2,38,7
bdi-miR7707-5p,42,44,4.386363636363637,4.5,3.0,0,0,2,32,12
bdi-miR7735-3p,42,44,4.443181818181818,4.5,3.0,0,0,2,38,6
bdi-miR1878-5p,42,43,4.453488372093023,4.5,2.0,0,1,3,36,7
gra-miR7492l,42,43,4.406976744186046,4.5,3.5,0,0,0,37,6
gra-miR7492m,42,43,4.406976744186046,4.5,3.5,0,0,0,37,6
ath-miR5639-3p,42,42,4.416666666666667,4.5,1.5,0,1,3,36,6
gra-miR8660,42,42,4.476190476190476,4.5,2.5,0,0,3,37,5
gra-miR8683,42,42,4.4523809523809526,4.5,3.0,0,0,1,33,9
hme-miR-124,42,42,4.607142857142857,4.5,4.0,0,0,0,34,8
hme-miR-2796,42,42,4.607142857142857,4.5,3.5,0,0,0,33,9
mes-miR160g,42,42,3.8095238095238093,4.5,0.0,6,6,8,31,11
osa-miR1423-5p,42,42,4.333333333333333,4.5,2.5,0,0,5,36,6
osa-miR5799,42,42,4.488095238095238,4.75,3.0,0,0,4,29,13
sbi-miR5567,42,42,4.428571428571429,4.75,2.5,0,0,4,35,7
tae-miR1129,42,42,4.5476190476190474,4.5,3.0,0,0,1,34,8
cpa-miR8144,41,42,4.607142857142857,4.5,4.0,0,0,0,30,12
gma-miR4404,41,42,4.559523809523809,4.5,3.0,0,0,1,34,8
gma-miR9735,41,42,4.523809523809524,4.5,3.0,0,0,1,37,5
mtr-miR2590h,41,42,4.2976190476190474,4.5,2.5,0,0,2,38,4
mtr-miR2590i,41,42,4.2976190476190474,4.5,2.5,0,0,2,38,4
mtr-miR2590j,41,42,4.2976190476190474,4.5,2.5,0,0,2,38,4
osa-miR2871a-5p,41,42,4.5476190476190474,4.5,3.0,0,0,1,30,12
ata-miR5084-3p,41,41,4.487804878048781,4.5,3.5,0,0,0,34,7
ath-miR845b,41,41,4.5,4.5,2.5,0,0,3,35,6
cpa-miR8153,41,41,4.426829268292683,4.5,2.5,0,0,3,40,1
hvu-miR168-3p,41,41,4.536585365853658,4.5,3.5,0,0,0,37,4
mes-miR160h,41,41,3.8048780487804876,4.5,0.0,6,6,8,31,10
nta-miR6160,41,41,4.445121951219512,4.5,3.0,0,0,1,32,9
osa-miR168a-3p,41,41,4.536585365853658,4.5,3.5,0,0,0,37,4
osa-miR7695-5p,41,41,4.475609756097561,4.5,2.0,0,1,4,35,6
osa-miR812r,41,41,4.378048780487805,4.5,3.0,0,0,4,26,15
pab-miR3701,41,41,4.682926829268292,5.0,3.5,0,0,0,36,5
stu-miR7985,40,41,4.634146341463414,4.5,4.0,0,0,0,31,10
bdi-miR7747-3p,40,40,4.475,4.5,3.0,0,0,2,31,9
bdi-miR7771-5p,40,40,4.425,4.5,3.5,0,0,0,33,7
cca-miR6108e-5p,40,40,4.525,4.5,3.5,0,0,0,32,8
gma-miR4346,40,40,4.425,4.5,3.5,0,0,0,31,9
gma-miR4403,40,40,4.65,5.0,3.5,0,0,0,30,10
gra-miR8651,40,40,4.475,4.5,4.0,0,0,0,26,14
osa-miR5502,40,40,4.6,4.75,2.5,0,0,2,35,5
osa-miR7692-5p,40,40,4.6125,4.75,3.5,0,0,0,29,11
osa-miR812k,40,40,4.5125,4.5,2.5,0,0,1,30,10
osa-miR812l,40,40,4.5125,4.5,2.5,0,0,1,30,10
osa-miR812m,40,40,4.5125,4.5,2.5,0,0,1,30,10
ptc-miR481a,40,40,4.325,4.5,3.0,0,0,1,28,12
ptc-miR481b,40,40,4.325,4.5,3.0,0,0,1,28,12
ptc-miR481c,40,40,4.325,4.5,3.0,0,0,1,28,12
stu-miR8021,40,40,4.475,4.5,2.5,0,0,1,33,7
gma-miR4359b,39,43,4.523255813953488,4.5,3.0,0,0,1,34,9
bdi-miR7766-5p,39,40,4.575,4.5,3.5,0,0,0,35,5
gra-miR8662,39,40,4.4375,4.5,3.0,0,0,1,32,8
bdi-miR159b-3p.2,39,39,4.589743589743589,4.5,2.5,0,0,1,33,6
hme-miR-745,38,39,4.512820512820513,4.5,3.5,0,0,0,32,7
bdi-miR7739-5p,38,38,4.4605263157894735,4.75,3.0,0,0,1,33,5
gma-miR4360,38,38,4.631578947368421,5.0,3.0,0,0,1,32,6
hvu-miR6212,38,38,4.671052631578948,5.0,3.5,0,0,0,29,9
osa-miR1868,38,38,4.473684210526316,4.5,3.0,0,0,2,30,8
osa-miR1883a,38,38,4.473684210526316,4.5,3.5,0,0,0,36,2
osa-miR1883b,38,38,4.473684210526316,4.5,3.5,0,0,0,36,2
osa-miR812o-3p,38,38,4.5131578947368425,4.5,3.5,0,0,0,25,13
ppt-miR1035,38,38,4.592105263157895,4.75,3.5,0,0,0,30,8
gra-miR399,37,39,4.641025641025641,5.0,3.5,0,0,0,30,9
osa-miR7694-5p,37,39,4.397435897435898,4.5,2.5,0,0,5,37,2
stu-miR7994b-5p,37,39,4.5,4.5,3.0,0,0,2,29,10
tae-miR1119,37,38,4.592105263157895,5.0,3.0,0,0,1,29,9
bdi-miR7723a-5p,37,37,4.472972972972973,4.5,3.0,0,0,1,24,13
gma-miR171b-5p,37,37,4.621621621621622,4.5,3.5,0,0,0,34,3
gma-miR4356,37,37,4.608108108108108,4.5,3.5,0,0,0,32,5
osa-miR5162,37,37,4.486486486486487,5.0,1.5,0,1,1,33,4
osa-miR5790,37,37,4.608108108108108,4.5,3.5,0,0,0,29,8
sbi-miR6229-5p,37,37,4.54054054054054,4.5,3.5,0,0,0,30,7
stu-miR7984c-5p,37,37,4.608108108108108,5.0,3.5,0,0,0,28,9
ptc-miR481d,36,37,4.412162162162162,4.5,2.5,0,0,4,25,12
bdi-miR7784a-3p,36,36,4.597222222222222,5.0,3.5,0,0,0,27,9
bdi-miR7784b-3p,36,36,4.597222222222222,5.0,3.5,0,0,0,27,9
cre-miR1165-5p,36,36,4.736111111111111,5.0,2.5,0,0,1,29,7
gma-miR4358,36,36,4.486111111111111,4.5,1.5,0,1,1,28,8
gma-miR4371c,36,36,4.513888888888889,4.5,3.5,0,0,0,32,4
gma-miR4373,36,36,4.680555555555555,5.0,3.5,0,0,0,27,9
gra-miR8711,36,36,4.638888888888889,5.0,3.5,0,0,0,31,5
gra-miR8754,36,36,4.569444444444445,4.5,3.0,0,0,1,25,11
mtr-miR2590g,36,36,4.555555555555555,4.5,3.5,0,0,0,35,1
osa-miR5810,36,36,4.597222222222222,4.5,3.5,0,0,0,29,7
stu-miR8028-5p,36,36,4.5,4.5,3.5,0,0,0,24,12
gra-miR8755,35,37,4.527027027027027,4.5,3.0,0,0,2,36,1
hme-miR-970,35,36,4.527777777777778,5.0,3.0,0,0,4,24,12
sbi-miR437x-5p,35,36,4.430555555555555,4.5,1.0,1,1,2,26,10
bdi-miR7718-3p,35,35,4.4,4.5,1.5,0,1,1,30,5
far-miR1119,35,35,4.514285714285714,4.5,3.0,0,0,2,30,5
mtr-miR2631,35,35,4.585714285714285,5.0,3.5,0,0,0,29,6
sbi-miR6226-3p,35,35,4.3428571428571425,4.5,3.0,0,0,1,29,6
stu-miR8000,35,35,4.514285714285714,4.5,3.0,0,0,1,28,7
gma-miR4344,34,35,4.6,4.5,3.5,0,0,0,31,4
osa-miR812p,34,35,4.4,4.5,3.5,0,0,0,26,9
bdi-miR7758-3p,34,34,4.588235294117647,4.5,3.0,0,0,1,21,13
osa-miR812a,34,34,4.764705882352941,5.0,3.0,0,0,1,30,4
osa-miR812b,34,34,4.764705882352941,5.0,3.0,0,0,1,30,4
osa-miR812c,34,34,4.764705882352941,5.0,3.0,0,0,1,30,4
osa-miR812d,34,34,4.764705882352941,5.0,3.0,0,0,1,30,4
osa-miR812e,34,34,4.764705882352941,5.0,3.0,0,0,1,30,4
osa-miR812s,34,34,4.544117647058823,4.75,3.0,0,0,2,28,6
osa-miR5803,33,39,4.538461538461538,4.5,3.5,0,0,0,25,14
gma-miR4361,33,33,4.454545454545454,4.5,2.5,0,0,2,23,10
gra-miR8725,33,33,4.393939393939394,4.5,2.5,0,0,2,28,5
hme-miR-2755,33,33,4.666666666666667,5.0,3.5,0,0,0,23,10
pti-miR5476,33,33,4.545454545454546,4.5,3.0,0,0,1,30,3
stu-miR8018,33,33,4.333333333333333,4.5,2.5,0,0,2,29,4
zma-miR399g-5p,33,33,4.666666666666667,5.0,3.0,0,0,1,20,13
stu-miR7998,32,39,4.5,4.5,3.0,0,0,2,31,8
cre-miR1149.1,32,32,4.6875,5.0,3.5,0,0,0,28,4
gma-miR4389,32,32,4.6796875,5.0,3.0,0,0,1,24,8
gra-miR8685,32,32,4.234375,4.5,2.5,0,0,3,30,2
stu-miR8006-3p,32,32,4.515625,4.5,3.0,0,0,2,29,3
mtr-miR5294a,31,31,4.564516129032258,4.5,3.5,0,0,0,26,5
mtr-miR5294b,31,31,4.564516129032258,4.5,3.5,0,0,0,26,5
mtr-miR5294c,31,31,4.564516129032258,4.5,3.5,0,0,0,26,5
sbi-miR5387a,31,31,4.516129032258065,4.5,3.5,0,0,0,23,8
bdi-miR7714-3p,30,30,4.716666666666667,5.0,3.0,0,0,2,26,4
bdi-miR9490,30,30,4.366666666666666,4.5,3.0,0,0,1,23,7
gma-miR4381,30,30,4.45,4.5,3.5,0,0,0,28,2
stu-miR7999-3p,30,30,4.566666666666666,4.5,3.0,0,0,2,24,6
bdi-miR7720-5p,29,30,4.566666666666666,4.75,3.5,0,0,0,27,3
rgl-miR5141,29,30,4.633333333333334,5.0,1.5,0,1,1,18,12
gma-miR1532,29,29,4.517241379310345,4.5,3.5,0,0,0,25,4
gma-miR4368b,29,29,4.431034482758621,4.5,2.5,0,0,2,19,10
mtr-miR5280,29,29,4.482758620689655,4.5,3.5,0,0,0,25,4
stu-miR8008b,29,29,4.603448275862069,4.5,3.5,0,0,0,19,10
tae-miR1117,29,29,4.620689655172414,5.0,3.5,0,0,0,24,5
ghr-miR7509,28,29,4.103448275862069,4.0,2.5,0,0,4,17,12
gma-miR1520h,28,29,4.568965517241379,4.5,3.5,0,0,0,24,5
bdi-miR7710-5p,28,28,4.5,4.5,3.0,0,0,1,21,7
stu-miR8010,28,28,4.428571428571429,4.5,3.5,0,0,0,20,8
gma-miR1521b,27,29,4.396551724137931,4.5,2.5,0,0,1,21,8
gma-miR4343a,26,26,4.538461538461538,4.5,3.5,0,0,0,14,12
gma-miR4364a,25,25,4.5,4.5,3.5,0,0,0,18,7
gma-miR4368a,24,24,4.666666666666667,5.0,3.5,0,0,0,18,6
osa-miR5159,24,24,4.416666666666667,4.5,3.5,0,0,0,23,1
sbi-miR6226-5p,23,23,4.5,4.5,2.5,0,0,1,17,6
stu-miR7995,20,21,4.285714285714286,4.5,2.0,0,1,2,16,5
bdi-miR7726b-3p,20,20,4.65,5.0,3.0,0,0,1,17,3
gma-miR1520i,20,20,4.575,4.5,3.5,0,0,0,16,4
ath-miR2939,19,19,4.7894736842105265,5.0,4.0,0,0,0,16,3
