Gene_ID	Metabolite_Category	Description	SwissProt_Hit	NR_Hit	GOs	KEGG_Pathway
CcGene_00054	Cytochrome P450	Belongs to the cytochrome P450 family	sp|A0A0G2RKY1|KO_SALMI	XP_017253618.1	GO:0001101,GO:0003674,GO:0003824,GO:0004497,GO:0005575,GO:0005622,GO:0005623,GO:0005737,GO:0005783,GO:0006082,GO:0006629,GO:0006720,GO:0006721,GO:0007154,GO:0007165,GO:0008150,GO:0008152,GO:0008299,GO:0008610,GO:0009058,GO:0009403,GO:0009404,GO:0009507,GO:0009526,GO:0009527,GO:0009536,GO:0009685,GO:0009686,GO:0009707,GO:0009719,GO:0009725,GO:0009739,GO:0009740,GO:0009755,GO:0009941,GO:0009987,GO:0010033,GO:0010241,GO:0010476,GO:0010817,GO:0012505,GO:0016020,GO:0016053,GO:0016101,GO:0016102,GO:0016114,GO:0016491,GO:0016705,GO:0016709,GO:0019748,GO:0019752,GO:0019867,GO:0023052,GO:0031090,GO:0031967,GO:0031968,GO:0031969,GO:0031975,GO:0032870,GO:0033331,GO:0033993,GO:0042170,GO:0042214,GO:0042221,GO:0042445,GO:0042446,GO:0043226,GO:0043227,GO:0043229,GO:0043231,GO:0043436,GO:0044237,GO:0044238,GO:0044249,GO:0044255,GO:0044281,GO:0044283,GO:0044422,GO:0044424,GO:0044434,GO:0044435,GO:0044444,GO:0044446,GO:0044464,GO:0044550,GO:0046394,GO:0050789,GO:0050794,GO:0050896,GO:0051501,GO:0051502,GO:0051716,GO:0052314,GO:0052315,GO:0052615,GO:0055114,GO:0065007,GO:0065008,GO:0070887,GO:0071229,GO:0071310,GO:0071370,GO:0071396,GO:0071495,GO:0071704,GO:0098588,GO:0098805,GO:1901576,GO:1901700,GO:1901701	ko00904,ko01100,ko01110,map00904,map01100,map01110
CcGene_00069	Cytochrome P450	Cytochrome p450	sp|C0SJS4|C71AJ_APIGR	AKJ23351.1	-	ko00140,ko00380,ko00590,ko00591,ko00830,ko00980,ko01100,ko04212,ko04726,ko04750,ko04913,ko05204,map00140,map00380,map00590,map00591,map00830,map00980,map01100,map04212,map04726,map04750,map04913,map05204
CcGene_00149	Glycosyltransferase	UDP-Glycosyltransferase	sp|F8WKW1|UGT2_GARJA	XP_017221193.1	-	-
CcGene_00160	Glycosyltransferase	UDP-Glycosyltransferase	sp|F8WLS6|UGT6_CATRO	XP_017232287.1	-	-
CcGene_00375	Cytochrome P450	Cytochrome p450	sp|Q2QYH7|C14C2_ORYSJ	XP_017235816.1	-	-
CcGene_00614	Glycosyltransferase	Belongs to the glycosyltransferase 8 family	sp|Q9LSG3|GAUT8_ARATH	KAL1834913.1	GO:0000271,GO:0003674,GO:0003824,GO:0005575,GO:0005622,GO:0005623,GO:0005737,GO:0005739,GO:0005768,GO:0005794,GO:0005802,GO:0005975,GO:0005976,GO:0008150,GO:0008152,GO:0008194,GO:0009058,GO:0009059,GO:0009664,GO:0009832,GO:0009987,GO:0010289,GO:0010383,GO:0010393,GO:0010394,GO:0012505,GO:0016043,GO:0016051,GO:0016740,GO:0016757,GO:0016758,GO:0017144,GO:0031410,GO:0031982,GO:0031984,GO:0033692,GO:0034637,GO:0034645,GO:0042546,GO:0043170,GO:0043226,GO:0043227,GO:0043229,GO:0043231,GO:0044036,GO:0044038,GO:0044085,GO:0044237,GO:0044238,GO:0044249,GO:0044260,GO:0044262,GO:0044264,GO:0044422,GO:0044424,GO:0044431,GO:0044444,GO:0044446,GO:0044464,GO:0045229,GO:0045488,GO:0045489,GO:0047262,GO:0052325,GO:0052546,GO:0070589,GO:0070592,GO:0071554,GO:0071555,GO:0071669,GO:0071704,GO:0071840,GO:0097708,GO:0098791,GO:1901576	ko00520,map00520
CcGene_00639	Glycosyltransferase	Glycosyltransferase family 28 N-terminal domain	sp|Q9XIG1|U80B1_ARATH	XP_017247731.1	GO:0000003,GO:0003006,GO:0003674,GO:0003824,GO:0005575,GO:0005622,GO:0005623,GO:0005737,GO:0005773,GO:0005774,GO:0006629,GO:0007275,GO:0008150,GO:0008152,GO:0008194,GO:0008202,GO:0009058,GO:0009791,GO:0009812,GO:0009813,GO:0009845,GO:0010154,GO:0010214,GO:0015020,GO:0016020,GO:0016125,GO:0016740,GO:0016757,GO:0016758,GO:0016906,GO:0022414,GO:0031090,GO:0032501,GO:0032502,GO:0035251,GO:0043226,GO:0043227,GO:0043229,GO:0043231,GO:0044238,GO:0044422,GO:0044424,GO:0044437,GO:0044444,GO:0044446,GO:0044464,GO:0046527,GO:0048316,GO:0048608,GO:0048731,GO:0048856,GO:0051505,GO:0051506,GO:0051507,GO:0051508,GO:0051509,GO:0061458,GO:0071704,GO:0080043,GO:0080044,GO:0090351,GO:0098588,GO:0098805,GO:1901360,GO:1901576,GO:1901615	-
CcGene_00742	Glycosyltransferase	Belongs to the glycosyltransferase 8 family	sp|Q93ZX7|GAUT4_ARATH	XP_063940387.1	GO:0003674,GO:0003824,GO:0005575,GO:0005622,GO:0005623,GO:0005737,GO:0005794,GO:0008194,GO:0012505,GO:0016740,GO:0016757,GO:0016758,GO:0043226,GO:0043227,GO:0043229,GO:0043231,GO:0044424,GO:0044444,GO:0044464,GO:0047262	ko00520,map00520
CcGene_00760	Cytochrome P450	Cytochrome p450	sp|Q9SZ46|C82C4_ARATH	XP_017251572.1	GO:0003674,GO:0003824,GO:0004497,GO:0005575,GO:0008150,GO:0008152,GO:0009058,GO:0009987,GO:0010035,GO:0010038,GO:0010039,GO:0016020,GO:0016491,GO:0016705,GO:0016709,GO:0019748,GO:0042221,GO:0044550,GO:0050896,GO:0051716,GO:0055114,GO:0070887,GO:0071241,GO:0071248,GO:0071281	ko00140,ko00380,ko00830,ko00980,ko00981,ko01100,ko04913,ko04917,ko04927,ko04934,ko05204,map00140,map00380,map00830,map00980,map00981,map01100,map04913,map04917,map04927,map04934,map05204
CcGene_00808	Acyltransferase	Belongs to the membrane-bound acyltransferase family	sp|F4IDU4|MBOA1_ARATH	KAL1830433.1	GO:0003674,GO:0003824,GO:0005575,GO:0005622,GO:0005623,GO:0005737,GO:0005783,GO:0005886,GO:0006629,GO:0006643,GO:0006644,GO:0006664,GO:0006793,GO:0006796,GO:0008150,GO:0008152,GO:0008610,GO:0008654,GO:0009058,GO:0009247,GO:0009987,GO:0012505,GO:0016020,GO:0016740,GO:0016746,GO:0016747,GO:0019374,GO:0019375,GO:0019637,GO:0043226,GO:0043227,GO:0043229,GO:0043231,GO:0044237,GO:0044238,GO:0044249,GO:0044255,GO:0044424,GO:0044444,GO:0044464,GO:0045017,GO:0046467,GO:0046486,GO:0071617,GO:0071704,GO:0071944,GO:0090407,GO:1901135,GO:1901137,GO:1901576,GO:1903509	ko00561,ko00564,ko00565,ko01100,ko01110,map00561,map00564,map00565,map01100,map01110
CcGene_01150	Glycosyltransferase	Belongs to the glycosyltransferase 31 family	sp|A8MRC7|B3GT2_ARATH	XP_074380277.1	GO:0005575,GO:0005622,GO:0005623,GO:0005737,GO:0005794,GO:0012505,GO:0043226,GO:0043227,GO:0043229,GO:0043231,GO:0044424,GO:0044444,GO:0044464	-
CcGene_01325	Cytochrome P450	Cytochrome p450	sp|O81973|C93A3_SOYBN	XP_017240613.1	GO:0003674,GO:0003824,GO:0004497,GO:0005575,GO:0008150,GO:0008152,GO:0009058,GO:0016020,GO:0016491,GO:0016705,GO:0016709,GO:0019748,GO:0044550,GO:0055114	ko00140,ko00380,ko00830,ko00943,ko00980,ko01100,ko04913,ko04917,ko04927,ko04934,ko05204,map00140,map00380,map00830,map00943,map00980,map01100,map04913,map04917,map04927,map04934,map05204
CcGene_01359	Cytochrome P450	Belongs to the cytochrome P450 family	sp|A0A4D6Q415|CYP1_CROXC	AQY76220.1	GO:0005575,GO:0008150,GO:0008152,GO:0009058,GO:0009719,GO:0009725,GO:0009733,GO:0010033,GO:0016020,GO:0019748,GO:0042221,GO:0044550,GO:0050896	ko00140,ko01100,ko04913,ko04917,ko04927,ko04934,map00140,map01100,map04913,map04917,map04927,map04934
CcGene_01401	Glycosyltransferase	Belongs to the glycosyltransferase 8 family	sp|Q9ZVI7|GAUT7_ARATH	XP_017247879.1	GO:0003674,GO:0003824,GO:0005575,GO:0005622,GO:0005623,GO:0005737,GO:0005768,GO:0005794,GO:0005802,GO:0008194,GO:0012505,GO:0016740,GO:0016757,GO:0016758,GO:0031410,GO:0031982,GO:0031984,GO:0043226,GO:0043227,GO:0043229,GO:0043231,GO:0044422,GO:0044424,GO:0044431,GO:0044444,GO:0044446,GO:0044464,GO:0047262,GO:0097708,GO:0098791	ko00520,map00520
CcGene_01501	Glycosyltransferase	UDP-glycosyltransferase 76F1-like	sp|Q9C768|U76B1_ARATH	XP_074345969.1	GO:0003674,GO:0003824,GO:0005575,GO:0005622,GO:0005623,GO:0008194,GO:0016740,GO:0016757,GO:0016758,GO:0035251,GO:0043226,GO:0043227,GO:0043229,GO:0043231,GO:0044424,GO:0044464,GO:0046527,GO:0047254,GO:0080043,GO:0080044	ko00140,ko00380,ko00402,ko00830,ko00908,ko00980,ko01100,ko01110,ko04913,ko05204,map00140,map00380,map00402,map00830,map00908,map00980,map01100,map01110,map04913,map05204
CcGene_01502	Glycosyltransferase	UDP-glycosyltransferase 76F1-like	sp|Q9C768|U76B1_ARATH	XP_017258719.2	GO:0003674,GO:0003824,GO:0005575,GO:0005622,GO:0005623,GO:0008194,GO:0016740,GO:0016757,GO:0016758,GO:0035251,GO:0043226,GO:0043227,GO:0043229,GO:0043231,GO:0044424,GO:0044464,GO:0046527,GO:0047254,GO:0080043,GO:0080044	ko00140,ko00380,ko00402,ko00830,ko00908,ko00980,ko01100,ko01110,ko04913,ko05204,map00140,map00380,map00402,map00830,map00908,map00980,map01100,map01110,map04913,map05204
CcGene_01511	Glycosyltransferase	UDP-Glycosyltransferase	sp|Q9C768|U76B1_ARATH	XP_017234182.2	GO:0003674,GO:0003824,GO:0008194,GO:0016740,GO:0016757,GO:0016758,GO:0035251,GO:0046527,GO:0047254	ko00140,ko00380,ko00402,ko00830,ko00908,ko00980,ko01100,ko01110,ko04913,ko05204,map00140,map00380,map00402,map00830,map00908,map00980,map01100,map01110,map04913,map05204
CcGene_01512	Glycosyltransferase	UDP-Glycosyltransferase	sp|Q9C768|U76B1_ARATH	XP_017234182.2	GO:0003674,GO:0003824,GO:0008194,GO:0016740,GO:0016757,GO:0016758,GO:0035251,GO:0046527,GO:0047254	ko00140,ko00380,ko00402,ko00830,ko00908,ko00980,ko01100,ko01110,ko04913,ko05204,map00140,map00380,map00402,map00830,map00908,map00980,map01100,map01110,map04913,map05204
CcGene_01613	Cytochrome P450	Belongs to the cytochrome P450 family	sp|A0A3Q7HS74|C71E6_SOLLC	XP_063940101.1	-	-
CcGene_01614	Cytochrome P450	Cytochrome p450	sp|A0A3Q7HS74|C71E6_SOLLC	XP_017226306.1	-	-
CcGene_01731	Cytochrome P450	Belongs to the cytochrome P450 family	sp|O81970|C71A9_SOYBN	KAL8110637.1	GO:0000162,GO:0002376,GO:0003674,GO:0003824,GO:0004497,GO:0005575,GO:0005622,GO:0005623,GO:0005737,GO:0005739,GO:0005783,GO:0005886,GO:0006082,GO:0006520,GO:0006568,GO:0006576,GO:0006586,GO:0006725,GO:0006790,GO:0006807,GO:0006950,GO:0006952,GO:0006955,GO:0007275,GO:0008150,GO:0008152,GO:0008652,GO:0009058,GO:0009072,GO:0009073,GO:0009308,GO:0009309,GO:0009314,GO:0009416,GO:0009605,GO:0009607,GO:0009617,GO:0009625,GO:0009628,GO:0009639,GO:0009641,GO:0009682,GO:0009683,GO:0009684,GO:0009759,GO:0009850,GO:0009851,GO:0009987,GO:0010114,GO:0010817,GO:0012505,GO:0016020,GO:0016043,GO:0016053,GO:0016143,GO:0016144,GO:0016491,GO:0016705,GO:0016709,GO:0018130,GO:0019438,GO:0019748,GO:0019752,GO:0019757,GO:0019758,GO:0019760,GO:0019761,GO:0022622,GO:0032501,GO:0032502,GO:0032787,GO:0033036,GO:0033037,GO:0033554,GO:0034641,GO:0034754,GO:0042343,GO:0042401,GO:0042430,GO:0042435,GO:0042445,GO:0042446,GO:0042545,GO:0042742,GO:0043207,GO:0043226,GO:0043227,GO:0043229,GO:0043231,GO:0043436,GO:0044106,GO:0044237,GO:0044238,GO:0044249,GO:0044271,GO:0044272,GO:0044281,GO:0044283,GO:0044424,GO:0044444,GO:0044464,GO:0044550,GO:0045087,GO:0045229,GO:0046219,GO:0046394,GO:0046483,GO:0048364,GO:0048731,GO:0048830,GO:0048856,GO:0050896,GO:0051179,GO:0051641,GO:0051704,GO:0051707,GO:0051716,GO:0052386,GO:0052482,GO:0052542,GO:0052543,GO:0052544,GO:0052545,GO:0055114,GO:0065007,GO:0065008,GO:0070727,GO:0071554,GO:0071555,GO:0071704,GO:0071840,GO:0071944,GO:0072330,GO:0098542,GO:0099402,GO:1901135,GO:1901137,GO:1901360,GO:1901362,GO:1901564,GO:1901566,GO:1901576,GO:1901605,GO:1901607,GO:1901657,GO:1901659	ko00140,ko00380,ko00966,ko01100,ko01110,ko01210,ko04913,ko04917,ko04927,ko04934,map00140,map00380,map00966,map01100,map01110,map01210,map04913,map04917,map04927,map04934
CcGene_02093	Cytochrome P450	cyp714a1	sp|Q2QYH7|C14C2_ORYSJ	WOG87503.1	-	-
CcGene_02120	Glycosyltransferase	Belongs to the glycosyltransferase 2 family. Plant cellulose synthase subfamily	sp|Q84ZN6|CESA8_ORYSJ	KAK6162984.1	GO:0000271,GO:0000278,GO:0000281,GO:0000910,GO:0003674,GO:0003824,GO:0005575,GO:0005622,GO:0005623,GO:0005737,GO:0005768,GO:0005794,GO:0005802,GO:0005886,GO:0005911,GO:0005975,GO:0005976,GO:0006073,GO:0006950,GO:0006952,GO:0007049,GO:0008150,GO:0008152,GO:0009058,GO:0009059,GO:0009250,GO:0009506,GO:0009832,GO:0009833,GO:0009834,GO:0009987,GO:0012505,GO:0016020,GO:0016051,GO:0016740,GO:0016757,GO:0016758,GO:0016759,GO:0022402,GO:0030054,GO:0030243,GO:0030244,GO:0031410,GO:0031982,GO:0031984,GO:0033692,GO:0034637,GO:0034645,GO:0042546,GO:0043170,GO:0043226,GO:0043227,GO:0043229,GO:0043231,GO:0044042,GO:0044085,GO:0044237,GO:0044238,GO:0044249,GO:0044260,GO:0044262,GO:0044264,GO:0044422,GO:0044424,GO:0044431,GO:0044444,GO:0044446,GO:0044464,GO:0046527,GO:0050896,GO:0051273,GO:0051274,GO:0051301,GO:0055044,GO:0061640,GO:0071554,GO:0071669,GO:0071704,GO:0071840,GO:0071944,GO:0097708,GO:0098791,GO:1901576,GO:1903047	-
CcGene_02140	Cytochrome P450	Belongs to the cytochrome P450 family	sp|A0A0S2IHL2|C7A39_KALSE	XP_017242067.1	-	ko00908,ko01100,ko01110,map00908,map01100,map01110
CcGene_02255	Cytochrome P450	Cytochrome p450	sp|Q9LMX7|C78A5_ARATH	XP_017255259.1	GO:0000003,GO:0003006,GO:0003674,GO:0003824,GO:0004497,GO:0005575,GO:0005622,GO:0005623,GO:0005737,GO:0005783,GO:0007275,GO:0008150,GO:0008152,GO:0008284,GO:0009058,GO:0009791,GO:0009908,GO:0012505,GO:0016020,GO:0016491,GO:0016705,GO:0016709,GO:0019748,GO:0022414,GO:0032501,GO:0032502,GO:0035265,GO:0040007,GO:0040008,GO:0040009,GO:0042127,GO:0043226,GO:0043227,GO:0043229,GO:0043231,GO:0044424,GO:0044444,GO:0044464,GO:0044550,GO:0045927,GO:0046620,GO:0046622,GO:0048367,GO:0048437,GO:0048518,GO:0048522,GO:0048589,GO:0048608,GO:0048638,GO:0048639,GO:0048731,GO:0048856,GO:0050789,GO:0050793,GO:0050794,GO:0051094,GO:0051239,GO:0051240,GO:0055114,GO:0061458,GO:0065007,GO:0090567,GO:0099402	-
CcGene_02302	Cytochrome P450	Cytochrome p450	sp|O81973|C93A3_SOYBN	XP_017217848.1	GO:0003674,GO:0003824,GO:0004497,GO:0005575,GO:0008150,GO:0008152,GO:0009058,GO:0016020,GO:0016491,GO:0016705,GO:0016709,GO:0019748,GO:0044550,GO:0055114	ko00140,ko00380,ko00830,ko00943,ko00980,ko01100,ko04913,ko04917,ko04927,ko04934,ko05204,map00140,map00380,map00830,map00943,map00980,map01100,map04913,map04917,map04927,map04934,map05204
CcGene_02443	Cytochrome P450	Cytochrome p450	sp|W8JMU7|CYQ32_CATRO	XP_059635443.1	-	ko00140,ko00232,ko00380,ko00591,ko00830,ko00905,ko00943,ko00980,ko00982,ko01100,ko01110,ko04913,ko04917,ko04927,ko04934,ko05204,map00140,map00232,map00380,map00591,map00830,map00905,map00943,map00980,map00982,map01100,map01110,map04913,map04917,map04927,map04934,map05204
CcGene_02538	Acyltransferase	O-acyltransferase (WSD1-like)	sp|Q9M3B3|WSD4_ARATH	KAL1815139.1	-	-
CcGene_02856	Terpene Synthase	Belongs to the terpene synthase family	sp|A0A0U3LQ20|CPS5_SALMI	WOH01687.1	GO:0006082,GO:0006629,GO:0006720,GO:0006721,GO:0008150,GO:0008152,GO:0009685,GO:0009987,GO:0010817,GO:0016101,GO:0019752,GO:0042445,GO:0043436,GO:0044237,GO:0044238,GO:0044255,GO:0044281,GO:0065007,GO:0065008,GO:0071704	ko00904,ko01100,ko01110,map00904,map01100,map01110
CcGene_03000	Cytochrome P450	Cytochrome p450	sp|O81973|C93A3_SOYBN	XP_017240613.1	GO:0003674,GO:0003824,GO:0004497,GO:0005575,GO:0008150,GO:0008152,GO:0009058,GO:0016020,GO:0016491,GO:0016705,GO:0016709,GO:0019748,GO:0044550,GO:0055114	ko00140,ko00380,ko00830,ko00943,ko00980,ko01100,ko04913,ko04917,ko04927,ko04934,ko05204,map00140,map00380,map00830,map00943,map00980,map01100,map04913,map04917,map04927,map04934,map05204
CcGene_03001	Cytochrome P450	Cytochrome p450	sp|O81973|C93A3_SOYBN	XP_017239296.2	GO:0003674,GO:0003824,GO:0004497,GO:0005575,GO:0008150,GO:0008152,GO:0009058,GO:0016020,GO:0016491,GO:0016705,GO:0016709,GO:0019748,GO:0044550,GO:0055114	ko00140,ko00380,ko00830,ko00943,ko00980,ko01100,ko04913,ko04917,ko04927,ko04934,ko05204,map00140,map00380,map00830,map00943,map00980,map01100,map04913,map04917,map04927,map04934,map05204
CcGene_03070	Cytochrome P450	Belongs to the cytochrome P450 family	sp|A0A0S2IHL2|C7A39_KALSE	KAL1815819.1	GO:0003674,GO:0003824,GO:0004497,GO:0008150,GO:0008152,GO:0016491,GO:0055114	ko00908,ko01100,ko01110,map00908,map01100,map01110
CcGene_03073	Cytochrome P450	Belongs to the cytochrome P450 family	sp|U5NDT8|SLS2_CATRO	WOH00772.1	GO:0003674,GO:0003824,GO:0004497,GO:0006082,GO:0006629,GO:0006720,GO:0006721,GO:0006722,GO:0008150,GO:0008152,GO:0008299,GO:0008300,GO:0008610,GO:0009056,GO:0009058,GO:0009987,GO:0016042,GO:0016053,GO:0016104,GO:0016105,GO:0016114,GO:0016115,GO:0016491,GO:0016705,GO:0016709,GO:0017144,GO:0019741,GO:0019742,GO:0019745,GO:0019752,GO:0032787,GO:0042180,GO:0042181,GO:0042182,GO:0043436,GO:0044237,GO:0044238,GO:0044242,GO:0044248,GO:0044249,GO:0044255,GO:0044281,GO:0044282,GO:0044283,GO:0046394,GO:0055114,GO:0071704,GO:0072330,GO:1901360,GO:1901361,GO:1901362,GO:1901575,GO:1901576,GO:1901615,GO:1901617,GO:1902381,GO:1902382,GO:1902384,GO:1902386	ko00908,ko01100,ko01110,ko04726,map00908,map01100,map01110,map04726
CcGene_03139	Cytochrome P450	cytochrome P450	sp|A0A068Q5V6|C7150_PRUMU	KAL1830989.1	GO:0005575,GO:0005622,GO:0005623,GO:0005737,GO:0005783,GO:0005789,GO:0008150,GO:0008152,GO:0009058,GO:0009719,GO:0009725,GO:0009733,GO:0010033,GO:0012505,GO:0016020,GO:0019748,GO:0031090,GO:0031984,GO:0042175,GO:0042221,GO:0043226,GO:0043227,GO:0043229,GO:0043231,GO:0044422,GO:0044424,GO:0044425,GO:0044432,GO:0044444,GO:0044446,GO:0044464,GO:0044550,GO:0050896,GO:0098827	-
CcGene_03166	Glycosyltransferase	Glycosyltransferase family 17	sp|Q02527|MGAT3_RAT	XP_017220053.1	GO:0000139,GO:0003674,GO:0003824,GO:0003830,GO:0005575,GO:0005622,GO:0005623,GO:0005737,GO:0005794,GO:0008194,GO:0008375,GO:0012505,GO:0016020,GO:0016021,GO:0016740,GO:0016757,GO:0016758,GO:0031090,GO:0031224,GO:0031984,GO:0043226,GO:0043227,GO:0043229,GO:0043231,GO:0044422,GO:0044424,GO:0044425,GO:0044431,GO:0044444,GO:0044446,GO:0044464,GO:0098588,GO:0098791,GO:0140096,GO:0140103	ko00510,ko01100,map00510,map01100
CcGene_03170	Acyltransferase	BAHD family acyltransferase, clade V	sp|O80816|GLC_ARATH	KAL1803173.1	-	ko00073,map00073
CcGene_03212	Glycosyltransferase	Belongs to the glycosyltransferase 1 family	sp|O22060|SPSA1_CITUN	KAL1822716.1	-	ko00500,ko01100,map00500,map01100
CcGene_03220	Glycosyltransferase	Belongs to the glycosyltransferase 8 family	sp|C7G304|GOLS2_SOLLC	KAK1401870.1	GO:0000271,GO:0001101,GO:0003674,GO:0003824,GO:0005488,GO:0005536,GO:0005975,GO:0005976,GO:0005977,GO:0005978,GO:0005996,GO:0006012,GO:0006073,GO:0006091,GO:0006112,GO:0006950,GO:0006970,GO:0006979,GO:0007154,GO:0008150,GO:0008152,GO:0008194,GO:0008378,GO:0008466,GO:0009058,GO:0009059,GO:0009250,GO:0009266,GO:0009269,GO:0009409,GO:0009414,GO:0009415,GO:0009605,GO:0009628,GO:0009651,GO:0009719,GO:0009725,GO:0009737,GO:0009987,GO:0009991,GO:0010033,GO:0010035,GO:0015980,GO:0016051,GO:0016740,GO:0016757,GO:0016758,GO:0019318,GO:0030246,GO:0031668,GO:0033554,GO:0033692,GO:0033993,GO:0034637,GO:0034645,GO:0035250,GO:0035251,GO:0036094,GO:0042221,GO:0042631,GO:0043170,GO:0044042,GO:0044237,GO:0044238,GO:0044249,GO:0044260,GO:0044262,GO:0044264,GO:0044281,GO:0046527,GO:0047216,GO:0048029,GO:0050896,GO:0051716,GO:0055114,GO:0070417,GO:0070887,GO:0071214,GO:0071229,GO:0071462,GO:0071465,GO:0071496,GO:0071704,GO:0097305,GO:0104004,GO:1901576,GO:1901700,GO:1901701	ko00052,map00052
CcGene_03412	Glycosyltransferase	Belongs to the glycosyltransferase 8 family	sp|Q9M9Y5|GAUT6_ARATH	XP_017235705.1	GO:0000139,GO:0005575,GO:0005622,GO:0005623,GO:0005737,GO:0005794,GO:0012505,GO:0016020,GO:0031090,GO:0031984,GO:0043226,GO:0043227,GO:0043229,GO:0043231,GO:0044422,GO:0044424,GO:0044431,GO:0044444,GO:0044446,GO:0044464,GO:0098588,GO:0098791	ko00520,map00520
CcGene_03495	Cytochrome P450	Belongs to the cytochrome P450 family	sp|Q43033|TCMO_PETCR	XP_017252948.1	GO:0003674,GO:0003824,GO:0004497,GO:0005575,GO:0006725,GO:0008150,GO:0008152,GO:0009058,GO:0009698,GO:0009808,GO:0009987,GO:0016020,GO:0016491,GO:0016705,GO:0016709,GO:0016710,GO:0019748,GO:0044237,GO:0044550,GO:0055114,GO:0071704,GO:1901360	ko00130,ko00360,ko00940,ko00941,ko00945,ko01100,ko01110,ko01220,map00130,map00360,map00940,map00941,map00945,map01100,map01110,map01220
CcGene_03698	Cytochrome P450	Belongs to the cytochrome P450 family	sp|O48786|C734A_ARATH	KAL1822598.1	GO:0003674,GO:0003824,GO:0004497,GO:0006629,GO:0008150,GO:0008152,GO:0008202,GO:0008395,GO:0009719,GO:0009725,GO:0009741,GO:0010033,GO:0010268,GO:0010817,GO:0014070,GO:0016128,GO:0016131,GO:0016491,GO:0033993,GO:0042221,GO:0042445,GO:0042592,GO:0044238,GO:0048878,GO:0050896,GO:0055088,GO:0055114,GO:0065007,GO:0065008,GO:0071704,GO:1901360,GO:1901615,GO:1901700	ko00905,map00905
CcGene_03828	Cytochrome P450	cytochrome P450	sp|Q9C788|C70B1_ARATH	KAK1379566.1	GO:0003674,GO:0003824,GO:0004497,GO:0006725,GO:0007275,GO:0008150,GO:0008152,GO:0009058,GO:0009555,GO:0009653,GO:0009987,GO:0010208,GO:0010584,GO:0010927,GO:0016043,GO:0016491,GO:0016705,GO:0016713,GO:0018685,GO:0019438,GO:0022607,GO:0030198,GO:0032501,GO:0032502,GO:0032989,GO:0043062,GO:0044085,GO:0044237,GO:0044249,GO:0045229,GO:0048229,GO:0048646,GO:0048856,GO:0048869,GO:0055114,GO:0071840,GO:0080110,GO:0085029	-
CcGene_03998	Glycosyltransferase	Glycosyltransferase	sp|Q9LFP3|GLYT4_ARATH	XP_017255478.1	-	ko00534,ko01100,map00534,map01100
CcGene_04213	Glycosyltransferase	Belongs to the UDP-glycosyltransferase family	sp|U3U992|UGT8_CATRO	WOH12441.1	-	-
CcGene_04541	Cytochrome P450	cytochrome P450	sp|Q9C788|C70B1_ARATH	KAK1379566.1	GO:0003674,GO:0003824,GO:0004497,GO:0006725,GO:0007275,GO:0008150,GO:0008152,GO:0009058,GO:0009555,GO:0009653,GO:0009987,GO:0010208,GO:0010584,GO:0010927,GO:0016043,GO:0016491,GO:0016705,GO:0016713,GO:0018685,GO:0019438,GO:0022607,GO:0030198,GO:0032501,GO:0032502,GO:0032989,GO:0043062,GO:0044085,GO:0044237,GO:0044249,GO:0045229,GO:0048229,GO:0048646,GO:0048856,GO:0048869,GO:0055114,GO:0071840,GO:0080110,GO:0085029	-
CcGene_04564	Glycosyltransferase	UDP-glycosyltransferase 76E2-like	sp|U3UA11|UGT7_CATRO	XP_074357024.1	GO:0003674,GO:0003824,GO:0005575,GO:0005622,GO:0005623,GO:0008194,GO:0016740,GO:0016757,GO:0016758,GO:0035251,GO:0043226,GO:0043227,GO:0043229,GO:0043231,GO:0044424,GO:0044464,GO:0046527,GO:0047254,GO:0080043,GO:0080044	ko00140,ko00380,ko00402,ko00830,ko00908,ko00980,ko01100,ko01110,ko04913,ko05204,map00140,map00380,map00402,map00830,map00908,map00980,map01100,map01110,map04913,map05204
CcGene_05297	Cytochrome P450	Cytochrome p450	sp|C0SJS4|C71AJ_APIGR	AKJ23351.1	-	ko00140,ko00380,ko00590,ko00591,ko00830,ko00980,ko01100,ko04212,ko04726,ko04750,ko04913,ko05204,map00140,map00380,map00590,map00591,map00830,map00980,map01100,map04212,map04726,map04750,map04913,map05204
CcGene_05429	Cytochrome P450	Belongs to the cytochrome P450 family	sp|O81970|C71A9_SOYBN	XP_074333134.1	GO:0000162,GO:0002376,GO:0003674,GO:0003824,GO:0004497,GO:0005575,GO:0005622,GO:0005623,GO:0005737,GO:0005739,GO:0005783,GO:0005886,GO:0006082,GO:0006520,GO:0006568,GO:0006576,GO:0006586,GO:0006725,GO:0006790,GO:0006807,GO:0006950,GO:0006952,GO:0006955,GO:0007275,GO:0008150,GO:0008152,GO:0008652,GO:0009058,GO:0009072,GO:0009073,GO:0009308,GO:0009309,GO:0009314,GO:0009416,GO:0009605,GO:0009607,GO:0009617,GO:0009625,GO:0009628,GO:0009639,GO:0009641,GO:0009682,GO:0009683,GO:0009684,GO:0009759,GO:0009850,GO:0009851,GO:0009987,GO:0010114,GO:0010817,GO:0012505,GO:0016020,GO:0016043,GO:0016053,GO:0016143,GO:0016144,GO:0016491,GO:0016705,GO:0016709,GO:0018130,GO:0019438,GO:0019748,GO:0019752,GO:0019757,GO:0019758,GO:0019760,GO:0019761,GO:0022622,GO:0032501,GO:0032502,GO:0032787,GO:0033036,GO:0033037,GO:0033554,GO:0034641,GO:0034754,GO:0042343,GO:0042401,GO:0042430,GO:0042435,GO:0042445,GO:0042446,GO:0042545,GO:0042742,GO:0043207,GO:0043226,GO:0043227,GO:0043229,GO:0043231,GO:0043436,GO:0044106,GO:0044237,GO:0044238,GO:0044249,GO:0044271,GO:0044272,GO:0044281,GO:0044283,GO:0044424,GO:0044444,GO:0044464,GO:0044550,GO:0045087,GO:0045229,GO:0046219,GO:0046394,GO:0046483,GO:0048364,GO:0048731,GO:0048830,GO:0048856,GO:0050896,GO:0051179,GO:0051641,GO:0051704,GO:0051707,GO:0051716,GO:0052386,GO:0052482,GO:0052542,GO:0052543,GO:0052544,GO:0052545,GO:0055114,GO:0065007,GO:0065008,GO:0070727,GO:0071554,GO:0071555,GO:0071704,GO:0071840,GO:0071944,GO:0072330,GO:0098542,GO:0099402,GO:1901135,GO:1901137,GO:1901360,GO:1901362,GO:1901564,GO:1901566,GO:1901576,GO:1901605,GO:1901607,GO:1901657,GO:1901659	ko00140,ko00380,ko00966,ko01100,ko01110,ko01210,ko04913,ko04917,ko04927,ko04934,map00140,map00380,map00966,map01100,map01110,map01210,map04913,map04917,map04927,map04934
CcGene_05430	Glycosyltransferase	Belongs to the glycosyltransferase 2 family. Plant cellulose synthase subfamily	sp|O48947|CESA2_ARATH	KAK1371592.1	GO:0000003,GO:0000226,GO:0000271,GO:0000278,GO:0000281,GO:0000910,GO:0003006,GO:0003674,GO:0003824,GO:0005575,GO:0005622,GO:0005623,GO:0005737,GO:0005794,GO:0005886,GO:0005887,GO:0005975,GO:0005976,GO:0006073,GO:0006996,GO:0007010,GO:0007017,GO:0007049,GO:0007275,GO:0008150,GO:0008152,GO:0009058,GO:0009059,GO:0009250,GO:0009791,GO:0009825,GO:0009832,GO:0009833,GO:0009987,GO:0010154,GO:0010191,GO:0010192,GO:0010214,GO:0010330,GO:0012505,GO:0016020,GO:0016021,GO:0016043,GO:0016049,GO:0016051,GO:0016740,GO:0016757,GO:0016758,GO:0016759,GO:0022402,GO:0022414,GO:0030243,GO:0030244,GO:0030865,GO:0031122,GO:0031224,GO:0031226,GO:0032501,GO:0032502,GO:0032991,GO:0033692,GO:0034637,GO:0034645,GO:0040007,GO:0042546,GO:0043170,GO:0043226,GO:0043227,GO:0043229,GO:0043231,GO:0043622,GO:0044042,GO:0044085,GO:0044237,GO:0044238,GO:0044249,GO:0044260,GO:0044262,GO:0044264,GO:0044424,GO:0044425,GO:0044444,GO:0044459,GO:0044464,GO:0046527,GO:0048316,GO:0048608,GO:0048731,GO:0048856,GO:0051273,GO:0051274,GO:0051301,GO:0061458,GO:0061640,GO:0071554,GO:0071669,GO:0071704,GO:0071840,GO:0071944,GO:0097435,GO:1901576,GO:1902494,GO:1903047,GO:1990234	-
CcGene_05437	Cytochrome P450	Belongs to the cytochrome P450 family	sp|Q9SBQ9|F3PH_PETHY	KAL8133595.1	GO:0003674,GO:0003824,GO:0004497,GO:0005575,GO:0008150,GO:0008152,GO:0009058,GO:0009719,GO:0009725,GO:0009733,GO:0010033,GO:0016020,GO:0016491,GO:0016705,GO:0016709,GO:0019748,GO:0042221,GO:0044550,GO:0050896,GO:0055114	ko00941,ko00944,ko01100,ko01110,map00941,map00944,map01100,map01110
CcGene_05515	Glycosyltransferase	Belongs to the UDP-glycosyltransferase family	sp|Q9SGA8|U83A1_ARATH	XP_017215435.1	-	-
CcGene_05623	Glycosyltransferase	Belongs to the UDP-glycosyltransferase family	sp|Q6VAA6|U74G1_STERE	KAK1395489.1	-	ko00380,ko00966,ko01110,ko01210,map00380,map00966,map01110,map01210
CcGene_05721	Glycosyltransferase	Belongs to the glycosyltransferase 8 family	sp|Q8L4B0|GAUTF_ARATH	KAK1404847.1	GO:0003674,GO:0003824,GO:0008194,GO:0016740,GO:0016757,GO:0016758,GO:0047262	-
CcGene_05756	Cytochrome P450	Cytochrome p450	sp|O48922|C98A2_SOYBN	KAL1828922.1	GO:0003674,GO:0003824,GO:0004497,GO:0005488,GO:0005515,GO:0005575,GO:0005622,GO:0005623,GO:0005737,GO:0005739,GO:0005783,GO:0005886,GO:0006725,GO:0008150,GO:0008152,GO:0009058,GO:0009698,GO:0009699,GO:0009804,GO:0009805,GO:0009808,GO:0009809,GO:0009812,GO:0009813,GO:0009987,GO:0012505,GO:0016020,GO:0016491,GO:0016705,GO:0016709,GO:0018130,GO:0019438,GO:0019748,GO:0042802,GO:0043226,GO:0043227,GO:0043229,GO:0043231,GO:0044237,GO:0044249,GO:0044424,GO:0044444,GO:0044464,GO:0044550,GO:0046409,GO:0046483,GO:0055114,GO:0071704,GO:0071944,GO:1901360,GO:1901362,GO:1901576	ko00940,ko00941,ko00945,ko01100,ko01110,map00940,map00941,map00945,map01100,map01110
CcGene_05760	Acyltransferase	glycerol-3-phosphate acyltransferase	sp|Q9FZ22|GPAT2_ARATH	KAL1832982.1	GO:0003674,GO:0003824,GO:0005575,GO:0006793,GO:0006796,GO:0008150,GO:0008152,GO:0008374,GO:0009058,GO:0009059,GO:0009987,GO:0010143,GO:0016020,GO:0016311,GO:0016740,GO:0016746,GO:0016747,GO:0016787,GO:0016788,GO:0016791,GO:0042578,GO:0043170,GO:0044237,GO:0071704,GO:0090447,GO:1901576	ko00561,ko00564,ko01100,ko01110,map00561,map00564,map01100,map01110
CcGene_05773	Cytochrome P450	cytochrome P450	sp|A0A2Z5D850|C71Z3_PASSA	XP_017251671.1	-	ko00140,ko00380,ko00590,ko00591,ko00830,ko00980,ko01100,ko04212,ko04726,ko04750,ko04913,ko04917,ko04927,ko04934,ko05204,map00140,map00380,map00590,map00591,map00830,map00980,map01100,map04212,map04726,map04750,map04913,map04917,map04927,map04934,map05204
CcGene_05850	Glycosyltransferase	Glycosyltransferase	sp|Q3E7Q9|GLYT6_ARATH	KAL1831515.1	-	-
CcGene_05870	Glycosyltransferase	Belongs to the UDP-glycosyltransferase family	sp|F8WKW1|UGT2_GARJA	XP_017222232.1	GO:0003674,GO:0003824,GO:0005575,GO:0005622,GO:0005623,GO:0008194,GO:0015020,GO:0016740,GO:0016757,GO:0016758,GO:0035251,GO:0043226,GO:0043227,GO:0043229,GO:0043231,GO:0044424,GO:0044464,GO:0046527,GO:0050403,GO:0050502,GO:0080043,GO:0080044	-
CcGene_05903	Cytochrome P450	cytochrome P450	sp|A0A2Z5D850|C71Z3_PASSA	XP_017251671.1	-	ko00140,ko00380,ko00590,ko00591,ko00830,ko00980,ko01100,ko04212,ko04726,ko04750,ko04913,ko04917,ko04927,ko04934,ko05204,map00140,map00380,map00590,map00591,map00830,map00980,map01100,map04212,map04726,map04750,map04913,map04917,map04927,map04934,map05204
CcGene_05956	Glycosyltransferase	UDP-glycosyltransferase 83A1-like	sp|Q9SGA8|U83A1_ARATH	WOH05416.1	-	-
CcGene_06256	Cytochrome P450	Belongs to the cytochrome P450 family	sp|A0A3Q7HS74|C71E6_SOLLC	KAK1371851.1	-	-
CcGene_06257	Cytochrome P450	Belongs to the cytochrome P450 family	sp|A0A3Q7HS74|C71E6_SOLLC	KAL1808639.1	-	-
CcGene_06258	Cytochrome P450	Belongs to the cytochrome P450 family	sp|A0A3Q7HS74|C71E6_SOLLC	XP_074337719.1	-	-
CcGene_06259	Cytochrome P450	Cytochrome p450	sp|A0A3Q7HS74|C71E6_SOLLC	XP_017245199.1	-	-
CcGene_06350	Cytochrome P450	cytochrome P450	sp|Q9C788|C70B1_ARATH	KAK1379566.1	GO:0003674,GO:0003824,GO:0004497,GO:0006725,GO:0007275,GO:0008150,GO:0008152,GO:0009058,GO:0009555,GO:0009653,GO:0009987,GO:0010208,GO:0010584,GO:0010927,GO:0016043,GO:0016491,GO:0016705,GO:0016713,GO:0018685,GO:0019438,GO:0022607,GO:0030198,GO:0032501,GO:0032502,GO:0032989,GO:0043062,GO:0044085,GO:0044237,GO:0044249,GO:0045229,GO:0048229,GO:0048646,GO:0048856,GO:0048869,GO:0055114,GO:0071840,GO:0080110,GO:0085029	-
CcGene_06353	Acyltransferase	glycerol-3-phosphate acyltransferase	sp|Q9SYJ2|GPAT3_ARATH	WOG83843.1	GO:0003674,GO:0003824,GO:0005575,GO:0006793,GO:0006796,GO:0008150,GO:0008152,GO:0008374,GO:0009058,GO:0009059,GO:0009987,GO:0010143,GO:0016020,GO:0016311,GO:0016740,GO:0016746,GO:0016747,GO:0016787,GO:0016788,GO:0016791,GO:0042578,GO:0043170,GO:0044237,GO:0071704,GO:0090447,GO:1901576	ko00561,ko00564,ko01100,ko01110,map00561,map00564,map01100,map01110
CcGene_06451	Glycosyltransferase	UDP-Glycosyltransferase	sp|F8WLS6|UGT6_CATRO	XP_017232287.1	-	-
CcGene_06491	Glycosyltransferase	Belongs to the UDP-glycosyltransferase family	sp|Q8RXA5|CZOG2_MAIZE	XP_074367276.1	GO:0000003,GO:0003006,GO:0003674,GO:0003824,GO:0006464,GO:0006486,GO:0006725,GO:0006807,GO:0007275,GO:0008150,GO:0008152,GO:0008194,GO:0009058,GO:0009059,GO:0009100,GO:0009101,GO:0009308,GO:0009653,GO:0009690,GO:0009791,GO:0009888,GO:0009889,GO:0009908,GO:0009965,GO:0009987,GO:0010015,GO:0010016,GO:0010073,GO:0010075,GO:0010083,GO:0010154,GO:0010380,GO:0010817,GO:0016740,GO:0016757,GO:0016758,GO:0016763,GO:0019222,GO:0019538,GO:0022414,GO:0022622,GO:0031323,GO:0031326,GO:0032501,GO:0032502,GO:0034645,GO:0034754,GO:0035251,GO:0035252,GO:0036211,GO:0040008,GO:0042285,GO:0042445,GO:0043170,GO:0043412,GO:0043413,GO:0044237,GO:0044238,GO:0044249,GO:0044260,GO:0044267,GO:0045926,GO:0046483,GO:0046527,GO:0048316,GO:0048364,GO:0048366,GO:0048367,GO:0048439,GO:0048507,GO:0048509,GO:0048519,GO:0048608,GO:0048638,GO:0048731,GO:0048827,GO:0048831,GO:0048856,GO:0050403,GO:0050404,GO:0050789,GO:0050793,GO:0050794,GO:0051171,GO:0051193,GO:0051239,GO:0061458,GO:0065007,GO:0065008,GO:0070085,GO:0071704,GO:0090056,GO:0090567,GO:0090698,GO:0099402,GO:1901135,GO:1901137,GO:1901401,GO:1901463,GO:1901564,GO:1901566,GO:1901576,GO:1905392,GO:1905613,GO:2000026	ko00908,map00908
CcGene_06492	Glycosyltransferase	Belongs to the UDP-glycosyltransferase family	sp|Q8RXA5|CZOG2_MAIZE	XP_074367276.1	GO:0000003,GO:0003006,GO:0003674,GO:0003824,GO:0006464,GO:0006486,GO:0006725,GO:0006807,GO:0007275,GO:0008150,GO:0008152,GO:0008194,GO:0009058,GO:0009059,GO:0009100,GO:0009101,GO:0009308,GO:0009653,GO:0009690,GO:0009791,GO:0009888,GO:0009889,GO:0009908,GO:0009965,GO:0009987,GO:0010015,GO:0010016,GO:0010073,GO:0010075,GO:0010083,GO:0010154,GO:0010380,GO:0010817,GO:0016740,GO:0016757,GO:0016758,GO:0016763,GO:0019222,GO:0019538,GO:0022414,GO:0022622,GO:0031323,GO:0031326,GO:0032501,GO:0032502,GO:0034645,GO:0034754,GO:0035251,GO:0035252,GO:0036211,GO:0040008,GO:0042285,GO:0042445,GO:0043170,GO:0043412,GO:0043413,GO:0044237,GO:0044238,GO:0044249,GO:0044260,GO:0044267,GO:0045926,GO:0046483,GO:0046527,GO:0048316,GO:0048364,GO:0048366,GO:0048367,GO:0048439,GO:0048507,GO:0048509,GO:0048519,GO:0048608,GO:0048638,GO:0048731,GO:0048827,GO:0048831,GO:0048856,GO:0050403,GO:0050404,GO:0050789,GO:0050793,GO:0050794,GO:0051171,GO:0051193,GO:0051239,GO:0061458,GO:0065007,GO:0065008,GO:0070085,GO:0071704,GO:0090056,GO:0090567,GO:0090698,GO:0099402,GO:1901135,GO:1901137,GO:1901401,GO:1901463,GO:1901564,GO:1901566,GO:1901576,GO:1905392,GO:1905613,GO:2000026	ko00908,ko01110,map00908,map01110
CcGene_06539	Cytochrome P450	cytochrome P450	sp|Q9FVS9|C96AF_ARATH	XP_017239258.1	-	-
CcGene_06615	Cytochrome P450	cytochrome P450	sp|Q50EK3|C04C1_PINTA	KAL8105732.1	-	-
CcGene_06640	Cytochrome P450	Belongs to the cytochrome P450 family	sp|A0A3Q7HS74|C71E6_SOLLC	KAL1831064.1	-	-
CcGene_06641	Cytochrome P450	Belongs to the cytochrome P450 family	sp|A0A3Q7HS74|C71E6_SOLLC	KAL1831062.1	-	-
CcGene_06642	Cytochrome P450	Belongs to the cytochrome P450 family	sp|A0A3Q7HS74|C71E6_SOLLC	WOG81897.1	-	-
CcGene_06707	Terpene Synthase	Terpene synthase, N-terminal domain	sp|K4LMW2|STS2_THAGA	XP_017240804.1	GO:0003674,GO:0003824,GO:0006629,GO:0006644,GO:0006720,GO:0006721,GO:0006793,GO:0006796,GO:0008150,GO:0008152,GO:0008299,GO:0008610,GO:0009058,GO:0009987,GO:0010333,GO:0010334,GO:0016829,GO:0016835,GO:0016838,GO:0019637,GO:0042214,GO:0044237,GO:0044238,GO:0044249,GO:0044255,GO:0045338,GO:0046246,GO:0047461,GO:0051761,GO:0051762,GO:0071704,GO:1901360,GO:1901362,GO:1901576,GO:1901926,GO:1901928	ko00909,ko01100,ko01110,map00909,map01100,map01110
CcGene_06725	Acyltransferase	glycerol-3-phosphate acyltransferase	sp|Q9FZ22|GPAT2_ARATH	XP_017240353.2	GO:0003674,GO:0003824,GO:0005575,GO:0006793,GO:0006796,GO:0008150,GO:0008152,GO:0008374,GO:0009058,GO:0009059,GO:0009987,GO:0010143,GO:0016020,GO:0016311,GO:0016740,GO:0016746,GO:0016747,GO:0016787,GO:0016788,GO:0016791,GO:0042578,GO:0043170,GO:0044237,GO:0071704,GO:0090447,GO:1901576	ko00561,ko00564,ko01100,ko01110,map00561,map00564,map01100,map01110
CcGene_06903	Cytochrome P450	Belongs to the cytochrome P450 family	sp|W8JIS5|IO_CATRO	KAL1819513.1	-	-
CcGene_07054	Glycosyltransferase	UDP-Glycosyltransferase	sp|F8WKW1|UGT2_GARJA	XP_017221193.1	-	-
CcGene_07349	Glycosyltransferase	Glycosyltransferase family 64 protein	sp|Q9LY62|GMT1_ARATH	XP_017223298.1	GO:0001101,GO:0003674,GO:0003824,GO:0005575,GO:0005622,GO:0005623,GO:0005737,GO:0005768,GO:0005794,GO:0005802,GO:0005975,GO:0005976,GO:0006073,GO:0006629,GO:0006643,GO:0006665,GO:0006807,GO:0008150,GO:0008152,GO:0008194,GO:0008219,GO:0009664,GO:0009719,GO:0009725,GO:0009737,GO:0009888,GO:0009987,GO:0010033,GO:0010087,GO:0010383,GO:0010393,GO:0010395,GO:0010400,GO:0010401,GO:0012505,GO:0016043,GO:0016740,GO:0016757,GO:0016758,GO:0017144,GO:0030243,GO:0031410,GO:0031982,GO:0031984,GO:0032502,GO:0033993,GO:0035251,GO:0042221,GO:0043170,GO:0043226,GO:0043227,GO:0043229,GO:0043231,GO:0044036,GO:0044042,GO:0044237,GO:0044238,GO:0044255,GO:0044260,GO:0044262,GO:0044264,GO:0044422,GO:0044424,GO:0044431,GO:0044444,GO:0044446,GO:0044464,GO:0045229,GO:0045488,GO:0046527,GO:0048856,GO:0050896,GO:0051273,GO:0052541,GO:0052546,GO:0071554,GO:0071555,GO:0071669,GO:0071704,GO:0071840,GO:0097305,GO:0097708,GO:0098791,GO:1901564,GO:1901700	ko00534,ko01100,map00534,map01100
CcGene_07426	Glycosyltransferase	Glycosyltransferase-like	sp|Q9C9Z9|ELD1_ARATH	XP_017227088.1	GO:0000271,GO:0000902,GO:0001101,GO:0005575,GO:0005618,GO:0005622,GO:0005623,GO:0005737,GO:0005768,GO:0005794,GO:0005802,GO:0005886,GO:0005975,GO:0005976,GO:0006073,GO:0006109,GO:0007275,GO:0008150,GO:0008152,GO:0009058,GO:0009059,GO:0009250,GO:0009314,GO:0009416,GO:0009505,GO:0009628,GO:0009653,GO:0009663,GO:0009664,GO:0009719,GO:0009725,GO:0009737,GO:0009743,GO:0009746,GO:0009749,GO:0009825,GO:0009826,GO:0009827,GO:0009831,GO:0009832,GO:0009888,GO:0009889,GO:0009987,GO:0010015,GO:0010033,GO:0010073,GO:0010074,GO:0010078,GO:0010215,GO:0010556,GO:0010675,GO:0010962,GO:0010981,GO:0012505,GO:0016020,GO:0016043,GO:0016049,GO:0016051,GO:0019222,GO:0019827,GO:0022607,GO:0022622,GO:0030154,GO:0030198,GO:0030243,GO:0030244,GO:0030312,GO:0031323,GO:0031326,GO:0031410,GO:0031982,GO:0031984,GO:0032501,GO:0032502,GO:0032881,GO:0032885,GO:0032950,GO:0032951,GO:0032989,GO:0033692,GO:0033993,GO:0034284,GO:0034330,GO:0034637,GO:0034645,GO:0040007,GO:0042221,GO:0042545,GO:0042546,GO:0042547,GO:0043062,GO:0043170,GO:0043226,GO:0043227,GO:0043229,GO:0043231,GO:0043255,GO:0044042,GO:0044085,GO:0044087,GO:0044237,GO:0044238,GO:0044249,GO:0044260,GO:0044262,GO:0044264,GO:0044422,GO:0044424,GO:0044431,GO:0044444,GO:0044446,GO:0044464,GO:0045216,GO:0045229,GO:0048364,GO:0048507,GO:0048589,GO:0048731,GO:0048856,GO:0048869,GO:0050789,GO:0050794,GO:0050896,GO:0051128,GO:0051273,GO:0051274,GO:0051716,GO:0060255,GO:0060560,GO:0065007,GO:0070726,GO:0071214,GO:0071478,GO:0071482,GO:0071554,GO:0071555,GO:0071668,GO:0071669,GO:0071704,GO:0071840,GO:0071944,GO:0080090,GO:0097305,GO:0097708,GO:0098727,GO:0098791,GO:0099402,GO:0104004,GO:1901576,GO:1901700,GO:1903338,GO:1905392,GO:2000112,GO:2001006,GO:2001009	-
CcGene_07488	Cytochrome P450	Belongs to the cytochrome P450 family	sp|B9DFU2|MAX1_ARATH	XP_017236218.1	GO:0001763,GO:0006629,GO:0006720,GO:0006721,GO:0006810,GO:0007275,GO:0008150,GO:0008152,GO:0008299,GO:0008610,GO:0009058,GO:0009653,GO:0009889,GO:0009891,GO:0009893,GO:0009914,GO:0009926,GO:0009934,GO:0009962,GO:0009963,GO:0009987,GO:0010016,GO:0010223,GO:0010346,GO:0010817,GO:0016108,GO:0016109,GO:0016114,GO:0016116,GO:0016117,GO:0019222,GO:0022603,GO:0032501,GO:0032502,GO:0042440,GO:0044237,GO:0044238,GO:0044249,GO:0044255,GO:0046148,GO:0048367,GO:0048509,GO:0048518,GO:0048646,GO:0048731,GO:0048856,GO:0050789,GO:0050793,GO:0051179,GO:0051234,GO:0060918,GO:0065007,GO:0065008,GO:0071704,GO:0080090,GO:1901576,GO:1905393	-
CcGene_07547	Glycosyltransferase	Belongs to the glycosyltransferase 2 family. Plant cellulose synthase subfamily	sp|O48947|CESA2_ARATH	KAL1824866.1	GO:0000003,GO:0000226,GO:0000271,GO:0000278,GO:0000281,GO:0000910,GO:0003006,GO:0003674,GO:0003824,GO:0005575,GO:0005622,GO:0005623,GO:0005737,GO:0005794,GO:0005886,GO:0005887,GO:0005975,GO:0005976,GO:0006073,GO:0006996,GO:0007010,GO:0007017,GO:0007049,GO:0007275,GO:0008150,GO:0008152,GO:0009058,GO:0009059,GO:0009250,GO:0009791,GO:0009825,GO:0009832,GO:0009833,GO:0009987,GO:0010154,GO:0010191,GO:0010192,GO:0010214,GO:0010330,GO:0012505,GO:0016020,GO:0016021,GO:0016043,GO:0016049,GO:0016051,GO:0016740,GO:0016757,GO:0016758,GO:0016759,GO:0022402,GO:0022414,GO:0030243,GO:0030244,GO:0030865,GO:0031122,GO:0031224,GO:0031226,GO:0032501,GO:0032502,GO:0032991,GO:0033692,GO:0034637,GO:0034645,GO:0040007,GO:0042546,GO:0043170,GO:0043226,GO:0043227,GO:0043229,GO:0043231,GO:0043622,GO:0044042,GO:0044085,GO:0044237,GO:0044238,GO:0044249,GO:0044260,GO:0044262,GO:0044264,GO:0044424,GO:0044425,GO:0044444,GO:0044459,GO:0044464,GO:0046527,GO:0048316,GO:0048608,GO:0048731,GO:0048856,GO:0051273,GO:0051274,GO:0051301,GO:0061458,GO:0061640,GO:0071554,GO:0071669,GO:0071704,GO:0071840,GO:0071944,GO:0097435,GO:1901576,GO:1902494,GO:1903047,GO:1990234	-
CcGene_07722	Acyltransferase	COG1247 Sortase and related acyltransferases	sp|Q9HUU7|MDDA_PSEAE	WP_443191497.1	-	ko00440,ko01130,map00440,map01130
CcGene_07867	Acyltransferase	2-oxoacid dehydrogenases acyltransferase (catalytic domain)	sp|Q8H107|ODO2B_ARATH	KAL1814911.1	GO:0003674,GO:0005488,GO:0005575,GO:0005622,GO:0005623,GO:0005737,GO:0005739,GO:0008270,GO:0016020,GO:0043167,GO:0043169,GO:0043226,GO:0043227,GO:0043229,GO:0043231,GO:0044424,GO:0044444,GO:0044464,GO:0046872,GO:0046914	ko00020,ko00310,ko01100,ko01110,ko01120,ko01130,ko01200,map00020,map00310,map01100,map01110,map01120,map01130,map01200
CcGene_07869	Acyltransferase	Contains the following InterPro domains Zinc finger, PHD-type, conserved site (InterPro IPR019786), Zinc finger, PHD-type (InterPro IPR001965), Zinc finger, FYVE PHD-type (InterPro IPR011011), Acyl-CoA N-acyltransferase (InterPro IPR016181), Zinc finger, PHD-finger (InterPro IPR019787)	sp|F4IXE7|IDM1_ARATH	KAL1822636.1	-	-
CcGene_07891	Acyltransferase	Phospholipid diacylglycerol acyltransferase	sp|Q9FYC7|PDAT2_ARATH	KAK1383077.1	-	ko00561,map00561
CcGene_08097	Cytochrome P450	Cytochrome p450	sp|O81973|C93A3_SOYBN	XP_074375461.1	GO:0003674,GO:0003824,GO:0004497,GO:0005575,GO:0008150,GO:0008152,GO:0009058,GO:0016020,GO:0016491,GO:0016705,GO:0016709,GO:0019748,GO:0044550,GO:0055114	ko00140,ko00380,ko00830,ko00943,ko00980,ko01100,ko04913,ko04917,ko04927,ko04934,ko05204,map00140,map00380,map00830,map00943,map00980,map01100,map04913,map04917,map04927,map04934,map05204
CcGene_08150	Acyltransferase	2-oxoacid dehydrogenases acyltransferase (catalytic domain)	sp|Q8H107|ODO2B_ARATH	XP_017254767.1	GO:0003674,GO:0005488,GO:0005575,GO:0005622,GO:0005623,GO:0005737,GO:0005739,GO:0008270,GO:0016020,GO:0043167,GO:0043169,GO:0043226,GO:0043227,GO:0043229,GO:0043231,GO:0044424,GO:0044444,GO:0044464,GO:0046872,GO:0046914	ko00020,ko00310,ko01100,ko01110,ko01120,ko01130,ko01200,map00020,map00310,map01100,map01110,map01120,map01130,map01200
CcGene_08162	Cytochrome P450	Cytochrome P450	sp|H2DH17|C7A22_PANGI	KAL1807076.1	-	ko00905,map00905
CcGene_08284	Glycosyltransferase	Glycosyltransferase	sp|Q9M146|MGP4_ARATH	KAL8114095.1	GO:0000003,GO:0000271,GO:0003006,GO:0003674,GO:0003824,GO:0005575,GO:0005622,GO:0005623,GO:0005737,GO:0005794,GO:0005975,GO:0005976,GO:0006464,GO:0006486,GO:0006807,GO:0008150,GO:0008152,GO:0008194,GO:0008378,GO:0009058,GO:0009059,GO:0009100,GO:0009101,GO:0009664,GO:0009832,GO:0009856,GO:0009987,GO:0010306,GO:0010383,GO:0010393,GO:0010396,GO:0012505,GO:0016043,GO:0016051,GO:0016740,GO:0016757,GO:0016758,GO:0016763,GO:0017144,GO:0019538,GO:0022414,GO:0032501,GO:0032502,GO:0033692,GO:0034637,GO:0034645,GO:0035250,GO:0035252,GO:0036211,GO:0042285,GO:0042546,GO:0043170,GO:0043226,GO:0043227,GO:0043229,GO:0043231,GO:0043412,GO:0043413,GO:0044036,GO:0044038,GO:0044085,GO:0044237,GO:0044238,GO:0044249,GO:0044260,GO:0044262,GO:0044264,GO:0044267,GO:0044424,GO:0044444,GO:0044464,GO:0044706,GO:0045229,GO:0045488,GO:0045489,GO:0048856,GO:0048868,GO:0051704,GO:0052325,GO:0052546,GO:0070085,GO:0070589,GO:0070592,GO:0071554,GO:0071555,GO:0071669,GO:0071704,GO:0071840,GO:1901135,GO:1901137,GO:1901564,GO:1901566,GO:1901576	-
CcGene_08437	Acyltransferase	O-acyltransferase (WSD1-like)	sp|Q9M3B3|WSD4_ARATH	XP_017247712.1	-	-
CcGene_08439	Acyltransferase	O-acyltransferase (WSD1-like)	sp|Q5KS41|WSD11_ARATH	XP_017247712.1	-	-
CcGene_08484	Cytochrome P450	Belongs to the cytochrome P450 family	sp|O48786|C734A_ARATH	XP_063949148.1	GO:0003674,GO:0003824,GO:0004497,GO:0006629,GO:0008150,GO:0008152,GO:0008202,GO:0008395,GO:0009719,GO:0009725,GO:0009741,GO:0010033,GO:0010268,GO:0010817,GO:0014070,GO:0016128,GO:0016131,GO:0016491,GO:0033993,GO:0042221,GO:0042445,GO:0042592,GO:0044238,GO:0048878,GO:0050896,GO:0055088,GO:0055114,GO:0065007,GO:0065008,GO:0071704,GO:1901360,GO:1901615,GO:1901700	ko04726,map04726
CcGene_08487	Acyltransferase	Acyltransferase	sp|Q8L7R3|LPCT1_ARATH	XP_017252378.1	GO:0000038,GO:0003674,GO:0003824,GO:0005575,GO:0005622,GO:0005623,GO:0005634,GO:0005737,GO:0005783,GO:0005794,GO:0006082,GO:0006629,GO:0006631,GO:0006644,GO:0006793,GO:0006796,GO:0008150,GO:0008152,GO:0008374,GO:0008610,GO:0008654,GO:0009058,GO:0009987,GO:0012505,GO:0016740,GO:0016746,GO:0016747,GO:0019637,GO:0019752,GO:0032787,GO:0043226,GO:0043227,GO:0043229,GO:0043231,GO:0043436,GO:0044237,GO:0044238,GO:0044249,GO:0044255,GO:0044281,GO:0044424,GO:0044444,GO:0044464,GO:0047184,GO:0050200,GO:0071617,GO:0071618,GO:0071704,GO:0090407,GO:1901576	ko00564,ko00565,ko01100,map00564,map00565,map01100
CcGene_08809	Cytochrome P450	Belongs to the cytochrome P450 family	sp|P0DO85|10H_STRNX	XP_017220500.2	GO:0003674,GO:0003824,GO:0004497,GO:0005575,GO:0008150,GO:0008152,GO:0009058,GO:0009987,GO:0010035,GO:0010038,GO:0010039,GO:0016020,GO:0016491,GO:0016705,GO:0016709,GO:0019748,GO:0042221,GO:0044550,GO:0050896,GO:0051716,GO:0055114,GO:0070887,GO:0071241,GO:0071248,GO:0071281	ko00140,ko01100,ko04913,ko04917,ko04927,ko04934,map00140,map01100,map04913,map04917,map04927,map04934
CcGene_08881	Glycosyltransferase	Belongs to the glycosyltransferase 2 family. Plant cellulose synthase subfamily	sp|A2Z1C8|CESA9_ORYSI	XP_017252157.1	GO:0000271,GO:0000278,GO:0000281,GO:0000910,GO:0003674,GO:0003824,GO:0005575,GO:0005622,GO:0005623,GO:0005737,GO:0005794,GO:0005886,GO:0005975,GO:0005976,GO:0006073,GO:0007049,GO:0008150,GO:0008152,GO:0009058,GO:0009059,GO:0009250,GO:0009507,GO:0009536,GO:0009664,GO:0009832,GO:0009833,GO:0009834,GO:0009987,GO:0010330,GO:0010393,GO:0010395,GO:0010400,GO:0012505,GO:0016020,GO:0016043,GO:0016051,GO:0016740,GO:0016757,GO:0016758,GO:0016759,GO:0017144,GO:0022402,GO:0030243,GO:0030244,GO:0032991,GO:0033692,GO:0034637,GO:0034645,GO:0042546,GO:0043170,GO:0043226,GO:0043227,GO:0043229,GO:0043231,GO:0044036,GO:0044042,GO:0044085,GO:0044237,GO:0044238,GO:0044249,GO:0044260,GO:0044262,GO:0044264,GO:0044424,GO:0044444,GO:0044464,GO:0045229,GO:0045488,GO:0046527,GO:0051273,GO:0051274,GO:0051301,GO:0052546,GO:0061640,GO:0071554,GO:0071555,GO:0071669,GO:0071704,GO:0071840,GO:0071944,GO:1901576,GO:1902494,GO:1903047,GO:1990234	-
CcGene_09094	Acyltransferase	O-acyltransferase WSD1-like	sp|Q9M3B3|WSD4_ARATH	XP_063948825.1	-	-
CcGene_09120	Acyltransferase	Phosphate acyltransferases	sp|Q5XF03|GPAT8_ARATH	XP_017231148.1	GO:0003674,GO:0003824,GO:0005575,GO:0005622,GO:0005623,GO:0005737,GO:0005783,GO:0006793,GO:0006796,GO:0008150,GO:0008152,GO:0008374,GO:0009058,GO:0009059,GO:0009987,GO:0010143,GO:0012505,GO:0016020,GO:0016311,GO:0016740,GO:0016746,GO:0016747,GO:0016787,GO:0016788,GO:0016791,GO:0042578,GO:0043170,GO:0043226,GO:0043227,GO:0043229,GO:0043231,GO:0044237,GO:0044424,GO:0044444,GO:0044464,GO:0071704,GO:0090447,GO:1901576	ko00561,ko00564,ko01100,ko01110,map00561,map00564,map01100,map01110
CcGene_09172	Glycosyltransferase	Belongs to the glycosyltransferase 8 family	sp|Q9LSG3|GAUT8_ARATH	KAL1830373.1	GO:0000271,GO:0003674,GO:0003824,GO:0005575,GO:0005622,GO:0005623,GO:0005737,GO:0005739,GO:0005768,GO:0005794,GO:0005802,GO:0005975,GO:0005976,GO:0008150,GO:0008152,GO:0008194,GO:0009058,GO:0009059,GO:0009664,GO:0009832,GO:0009987,GO:0010289,GO:0010383,GO:0010393,GO:0010394,GO:0012505,GO:0016043,GO:0016051,GO:0016740,GO:0016757,GO:0016758,GO:0017144,GO:0031410,GO:0031982,GO:0031984,GO:0033692,GO:0034637,GO:0034645,GO:0042546,GO:0043170,GO:0043226,GO:0043227,GO:0043229,GO:0043231,GO:0044036,GO:0044038,GO:0044085,GO:0044237,GO:0044238,GO:0044249,GO:0044260,GO:0044262,GO:0044264,GO:0044422,GO:0044424,GO:0044431,GO:0044444,GO:0044446,GO:0044464,GO:0045229,GO:0045488,GO:0045489,GO:0047262,GO:0052325,GO:0052546,GO:0070589,GO:0070592,GO:0071554,GO:0071555,GO:0071669,GO:0071704,GO:0071840,GO:0097708,GO:0098791,GO:1901576	ko00520,map00520
CcGene_09391	Cytochrome P450	cytochrome P450	sp|Q43147|C85A1_SOLLC	XP_017217054.1	GO:0000226,GO:0001578,GO:0003674,GO:0003824,GO:0004497,GO:0006091,GO:0006629,GO:0006694,GO:0006996,GO:0007010,GO:0007017,GO:0007275,GO:0008150,GO:0008152,GO:0008202,GO:0008610,GO:0009058,GO:0009314,GO:0009416,GO:0009628,GO:0009642,GO:0009646,GO:0009647,GO:0009791,GO:0009987,GO:0010268,GO:0010817,GO:0016043,GO:0016125,GO:0016128,GO:0016129,GO:0016131,GO:0016132,GO:0016491,GO:0022900,GO:0032501,GO:0032502,GO:0042445,GO:0042446,GO:0042592,GO:0044237,GO:0044238,GO:0048856,GO:0048878,GO:0050896,GO:0055088,GO:0055114,GO:0065007,GO:0065008,GO:0071704,GO:0071840,GO:1901360,GO:1901362,GO:1901576,GO:1901615,GO:1901617	ko00905,ko01100,ko01110,map00905,map01100,map01110
CcGene_09703	Cytochrome P450	Belongs to the cytochrome P450 family	sp|Q5Y750|CP512_ARATH	KAK1394360.1	GO:0003674,GO:0003824,GO:0004497,GO:0005575,GO:0005622,GO:0005623,GO:0005737,GO:0005783,GO:0005794,GO:0005886,GO:0006629,GO:0006694,GO:0008150,GO:0008152,GO:0008202,GO:0008398,GO:0008610,GO:0009058,GO:0012505,GO:0016020,GO:0016125,GO:0016126,GO:0016491,GO:0016705,GO:0016709,GO:0032451,GO:0043226,GO:0043227,GO:0043229,GO:0043231,GO:0044238,GO:0044424,GO:0044444,GO:0044464,GO:0055114,GO:0070988,GO:0071704,GO:0071944,GO:1901360,GO:1901362,GO:1901576,GO:1901615,GO:1901617	ko00100,ko01100,ko01110,ko01130,map00100,map01100,map01110,map01130
CcGene_09778	Glycosyltransferase	Belongs to the UDP-glycosyltransferase family	sp|Q9ZSK5|ZOG_PHALU	XP_017245205.1	GO:0000003,GO:0003006,GO:0003674,GO:0003824,GO:0006464,GO:0006486,GO:0006725,GO:0006807,GO:0007275,GO:0008150,GO:0008152,GO:0008194,GO:0009058,GO:0009059,GO:0009100,GO:0009101,GO:0009308,GO:0009653,GO:0009690,GO:0009791,GO:0009888,GO:0009889,GO:0009908,GO:0009965,GO:0009987,GO:0010015,GO:0010016,GO:0010073,GO:0010075,GO:0010083,GO:0010154,GO:0010380,GO:0010817,GO:0016740,GO:0016757,GO:0016758,GO:0016763,GO:0019222,GO:0019538,GO:0022414,GO:0022622,GO:0031323,GO:0031326,GO:0032501,GO:0032502,GO:0034645,GO:0034754,GO:0035251,GO:0035252,GO:0036211,GO:0040008,GO:0042285,GO:0042445,GO:0043170,GO:0043412,GO:0043413,GO:0044237,GO:0044238,GO:0044249,GO:0044260,GO:0044267,GO:0045926,GO:0046483,GO:0046527,GO:0048316,GO:0048364,GO:0048366,GO:0048367,GO:0048439,GO:0048507,GO:0048509,GO:0048519,GO:0048608,GO:0048638,GO:0048731,GO:0048827,GO:0048831,GO:0048856,GO:0050403,GO:0050404,GO:0050789,GO:0050793,GO:0050794,GO:0051171,GO:0051193,GO:0051239,GO:0061458,GO:0065007,GO:0065008,GO:0070085,GO:0071704,GO:0090056,GO:0090567,GO:0090698,GO:0099402,GO:1901135,GO:1901137,GO:1901401,GO:1901463,GO:1901564,GO:1901566,GO:1901576,GO:1905392,GO:1905613,GO:2000026	ko00908,ko01110,map00908,map01110
CcGene_09828	Glycosyltransferase	UDP-glycosyltransferase 83A1-like	sp|Q9SGA8|U83A1_ARATH	XP_017255988.1	GO:0003674,GO:0003824,GO:0005575,GO:0005622,GO:0005623,GO:0008194,GO:0016740,GO:0016757,GO:0016758,GO:0035251,GO:0043226,GO:0043227,GO:0043229,GO:0043231,GO:0044424,GO:0044464,GO:0046527,GO:0080043,GO:0080044	-
CcGene_09944	Cytochrome P450	cytochrome P450	sp|Q9C788|C70B1_ARATH	KAK1379566.1	GO:0003674,GO:0003824,GO:0004497,GO:0006725,GO:0007275,GO:0008150,GO:0008152,GO:0009058,GO:0009555,GO:0009653,GO:0009987,GO:0010208,GO:0010584,GO:0010927,GO:0016043,GO:0016491,GO:0016705,GO:0016713,GO:0018685,GO:0019438,GO:0022607,GO:0030198,GO:0032501,GO:0032502,GO:0032989,GO:0043062,GO:0044085,GO:0044237,GO:0044249,GO:0045229,GO:0048229,GO:0048646,GO:0048856,GO:0048869,GO:0055114,GO:0071840,GO:0080110,GO:0085029	-
CcGene_10204	Cytochrome P450	Belongs to the cytochrome P450 family	sp|Q96423|TCMO_GLYEC	XP_017220683.1	GO:0003674,GO:0003824,GO:0004497,GO:0005488,GO:0005515,GO:0005575,GO:0005618,GO:0005622,GO:0005623,GO:0005737,GO:0005773,GO:0005774,GO:0005783,GO:0005794,GO:0005886,GO:0005911,GO:0006725,GO:0006732,GO:0006733,GO:0006743,GO:0006744,GO:0007275,GO:0008150,GO:0008152,GO:0009058,GO:0009108,GO:0009505,GO:0009506,GO:0009555,GO:0009628,GO:0009698,GO:0009808,GO:0009987,GO:0012505,GO:0016020,GO:0016491,GO:0016705,GO:0016709,GO:0016710,GO:0019748,GO:0030054,GO:0030312,GO:0031090,GO:0032501,GO:0032502,GO:0040007,GO:0042180,GO:0042181,GO:0042802,GO:0043226,GO:0043227,GO:0043229,GO:0043231,GO:0044237,GO:0044249,GO:0044281,GO:0044283,GO:0044422,GO:0044424,GO:0044437,GO:0044444,GO:0044446,GO:0044464,GO:0048229,GO:0048856,GO:0050896,GO:0051186,GO:0051188,GO:0055044,GO:0055114,GO:0071704,GO:0071944,GO:0080167,GO:0098588,GO:0098805,GO:1901360,GO:1901576,GO:1901661,GO:1901663	ko00130,ko00360,ko00940,ko00941,ko00945,ko01100,ko01110,ko01220,map00130,map00360,map00940,map00941,map00945,map01100,map01110,map01220
CcGene_10357	Glycosyltransferase	Belongs to the UDP-glycosyltransferase family	sp|Q9ZSK5|ZOG_PHALU	XP_074367276.1	GO:0000003,GO:0003006,GO:0003674,GO:0003824,GO:0006464,GO:0006486,GO:0006725,GO:0006807,GO:0007275,GO:0008150,GO:0008152,GO:0008194,GO:0009058,GO:0009059,GO:0009100,GO:0009101,GO:0009308,GO:0009653,GO:0009690,GO:0009791,GO:0009888,GO:0009889,GO:0009908,GO:0009965,GO:0009987,GO:0010015,GO:0010016,GO:0010073,GO:0010075,GO:0010083,GO:0010154,GO:0010380,GO:0010817,GO:0016740,GO:0016757,GO:0016758,GO:0016763,GO:0019222,GO:0019538,GO:0022414,GO:0022622,GO:0031323,GO:0031326,GO:0032501,GO:0032502,GO:0034645,GO:0034754,GO:0035251,GO:0035252,GO:0036211,GO:0040008,GO:0042285,GO:0042445,GO:0043170,GO:0043412,GO:0043413,GO:0044237,GO:0044238,GO:0044249,GO:0044260,GO:0044267,GO:0045926,GO:0046483,GO:0046527,GO:0048316,GO:0048364,GO:0048366,GO:0048367,GO:0048439,GO:0048507,GO:0048509,GO:0048519,GO:0048608,GO:0048638,GO:0048731,GO:0048827,GO:0048831,GO:0048856,GO:0050403,GO:0050404,GO:0050789,GO:0050793,GO:0050794,GO:0051171,GO:0051193,GO:0051239,GO:0061458,GO:0065007,GO:0065008,GO:0070085,GO:0071704,GO:0090056,GO:0090567,GO:0090698,GO:0099402,GO:1901135,GO:1901137,GO:1901401,GO:1901463,GO:1901564,GO:1901566,GO:1901576,GO:1905392,GO:1905613,GO:2000026	ko00908,ko01110,map00908,map01110
CcGene_10359	Glycosyltransferase	Belongs to the UDP-glycosyltransferase family	sp|Q8RXA5|CZOG2_MAIZE	XP_074367276.1	GO:0000003,GO:0003006,GO:0003674,GO:0003824,GO:0006464,GO:0006486,GO:0006725,GO:0006807,GO:0007275,GO:0008150,GO:0008152,GO:0008194,GO:0009058,GO:0009059,GO:0009100,GO:0009101,GO:0009308,GO:0009653,GO:0009690,GO:0009791,GO:0009888,GO:0009889,GO:0009908,GO:0009965,GO:0009987,GO:0010015,GO:0010016,GO:0010073,GO:0010075,GO:0010083,GO:0010154,GO:0010380,GO:0010817,GO:0016740,GO:0016757,GO:0016758,GO:0016763,GO:0019222,GO:0019538,GO:0022414,GO:0022622,GO:0031323,GO:0031326,GO:0032501,GO:0032502,GO:0034645,GO:0034754,GO:0035251,GO:0035252,GO:0036211,GO:0040008,GO:0042285,GO:0042445,GO:0043170,GO:0043412,GO:0043413,GO:0044237,GO:0044238,GO:0044249,GO:0044260,GO:0044267,GO:0045926,GO:0046483,GO:0046527,GO:0048316,GO:0048364,GO:0048366,GO:0048367,GO:0048439,GO:0048507,GO:0048509,GO:0048519,GO:0048608,GO:0048638,GO:0048731,GO:0048827,GO:0048831,GO:0048856,GO:0050403,GO:0050404,GO:0050789,GO:0050793,GO:0050794,GO:0051171,GO:0051193,GO:0051239,GO:0061458,GO:0065007,GO:0065008,GO:0070085,GO:0071704,GO:0090056,GO:0090567,GO:0090698,GO:0099402,GO:1901135,GO:1901137,GO:1901401,GO:1901463,GO:1901564,GO:1901566,GO:1901576,GO:1905392,GO:1905613,GO:2000026	ko00908,map00908
CcGene_10518	Glycosyltransferase	Xyloglucan glycosyltransferase	sp|Q9LJP4|CSLC4_ARATH	KAL1824588.1	-	-
CcGene_10638	Cytochrome P450	cytochrome P450	sp|A0A0N7F297|C82D6_SINHE	XP_017244377.1	GO:0001666,GO:0003674,GO:0003824,GO:0004497,GO:0005575,GO:0006950,GO:0008150,GO:0008152,GO:0009058,GO:0009628,GO:0009987,GO:0010035,GO:0010038,GO:0010039,GO:0016020,GO:0016491,GO:0016705,GO:0016709,GO:0019748,GO:0033554,GO:0036293,GO:0036294,GO:0042221,GO:0044550,GO:0050896,GO:0051716,GO:0055114,GO:0070482,GO:0070887,GO:0071241,GO:0071248,GO:0071281,GO:0071453,GO:0071456	ko00140,ko01100,ko04913,ko04917,ko04927,ko04934,map00140,map01100,map04913,map04917,map04927,map04934
CcGene_10691	Cytochrome P450	cytochrome P450	sp|A0A0S2IHL2|C7A39_KALSE	XP_017219869.1	-	-
CcGene_10777	Cytochrome P450	Cytochrome p450	sp|O81973|C93A3_SOYBN	XP_017217997.1	GO:0003674,GO:0003824,GO:0004497,GO:0005575,GO:0008150,GO:0008152,GO:0009058,GO:0016020,GO:0016491,GO:0016705,GO:0016709,GO:0019748,GO:0044550,GO:0055114	ko00140,ko00380,ko00830,ko00943,ko00980,ko01100,ko04913,ko04917,ko04927,ko04934,ko05204,map00140,map00380,map00830,map00943,map00980,map01100,map04913,map04917,map04927,map04934,map05204
CcGene_11095	Acyltransferase	Glycerol-3-phosphate 2-O-acyltransferase 6-like	sp|A0A0M4FCN7|RAM2_PETHY	KAK1404472.1	GO:0000003,GO:0003006,GO:0003674,GO:0003824,GO:0005575,GO:0006793,GO:0006796,GO:0007275,GO:0008150,GO:0008152,GO:0008374,GO:0009058,GO:0009059,GO:0009791,GO:0009908,GO:0009987,GO:0010143,GO:0016020,GO:0016311,GO:0016740,GO:0016746,GO:0016747,GO:0016787,GO:0016788,GO:0016791,GO:0022414,GO:0032501,GO:0032502,GO:0042578,GO:0043170,GO:0044237,GO:0048367,GO:0048608,GO:0048731,GO:0048856,GO:0061458,GO:0071704,GO:0090447,GO:0090567,GO:1901576	ko00561,ko00564,ko01100,ko01110,map00561,map00564,map01100,map01110
CcGene_11348	Cytochrome P450	cytochrome P450	sp|W8JIS5|IO_CATRO	XP_063948789.1	-	-
CcGene_11687	Cytochrome P450	Cytochrome p450	sp|O81973|C93A3_SOYBN	KAL1808042.1	GO:0003674,GO:0003824,GO:0004497,GO:0005575,GO:0008150,GO:0008152,GO:0009058,GO:0016020,GO:0016491,GO:0016705,GO:0016709,GO:0019748,GO:0044550,GO:0055114	ko00140,ko00380,ko00830,ko00943,ko00980,ko01100,ko04913,ko04917,ko04927,ko04934,ko05204,map00140,map00380,map00830,map00943,map00980,map01100,map04913,map04917,map04927,map04934,map05204
CcGene_11722	Acyltransferase	glycerol-3-phosphate acyltransferase	sp|Q9SHJ5|GPAT1_ARATH	KAL1812734.1	GO:0000003,GO:0003006,GO:0003674,GO:0003824,GO:0005575,GO:0005622,GO:0005623,GO:0005737,GO:0005739,GO:0006793,GO:0006796,GO:0007275,GO:0007276,GO:0008150,GO:0008152,GO:0008374,GO:0009058,GO:0009059,GO:0009555,GO:0009628,GO:0009987,GO:0010143,GO:0016020,GO:0016311,GO:0016740,GO:0016746,GO:0016747,GO:0016787,GO:0016788,GO:0016791,GO:0019953,GO:0022412,GO:0022414,GO:0030154,GO:0032501,GO:0032502,GO:0032504,GO:0042578,GO:0043170,GO:0043226,GO:0043227,GO:0043229,GO:0043231,GO:0044237,GO:0044424,GO:0044444,GO:0044464,GO:0044703,GO:0048229,GO:0048232,GO:0048235,GO:0048609,GO:0048856,GO:0048869,GO:0050896,GO:0051704,GO:0055046,GO:0071704,GO:0080167,GO:0090447,GO:1901576	ko00561,ko00564,ko01100,ko01110,map00561,map00564,map01100,map01110
CcGene_11732	Terpene Synthase	Belongs to the terpene synthase family	sp|A0A0M4M0T9|TPS28_TRIWF	XP_017242829.1	GO:0000287,GO:0001101,GO:0003674,GO:0003824,GO:0005488,GO:0005575,GO:0005622,GO:0005623,GO:0005737,GO:0006082,GO:0006629,GO:0006720,GO:0006721,GO:0007154,GO:0007165,GO:0008150,GO:0008152,GO:0008299,GO:0008610,GO:0009058,GO:0009507,GO:0009536,GO:0009685,GO:0009686,GO:0009719,GO:0009725,GO:0009739,GO:0009740,GO:0009755,GO:0009905,GO:0009987,GO:0010033,GO:0010476,GO:0010817,GO:0016053,GO:0016101,GO:0016102,GO:0016114,GO:0016853,GO:0016872,GO:0019752,GO:0023052,GO:0032870,GO:0033993,GO:0042221,GO:0042445,GO:0042446,GO:0043167,GO:0043169,GO:0043226,GO:0043227,GO:0043229,GO:0043231,GO:0043436,GO:0044237,GO:0044238,GO:0044249,GO:0044255,GO:0044281,GO:0044283,GO:0044424,GO:0044444,GO:0044464,GO:0046394,GO:0046872,GO:0050789,GO:0050794,GO:0050896,GO:0051716,GO:0065007,GO:0065008,GO:0070887,GO:0071229,GO:0071310,GO:0071370,GO:0071396,GO:0071495,GO:0071704,GO:1901576,GO:1901700,GO:1901701	ko00904,ko01100,ko01110,map00904,map01100,map01110
CcGene_11779	Cytochrome P450	Belongs to the cytochrome P450 family	sp|Q9LJK2|ABAH4_ARATH	KAL1824313.1	GO:0003674,GO:0003824,GO:0004497,GO:0006629,GO:0006694,GO:0007275,GO:0008150,GO:0008152,GO:0008202,GO:0008610,GO:0009058,GO:0010268,GO:0010295,GO:0010817,GO:0016125,GO:0016128,GO:0016129,GO:0016131,GO:0016132,GO:0016491,GO:0016705,GO:0016709,GO:0032501,GO:0032502,GO:0042445,GO:0042446,GO:0042592,GO:0044238,GO:0048856,GO:0048878,GO:0055088,GO:0055114,GO:0065007,GO:0065008,GO:0071704,GO:1901360,GO:1901362,GO:1901576,GO:1901615,GO:1901617	ko00906,map00906
CcGene_11900	Glycosyltransferase	Belongs to the UDP-glycosyltransferase family	sp|Q9SGA8|U83A1_ARATH	WOH09003.1	GO:0003674,GO:0003824,GO:0005575,GO:0005622,GO:0005623,GO:0008194,GO:0016740,GO:0016757,GO:0016758,GO:0035251,GO:0043226,GO:0043227,GO:0043229,GO:0043231,GO:0044424,GO:0044464,GO:0046527,GO:0080043,GO:0080044	-
CcGene_12153	Cytochrome P450	Cytochrome P450	sp|A0A9Y1E1K8|C82M3_DATST	KAL1824354.1	GO:0001666,GO:0003674,GO:0003824,GO:0004497,GO:0005575,GO:0006950,GO:0008150,GO:0008152,GO:0009058,GO:0009628,GO:0009987,GO:0010035,GO:0010038,GO:0010039,GO:0016020,GO:0016491,GO:0016705,GO:0016709,GO:0019748,GO:0033554,GO:0036293,GO:0036294,GO:0042221,GO:0044550,GO:0050896,GO:0051716,GO:0055114,GO:0070482,GO:0070887,GO:0071241,GO:0071248,GO:0071281,GO:0071453,GO:0071456	ko00140,ko01100,ko04913,ko04917,ko04927,ko04934,map00140,map01100,map04913,map04917,map04927,map04934
CcGene_12177	Glycosyltransferase	Belongs to the glycosyltransferase 31 family	sp|Q5XEZ1|B3GT9_ARATH	XP_017230964.1	GO:0003674,GO:0003824,GO:0006029,GO:0006464,GO:0006486,GO:0006493,GO:0006807,GO:0008150,GO:0008152,GO:0008378,GO:0009058,GO:0009059,GO:0009100,GO:0009101,GO:0009987,GO:0010384,GO:0010404,GO:0010405,GO:0016740,GO:0016757,GO:0016758,GO:0018193,GO:0018208,GO:0018258,GO:0019538,GO:0034645,GO:0036211,GO:0043170,GO:0043412,GO:0043413,GO:0044036,GO:0044237,GO:0044238,GO:0044249,GO:0044260,GO:0044267,GO:0070085,GO:0071554,GO:0071704,GO:1901135,GO:1901137,GO:1901564,GO:1901566,GO:1901576,GO:1990714	-
CcGene_12384	Glycosyltransferase	Belongs to the UDP-glycosyltransferase family	sp|Q6VAB3|U85A8_STERE	KAL1812131.1	GO:0003674,GO:0003824,GO:0005575,GO:0005622,GO:0005623,GO:0008194,GO:0015020,GO:0016740,GO:0016757,GO:0016758,GO:0035251,GO:0043226,GO:0043227,GO:0043229,GO:0043231,GO:0044424,GO:0044464,GO:0046527,GO:0050403,GO:0050502,GO:0080043,GO:0080044	-
CcGene_12529	Cytochrome P450	cytochrome P450	sp|P37122|C76A2_SOLME	AQY76214.1	-	-
CcGene_13177	Glycosyltransferase	xyloglucan glycosyltransferase 6	sp|Q9SRT3|CSLC6_ARATH	XP_017241534.1	GO:0000003,GO:0003006,GO:0005575,GO:0005622,GO:0005623,GO:0005737,GO:0005768,GO:0005794,GO:0005802,GO:0008150,GO:0009856,GO:0012505,GO:0022414,GO:0031410,GO:0031982,GO:0031984,GO:0032501,GO:0032502,GO:0043226,GO:0043227,GO:0043229,GO:0043231,GO:0044422,GO:0044424,GO:0044431,GO:0044444,GO:0044446,GO:0044464,GO:0044706,GO:0048856,GO:0048868,GO:0051704,GO:0097708,GO:0098791	-
CcGene_13301	Glycosyltransferase	Belongs to the glycosyltransferase 8 family	sp|C7G304|GOLS2_SOLLC	KAK1401870.1	GO:0000271,GO:0001101,GO:0003674,GO:0003824,GO:0005488,GO:0005536,GO:0005975,GO:0005976,GO:0005977,GO:0005978,GO:0005996,GO:0006012,GO:0006073,GO:0006091,GO:0006112,GO:0006950,GO:0006970,GO:0006979,GO:0007154,GO:0008150,GO:0008152,GO:0008194,GO:0008378,GO:0008466,GO:0009058,GO:0009059,GO:0009250,GO:0009266,GO:0009269,GO:0009409,GO:0009414,GO:0009415,GO:0009605,GO:0009628,GO:0009651,GO:0009719,GO:0009725,GO:0009737,GO:0009987,GO:0009991,GO:0010033,GO:0010035,GO:0015980,GO:0016051,GO:0016740,GO:0016757,GO:0016758,GO:0019318,GO:0030246,GO:0031668,GO:0033554,GO:0033692,GO:0033993,GO:0034637,GO:0034645,GO:0035250,GO:0035251,GO:0036094,GO:0042221,GO:0042631,GO:0043170,GO:0044042,GO:0044237,GO:0044238,GO:0044249,GO:0044260,GO:0044262,GO:0044264,GO:0044281,GO:0046527,GO:0047216,GO:0048029,GO:0050896,GO:0051716,GO:0055114,GO:0070417,GO:0070887,GO:0071214,GO:0071229,GO:0071462,GO:0071465,GO:0071496,GO:0071704,GO:0097305,GO:0104004,GO:1901576,GO:1901700,GO:1901701	ko00052,map00052
CcGene_13324	Cytochrome P450	Belongs to the cytochrome P450 family	sp|B8AV52|C724B_ORYSI	XP_074365160.1	GO:0003674,GO:0003824,GO:0004497,GO:0005488,GO:0006629,GO:0006694,GO:0007275,GO:0008150,GO:0008152,GO:0008202,GO:0008610,GO:0009058,GO:0009314,GO:0009416,GO:0009628,GO:0009642,GO:0009646,GO:0009647,GO:0009791,GO:0010268,GO:0010817,GO:0016125,GO:0016128,GO:0016129,GO:0016131,GO:0016132,GO:0016491,GO:0020037,GO:0032501,GO:0032502,GO:0042445,GO:0042446,GO:0042592,GO:0044238,GO:0046906,GO:0048037,GO:0048856,GO:0048878,GO:0050896,GO:0055088,GO:0055114,GO:0065007,GO:0065008,GO:0071704,GO:0097159,GO:1901360,GO:1901362,GO:1901363,GO:1901576,GO:1901615,GO:1901617	ko00905,ko01100,ko01110,map00905,map01100,map01110
CcGene_13344	Cytochrome P450	Cytochrome p450	sp|H2DH20|C7D13_PANGI	AQY76223.1	GO:0003674,GO:0003824,GO:0004497,GO:0005575,GO:0008150,GO:0008152,GO:0009058,GO:0016020,GO:0016491,GO:0016705,GO:0016709,GO:0019748,GO:0044550,GO:0055114	ko00140,ko00590,ko00591,ko00909,ko01100,ko01110,ko04212,ko04726,ko04750,ko04913,ko04917,ko04927,ko04934,map00140,map00590,map00591,map00909,map01100,map01110,map04212,map04726,map04750,map04913,map04917,map04927,map04934
CcGene_13355	Glycosyltransferase	Glycosyltransferase Family 4	-	WP_084332852.1	-	-
CcGene_13640	Cytochrome P450	Belongs to the cytochrome P450 family	sp|O49394|C82C2_ARATH	XP_017220500.2	GO:0003674,GO:0003824,GO:0004497,GO:0005575,GO:0008150,GO:0008152,GO:0009058,GO:0009987,GO:0010035,GO:0010038,GO:0010039,GO:0016020,GO:0016491,GO:0016705,GO:0016709,GO:0019748,GO:0042221,GO:0044550,GO:0050896,GO:0051716,GO:0055114,GO:0070887,GO:0071241,GO:0071248,GO:0071281	ko00140,ko01100,ko04913,ko04917,ko04927,ko04934,map00140,map01100,map04913,map04917,map04927,map04934
CcGene_13971	Cytochrome P450	cytochrome P450	sp|Q9FIB0|C78A7_ARATH	KAK1391940.1	GO:0003674,GO:0003824,GO:0004497,GO:0005575,GO:0008150,GO:0008152,GO:0009058,GO:0016020,GO:0016491,GO:0016705,GO:0016709,GO:0019748,GO:0022603,GO:0040034,GO:0044550,GO:0050789,GO:0050793,GO:0055114,GO:0065007,GO:0090709,GO:1905428	-
CcGene_14654	Acyltransferase	Lecithin-cholesterol acyltransferase-like 4	sp|Q71N54|LCAT4_ARATH	XP_017227708.1	GO:0003674,GO:0003824,GO:0004620,GO:0005575,GO:0005622,GO:0005623,GO:0005737,GO:0005829,GO:0006629,GO:0006644,GO:0006793,GO:0006796,GO:0008150,GO:0008152,GO:0009056,GO:0009395,GO:0009987,GO:0016042,GO:0016298,GO:0016787,GO:0016788,GO:0019637,GO:0044237,GO:0044238,GO:0044242,GO:0044248,GO:0044255,GO:0044424,GO:0044444,GO:0044464,GO:0046434,GO:0071704,GO:1901575	ko00564,ko00592,ko01100,ko01110,map00564,map00592,map01100,map01110
CcGene_14829	Terpene Synthase, Monoterpene Biosynthesis	(-)-alpha-pinene synthase-like	sp|A0A167V661|TPS8_CAMSI	KAK1363904.1	-	ko00909,map00909
CcGene_14936	Glycosyltransferase	Belongs to the glycosyltransferase 8 family	sp|Q9FWA4|GAUT9_ARATH	XP_017219327.1	GO:0003674,GO:0003824,GO:0005575,GO:0005622,GO:0005623,GO:0005737,GO:0005768,GO:0005794,GO:0005802,GO:0008194,GO:0012505,GO:0016740,GO:0016757,GO:0016758,GO:0031410,GO:0031982,GO:0031984,GO:0043226,GO:0043227,GO:0043229,GO:0043231,GO:0044422,GO:0044424,GO:0044431,GO:0044444,GO:0044446,GO:0044464,GO:0047262,GO:0097708,GO:0098791	ko00520,map00520
CcGene_15062	Acyltransferase	Acyltransferase-like protein At1g54570, chloroplastic	sp|Q9ZVN2|PES1_ARATH	XP_017226580.1	GO:0003674,GO:0003824,GO:0004144,GO:0005575,GO:0005622,GO:0005623,GO:0005737,GO:0006066,GO:0006629,GO:0006638,GO:0006639,GO:0006641,GO:0006720,GO:0006721,GO:0008150,GO:0008152,GO:0008374,GO:0008610,GO:0009058,GO:0009507,GO:0009532,GO:0009536,GO:0009570,GO:0009987,GO:0010287,GO:0016101,GO:0016411,GO:0016740,GO:0016746,GO:0016747,GO:0017144,GO:0019432,GO:0033306,GO:0034308,GO:0043226,GO:0043227,GO:0043229,GO:0043231,GO:0044237,GO:0044238,GO:0044249,GO:0044255,GO:0044281,GO:0044422,GO:0044424,GO:0044434,GO:0044435,GO:0044444,GO:0044446,GO:0044464,GO:0045017,GO:0046460,GO:0046463,GO:0046486,GO:0071704,GO:1901576,GO:1901615,GO:1903173	-
CcGene_15217	Glycosyltransferase	Belongs to the UDP-glycosyltransferase family	sp|Q93XP7|CZOG1_MAIZE	XP_074367276.1	GO:0000003,GO:0003006,GO:0003674,GO:0003824,GO:0006464,GO:0006486,GO:0006725,GO:0006807,GO:0007275,GO:0008150,GO:0008152,GO:0008194,GO:0009058,GO:0009059,GO:0009100,GO:0009101,GO:0009308,GO:0009653,GO:0009690,GO:0009791,GO:0009888,GO:0009889,GO:0009908,GO:0009965,GO:0009966,GO:0009987,GO:0010015,GO:0010016,GO:0010073,GO:0010075,GO:0010083,GO:0010154,GO:0010380,GO:0010646,GO:0010817,GO:0016740,GO:0016757,GO:0016758,GO:0016763,GO:0019222,GO:0019538,GO:0022414,GO:0022622,GO:0023051,GO:0031323,GO:0031326,GO:0032501,GO:0032502,GO:0034645,GO:0034754,GO:0035251,GO:0035252,GO:0036211,GO:0040008,GO:0042285,GO:0042445,GO:0043170,GO:0043412,GO:0043413,GO:0044237,GO:0044238,GO:0044249,GO:0044260,GO:0044267,GO:0045926,GO:0046483,GO:0046527,GO:0048316,GO:0048364,GO:0048366,GO:0048367,GO:0048439,GO:0048507,GO:0048509,GO:0048519,GO:0048583,GO:0048608,GO:0048638,GO:0048731,GO:0048827,GO:0048831,GO:0048856,GO:0050403,GO:0050404,GO:0050502,GO:0050789,GO:0050793,GO:0050794,GO:0051171,GO:0051193,GO:0051239,GO:0061458,GO:0065007,GO:0065008,GO:0070085,GO:0071704,GO:0080036,GO:0090056,GO:0090567,GO:0090698,GO:0099402,GO:1901135,GO:1901137,GO:1901401,GO:1901463,GO:1901564,GO:1901566,GO:1901576,GO:1905392,GO:1905613,GO:2000026	ko00908,map00908
CcGene_15289	Acyltransferase	Phospholipid diacylglycerol acyltransferase	sp|Q9FYC7|PDAT2_ARATH	KAK1383077.1	-	ko00561,map00561
CcGene_15512	Terpene Synthase, Glycosyltransferase	Glycosyltransferase family 20	sp|Q9LRA7|TPS9_ARATH	XP_017225501.1	GO:0003674,GO:0003824,GO:0005575,GO:0005622,GO:0005623,GO:0005737,GO:0005975,GO:0005984,GO:0005991,GO:0005992,GO:0006793,GO:0006796,GO:0006950,GO:0008150,GO:0008152,GO:0009058,GO:0009311,GO:0009312,GO:0009987,GO:0016051,GO:0016311,GO:0016787,GO:0016788,GO:0016791,GO:0033554,GO:0034637,GO:0042578,GO:0044237,GO:0044238,GO:0044249,GO:0044262,GO:0044424,GO:0044464,GO:0046351,GO:0050896,GO:0051716,GO:0070413,GO:0071704,GO:1901576	ko00500,ko01100,map00500,map01100
CcGene_15592	Cytochrome P450	Belongs to the cytochrome P450 family	-	XP_017234270.1	GO:0001101,GO:0003674,GO:0003824,GO:0004497,GO:0006066,GO:0006082,GO:0006629,GO:0006694,GO:0006714,GO:0006720,GO:0006721,GO:0006950,GO:0007275,GO:0008150,GO:0008152,GO:0008202,GO:0008300,GO:0008610,GO:0009056,GO:0009058,GO:0009314,GO:0009414,GO:0009415,GO:0009416,GO:0009628,GO:0009639,GO:0009687,GO:0009987,GO:0010035,GO:0010268,GO:0010295,GO:0010817,GO:0016042,GO:0016054,GO:0016107,GO:0016115,GO:0016125,GO:0016128,GO:0016129,GO:0016131,GO:0016132,GO:0016491,GO:0016705,GO:0016709,GO:0019752,GO:0032501,GO:0032502,GO:0032787,GO:0042221,GO:0042445,GO:0042446,GO:0042592,GO:0043288,GO:0043290,GO:0043436,GO:0044237,GO:0044238,GO:0044242,GO:0044248,GO:0044255,GO:0044281,GO:0044282,GO:0046164,GO:0046345,GO:0046395,GO:0048856,GO:0048878,GO:0050896,GO:0055088,GO:0055114,GO:0065007,GO:0065008,GO:0071704,GO:0072329,GO:1901360,GO:1901362,GO:1901575,GO:1901576,GO:1901615,GO:1901616,GO:1901617,GO:1901700,GO:1902644	ko00830,ko01100,map00830,map01100
CcGene_15609	Glycosyltransferase	Belongs to the UDP-glycosyltransferase family	sp|Q6VAA7|U88B1_STERE	KAK1366551.1	GO:0003674,GO:0003824,GO:0005575,GO:0005622,GO:0005623,GO:0005737,GO:0005829,GO:0008194,GO:0016740,GO:0016757,GO:0016758,GO:0035251,GO:0043226,GO:0043227,GO:0043229,GO:0043231,GO:0044424,GO:0044444,GO:0044464,GO:0046527,GO:0080043,GO:0080044,GO:0080045,GO:0080046	-
CcGene_15627	Acyltransferase	O-acyltransferase WSD1-like	sp|Q5KS41|WSD11_ARATH	XP_063950134.1	-	-
CcGene_15665	Cytochrome P450	Belongs to the cytochrome P450 family	sp|O49396|C82C3_ARATH	XP_017244377.1	GO:0003674,GO:0003824,GO:0004497,GO:0005575,GO:0008150,GO:0008152,GO:0009058,GO:0009987,GO:0010035,GO:0010038,GO:0010039,GO:0016020,GO:0016491,GO:0016705,GO:0016709,GO:0019748,GO:0042221,GO:0044550,GO:0050896,GO:0051716,GO:0055114,GO:0070887,GO:0071241,GO:0071248,GO:0071281	ko00140,ko01100,ko04913,ko04917,ko04927,ko04934,map00140,map01100,map04913,map04917,map04927,map04934
CcGene_15933	Acyltransferase	Lecithin:cholesterol acyltransferase	sp|Q9FNA9|PDAT1_ARATH	XP_017240791.1	GO:0003674,GO:0003824,GO:0005575,GO:0005622,GO:0005623,GO:0005737,GO:0005773,GO:0005783,GO:0006629,GO:0006638,GO:0006639,GO:0006641,GO:0008080,GO:0008150,GO:0008152,GO:0008610,GO:0009058,GO:0009987,GO:0012505,GO:0016407,GO:0016410,GO:0016740,GO:0016746,GO:0016747,GO:0019432,GO:0043226,GO:0043227,GO:0043229,GO:0043231,GO:0044237,GO:0044238,GO:0044249,GO:0044255,GO:0044424,GO:0044444,GO:0044464,GO:0045017,GO:0046027,GO:0046460,GO:0046463,GO:0046486,GO:0071704,GO:1901576	ko00561,map00561
CcGene_16124	Glycosyltransferase	Belongs to the glycosyltransferase 2 family	sp|Q9SRW9|CSLD5_ARATH	KAL1816534.1	GO:0000030,GO:0000278,GO:0000281,GO:0000910,GO:0000911,GO:0000919,GO:0001101,GO:0003674,GO:0003824,GO:0005575,GO:0005622,GO:0005623,GO:0005737,GO:0005794,GO:0006950,GO:0006970,GO:0007049,GO:0007275,GO:0008150,GO:0008152,GO:0009414,GO:0009415,GO:0009628,GO:0009651,GO:0009987,GO:0010035,GO:0012505,GO:0016043,GO:0016740,GO:0016757,GO:0016758,GO:0019187,GO:0022402,GO:0022607,GO:0032501,GO:0032502,GO:0032506,GO:0042221,GO:0042546,GO:0043226,GO:0043227,GO:0043229,GO:0043231,GO:0044085,GO:0044424,GO:0044444,GO:0044464,GO:0046527,GO:0048367,GO:0048731,GO:0048856,GO:0050896,GO:0051301,GO:0051753,GO:0061640,GO:0070085,GO:0071554,GO:0071669,GO:0071840,GO:0097502,GO:1901700,GO:1902410,GO:1903047	ko00520,ko01100,map00520,map01100
CcGene_16458	Glycosyltransferase	Belongs to the UDP-glycosyltransferase family	sp|Q9SGA8|U83A1_ARATH	XP_017217432.1	-	-
CcGene_16535	Glycosyltransferase	Belongs to the glycosyltransferase 2 family. Plant cellulose synthase subfamily	sp|Q84JA6|CESA4_ARATH	KAK1355855.1	GO:0000271,GO:0000278,GO:0000281,GO:0000910,GO:0003674,GO:0003824,GO:0005575,GO:0005622,GO:0005623,GO:0005737,GO:0005794,GO:0005886,GO:0005975,GO:0005976,GO:0006073,GO:0006950,GO:0006952,GO:0007049,GO:0008150,GO:0008152,GO:0009058,GO:0009059,GO:0009250,GO:0009605,GO:0009607,GO:0009617,GO:0009620,GO:0009832,GO:0009833,GO:0009834,GO:0009987,GO:0012505,GO:0016020,GO:0016051,GO:0016740,GO:0016757,GO:0016758,GO:0016759,GO:0022402,GO:0030243,GO:0030244,GO:0033692,GO:0034637,GO:0034645,GO:0042546,GO:0042742,GO:0043170,GO:0043207,GO:0043226,GO:0043227,GO:0043229,GO:0043231,GO:0044042,GO:0044085,GO:0044237,GO:0044238,GO:0044249,GO:0044260,GO:0044262,GO:0044264,GO:0044424,GO:0044444,GO:0044464,GO:0046527,GO:0050832,GO:0050896,GO:0051273,GO:0051274,GO:0051301,GO:0051704,GO:0051707,GO:0061640,GO:0071554,GO:0071669,GO:0071704,GO:0071840,GO:0071944,GO:0098542,GO:1901576,GO:1903047	-
CcGene_16733	Cytochrome P450	cytochrome P450	sp|W8JMU7|CYQ32_CATRO	XP_017248068.1	-	ko00140,ko00380,ko00590,ko00591,ko00830,ko00905,ko00943,ko00980,ko01100,ko01110,ko04212,ko04726,ko04750,ko04913,ko04917,ko04927,ko04934,ko05204,map00140,map00380,map00590,map00591,map00830,map00905,map00943,map00980,map01100,map01110,map04212,map04726,map04750,map04913,map04917,map04927,map04934,map05204
CcGene_16765	Terpene Synthase	Terpene synthase	sp|A0A348AUV6|TPS1B_CAMHI	KAK1381853.1	GO:0005575,GO:0016020	ko00909,map00909
CcGene_16881	Glycosyltransferase	BEST Arabidopsis thaliana protein match is glycosyltransferase family protein 2 (TAIR AT5G60700.1)	-	XP_017227715.1	-	-
CcGene_17079	Glycosyltransferase	Belongs to the glycosyltransferase 31 family	sp|Q94F27|B3GTB_ARATH	KAK1399473.1	GO:0003674,GO:0003824,GO:0005575,GO:0005622,GO:0005623,GO:0005737,GO:0005768,GO:0005794,GO:0005802,GO:0006029,GO:0006464,GO:0006486,GO:0006493,GO:0006807,GO:0008150,GO:0008152,GO:0008378,GO:0009058,GO:0009059,GO:0009100,GO:0009101,GO:0009987,GO:0010384,GO:0010404,GO:0010405,GO:0012505,GO:0016740,GO:0016757,GO:0016758,GO:0018193,GO:0018208,GO:0018258,GO:0019538,GO:0031410,GO:0031982,GO:0031984,GO:0034645,GO:0036211,GO:0043170,GO:0043226,GO:0043227,GO:0043229,GO:0043231,GO:0043412,GO:0043413,GO:0044036,GO:0044237,GO:0044238,GO:0044249,GO:0044260,GO:0044267,GO:0044422,GO:0044424,GO:0044431,GO:0044444,GO:0044446,GO:0044464,GO:0070085,GO:0071554,GO:0071704,GO:0097708,GO:0098791,GO:1901135,GO:1901137,GO:1901564,GO:1901566,GO:1901576,GO:1990714	-
CcGene_17224	Acyltransferase	Phospholipid diacylglycerol acyltransferase	sp|Q9FYC7|PDAT2_ARATH	KAL1811213.1	-	ko00561,map00561
CcGene_17276	Glycosyltransferase	Glycosyltransferase family 29 (sialyltransferase)	sp|Q8VZJ0|SIA1_ARATH	XP_074334633.1	GO:0000003,GO:0000139,GO:0000902,GO:0000904,GO:0003006,GO:0003674,GO:0003824,GO:0003836,GO:0005575,GO:0005576,GO:0005622,GO:0005623,GO:0005737,GO:0005768,GO:0005794,GO:0005795,GO:0005802,GO:0005975,GO:0006464,GO:0006486,GO:0006487,GO:0006807,GO:0008150,GO:0008152,GO:0008373,GO:0009058,GO:0009059,GO:0009100,GO:0009101,GO:0009311,GO:0009653,GO:0009826,GO:0009846,GO:0009856,GO:0009860,GO:0009932,GO:0009987,GO:0012505,GO:0016020,GO:0016043,GO:0016049,GO:0016740,GO:0016757,GO:0018193,GO:0018196,GO:0018279,GO:0019538,GO:0022414,GO:0030154,GO:0031090,GO:0031410,GO:0031982,GO:0031984,GO:0031985,GO:0032501,GO:0032502,GO:0032580,GO:0032989,GO:0034645,GO:0036211,GO:0040007,GO:0043170,GO:0043226,GO:0043227,GO:0043229,GO:0043231,GO:0043412,GO:0043413,GO:0044237,GO:0044238,GO:0044249,GO:0044260,GO:0044267,GO:0044422,GO:0044424,GO:0044431,GO:0044444,GO:0044446,GO:0044464,GO:0044706,GO:0048468,GO:0048588,GO:0048589,GO:0048856,GO:0048868,GO:0048869,GO:0051704,GO:0060560,GO:0070085,GO:0071704,GO:0071840,GO:0097503,GO:0097708,GO:0098588,GO:0098791,GO:1901135,GO:1901137,GO:1901564,GO:1901566,GO:1901576	-
CcGene_17316	Cytochrome P450	Belongs to the cytochrome P450 family	sp|Q9M066|C90C1_ARATH	KAL1815534.1	GO:0000003,GO:0000902,GO:0003006,GO:0003674,GO:0003824,GO:0004497,GO:0006629,GO:0006694,GO:0007275,GO:0008150,GO:0008152,GO:0008202,GO:0008610,GO:0009058,GO:0009653,GO:0009791,GO:0009826,GO:0009908,GO:0009965,GO:0009987,GO:0010016,GO:0010268,GO:0010817,GO:0016043,GO:0016049,GO:0016125,GO:0016128,GO:0016129,GO:0016131,GO:0016132,GO:0016491,GO:0016705,GO:0016709,GO:0022414,GO:0032501,GO:0032502,GO:0032989,GO:0040007,GO:0042445,GO:0042446,GO:0042592,GO:0042814,GO:0044238,GO:0048366,GO:0048367,GO:0048437,GO:0048438,GO:0048441,GO:0048443,GO:0048465,GO:0048466,GO:0048589,GO:0048608,GO:0048731,GO:0048827,GO:0048856,GO:0048869,GO:0048878,GO:0055088,GO:0055114,GO:0060560,GO:0061458,GO:0065007,GO:0065008,GO:0071704,GO:0071840,GO:0090567,GO:0099402,GO:1901360,GO:1901362,GO:1901576,GO:1901615,GO:1901617,GO:1905392	ko00905,ko01100,ko01110,map00905,map01100,map01110
CcGene_17338	Cytochrome P450	Cytochrome p450	sp|P98188|C94A2_VICSA	XP_074349894.1	-	ko00073,map00073
CcGene_17417	Glycosyltransferase	Belongs to the glycosyltransferase 1 family	sp|F4JLK2|SPSA4_ARATH	XP_017247284.1	GO:0003674,GO:0003824,GO:0005575,GO:0005623,GO:0005886,GO:0008194,GO:0016020,GO:0016740,GO:0016757,GO:0016758,GO:0035251,GO:0044464,GO:0046524,GO:0046527,GO:0071944	ko00500,ko01100,map00500,map01100
CcGene_17453	Glycosyltransferase	Belongs to the glycosyltransferase 8 family	sp|Q9FH36|GAUTC_ARATH	KAL1811504.1	GO:0000271,GO:0003674,GO:0003824,GO:0005575,GO:0005622,GO:0005623,GO:0005737,GO:0005794,GO:0005975,GO:0005976,GO:0008150,GO:0008152,GO:0008194,GO:0009058,GO:0009059,GO:0009987,GO:0010383,GO:0010410,GO:0010413,GO:0010417,GO:0012505,GO:0016043,GO:0016051,GO:0016740,GO:0016757,GO:0016758,GO:0033692,GO:0034637,GO:0034645,GO:0042546,GO:0043170,GO:0043226,GO:0043227,GO:0043229,GO:0043231,GO:0044036,GO:0044038,GO:0044085,GO:0044237,GO:0044238,GO:0044249,GO:0044260,GO:0044262,GO:0044264,GO:0044424,GO:0044444,GO:0044464,GO:0045229,GO:0045491,GO:0045492,GO:0047262,GO:0070589,GO:0070592,GO:0071554,GO:0071555,GO:0071704,GO:0071840,GO:1901576	-
CcGene_18049	Glycosyltransferase	Belongs to the glycosyltransferase 2 family	sp|O80891|CSLB4_ARATH	XP_074365568.1	GO:0000271,GO:0000278,GO:0000281,GO:0000910,GO:0003674,GO:0003824,GO:0005575,GO:0005622,GO:0005623,GO:0005737,GO:0005794,GO:0005886,GO:0005975,GO:0005976,GO:0006073,GO:0007049,GO:0007275,GO:0008150,GO:0008152,GO:0009058,GO:0009059,GO:0009250,GO:0009653,GO:0009832,GO:0009833,GO:0009888,GO:0009987,GO:0010015,GO:0010053,GO:0010054,GO:0012505,GO:0016020,GO:0016049,GO:0016051,GO:0016740,GO:0016757,GO:0016758,GO:0016759,GO:0021700,GO:0022402,GO:0022622,GO:0030154,GO:0030243,GO:0030244,GO:0032501,GO:0032502,GO:0033692,GO:0034637,GO:0034645,GO:0040007,GO:0042546,GO:0043170,GO:0043226,GO:0043227,GO:0043229,GO:0043231,GO:0044042,GO:0044085,GO:0044237,GO:0044238,GO:0044249,GO:0044260,GO:0044262,GO:0044264,GO:0044424,GO:0044444,GO:0044464,GO:0046527,GO:0048364,GO:0048468,GO:0048469,GO:0048588,GO:0048589,GO:0048731,GO:0048764,GO:0048765,GO:0048767,GO:0048856,GO:0048869,GO:0051273,GO:0051274,GO:0051301,GO:0060560,GO:0061640,GO:0071554,GO:0071669,GO:0071695,GO:0071704,GO:0071840,GO:0071944,GO:0080147,GO:0090558,GO:0090627,GO:0099402,GO:1901576,GO:1903047,GO:1905392	-
CcGene_18062	Glycosyltransferase	Belongs to the glycosyltransferase 8 family	sp|Q9SKT6|GAUTA_ARATH	XP_017254010.1	GO:0003674,GO:0003824,GO:0005575,GO:0005622,GO:0005623,GO:0005737,GO:0005768,GO:0005794,GO:0005802,GO:0008194,GO:0012505,GO:0016740,GO:0016757,GO:0016758,GO:0031410,GO:0031982,GO:0031984,GO:0043226,GO:0043227,GO:0043229,GO:0043231,GO:0044422,GO:0044424,GO:0044431,GO:0044444,GO:0044446,GO:0044464,GO:0047262,GO:0097708,GO:0098791	ko00520,map00520
CcGene_18133	Acyltransferase	Anthocyanin acyltransferase	sp|P0DXH5|L1AT_MELAZ	XP_017217409.1	-	-
CcGene_18184	Cytochrome P450	Belongs to the cytochrome P450 family	sp|H2DH20|C7D13_PANGI	XP_074383245.1	-	ko00140,ko00590,ko00591,ko00909,ko01100,ko01110,ko04212,ko04726,ko04750,ko04913,ko04917,ko04927,ko04934,map00140,map00590,map00591,map00909,map01100,map01110,map04212,map04726,map04750,map04913,map04917,map04927,map04934
CcGene_18196	Cytochrome P450	-	sp|Q8RWY7|CYP95_ARATH	WOG89451.1	-	-
CcGene_18289	Cytochrome P450	cytochrome P450	sp|Q2QYH7|C14C2_ORYSJ	KAL1827572.1	-	-
CcGene_18323	Acyltransferase	O-acyltransferase (WSD1-like)	sp|Q9M3B3|WSD4_ARATH	XP_017241364.1	-	-
CcGene_18409	Glycosyltransferase	Belongs to the glycosyltransferase 1 family. Bacterial plant glycogen synthase subfamily	sp|Q9FNF2|SSY1_ARATH	XP_074367932.1	GO:0000271,GO:0003674,GO:0003824,GO:0005575,GO:0005622,GO:0005623,GO:0005737,GO:0005975,GO:0005976,GO:0005982,GO:0006073,GO:0008150,GO:0008152,GO:0009011,GO:0009058,GO:0009059,GO:0009250,GO:0009501,GO:0009507,GO:0009532,GO:0009536,GO:0009570,GO:0009987,GO:0010021,GO:0016051,GO:0016740,GO:0016757,GO:0016758,GO:0019252,GO:0033692,GO:0034637,GO:0034645,GO:0043170,GO:0043226,GO:0043227,GO:0043229,GO:0043231,GO:0044042,GO:0044237,GO:0044238,GO:0044249,GO:0044260,GO:0044262,GO:0044264,GO:0044422,GO:0044424,GO:0044434,GO:0044435,GO:0044444,GO:0044446,GO:0044464,GO:0046527,GO:0071704,GO:1901135,GO:1901137,GO:1901576,GO:2000896	ko00500,ko01100,ko01110,ko02026,map00500,map01100,map01110,map02026
CcGene_18427	Cytochrome P450	Belongs to the cytochrome P450 family	-	XP_017245399.1	-	ko00140,ko00905,ko00943,ko01100,ko01110,ko04913,ko04917,ko04927,ko04934,map00140,map00905,map00943,map01100,map01110,map04913,map04917,map04927,map04934
CcGene_18575	Cytochrome P450	Belongs to the cytochrome P450 family	sp|H2DH20|C7D13_PANGI	KAL1807641.1	-	ko00140,ko00590,ko00591,ko00909,ko01100,ko01110,ko04212,ko04726,ko04750,ko04913,ko04917,ko04927,ko04934,map00140,map00590,map00591,map00909,map01100,map01110,map04212,map04726,map04750,map04913,map04917,map04927,map04934
CcGene_18991	Acyltransferase	MBOAT, membrane-bound O-acyltransferase family	sp|A0A161IUT7|DGAT1_CORAE	XP_017237802.1	GO:0000003,GO:0001101,GO:0003006,GO:0003674,GO:0003824,GO:0004144,GO:0005575,GO:0005622,GO:0005623,GO:0005737,GO:0005783,GO:0005789,GO:0005811,GO:0005975,GO:0006629,GO:0006638,GO:0006639,GO:0006641,GO:0006950,GO:0006970,GO:0007275,GO:0007568,GO:0008150,GO:0008152,GO:0008374,GO:0008610,GO:0009058,GO:0009266,GO:0009409,GO:0009507,GO:0009526,GO:0009536,GO:0009628,GO:0009651,GO:0009719,GO:0009725,GO:0009737,GO:0009743,GO:0009746,GO:0009749,GO:0009790,GO:0009791,GO:0009793,GO:0009941,GO:0009987,GO:0010029,GO:0010030,GO:0010033,GO:0010154,GO:0012505,GO:0016020,GO:0016411,GO:0016740,GO:0016746,GO:0016747,GO:0019432,GO:0022414,GO:0031967,GO:0031975,GO:0031984,GO:0032501,GO:0032502,GO:0033993,GO:0034284,GO:0042175,GO:0042221,GO:0043226,GO:0043227,GO:0043228,GO:0043229,GO:0043231,GO:0043232,GO:0044237,GO:0044238,GO:0044249,GO:0044255,GO:0044422,GO:0044424,GO:0044425,GO:0044432,GO:0044434,GO:0044435,GO:0044444,GO:0044446,GO:0044464,GO:0045017,GO:0045995,GO:0046460,GO:0046463,GO:0046486,GO:0048316,GO:0048518,GO:0048580,GO:0048582,GO:0048608,GO:0048731,GO:0048856,GO:0050789,GO:0050793,GO:0050896,GO:0051094,GO:0051239,GO:0051240,GO:0061458,GO:0065007,GO:0071704,GO:0097305,GO:0098827,GO:1900140,GO:1901576,GO:1901700,GO:2000026	ko00561,ko00830,ko01100,ko04975,map00561,map00830,map01100,map04975
CcGene_19130	Cytochrome P450	Cytochrome p450	sp|A0A517FNC6|C9B51_TRIFG	KAL1815486.1	GO:0000902,GO:0001101,GO:0003674,GO:0003824,GO:0004497,GO:0005575,GO:0005622,GO:0005623,GO:0005737,GO:0005783,GO:0006629,GO:0006694,GO:0007154,GO:0007165,GO:0007275,GO:0008150,GO:0008152,GO:0008202,GO:0008395,GO:0008610,GO:0009058,GO:0009653,GO:0009719,GO:0009725,GO:0009741,GO:0009753,GO:0009755,GO:0009826,GO:0009867,GO:0009965,GO:0009987,GO:0010012,GO:0010016,GO:0010033,GO:0010268,GO:0010358,GO:0010817,GO:0012505,GO:0014070,GO:0016043,GO:0016049,GO:0016125,GO:0016128,GO:0016129,GO:0016131,GO:0016132,GO:0016491,GO:0023052,GO:0032501,GO:0032502,GO:0032870,GO:0032989,GO:0033993,GO:0040007,GO:0042221,GO:0042445,GO:0042446,GO:0042592,GO:0043226,GO:0043227,GO:0043229,GO:0043231,GO:0044238,GO:0044424,GO:0044444,GO:0044464,GO:0048366,GO:0048367,GO:0048532,GO:0048589,GO:0048731,GO:0048827,GO:0048856,GO:0048869,GO:0048878,GO:0050789,GO:0050794,GO:0050896,GO:0051716,GO:0055088,GO:0055114,GO:0060560,GO:0065007,GO:0065008,GO:0070887,GO:0071229,GO:0071310,GO:0071395,GO:0071495,GO:0071704,GO:0071840,GO:0080132,GO:0099402,GO:1901360,GO:1901362,GO:1901576,GO:1901615,GO:1901617,GO:1901700,GO:1901701,GO:1905392	ko00905,ko01100,ko01110,map00905,map01100,map01110
CcGene_19146	Glycosyltransferase	UDP-glycosyltransferase 76E2-like	sp|U3UA11|UGT7_CATRO	KAL1817233.1	GO:0003674,GO:0003824,GO:0005575,GO:0005622,GO:0005623,GO:0008194,GO:0016740,GO:0016757,GO:0016758,GO:0035251,GO:0043226,GO:0043227,GO:0043229,GO:0043231,GO:0044424,GO:0044464,GO:0046527,GO:0047254,GO:0080043,GO:0080044	ko00140,ko00380,ko00402,ko00830,ko00908,ko00980,ko01100,ko01110,ko04913,ko05204,map00140,map00380,map00402,map00830,map00908,map00980,map01100,map01110,map04913,map05204
CcGene_19347	Cytochrome P450	Belongs to the cytochrome P450 family	sp|Q9LJK2|ABAH4_ARATH	XP_017234116.1	GO:0003674,GO:0003824,GO:0004497,GO:0006629,GO:0006694,GO:0007275,GO:0008150,GO:0008152,GO:0008202,GO:0008610,GO:0009058,GO:0010268,GO:0010295,GO:0010817,GO:0016125,GO:0016128,GO:0016129,GO:0016131,GO:0016132,GO:0016491,GO:0016705,GO:0016709,GO:0032501,GO:0032502,GO:0042445,GO:0042446,GO:0042592,GO:0044238,GO:0048856,GO:0048878,GO:0055088,GO:0055114,GO:0065007,GO:0065008,GO:0071704,GO:1901360,GO:1901362,GO:1901576,GO:1901615,GO:1901617	ko00906,map00906
CcGene_19416	Glycosyltransferase	Dolichyl-diphosphooligosaccharide--protein glycosyltransferase subunit	sp|Q93ZY3|STT3A_ARATH	KAL1804855.1	GO:0003674,GO:0003824,GO:0004576,GO:0004579,GO:0005575,GO:0005622,GO:0005623,GO:0005737,GO:0005783,GO:0005789,GO:0005886,GO:0006464,GO:0006486,GO:0006487,GO:0006807,GO:0006950,GO:0006970,GO:0008150,GO:0008152,GO:0008250,GO:0009058,GO:0009059,GO:0009100,GO:0009101,GO:0009628,GO:0009651,GO:0009987,GO:0012505,GO:0016020,GO:0016740,GO:0016757,GO:0016758,GO:0018193,GO:0018196,GO:0018279,GO:0019538,GO:0031984,GO:0032991,GO:0034645,GO:0036211,GO:0042175,GO:0043170,GO:0043226,GO:0043227,GO:0043229,GO:0043231,GO:0043412,GO:0043413,GO:0043687,GO:0044237,GO:0044238,GO:0044249,GO:0044260,GO:0044267,GO:0044422,GO:0044424,GO:0044425,GO:0044432,GO:0044444,GO:0044446,GO:0044464,GO:0047484,GO:0048583,GO:0050789,GO:0050896,GO:0065007,GO:0070085,GO:0071704,GO:0071944,GO:0080134,GO:0098796,GO:0098827,GO:1901135,GO:1901137,GO:1901564,GO:1901566,GO:1901576,GO:1902494,GO:1990234	ko00510,ko00513,ko01100,ko04141,map00510,map00513,map01100,map04141
CcGene_19472	Terpene Synthase, Glycosyltransferase	Glycosyltransferase family 20	sp|Q9SYM4|TPS1_ARATH	XP_017235806.2	GO:0000003,GO:0003006,GO:0003674,GO:0003824,GO:0003825,GO:0005975,GO:0005984,GO:0005991,GO:0005992,GO:0006793,GO:0006796,GO:0006950,GO:0007154,GO:0007165,GO:0007275,GO:0008150,GO:0008152,GO:0008194,GO:0009058,GO:0009311,GO:0009312,GO:0009743,GO:0009756,GO:0009790,GO:0009791,GO:0009793,GO:0009832,GO:0009987,GO:0010033,GO:0010154,GO:0010182,GO:0016051,GO:0016311,GO:0016740,GO:0016757,GO:0016758,GO:0016787,GO:0016788,GO:0016791,GO:0022414,GO:0023052,GO:0032501,GO:0032502,GO:0033554,GO:0034637,GO:0035251,GO:0042221,GO:0042546,GO:0042578,GO:0044085,GO:0044237,GO:0044238,GO:0044249,GO:0044262,GO:0046351,GO:0046527,GO:0048316,GO:0048608,GO:0048731,GO:0048856,GO:0050789,GO:0050794,GO:0050896,GO:0051301,GO:0051716,GO:0061458,GO:0065007,GO:0070413,GO:0070887,GO:0071310,GO:0071322,GO:0071554,GO:0071669,GO:0071704,GO:0071840,GO:1901576,GO:1901700,GO:1901701	ko00500,ko01100,map00500,map01100
CcGene_19529	Cytochrome P450	Belongs to the cytochrome P450 family	sp|H2DH21|C7A29_PANGI	KAK1404868.1	-	ko00908,ko01100,ko01110,map00908,map01100,map01110
CcGene_19556	Cytochrome P450	cytochrome P450	sp|Q2QYH7|C14C2_ORYSJ	KAK1375677.1	-	-
CcGene_19619	Glycosyltransferase	Belongs to the glycosyltransferase 8 family	sp|Q9M8J2|GATL4_ARATH	KAK1387665.1	-	-
CcGene_19765	Cytochrome P450	Belongs to the cytochrome P450 family	sp|Q7XU38|C87A3_ORYSJ	KAK1364284.1	GO:0006629,GO:0006694,GO:0008150,GO:0008152,GO:0008202,GO:0008610,GO:0009058,GO:0010268,GO:0010817,GO:0016125,GO:0016128,GO:0016129,GO:0016131,GO:0016132,GO:0042445,GO:0042446,GO:0042592,GO:0044238,GO:0048878,GO:0055088,GO:0065007,GO:0065008,GO:0071704,GO:1901360,GO:1901362,GO:1901576,GO:1901615,GO:1901617	ko00830,ko01100,map00830,map01100
CcGene_19965	Acyltransferase	diacylglycerol O-acyltransferase	sp|K7K424|DAT2D_SOYBN	XP_017246125.1	GO:0003674,GO:0003824,GO:0004144,GO:0005575,GO:0005622,GO:0005623,GO:0005737,GO:0005783,GO:0005789,GO:0005811,GO:0006629,GO:0006638,GO:0006639,GO:0006641,GO:0006996,GO:0008150,GO:0008152,GO:0008374,GO:0008610,GO:0009058,GO:0009987,GO:0012505,GO:0016020,GO:0016043,GO:0016411,GO:0016740,GO:0016746,GO:0016747,GO:0019432,GO:0031984,GO:0034389,GO:0042175,GO:0043226,GO:0043227,GO:0043228,GO:0043229,GO:0043231,GO:0043232,GO:0044237,GO:0044238,GO:0044249,GO:0044255,GO:0044422,GO:0044424,GO:0044425,GO:0044432,GO:0044444,GO:0044446,GO:0044464,GO:0045017,GO:0046460,GO:0046463,GO:0046486,GO:0071704,GO:0071840,GO:0098827,GO:1901576	ko00561,ko04975,map00561,map04975
CcGene_20004	Cytochrome P450	Belongs to the cytochrome P450 family	sp|O48786|C734A_ARATH	WOG96639.1	GO:0003674,GO:0003824,GO:0004497,GO:0006629,GO:0008150,GO:0008152,GO:0008202,GO:0008395,GO:0009719,GO:0009725,GO:0009741,GO:0010033,GO:0010268,GO:0010817,GO:0014070,GO:0016128,GO:0016131,GO:0016491,GO:0033993,GO:0042221,GO:0042445,GO:0042592,GO:0044238,GO:0048878,GO:0050896,GO:0055088,GO:0055114,GO:0065007,GO:0065008,GO:0071704,GO:1901360,GO:1901615,GO:1901700	ko00905,map00905
CcGene_20105	Cytochrome P450	Belongs to the cytochrome P450 family	sp|Q9SZ46|C82C4_ARATH	XP_017240774.1	GO:0001666,GO:0003674,GO:0003824,GO:0004497,GO:0005575,GO:0006950,GO:0008150,GO:0008152,GO:0009058,GO:0009628,GO:0009987,GO:0010035,GO:0010038,GO:0010039,GO:0016020,GO:0016491,GO:0016705,GO:0016709,GO:0019748,GO:0033554,GO:0036293,GO:0036294,GO:0042221,GO:0044550,GO:0050896,GO:0051716,GO:0055114,GO:0070482,GO:0070887,GO:0071241,GO:0071248,GO:0071281,GO:0071453,GO:0071456	ko00140,ko01100,ko04913,ko04917,ko04927,ko04934,map00140,map01100,map04913,map04917,map04927,map04934
CcGene_20474	Glycosyltransferase	Belongs to the glycosyltransferase 8 family	sp|Q9LN68|GATL1_ARATH	XP_017245110.1	-	-
CcGene_20798	Glycosyltransferase	Glycosyltransferase	sp|Q9SSE8|GLYT1_ARATH	XP_017247585.1	-	-
CcGene_20945	Glycosyltransferase	Dolichyl-diphosphooligosaccharide--protein glycosyltransferase subunit	sp|Q9FX21|STT3B_ARATH	XP_017247675.1	GO:0003674,GO:0003824,GO:0004576,GO:0004579,GO:0005575,GO:0005622,GO:0005623,GO:0005737,GO:0005783,GO:0005789,GO:0005886,GO:0006464,GO:0006486,GO:0006487,GO:0006807,GO:0008150,GO:0008152,GO:0008250,GO:0009058,GO:0009059,GO:0009100,GO:0009101,GO:0009987,GO:0012505,GO:0016020,GO:0016740,GO:0016757,GO:0016758,GO:0018193,GO:0018196,GO:0018279,GO:0019538,GO:0031984,GO:0032991,GO:0034645,GO:0036211,GO:0042175,GO:0043170,GO:0043226,GO:0043227,GO:0043229,GO:0043231,GO:0043412,GO:0043413,GO:0043687,GO:0044237,GO:0044238,GO:0044249,GO:0044260,GO:0044267,GO:0044422,GO:0044424,GO:0044425,GO:0044432,GO:0044444,GO:0044446,GO:0044464,GO:0070085,GO:0071704,GO:0071944,GO:0098796,GO:0098827,GO:1901135,GO:1901137,GO:1901564,GO:1901566,GO:1901576,GO:1902494,GO:1990234	ko00510,ko00513,ko01100,ko04141,map00510,map00513,map01100,map04141
CcGene_21026	Cytochrome P450	cytochrome P450	sp|A0A2Z5D850|C71Z3_PASSA	XP_017251671.1	-	ko00140,ko00380,ko00590,ko00591,ko00830,ko00980,ko01100,ko04212,ko04726,ko04750,ko04913,ko04917,ko04927,ko04934,ko05204,map00140,map00380,map00590,map00591,map00830,map00980,map01100,map04212,map04726,map04750,map04913,map04917,map04927,map04934,map05204
CcGene_21360	Glycosyltransferase	Belongs to the UDP-glycosyltransferase family	sp|K7NBW3|74AC1_SIRGR	XP_017252716.1	GO:0003674,GO:0003824,GO:0005575,GO:0005622,GO:0005623,GO:0005737,GO:0005829,GO:0006082,GO:0006520,GO:0006725,GO:0006790,GO:0006807,GO:0006950,GO:0006952,GO:0008150,GO:0008152,GO:0008194,GO:0009058,GO:0009072,GO:0009605,GO:0009607,GO:0009617,GO:0009696,GO:0009987,GO:0010029,GO:0010030,GO:0010817,GO:0016043,GO:0016143,GO:0016144,GO:0016740,GO:0016757,GO:0016758,GO:0016999,GO:0017144,GO:0018874,GO:0018958,GO:0019748,GO:0019752,GO:0019757,GO:0019758,GO:0019760,GO:0019761,GO:0032787,GO:0033036,GO:0033037,GO:0033554,GO:0035251,GO:0042445,GO:0042537,GO:0042545,GO:0042742,GO:0043207,GO:0043226,GO:0043227,GO:0043229,GO:0043231,GO:0043436,GO:0044237,GO:0044238,GO:0044249,GO:0044272,GO:0044281,GO:0044424,GO:0044444,GO:0044464,GO:0044550,GO:0045229,GO:0046482,GO:0046527,GO:0047251,GO:0048518,GO:0048580,GO:0048582,GO:0050789,GO:0050793,GO:0050896,GO:0051094,GO:0051179,GO:0051239,GO:0051240,GO:0051641,GO:0051704,GO:0051707,GO:0051716,GO:0052386,GO:0052482,GO:0052542,GO:0052543,GO:0052544,GO:0052545,GO:0052639,GO:0052640,GO:0052641,GO:0065007,GO:0065008,GO:0070727,GO:0071554,GO:0071555,GO:0071704,GO:0071840,GO:0080002,GO:0080043,GO:0080044,GO:0090704,GO:0098542,GO:1900140,GO:1901135,GO:1901137,GO:1901360,GO:1901564,GO:1901566,GO:1901576,GO:1901615,GO:1901657,GO:1901659,GO:2000026	ko00380,ko00966,ko01110,ko01210,map00380,map00966,map01110,map01210
CcGene_21399	Glycosyltransferase	Belongs to the UDP-glycosyltransferase family	sp|Q6VAB3|U85A8_STERE	KAL1802058.1	GO:0003674,GO:0003824,GO:0005575,GO:0005622,GO:0005623,GO:0008194,GO:0015020,GO:0016740,GO:0016757,GO:0016758,GO:0035251,GO:0043226,GO:0043227,GO:0043229,GO:0043231,GO:0044424,GO:0044464,GO:0046527,GO:0080043,GO:0080044	-
CcGene_21506	Glycosyltransferase	Glycosyltransferase	sp|Q3E7Q9|GLYT6_ARATH	KAL1831515.1	-	-
CcGene_21659	Cytochrome P450	cytochrome P450	sp|A0A068Q6L2|C7317_PRUMU	KAK1363186.1	-	ko00590,ko00591,ko01100,ko04212,ko04726,ko04750,ko04913,map00590,map00591,map01100,map04212,map04726,map04750,map04913
CcGene_21660	Cytochrome P450	cytochrome P450	sp|A0A068Q6L2|C7317_PRUMU	KAK1363186.1	-	ko00590,ko00591,ko01100,ko04212,ko04726,ko04750,ko04913,map00590,map00591,map01100,map04212,map04726,map04750,map04913
CcGene_21679	Cytochrome P450	Cytochrome p450	sp|A0A068Q6L2|C7317_PRUMU	XP_017218300.1	-	ko00140,ko00380,ko00590,ko00591,ko00830,ko00980,ko01100,ko04212,ko04726,ko04750,ko04913,ko04917,ko04927,ko04934,ko05204,map00140,map00380,map00590,map00591,map00830,map00980,map01100,map04212,map04726,map04750,map04913,map04917,map04927,map04934,map05204
CcGene_21831	Glycosyltransferase	glycosyltransferase At5g03795	sp|Q9FFN2|GLYT3_ARATH	KAF1002175.1	-	-
CcGene_21920	Glycosyltransferase	Glycosyltransferase family 17	sp|Q02527|MGAT3_RAT	XP_017227001.1	GO:0000139,GO:0003674,GO:0003824,GO:0003830,GO:0005575,GO:0005622,GO:0005623,GO:0005737,GO:0005794,GO:0008194,GO:0008375,GO:0012505,GO:0016020,GO:0016021,GO:0016740,GO:0016757,GO:0016758,GO:0031090,GO:0031224,GO:0031984,GO:0043226,GO:0043227,GO:0043229,GO:0043231,GO:0044422,GO:0044424,GO:0044425,GO:0044431,GO:0044444,GO:0044446,GO:0044464,GO:0098588,GO:0098791,GO:0140096,GO:0140103	ko00510,ko01100,map00510,map01100
CcGene_22227	Glycosyltransferase	Belongs to the glycosyltransferase 8 family	sp|Q9FH36|GAUTC_ARATH	KAL1811504.1	GO:0000271,GO:0003674,GO:0003824,GO:0005575,GO:0005622,GO:0005623,GO:0005737,GO:0005794,GO:0005975,GO:0005976,GO:0008150,GO:0008152,GO:0008194,GO:0009058,GO:0009059,GO:0009987,GO:0010383,GO:0010410,GO:0010413,GO:0010417,GO:0012505,GO:0016043,GO:0016051,GO:0016740,GO:0016757,GO:0016758,GO:0033692,GO:0034637,GO:0034645,GO:0042546,GO:0043170,GO:0043226,GO:0043227,GO:0043229,GO:0043231,GO:0044036,GO:0044038,GO:0044085,GO:0044237,GO:0044238,GO:0044249,GO:0044260,GO:0044262,GO:0044264,GO:0044424,GO:0044444,GO:0044464,GO:0045229,GO:0045491,GO:0045492,GO:0047262,GO:0070589,GO:0070592,GO:0071554,GO:0071555,GO:0071704,GO:0071840,GO:1901576	-
CcGene_22406	Terpene Synthase	Terpene synthase, N-terminal domain	sp|K4LMW2|STS2_THAGA	XP_017240804.1	GO:0003674,GO:0003824,GO:0006629,GO:0006644,GO:0006720,GO:0006721,GO:0006793,GO:0006796,GO:0008150,GO:0008152,GO:0008299,GO:0008610,GO:0009058,GO:0009987,GO:0010333,GO:0010334,GO:0016829,GO:0016835,GO:0016838,GO:0019637,GO:0042214,GO:0044237,GO:0044238,GO:0044249,GO:0044255,GO:0045338,GO:0046246,GO:0047461,GO:0051761,GO:0051762,GO:0071704,GO:1901360,GO:1901362,GO:1901576,GO:1901926,GO:1901928	ko00909,ko01100,ko01110,map00909,map01100,map01110
CcGene_22787	Cytochrome P450	Belongs to the cytochrome P450 family	sp|A0A2Z5D850|C71Z3_PASSA	KAL1826302.1	GO:0000162,GO:0002376,GO:0003674,GO:0003824,GO:0004497,GO:0005575,GO:0005622,GO:0005623,GO:0005737,GO:0005739,GO:0005783,GO:0005886,GO:0006082,GO:0006520,GO:0006568,GO:0006576,GO:0006586,GO:0006725,GO:0006790,GO:0006807,GO:0006950,GO:0006952,GO:0006955,GO:0007275,GO:0008150,GO:0008152,GO:0008652,GO:0009058,GO:0009072,GO:0009073,GO:0009308,GO:0009309,GO:0009314,GO:0009416,GO:0009605,GO:0009607,GO:0009617,GO:0009625,GO:0009628,GO:0009639,GO:0009641,GO:0009682,GO:0009683,GO:0009684,GO:0009759,GO:0009850,GO:0009851,GO:0009987,GO:0010114,GO:0010817,GO:0012505,GO:0016020,GO:0016043,GO:0016053,GO:0016143,GO:0016144,GO:0016491,GO:0016705,GO:0016709,GO:0018130,GO:0019438,GO:0019748,GO:0019752,GO:0019757,GO:0019758,GO:0019760,GO:0019761,GO:0022622,GO:0032501,GO:0032502,GO:0032787,GO:0033036,GO:0033037,GO:0033554,GO:0034641,GO:0034754,GO:0042343,GO:0042401,GO:0042430,GO:0042435,GO:0042445,GO:0042446,GO:0042545,GO:0042742,GO:0043207,GO:0043226,GO:0043227,GO:0043229,GO:0043231,GO:0043436,GO:0044106,GO:0044237,GO:0044238,GO:0044249,GO:0044271,GO:0044272,GO:0044281,GO:0044283,GO:0044424,GO:0044444,GO:0044464,GO:0044550,GO:0045087,GO:0045229,GO:0046219,GO:0046394,GO:0046483,GO:0048364,GO:0048731,GO:0048830,GO:0048856,GO:0050896,GO:0051179,GO:0051641,GO:0051704,GO:0051707,GO:0051716,GO:0052386,GO:0052482,GO:0052542,GO:0052543,GO:0052544,GO:0052545,GO:0055114,GO:0065007,GO:0065008,GO:0070727,GO:0071554,GO:0071555,GO:0071704,GO:0071840,GO:0071944,GO:0072330,GO:0098542,GO:0099402,GO:1901135,GO:1901137,GO:1901360,GO:1901362,GO:1901564,GO:1901566,GO:1901576,GO:1901605,GO:1901607,GO:1901657,GO:1901659	ko00140,ko00380,ko00966,ko01100,ko01110,ko01210,ko04913,ko04917,ko04927,ko04934,map00140,map00380,map00966,map01100,map01110,map01210,map04913,map04917,map04927,map04934
CcGene_22797	Glycosyltransferase	glycosyltransferase At3g07620	sp|Q9SSE8|GLYT1_ARATH	KAL1812988.1	-	-
CcGene_22834	Acyltransferase	1-acyl-sn-glycerol-3-phosphate acyltransferase	sp|Q9XFW4|LPAT2_BRANA	KAK1386641.1	-	ko00561,ko00564,ko01100,ko01110,ko04072,map00561,map00564,map01100,map01110,map04072
CcGene_22934	Glycosyltransferase	Glycosyltransferase family 17	sp|Q09327|MGAT3_HUMAN	XP_017232000.1	GO:0000139,GO:0003674,GO:0003824,GO:0003830,GO:0005575,GO:0005622,GO:0005623,GO:0005737,GO:0005794,GO:0008194,GO:0008375,GO:0012505,GO:0016020,GO:0016021,GO:0016740,GO:0016757,GO:0016758,GO:0031090,GO:0031224,GO:0031984,GO:0043226,GO:0043227,GO:0043229,GO:0043231,GO:0044422,GO:0044424,GO:0044425,GO:0044431,GO:0044444,GO:0044446,GO:0044464,GO:0098588,GO:0098791,GO:0140096,GO:0140103	ko00510,ko01100,map00510,map01100
CcGene_22938	Cytochrome P450	Cytochrome p450	sp|Q43147|C85A1_SOLLC	XP_017216288.1	GO:0000226,GO:0001578,GO:0003674,GO:0003824,GO:0004497,GO:0006091,GO:0006629,GO:0006694,GO:0006996,GO:0007010,GO:0007017,GO:0007275,GO:0008150,GO:0008152,GO:0008202,GO:0008610,GO:0009058,GO:0009314,GO:0009416,GO:0009628,GO:0009642,GO:0009646,GO:0009647,GO:0009791,GO:0009987,GO:0010268,GO:0010817,GO:0016043,GO:0016125,GO:0016128,GO:0016129,GO:0016131,GO:0016132,GO:0016491,GO:0022900,GO:0032501,GO:0032502,GO:0042445,GO:0042446,GO:0042592,GO:0044237,GO:0044238,GO:0048856,GO:0048878,GO:0050896,GO:0055088,GO:0055114,GO:0065007,GO:0065008,GO:0071704,GO:0071840,GO:1901360,GO:1901362,GO:1901576,GO:1901615,GO:1901617	ko00905,ko01100,ko01110,map00905,map01100,map01110
CcGene_22944	Acyltransferase	Phospholipid diacylglycerol acyltransferase	sp|Q9FNA9|PDAT1_ARATH	XP_017252970.1	GO:0003674,GO:0003824,GO:0005575,GO:0005622,GO:0005623,GO:0005737,GO:0005773,GO:0005783,GO:0006629,GO:0006638,GO:0006639,GO:0006641,GO:0008080,GO:0008150,GO:0008152,GO:0008610,GO:0009058,GO:0009987,GO:0012505,GO:0016407,GO:0016410,GO:0016740,GO:0016746,GO:0016747,GO:0019432,GO:0043226,GO:0043227,GO:0043229,GO:0043231,GO:0044237,GO:0044238,GO:0044249,GO:0044255,GO:0044424,GO:0044444,GO:0044464,GO:0045017,GO:0046027,GO:0046460,GO:0046463,GO:0046486,GO:0071704,GO:1901576	ko00561,map00561
CcGene_22987	Glycosyltransferase	UDP-glycosyltransferase 83A1-like	sp|Q9SGA8|U83A1_ARATH	XP_017216512.1	-	-
CcGene_22988	Glycosyltransferase	UDP-glycosyltransferase 83A1-like	sp|Q9SGA8|U83A1_ARATH	KAL1809630.1	GO:0003674,GO:0003824,GO:0005575,GO:0005622,GO:0005623,GO:0008194,GO:0016740,GO:0016757,GO:0016758,GO:0035251,GO:0043226,GO:0043227,GO:0043229,GO:0043231,GO:0044424,GO:0044464,GO:0046527,GO:0080043,GO:0080044	-
CcGene_22994	Acyltransferase	acetyl-CoA C-acyltransferase activity	sp|C8YNG6|KAT1_PETHY	XP_017230692.1	GO:0003674,GO:0003824,GO:0003988,GO:0005575,GO:0005622,GO:0005623,GO:0005634,GO:0005730,GO:0005737,GO:0005739,GO:0005773,GO:0005774,GO:0005777,GO:0006082,GO:0006629,GO:0006631,GO:0006635,GO:0006950,GO:0006996,GO:0007031,GO:0008150,GO:0008152,GO:0009056,GO:0009058,GO:0009062,GO:0009507,GO:0009514,GO:0009536,GO:0009611,GO:0009657,GO:0009694,GO:0009695,GO:0009787,GO:0009789,GO:0009966,GO:0009967,GO:0009987,GO:0010111,GO:0010646,GO:0010647,GO:0010817,GO:0016020,GO:0016042,GO:0016043,GO:0016053,GO:0016054,GO:0016408,GO:0016740,GO:0016746,GO:0016747,GO:0019395,GO:0019752,GO:0023051,GO:0023056,GO:0030258,GO:0031090,GO:0031974,GO:0031981,GO:0032787,GO:0034440,GO:0042445,GO:0042446,GO:0042579,GO:0043226,GO:0043227,GO:0043228,GO:0043229,GO:0043231,GO:0043232,GO:0043233,GO:0043436,GO:0044237,GO:0044238,GO:0044242,GO:0044248,GO:0044249,GO:0044255,GO:0044281,GO:0044282,GO:0044283,GO:0044422,GO:0044424,GO:0044428,GO:0044437,GO:0044444,GO:0044446,GO:0044464,GO:0046394,GO:0046395,GO:0048518,GO:0048522,GO:0048583,GO:0048584,GO:0050789,GO:0050794,GO:0050896,GO:0055114,GO:0065007,GO:0065008,GO:0070013,GO:0071704,GO:0071840,GO:0072329,GO:0072330,GO:0098588,GO:0098805,GO:1901419,GO:1901421,GO:1901575,GO:1901576,GO:1905957,GO:1905959	ko00071,ko00280,ko00592,ko01040,ko01100,ko01110,ko01130,ko01212,ko03320,ko04146,map00071,map00280,map00592,map01040,map01100,map01110,map01130,map01212,map03320,map04146
CcGene_23195	Cytochrome P450	Belongs to the cytochrome P450 family	sp|A0A4D6Q415|CYP1_CROXC	AQY76220.1	GO:0005575,GO:0008150,GO:0008152,GO:0009058,GO:0009719,GO:0009725,GO:0009733,GO:0010033,GO:0016020,GO:0019748,GO:0042221,GO:0044550,GO:0050896	ko00140,ko01100,ko04913,ko04917,ko04927,ko04934,map00140,map01100,map04913,map04917,map04927,map04934
CcGene_23197	Cytochrome P450	Belongs to the cytochrome P450 family	sp|A0A4D6Q415|CYP1_CROXC	XP_017239159.1	GO:0005575,GO:0008150,GO:0008152,GO:0009058,GO:0009719,GO:0009725,GO:0009733,GO:0010033,GO:0016020,GO:0019748,GO:0042221,GO:0044550,GO:0050896	ko00140,ko01100,ko04913,ko04917,ko04927,ko04934,map00140,map01100,map04913,map04917,map04927,map04934
CcGene_23228	Glycosyltransferase	Belongs to the glycosyltransferase 2 family. Plant cellulose synthase subfamily	sp|Q941L0|CESA3_ARATH	XP_074324871.1	GO:0000271,GO:0000278,GO:0000281,GO:0000910,GO:0003674,GO:0003824,GO:0005575,GO:0005622,GO:0005623,GO:0005737,GO:0005768,GO:0005794,GO:0005802,GO:0005886,GO:0005911,GO:0005975,GO:0005976,GO:0006073,GO:0006950,GO:0006952,GO:0007049,GO:0008150,GO:0008152,GO:0009058,GO:0009059,GO:0009250,GO:0009506,GO:0009832,GO:0009833,GO:0009834,GO:0009987,GO:0012505,GO:0016020,GO:0016051,GO:0016740,GO:0016757,GO:0016758,GO:0016759,GO:0022402,GO:0030054,GO:0030243,GO:0030244,GO:0031410,GO:0031982,GO:0031984,GO:0033692,GO:0034637,GO:0034645,GO:0042546,GO:0043170,GO:0043226,GO:0043227,GO:0043229,GO:0043231,GO:0044042,GO:0044085,GO:0044237,GO:0044238,GO:0044249,GO:0044260,GO:0044262,GO:0044264,GO:0044422,GO:0044424,GO:0044431,GO:0044444,GO:0044446,GO:0044464,GO:0046527,GO:0050896,GO:0051273,GO:0051274,GO:0051301,GO:0055044,GO:0061640,GO:0071554,GO:0071669,GO:0071704,GO:0071840,GO:0071944,GO:0097708,GO:0098791,GO:1901576,GO:1903047	-
CcGene_23287	Cytochrome P450	Cytochrome p450	sp|H2DH18|C7A12_PANGI	XP_017255162.1	GO:0003674,GO:0003824,GO:0004497,GO:0005575,GO:0005622,GO:0005623,GO:0005737,GO:0005783,GO:0005789,GO:0008150,GO:0008152,GO:0009058,GO:0012505,GO:0016020,GO:0016491,GO:0016705,GO:0016709,GO:0019748,GO:0031090,GO:0031984,GO:0042175,GO:0043226,GO:0043227,GO:0043229,GO:0043231,GO:0044422,GO:0044424,GO:0044425,GO:0044432,GO:0044444,GO:0044446,GO:0044464,GO:0044550,GO:0055114,GO:0098827	-
CcGene_23403	Cytochrome P450	Cytochrome p450	sp|W8JIS5|IO_CATRO	KAL1819504.1	-	-
CcGene_23416	Cytochrome P450	Cytochrome p450	sp|Q9SBQ9|F3PH_PETHY	XP_017232741.1	GO:0005575,GO:0008150,GO:0008152,GO:0009058,GO:0009719,GO:0009725,GO:0009733,GO:0010033,GO:0016020,GO:0019748,GO:0042221,GO:0044550,GO:0050896	ko00140,ko01100,ko04913,ko04917,ko04927,ko04934,map00140,map01100,map04913,map04917,map04927,map04934
CcGene_23432	Glycosyltransferase	UDP-Glycosyltransferase	sp|O64732|U87A1_ARATH	XP_017251899.1	-	-
CcGene_23433	Glycosyltransferase	UDP-Glycosyltransferase	sp|O64732|U87A1_ARATH	XP_017251867.1	GO:0003674,GO:0003824,GO:0005575,GO:0005622,GO:0005623,GO:0008194,GO:0016740,GO:0016757,GO:0016758,GO:0035251,GO:0043226,GO:0043227,GO:0043229,GO:0043231,GO:0044424,GO:0044464,GO:0046527,GO:0080043,GO:0080044	-
CcGene_23434	Glycosyltransferase	UDP-Glycosyltransferase	sp|O64733|U87A2_ARATH	XP_017250154.1	GO:0003674,GO:0003824,GO:0005575,GO:0005622,GO:0005623,GO:0005634,GO:0005737,GO:0005829,GO:0008150,GO:0008194,GO:0009909,GO:0016740,GO:0016757,GO:0016758,GO:0035251,GO:0043226,GO:0043227,GO:0043229,GO:0043231,GO:0044424,GO:0044444,GO:0044464,GO:0046527,GO:0048580,GO:0048831,GO:0050789,GO:0050793,GO:0051239,GO:0065007,GO:0080043,GO:0080044,GO:2000026,GO:2000241	-
CcGene_23441	Cytochrome P450	Peptidyl-prolyl cis-trans isomerase	sp|Q8RWY7|CYP95_ARATH	XP_017228534.1	GO:0000413,GO:0003674,GO:0003755,GO:0003824,GO:0006464,GO:0006807,GO:0008150,GO:0008152,GO:0009987,GO:0016853,GO:0016859,GO:0018193,GO:0018208,GO:0019538,GO:0036211,GO:0043170,GO:0043412,GO:0044237,GO:0044238,GO:0044260,GO:0044267,GO:0071704,GO:0140096,GO:1901564	-
CcGene_23574	Glycosyltransferase	Glycosyltransferase-like protein	-	KAL1834784.1	-	-
CcGene_23587	Cytochrome P450	Belongs to the cytochrome P450 family	sp|Q9LJK2|ABAH4_ARATH	KAL1831596.1	GO:0003674,GO:0003824,GO:0004497,GO:0006629,GO:0006694,GO:0007275,GO:0008150,GO:0008152,GO:0008202,GO:0008610,GO:0009058,GO:0010268,GO:0010295,GO:0010817,GO:0016125,GO:0016128,GO:0016129,GO:0016131,GO:0016132,GO:0016491,GO:0016705,GO:0016709,GO:0032501,GO:0032502,GO:0042445,GO:0042446,GO:0042592,GO:0044238,GO:0048856,GO:0048878,GO:0055088,GO:0055114,GO:0065007,GO:0065008,GO:0071704,GO:1901360,GO:1901362,GO:1901576,GO:1901615,GO:1901617	ko00906,map00906
CcGene_23937	Glycosyltransferase	Belongs to the UDP-glycosyltransferase family	sp|Q9LMF0|U85A5_ARATH	WOG82470.1	GO:0003674,GO:0003824,GO:0005575,GO:0005622,GO:0005623,GO:0008194,GO:0015020,GO:0016740,GO:0016757,GO:0016758,GO:0035251,GO:0043226,GO:0043227,GO:0043229,GO:0043231,GO:0044424,GO:0044464,GO:0046527,GO:0050403,GO:0050502,GO:0080043,GO:0080044	-
CcGene_23989	Glycosyltransferase	Glycosyltransferase	sp|Q9FFN2|GLYT3_ARATH	KAK1392012.1	-	-
CcGene_24091	Cytochrome P450	Cytochrome P450	sp|Q9SZ46|C82C4_ARATH	WOG95801.1	GO:0003674,GO:0003824,GO:0004497,GO:0005575,GO:0008150,GO:0008152,GO:0009058,GO:0009987,GO:0010035,GO:0010038,GO:0010039,GO:0016020,GO:0016491,GO:0016705,GO:0016709,GO:0019748,GO:0042221,GO:0044550,GO:0050896,GO:0051716,GO:0055114,GO:0070887,GO:0071241,GO:0071248,GO:0071281	ko00140,ko01100,ko04913,ko04917,ko04927,ko04934,map00140,map01100,map04913,map04917,map04927,map04934
CcGene_24098	Cytochrome P450	Belongs to the cytochrome P450 family	sp|O48786|C734A_ARATH	KAK1399996.1	GO:0003674,GO:0003824,GO:0004497,GO:0006629,GO:0008150,GO:0008152,GO:0008202,GO:0008395,GO:0009719,GO:0009725,GO:0009741,GO:0010033,GO:0010268,GO:0010817,GO:0014070,GO:0016128,GO:0016131,GO:0016491,GO:0033993,GO:0042221,GO:0042445,GO:0042592,GO:0044238,GO:0048878,GO:0050896,GO:0055088,GO:0055114,GO:0065007,GO:0065008,GO:0071704,GO:1901360,GO:1901615,GO:1901700	ko00905,map00905
CcGene_24218	Glycosyltransferase	Belongs to the glycosyltransferase 2 family	sp|A0AAW1HA02|CSL1_SAPOF	XP_017217810.1	GO:0000271,GO:0000278,GO:0000281,GO:0000910,GO:0003674,GO:0003824,GO:0005575,GO:0005622,GO:0005623,GO:0005737,GO:0005794,GO:0005886,GO:0005975,GO:0005976,GO:0006073,GO:0007049,GO:0008150,GO:0008152,GO:0009058,GO:0009059,GO:0009250,GO:0009832,GO:0009833,GO:0009987,GO:0012505,GO:0016020,GO:0016051,GO:0016740,GO:0016757,GO:0016758,GO:0016759,GO:0022402,GO:0030243,GO:0030244,GO:0033692,GO:0034637,GO:0034645,GO:0042546,GO:0043170,GO:0043226,GO:0043227,GO:0043229,GO:0043231,GO:0044042,GO:0044085,GO:0044237,GO:0044238,GO:0044249,GO:0044260,GO:0044262,GO:0044264,GO:0044424,GO:0044444,GO:0044464,GO:0046527,GO:0051273,GO:0051274,GO:0051301,GO:0061640,GO:0071554,GO:0071669,GO:0071704,GO:0071840,GO:0071944,GO:1901576,GO:1903047	-
CcGene_24272	Acyltransferase	Wax ester synthase-like Acyl-CoA acyltransferase domain	sp|A3QME3|WS1_PETHY	XP_017245116.1	-	-
CcGene_24380	Glycosyltransferase	Belongs to the UDP-glycosyltransferase family	sp|Q6VAB2|U71E1_STERE	XP_017237920.1	GO:0001101,GO:0003674,GO:0003824,GO:0005575,GO:0005622,GO:0005623,GO:0005737,GO:0005829,GO:0006066,GO:0006082,GO:0006629,GO:0006714,GO:0006720,GO:0006721,GO:0006950,GO:0006970,GO:0008150,GO:0008152,GO:0008194,GO:0008300,GO:0009056,GO:0009628,GO:0009651,GO:0009687,GO:0009719,GO:0009725,GO:0009737,GO:0009987,GO:0010033,GO:0016020,GO:0016042,GO:0016054,GO:0016107,GO:0016115,GO:0016740,GO:0016757,GO:0016758,GO:0019752,GO:0032787,GO:0033993,GO:0035251,GO:0042221,GO:0043226,GO:0043227,GO:0043229,GO:0043231,GO:0043288,GO:0043290,GO:0043436,GO:0044237,GO:0044238,GO:0044242,GO:0044248,GO:0044255,GO:0044281,GO:0044282,GO:0044424,GO:0044444,GO:0044464,GO:0046164,GO:0046345,GO:0046395,GO:0046527,GO:0050896,GO:0071704,GO:0072329,GO:0080043,GO:0080044,GO:0080046,GO:0097305,GO:1901575,GO:1901615,GO:1901616,GO:1901700,GO:1902644	-
CcGene_24425	Glycosyltransferase	Belongs to the UDP-glycosyltransferase family	sp|F8WKW1|UGT2_GARJA	XAV45613.1	-	-
CcGene_24427	Glycosyltransferase	UDP-Glycosyltransferase	sp|F8WKW1|UGT2_GARJA	XP_017221193.1	-	-
CcGene_24428	Glycosyltransferase	UDP-Glycosyltransferase	sp|B2XBQ5|85A19_PRUDU	KAL1805633.1	-	-
CcGene_24635	Terpene Synthase	Terpene synthase family, metal binding domain	sp|Q8L5K3|RLC1_CITLI	XP_017232725.1	-	ko00900,ko01110,map00900,map01110
CcGene_24734	Glycosyltransferase	xyloglucan glycosyltransferase 6	sp|Q9SRT3|CSLC6_ARATH	XP_017255728.1	GO:0000003,GO:0003006,GO:0005575,GO:0005622,GO:0005623,GO:0005737,GO:0005768,GO:0005794,GO:0005802,GO:0008150,GO:0009856,GO:0012505,GO:0022414,GO:0031410,GO:0031982,GO:0031984,GO:0032501,GO:0032502,GO:0043226,GO:0043227,GO:0043229,GO:0043231,GO:0044422,GO:0044424,GO:0044431,GO:0044444,GO:0044446,GO:0044464,GO:0044706,GO:0048856,GO:0048868,GO:0051704,GO:0097708,GO:0098791	-
CcGene_24768	Glycosyltransferase	Belongs to the glycosyltransferase 8 family	sp|Q9M8J2|GATL4_ARATH	XP_017227237.1	-	-
CcGene_24772	Glycosyltransferase	Belongs to the glycosyltransferase 1 family	sp|O04933|SPSA2_CRAPL	KAL1808272.1	GO:0003674,GO:0003824,GO:0005575,GO:0005622,GO:0005623,GO:0005737,GO:0005794,GO:0008194,GO:0012505,GO:0016740,GO:0016757,GO:0016758,GO:0035251,GO:0043226,GO:0043227,GO:0043229,GO:0043231,GO:0044424,GO:0044444,GO:0044464,GO:0046524,GO:0046527	ko00500,ko01100,map00500,map01100
CcGene_24797	Cytochrome P450	cytochrome P450	sp|Q9FIB0|C78A7_ARATH	KAK1403763.1	GO:0003674,GO:0003824,GO:0004497,GO:0005575,GO:0008150,GO:0008152,GO:0009058,GO:0016020,GO:0016491,GO:0016705,GO:0016709,GO:0019748,GO:0022603,GO:0040034,GO:0044550,GO:0050789,GO:0050793,GO:0055114,GO:0065007,GO:0090709,GO:1905428	-
CcGene_24860	Glycosyltransferase	Belongs to the UDP-glycosyltransferase family	sp|A0A0K0PVM5|UGT11_PANGI	XP_017250139.1	GO:0001101,GO:0003674,GO:0003824,GO:0005575,GO:0005622,GO:0005623,GO:0005737,GO:0005829,GO:0006066,GO:0006082,GO:0006629,GO:0006714,GO:0006720,GO:0006721,GO:0006950,GO:0008150,GO:0008152,GO:0008194,GO:0009414,GO:0009415,GO:0009628,GO:0009687,GO:0009819,GO:0009987,GO:0010029,GO:0010030,GO:0010035,GO:0010294,GO:0016740,GO:0016757,GO:0016758,GO:0019752,GO:0032787,GO:0035251,GO:0042221,GO:0042592,GO:0043226,GO:0043227,GO:0043229,GO:0043231,GO:0043288,GO:0043436,GO:0044237,GO:0044238,GO:0044255,GO:0044281,GO:0044424,GO:0044444,GO:0044464,GO:0046527,GO:0048518,GO:0048580,GO:0048582,GO:0048878,GO:0050789,GO:0050793,GO:0050801,GO:0050896,GO:0051094,GO:0051239,GO:0051240,GO:0055081,GO:0055088,GO:0065007,GO:0065008,GO:0071704,GO:0080043,GO:0080044,GO:0080045,GO:1900140,GO:1901615,GO:1901700,GO:1902265,GO:1902644,GO:2000026	-
CcGene_24861	Glycosyltransferase	Belongs to the UDP-glycosyltransferase family	sp|A0A0K0PVM5|UGT11_PANGI	XP_017249463.1	GO:0001101,GO:0003674,GO:0003824,GO:0005575,GO:0005622,GO:0005623,GO:0005737,GO:0005829,GO:0006066,GO:0006082,GO:0006629,GO:0006714,GO:0006720,GO:0006721,GO:0006950,GO:0008150,GO:0008152,GO:0008194,GO:0009414,GO:0009415,GO:0009628,GO:0009687,GO:0009819,GO:0009987,GO:0010029,GO:0010030,GO:0010035,GO:0010294,GO:0016740,GO:0016757,GO:0016758,GO:0019752,GO:0032787,GO:0035251,GO:0042221,GO:0042592,GO:0043226,GO:0043227,GO:0043229,GO:0043231,GO:0043288,GO:0043436,GO:0044237,GO:0044238,GO:0044255,GO:0044281,GO:0044424,GO:0044444,GO:0044464,GO:0046527,GO:0048518,GO:0048580,GO:0048582,GO:0048878,GO:0050789,GO:0050793,GO:0050801,GO:0050896,GO:0051094,GO:0051239,GO:0051240,GO:0055081,GO:0055088,GO:0065007,GO:0065008,GO:0071704,GO:0080043,GO:0080044,GO:0080045,GO:1900140,GO:1901615,GO:1901700,GO:1902265,GO:1902644,GO:2000026	-
CcGene_25321	Glycosyltransferase	Belongs to the glycosyltransferase 1 family	sp|O04933|SPSA2_CRAPL	KAL1808272.1	GO:0003674,GO:0003824,GO:0005575,GO:0005622,GO:0005623,GO:0005737,GO:0005794,GO:0008194,GO:0012505,GO:0016740,GO:0016757,GO:0016758,GO:0035251,GO:0043226,GO:0043227,GO:0043229,GO:0043231,GO:0044424,GO:0044444,GO:0044464,GO:0046524,GO:0046527	ko00500,ko01100,map00500,map01100
CcGene_25355	Glycosyltransferase	Belongs to the glycosyltransferase 8 family	sp|Q949Q1|GAUTB_ARATH	XP_017236427.1	GO:0003674,GO:0003824,GO:0005575,GO:0005622,GO:0005623,GO:0005737,GO:0005794,GO:0008150,GO:0008152,GO:0008194,GO:0009058,GO:0009987,GO:0010191,GO:0010192,GO:0012505,GO:0016740,GO:0016757,GO:0016758,GO:0043226,GO:0043227,GO:0043229,GO:0043231,GO:0044237,GO:0044249,GO:0044424,GO:0044444,GO:0044464,GO:0047262	ko00520,map00520
CcGene_25372	Cytochrome P450	cytochrome P450	sp|Q42600|C84A1_ARATH	XP_074376092.1	GO:0003674,GO:0003824,GO:0004497,GO:0005575,GO:0005622,GO:0005623,GO:0005737,GO:0005783,GO:0006725,GO:0008150,GO:0008152,GO:0009058,GO:0009314,GO:0009411,GO:0009416,GO:0009628,GO:0009698,GO:0009699,GO:0009808,GO:0009809,GO:0009987,GO:0010224,GO:0012505,GO:0016020,GO:0016491,GO:0016705,GO:0016709,GO:0019438,GO:0019748,GO:0043226,GO:0043227,GO:0043229,GO:0043231,GO:0044237,GO:0044249,GO:0044424,GO:0044444,GO:0044464,GO:0044550,GO:0050896,GO:0055114,GO:0071704,GO:1901360,GO:1901362,GO:1901576	ko00940,ko01100,ko01110,map00940,map01100,map01110
CcGene_25554	Glycosyltransferase	Belongs to the glycosyltransferase 2 family. Plant cellulose synthase subfamily	sp|Q84ZN6|CESA8_ORYSJ	KAK6162984.1	GO:0000271,GO:0000278,GO:0000281,GO:0000910,GO:0003674,GO:0003824,GO:0005575,GO:0005622,GO:0005623,GO:0005737,GO:0005768,GO:0005794,GO:0005802,GO:0005886,GO:0005911,GO:0005975,GO:0005976,GO:0006073,GO:0006950,GO:0006952,GO:0007049,GO:0008150,GO:0008152,GO:0009058,GO:0009059,GO:0009250,GO:0009506,GO:0009832,GO:0009833,GO:0009834,GO:0009987,GO:0012505,GO:0016020,GO:0016051,GO:0016740,GO:0016757,GO:0016758,GO:0016759,GO:0022402,GO:0030054,GO:0030243,GO:0030244,GO:0031410,GO:0031982,GO:0031984,GO:0033692,GO:0034637,GO:0034645,GO:0042546,GO:0043170,GO:0043226,GO:0043227,GO:0043229,GO:0043231,GO:0044042,GO:0044085,GO:0044237,GO:0044238,GO:0044249,GO:0044260,GO:0044262,GO:0044264,GO:0044422,GO:0044424,GO:0044431,GO:0044444,GO:0044446,GO:0044464,GO:0046527,GO:0050896,GO:0051273,GO:0051274,GO:0051301,GO:0055044,GO:0061640,GO:0071554,GO:0071669,GO:0071704,GO:0071840,GO:0071944,GO:0097708,GO:0098791,GO:1901576,GO:1903047	-
CcGene_25595	Cytochrome P450	Cytochrome p450	sp|O81117|C94A1_VICSA	KAL1816745.1	-	ko00073,map00073
CcGene_25596	Cytochrome P450	Cytochrome p450	sp|P98188|C94A2_VICSA	XP_017251741.1	-	ko00073,map00073
CcGene_25798	Glycosyltransferase	UDP-Glycosyltransferase	sp|Q6VAB3|U85A8_STERE	KAL1802058.1	-	-
CcGene_25814	Cytochrome P450	Cytochrome p450	sp|A0A1D6F9Y9|C92C6_MAIZE	XP_074361635.1	GO:0005575,GO:0005622,GO:0005623,GO:0005737,GO:0005783,GO:0005789,GO:0012505,GO:0016020,GO:0031090,GO:0031984,GO:0042175,GO:0043226,GO:0043227,GO:0043229,GO:0043231,GO:0044422,GO:0044424,GO:0044425,GO:0044432,GO:0044444,GO:0044446,GO:0044464,GO:0098827	ko00905,ko01100,ko01110,map00905,map01100,map01110
CcGene_25815	Cytochrome P450	Cytochrome p450	sp|A0A1D6F9Y9|C92C6_MAIZE	XP_017251230.1	GO:0005575,GO:0005622,GO:0005623,GO:0005737,GO:0005783,GO:0005789,GO:0012505,GO:0016020,GO:0031090,GO:0031984,GO:0042175,GO:0043226,GO:0043227,GO:0043229,GO:0043231,GO:0044422,GO:0044424,GO:0044425,GO:0044432,GO:0044444,GO:0044446,GO:0044464,GO:0098827	ko00905,ko01100,ko01110,map00905,map01100,map01110
CcGene_25816	Cytochrome P450	Cytochrome p450	sp|A0A1D6F9Y9|C92C6_MAIZE	XP_063949645.1	GO:0005575,GO:0005622,GO:0005623,GO:0005737,GO:0005783,GO:0005789,GO:0012505,GO:0016020,GO:0031090,GO:0031984,GO:0042175,GO:0043226,GO:0043227,GO:0043229,GO:0043231,GO:0044422,GO:0044424,GO:0044425,GO:0044432,GO:0044444,GO:0044446,GO:0044464,GO:0098827	ko00905,ko01100,ko01110,map00905,map01100,map01110
CcGene_25897	Glycosyltransferase	UDP-Glycosyltransferase	sp|Q9C768|U76B1_ARATH	XP_017218370.1	GO:0003674,GO:0003824,GO:0008194,GO:0016740,GO:0016757,GO:0016758,GO:0035251,GO:0046527,GO:0047254	ko00140,ko00380,ko00402,ko00830,ko00908,ko00980,ko01100,ko01110,ko04913,ko05204,map00140,map00380,map00402,map00830,map00908,map00980,map01100,map01110,map04913,map05204
CcGene_26025	Cytochrome P450	Belongs to the cytochrome P450 family	sp|Q94IA6|C90D1_ARATH	XP_017249841.1	GO:0000003,GO:0003006,GO:0003674,GO:0003824,GO:0004497,GO:0006629,GO:0006694,GO:0007275,GO:0008150,GO:0008152,GO:0008202,GO:0008610,GO:0009058,GO:0009791,GO:0009908,GO:0010268,GO:0010817,GO:0016125,GO:0016128,GO:0016129,GO:0016131,GO:0016132,GO:0016491,GO:0016705,GO:0016709,GO:0022414,GO:0032501,GO:0032502,GO:0042445,GO:0042446,GO:0042592,GO:0044238,GO:0048366,GO:0048367,GO:0048437,GO:0048438,GO:0048441,GO:0048443,GO:0048465,GO:0048466,GO:0048608,GO:0048731,GO:0048827,GO:0048856,GO:0048878,GO:0055088,GO:0055114,GO:0061458,GO:0065007,GO:0065008,GO:0071704,GO:0090567,GO:0099402,GO:1901360,GO:1901362,GO:1901576,GO:1901615,GO:1901617	ko00905,ko01100,ko01110,map00905,map01100,map01110
CcGene_26130	Glycosyltransferase	Belongs to the glycosyltransferase 31 family	sp|Q6NQB7|B3GT7_ARATH	KAK1405222.1	-	-
CcGene_26255	Glycosyltransferase	glycosyltransferase family 14 protein core-2 I-branching enzyme family protein	sp|Q9FLD7|GT14A_ARATH	XP_017227401.1	GO:0006029,GO:0006807,GO:0008150,GO:0008152,GO:0009058,GO:0009059,GO:0009100,GO:0009101,GO:0009987,GO:0015012,GO:0019538,GO:0030166,GO:0030201,GO:0034645,GO:0043170,GO:0044237,GO:0044238,GO:0044249,GO:0044260,GO:0050650,GO:0050654,GO:0071704,GO:1901135,GO:1901137,GO:1901564,GO:1901566,GO:1901576	-
CcGene_26268	Acyltransferase	diacylglycerol O-acyltransferase	sp|K7K424|DAT2D_SOYBN	KAL1833097.1	GO:0003674,GO:0003824,GO:0004144,GO:0005575,GO:0005622,GO:0005623,GO:0005737,GO:0005783,GO:0005789,GO:0005811,GO:0006629,GO:0006638,GO:0006639,GO:0006641,GO:0006996,GO:0008150,GO:0008152,GO:0008374,GO:0008610,GO:0009058,GO:0009987,GO:0012505,GO:0016020,GO:0016043,GO:0016411,GO:0016740,GO:0016746,GO:0016747,GO:0019432,GO:0031984,GO:0034389,GO:0042175,GO:0043226,GO:0043227,GO:0043228,GO:0043229,GO:0043231,GO:0043232,GO:0044237,GO:0044238,GO:0044249,GO:0044255,GO:0044422,GO:0044424,GO:0044425,GO:0044432,GO:0044444,GO:0044446,GO:0044464,GO:0045017,GO:0046460,GO:0046463,GO:0046486,GO:0071704,GO:0071840,GO:0098827,GO:1901576	ko00561,ko04975,map00561,map04975
CcGene_26502	Glycosyltransferase	Belongs to the UDP-glycosyltransferase family	sp|Q9ZSK5|ZOG_PHALU	XP_074367276.1	GO:0000003,GO:0003006,GO:0003674,GO:0003824,GO:0006464,GO:0006486,GO:0006725,GO:0006807,GO:0007275,GO:0008150,GO:0008152,GO:0008194,GO:0009058,GO:0009059,GO:0009100,GO:0009101,GO:0009308,GO:0009653,GO:0009690,GO:0009791,GO:0009888,GO:0009889,GO:0009908,GO:0009965,GO:0009987,GO:0010015,GO:0010016,GO:0010073,GO:0010075,GO:0010083,GO:0010154,GO:0010380,GO:0010817,GO:0016740,GO:0016757,GO:0016758,GO:0016763,GO:0019222,GO:0019538,GO:0022414,GO:0022622,GO:0031323,GO:0031326,GO:0032501,GO:0032502,GO:0034645,GO:0034754,GO:0035251,GO:0035252,GO:0036211,GO:0040008,GO:0042285,GO:0042445,GO:0043170,GO:0043412,GO:0043413,GO:0044237,GO:0044238,GO:0044249,GO:0044260,GO:0044267,GO:0045926,GO:0046483,GO:0046527,GO:0048316,GO:0048364,GO:0048366,GO:0048367,GO:0048439,GO:0048507,GO:0048509,GO:0048519,GO:0048608,GO:0048638,GO:0048731,GO:0048827,GO:0048831,GO:0048856,GO:0050403,GO:0050404,GO:0050789,GO:0050793,GO:0050794,GO:0051171,GO:0051193,GO:0051239,GO:0061458,GO:0065007,GO:0065008,GO:0070085,GO:0071704,GO:0090056,GO:0090567,GO:0090698,GO:0099402,GO:1901135,GO:1901137,GO:1901401,GO:1901463,GO:1901564,GO:1901566,GO:1901576,GO:1905392,GO:1905613,GO:2000026	ko00908,ko01110,map00908,map01110
CcGene_26552	Cytochrome P450	cytochrome P450	sp|O22203|C98A3_ARATH	ANO53926.1	GO:0003674,GO:0003824,GO:0004497,GO:0005488,GO:0005515,GO:0005575,GO:0005622,GO:0005623,GO:0005737,GO:0005739,GO:0005783,GO:0005886,GO:0006725,GO:0008150,GO:0008152,GO:0009058,GO:0009698,GO:0009699,GO:0009804,GO:0009805,GO:0009808,GO:0009809,GO:0009812,GO:0009813,GO:0009987,GO:0012505,GO:0016020,GO:0016491,GO:0016705,GO:0016709,GO:0018130,GO:0019438,GO:0019748,GO:0042802,GO:0043226,GO:0043227,GO:0043229,GO:0043231,GO:0044237,GO:0044249,GO:0044424,GO:0044444,GO:0044464,GO:0044550,GO:0046409,GO:0046483,GO:0055114,GO:0071704,GO:0071944,GO:1901360,GO:1901362,GO:1901576	ko00940,ko00941,ko00945,ko01100,ko01110,map00940,map00941,map00945,map01100,map01110
CcGene_26608	Glycosyltransferase	UDP-glycosyltransferase 76E2-like	sp|U3UA11|UGT7_CATRO	XP_074357024.1	GO:0003674,GO:0003824,GO:0005575,GO:0005622,GO:0005623,GO:0008194,GO:0016740,GO:0016757,GO:0016758,GO:0035251,GO:0043226,GO:0043227,GO:0043229,GO:0043231,GO:0044424,GO:0044464,GO:0046527,GO:0047254,GO:0080043,GO:0080044	ko00140,ko00380,ko00402,ko00830,ko00908,ko00980,ko01100,ko01110,ko04913,ko05204,map00140,map00380,map00402,map00830,map00908,map00980,map01100,map01110,map04913,map05204
CcGene_27051	Glycosyltransferase	UDP-glycosyltransferase 83A1-like	sp|Q9SGA8|U83A1_ARATH	XP_017239774.1	GO:0003674,GO:0003824,GO:0005575,GO:0005622,GO:0005623,GO:0008194,GO:0016740,GO:0016757,GO:0016758,GO:0035251,GO:0043226,GO:0043227,GO:0043229,GO:0043231,GO:0044424,GO:0044464,GO:0046527,GO:0080043,GO:0080044	-
CcGene_27058	Glycosyltransferase	Belongs to the glycosyltransferase 8 family	sp|Q8GWT1|GAUTE_ARATH	XP_017242632.1	GO:0000003,GO:0000271,GO:0000902,GO:0000904,GO:0003006,GO:0003674,GO:0003824,GO:0005575,GO:0005622,GO:0005623,GO:0005737,GO:0005794,GO:0005975,GO:0005976,GO:0007275,GO:0008150,GO:0008152,GO:0008194,GO:0009058,GO:0009059,GO:0009555,GO:0009653,GO:0009664,GO:0009826,GO:0009832,GO:0009856,GO:0009860,GO:0009932,GO:0009987,GO:0010383,GO:0010393,GO:0012505,GO:0016043,GO:0016049,GO:0016051,GO:0016740,GO:0016757,GO:0016758,GO:0017144,GO:0022414,GO:0030154,GO:0032501,GO:0032502,GO:0032989,GO:0033692,GO:0034637,GO:0034645,GO:0040007,GO:0042546,GO:0042995,GO:0043170,GO:0043226,GO:0043227,GO:0043229,GO:0043231,GO:0044036,GO:0044038,GO:0044085,GO:0044237,GO:0044238,GO:0044249,GO:0044260,GO:0044262,GO:0044264,GO:0044424,GO:0044444,GO:0044464,GO:0044706,GO:0045229,GO:0045488,GO:0045489,GO:0047262,GO:0048229,GO:0048468,GO:0048588,GO:0048589,GO:0048856,GO:0048868,GO:0048869,GO:0051704,GO:0052325,GO:0052546,GO:0060560,GO:0070589,GO:0070592,GO:0071554,GO:0071555,GO:0071669,GO:0071704,GO:0071840,GO:0090406,GO:0120025,GO:1901576	ko00520,map00520
CcGene_27085	Terpene Synthase	Sesquiterpene synthase	sp|H9L9E5|COP_ELETR	AZL40027.1	GO:0003674,GO:0003824,GO:0006629,GO:0006644,GO:0006720,GO:0006721,GO:0006793,GO:0006796,GO:0008150,GO:0008152,GO:0008299,GO:0008610,GO:0009058,GO:0009987,GO:0010333,GO:0010334,GO:0016829,GO:0016835,GO:0016838,GO:0019637,GO:0042214,GO:0044237,GO:0044238,GO:0044249,GO:0044255,GO:0045338,GO:0046246,GO:0047461,GO:0051761,GO:0051762,GO:0071704,GO:1901360,GO:1901362,GO:1901576,GO:1901926,GO:1901928	ko00909,ko01100,ko01110,map00909,map01100,map01110
CcGene_27113	Glycosyltransferase	Belongs to the glycosyltransferase 8 family	sp|Q9LE59|GAUT1_ARATH	XP_017247665.1	GO:0000271,GO:0003674,GO:0003824,GO:0005575,GO:0005622,GO:0005623,GO:0005737,GO:0005768,GO:0005794,GO:0005802,GO:0005975,GO:0005976,GO:0008150,GO:0008152,GO:0008194,GO:0009058,GO:0009059,GO:0009664,GO:0009832,GO:0009987,GO:0010289,GO:0010383,GO:0010393,GO:0010394,GO:0012505,GO:0016043,GO:0016051,GO:0016740,GO:0016757,GO:0016758,GO:0017144,GO:0031410,GO:0031982,GO:0031984,GO:0033692,GO:0034637,GO:0034645,GO:0042546,GO:0043170,GO:0043226,GO:0043227,GO:0043229,GO:0043231,GO:0044036,GO:0044038,GO:0044085,GO:0044237,GO:0044238,GO:0044249,GO:0044260,GO:0044262,GO:0044264,GO:0044422,GO:0044424,GO:0044431,GO:0044444,GO:0044446,GO:0044464,GO:0045229,GO:0045488,GO:0045489,GO:0047262,GO:0052325,GO:0052546,GO:0070589,GO:0070592,GO:0071554,GO:0071555,GO:0071669,GO:0071704,GO:0071840,GO:0097708,GO:0098791,GO:1901576	ko00520,map00520
CcGene_27121	Cytochrome P450	Cytochrome p450	sp|C0SJS4|C71AJ_APIGR	AKJ23351.1	-	ko00140,ko00380,ko00590,ko00591,ko00830,ko00980,ko01100,ko04212,ko04726,ko04750,ko04913,ko05204,map00140,map00380,map00590,map00591,map00830,map00980,map01100,map04212,map04726,map04750,map04913,map05204
CcGene_27250	Cytochrome P450	Belongs to the cytochrome P450 family	sp|Q6XQ14|C71E7_MANES	XP_017214929.1	-	-
CcGene_27271	Cytochrome P450	Cytochrome p450	sp|P37122|C76A2_SOLME	XP_017246629.1	-	-
CcGene_27309	Cytochrome P450	Belongs to the cytochrome P450 family	sp|P0DKI2|C76AN_BETVU	KAK1372090.1	GO:0003674,GO:0003824,GO:0004497,GO:0005575,GO:0008150,GO:0008152,GO:0009058,GO:0016020,GO:0016491,GO:0016705,GO:0016709,GO:0019748,GO:0044550,GO:0055114	-
CcGene_27549	Cytochrome P450	cytochrome P450	sp|H2DH17|C7A22_PANGI	XP_063938315.1	-	ko00905,map00905
CcGene_27774	Glycosyltransferase	Belongs to the UDP-glycosyltransferase family	sp|Q8RXA5|CZOG2_MAIZE	XP_074367276.1	GO:0000003,GO:0003006,GO:0003674,GO:0003824,GO:0006464,GO:0006486,GO:0006725,GO:0006807,GO:0007275,GO:0008150,GO:0008152,GO:0008194,GO:0009058,GO:0009059,GO:0009100,GO:0009101,GO:0009308,GO:0009653,GO:0009690,GO:0009791,GO:0009888,GO:0009889,GO:0009908,GO:0009965,GO:0009987,GO:0010015,GO:0010016,GO:0010073,GO:0010075,GO:0010083,GO:0010154,GO:0010380,GO:0010817,GO:0016740,GO:0016757,GO:0016758,GO:0016763,GO:0019222,GO:0019538,GO:0022414,GO:0022622,GO:0031323,GO:0031326,GO:0032501,GO:0032502,GO:0034645,GO:0034754,GO:0035251,GO:0035252,GO:0036211,GO:0040008,GO:0042285,GO:0042445,GO:0043170,GO:0043412,GO:0043413,GO:0044237,GO:0044238,GO:0044249,GO:0044260,GO:0044267,GO:0045926,GO:0046483,GO:0046527,GO:0048316,GO:0048364,GO:0048366,GO:0048367,GO:0048439,GO:0048507,GO:0048509,GO:0048519,GO:0048608,GO:0048638,GO:0048731,GO:0048827,GO:0048831,GO:0048856,GO:0050403,GO:0050404,GO:0050789,GO:0050793,GO:0050794,GO:0051171,GO:0051193,GO:0051239,GO:0061458,GO:0065007,GO:0065008,GO:0070085,GO:0071704,GO:0090056,GO:0090567,GO:0090698,GO:0099402,GO:1901135,GO:1901137,GO:1901401,GO:1901463,GO:1901564,GO:1901566,GO:1901576,GO:1905392,GO:1905613,GO:2000026	ko00908,map00908
CcGene_28078	Glycosyltransferase	Dolichyl-diphosphooligosaccharide--protein glycosyltransferase subunit	sp|Q9FX21|STT3B_ARATH	XP_017242476.1	GO:0003674,GO:0003824,GO:0004576,GO:0004579,GO:0005575,GO:0005622,GO:0005623,GO:0005737,GO:0005783,GO:0005789,GO:0005886,GO:0006464,GO:0006486,GO:0006487,GO:0006807,GO:0008150,GO:0008152,GO:0008250,GO:0009058,GO:0009059,GO:0009100,GO:0009101,GO:0009987,GO:0012505,GO:0016020,GO:0016740,GO:0016757,GO:0016758,GO:0018193,GO:0018196,GO:0018279,GO:0019538,GO:0031984,GO:0032991,GO:0034645,GO:0036211,GO:0042175,GO:0043170,GO:0043226,GO:0043227,GO:0043229,GO:0043231,GO:0043412,GO:0043413,GO:0043687,GO:0044237,GO:0044238,GO:0044249,GO:0044260,GO:0044267,GO:0044422,GO:0044424,GO:0044425,GO:0044432,GO:0044444,GO:0044446,GO:0044464,GO:0070085,GO:0071704,GO:0071944,GO:0098796,GO:0098827,GO:1901135,GO:1901137,GO:1901564,GO:1901566,GO:1901576,GO:1902494,GO:1990234	ko00510,ko00513,ko01100,ko04141,map00510,map00513,map01100,map04141
CcGene_28178	Glycosyltransferase	Belongs to the UDP-glycosyltransferase family	sp|Q9SGA8|U83A1_ARATH	KAK1359977.1	GO:0003674,GO:0003824,GO:0005575,GO:0005622,GO:0005623,GO:0008194,GO:0016740,GO:0016757,GO:0016758,GO:0035251,GO:0043226,GO:0043227,GO:0043229,GO:0043231,GO:0044424,GO:0044464,GO:0046527,GO:0080043,GO:0080044	-
CcGene_28255	Glycosyltransferase	STELLO glycosyltransferases	sp|Q9SCN0|STL2_ARATH	KAL1815196.1	GO:0000271,GO:0003674,GO:0005488,GO:0005515,GO:0005575,GO:0005618,GO:0005622,GO:0005623,GO:0005737,GO:0005768,GO:0005794,GO:0005802,GO:0005975,GO:0005976,GO:0006073,GO:0006109,GO:0008150,GO:0008152,GO:0009058,GO:0009059,GO:0009250,GO:0009664,GO:0009832,GO:0009889,GO:0009987,GO:0010383,GO:0010556,GO:0010675,GO:0010962,GO:0010981,GO:0012505,GO:0016043,GO:0016051,GO:0019222,GO:0030243,GO:0030244,GO:0030312,GO:0031323,GO:0031326,GO:0031410,GO:0031982,GO:0031984,GO:0032881,GO:0032885,GO:0032950,GO:0032951,GO:0033692,GO:0034637,GO:0034645,GO:0042546,GO:0042802,GO:0043170,GO:0043226,GO:0043227,GO:0043229,GO:0043231,GO:0043255,GO:0044036,GO:0044038,GO:0044042,GO:0044085,GO:0044087,GO:0044237,GO:0044238,GO:0044249,GO:0044260,GO:0044262,GO:0044264,GO:0044422,GO:0044424,GO:0044431,GO:0044444,GO:0044446,GO:0044464,GO:0045229,GO:0050789,GO:0050794,GO:0051128,GO:0051273,GO:0051274,GO:0052324,GO:0052541,GO:0060255,GO:0065007,GO:0070589,GO:0070592,GO:0071554,GO:0071555,GO:0071669,GO:0071704,GO:0071840,GO:0071944,GO:0080090,GO:0097708,GO:0098791,GO:1901576,GO:1903338,GO:2000112,GO:2001006,GO:2001009	-
CcGene_28395	Cytochrome P450	Cytochrome p450	sp|Q9LNJ4|C70A2_ARATH	KAL1828688.1	GO:0000003,GO:0002933,GO:0003006,GO:0003674,GO:0003824,GO:0004497,GO:0005575,GO:0006082,GO:0006629,GO:0006631,GO:0006633,GO:0006725,GO:0007275,GO:0008150,GO:0008152,GO:0008610,GO:0009058,GO:0009555,GO:0009653,GO:0009719,GO:0009725,GO:0009733,GO:0009791,GO:0009908,GO:0009987,GO:0010033,GO:0010208,GO:0010584,GO:0010927,GO:0016020,GO:0016043,GO:0016053,GO:0016491,GO:0016705,GO:0016709,GO:0019438,GO:0019748,GO:0019752,GO:0022414,GO:0022607,GO:0030198,GO:0030258,GO:0032501,GO:0032502,GO:0032787,GO:0032989,GO:0042221,GO:0043062,GO:0043436,GO:0044085,GO:0044237,GO:0044238,GO:0044249,GO:0044255,GO:0044281,GO:0044283,GO:0044550,GO:0045229,GO:0046394,GO:0048229,GO:0048367,GO:0048437,GO:0048438,GO:0048443,GO:0048466,GO:0048608,GO:0048646,GO:0048653,GO:0048731,GO:0048827,GO:0048856,GO:0048869,GO:0050896,GO:0051791,GO:0051792,GO:0052722,GO:0055114,GO:0061458,GO:0071704,GO:0071840,GO:0072330,GO:0080110,GO:0085029,GO:0090567,GO:0099402,GO:1901576	-
CcGene_28455	Cytochrome P450	Cytochrome p450	sp|A0AA38FCW0|SECSY_TAXCH	KAL1823189.1	-	ko00830,ko01100,map00830,map01100
CcGene_28679	Cytochrome P450	Belongs to the cytochrome P450 family	sp|A0A0S2IHL2|C7A39_KALSE	XP_017248170.1	GO:0003674,GO:0003824,GO:0004497,GO:0006082,GO:0006629,GO:0006720,GO:0006721,GO:0006722,GO:0008150,GO:0008152,GO:0008299,GO:0008300,GO:0008610,GO:0009056,GO:0009058,GO:0009987,GO:0016042,GO:0016053,GO:0016104,GO:0016105,GO:0016114,GO:0016115,GO:0016491,GO:0016705,GO:0016709,GO:0017144,GO:0019741,GO:0019742,GO:0019745,GO:0019752,GO:0032787,GO:0042180,GO:0042181,GO:0042182,GO:0043436,GO:0044237,GO:0044238,GO:0044242,GO:0044248,GO:0044249,GO:0044255,GO:0044281,GO:0044282,GO:0044283,GO:0046394,GO:0055114,GO:0071704,GO:0072330,GO:1901360,GO:1901361,GO:1901362,GO:1901575,GO:1901576,GO:1901615,GO:1901617,GO:1902381,GO:1902382,GO:1902384,GO:1902386	ko00908,ko01100,ko01110,ko04726,map00908,map01100,map01110,map04726
CcGene_28751	Cytochrome P450	Cytochrome p450	sp|H2DH18|C7A12_PANGI	KAL1824946.1	GO:0003674,GO:0003824,GO:0004497,GO:0005575,GO:0005622,GO:0005623,GO:0005737,GO:0005783,GO:0005789,GO:0008150,GO:0008152,GO:0009058,GO:0012505,GO:0016020,GO:0016491,GO:0016705,GO:0016709,GO:0019748,GO:0031090,GO:0031984,GO:0042175,GO:0043226,GO:0043227,GO:0043229,GO:0043231,GO:0044422,GO:0044424,GO:0044425,GO:0044432,GO:0044444,GO:0044446,GO:0044464,GO:0044550,GO:0055114,GO:0098827	-
CcGene_28825	Glycosyltransferase	Belongs to the glycosyltransferase 31 family	sp|Q6NQB7|B3GT7_ARATH	KAK1371894.1	GO:0003674,GO:0003824,GO:0005575,GO:0005622,GO:0005623,GO:0005737,GO:0005794,GO:0008378,GO:0012505,GO:0016740,GO:0016757,GO:0016758,GO:0043226,GO:0043227,GO:0043229,GO:0043231,GO:0044424,GO:0044444,GO:0044464,GO:0048531	-
CcGene_28845	Cytochrome P450	Cytochrome p450	sp|Q42600|C84A1_ARATH	XP_017218901.1	GO:0003674,GO:0003824,GO:0004497,GO:0005575,GO:0005622,GO:0005623,GO:0005737,GO:0005783,GO:0006725,GO:0008150,GO:0008152,GO:0009058,GO:0009314,GO:0009411,GO:0009416,GO:0009628,GO:0009698,GO:0009699,GO:0009808,GO:0009809,GO:0009987,GO:0010224,GO:0012505,GO:0016020,GO:0016491,GO:0016705,GO:0016709,GO:0019438,GO:0019748,GO:0043226,GO:0043227,GO:0043229,GO:0043231,GO:0044237,GO:0044249,GO:0044424,GO:0044444,GO:0044464,GO:0044550,GO:0050896,GO:0055114,GO:0071704,GO:1901360,GO:1901362,GO:1901576	ko00940,ko01100,ko01110,map00940,map01100,map01110
CcGene_29262	Cytochrome P450	Cytochrome p450	sp|Q2QYH7|C14C2_ORYSJ	WOG84968.1	-	-
CcGene_29323	Glycosyltransferase	Belongs to the glycosyltransferase 8 family	sp|Q8GWW4|GUX2_ARATH	CAK7347556.1	GO:0000271,GO:0003674,GO:0003824,GO:0005575,GO:0005622,GO:0005623,GO:0005737,GO:0005794,GO:0005829,GO:0005975,GO:0005976,GO:0005977,GO:0005978,GO:0006073,GO:0006091,GO:0006112,GO:0008150,GO:0008152,GO:0008194,GO:0008466,GO:0009058,GO:0009059,GO:0009250,GO:0009832,GO:0009834,GO:0009987,GO:0010383,GO:0010410,GO:0010413,GO:0010417,GO:0012505,GO:0015020,GO:0015980,GO:0016051,GO:0016740,GO:0016757,GO:0016758,GO:0033692,GO:0034637,GO:0034645,GO:0035251,GO:0042546,GO:0043170,GO:0043226,GO:0043227,GO:0043229,GO:0043231,GO:0044036,GO:0044038,GO:0044042,GO:0044085,GO:0044237,GO:0044238,GO:0044249,GO:0044260,GO:0044262,GO:0044264,GO:0044424,GO:0044444,GO:0044464,GO:0045491,GO:0045492,GO:0046527,GO:0055114,GO:0070589,GO:0070592,GO:0071554,GO:0071669,GO:0071704,GO:0071840,GO:0080116,GO:1901576	-
CcGene_29354	Cytochrome P450	cytochrome P450	sp|Q50EK3|C04C1_PINTA	KAK1361036.1	-	-
CcGene_29466	Cytochrome P450	cytochrome P450	sp|Q9FMY1|C86B1_ARATH	XP_017243443.1	GO:0000038,GO:0005575,GO:0005622,GO:0005623,GO:0005737,GO:0005783,GO:0006082,GO:0006629,GO:0006631,GO:0006633,GO:0006725,GO:0008150,GO:0008152,GO:0008610,GO:0009058,GO:0009698,GO:0009699,GO:0009987,GO:0010345,GO:0012505,GO:0016053,GO:0019438,GO:0019748,GO:0019752,GO:0032787,GO:0042761,GO:0043226,GO:0043227,GO:0043229,GO:0043231,GO:0043436,GO:0044237,GO:0044238,GO:0044249,GO:0044255,GO:0044281,GO:0044283,GO:0044424,GO:0044444,GO:0044464,GO:0044550,GO:0046394,GO:0071704,GO:0072330,GO:1901360,GO:1901362,GO:1901576	ko00073,map00073
CcGene_29772	Cytochrome P450	Cytochrome p450	sp|H2DH18|C7A12_PANGI	XP_017258861.1	GO:0003674,GO:0003824,GO:0004497,GO:0005575,GO:0005622,GO:0005623,GO:0005737,GO:0005783,GO:0005789,GO:0008150,GO:0008152,GO:0009058,GO:0012505,GO:0016020,GO:0016491,GO:0016705,GO:0016709,GO:0019748,GO:0031090,GO:0031984,GO:0042175,GO:0043226,GO:0043227,GO:0043229,GO:0043231,GO:0044422,GO:0044424,GO:0044425,GO:0044432,GO:0044444,GO:0044446,GO:0044464,GO:0044550,GO:0055114,GO:0098827	-
CcGene_30061	Glycosyltransferase	Belongs to the UDP-glycosyltransferase family	sp|Q2V6K0|UFOG6_FRAAN	XP_074379925.1	-	-
CcGene_30194	Cytochrome P450	Cytochrome p450	sp|O81973|C93A3_SOYBN	KAK1391098.1	GO:0003674,GO:0003824,GO:0004497,GO:0005575,GO:0008150,GO:0008152,GO:0009058,GO:0016020,GO:0016491,GO:0016705,GO:0016709,GO:0019748,GO:0044550,GO:0055114	ko00140,ko00380,ko00830,ko00943,ko00980,ko01100,ko04913,ko04917,ko04927,ko04934,ko05204,map00140,map00380,map00830,map00943,map00980,map01100,map04913,map04917,map04927,map04934,map05204
CcGene_30340	Cytochrome P450	Cytochrome p450	sp|Q7XU38|C87A3_ORYSJ	XP_017231286.1	GO:0003674,GO:0003824,GO:0004497,GO:0006629,GO:0006694,GO:0007275,GO:0008150,GO:0008152,GO:0008202,GO:0008610,GO:0009058,GO:0010268,GO:0010817,GO:0016125,GO:0016128,GO:0016129,GO:0016131,GO:0016132,GO:0016491,GO:0032501,GO:0032502,GO:0042445,GO:0042446,GO:0042592,GO:0044238,GO:0048856,GO:0048878,GO:0055088,GO:0055114,GO:0065007,GO:0065008,GO:0071704,GO:1901360,GO:1901362,GO:1901576,GO:1901615,GO:1901617	ko00830,ko01100,map00830,map01100
CcGene_30345	Acyltransferase	Belongs to the membrane-bound acyltransferase family	sp|F4IDU4|MBOA1_ARATH	XP_017235779.1	GO:0003674,GO:0003824,GO:0005575,GO:0005622,GO:0005623,GO:0005737,GO:0005783,GO:0005886,GO:0006629,GO:0006643,GO:0006644,GO:0006664,GO:0006793,GO:0006796,GO:0008150,GO:0008152,GO:0008610,GO:0008654,GO:0009058,GO:0009247,GO:0009987,GO:0012505,GO:0016020,GO:0016740,GO:0016746,GO:0016747,GO:0019374,GO:0019375,GO:0019637,GO:0043226,GO:0043227,GO:0043229,GO:0043231,GO:0044237,GO:0044238,GO:0044249,GO:0044255,GO:0044424,GO:0044444,GO:0044464,GO:0045017,GO:0046467,GO:0046486,GO:0071617,GO:0071704,GO:0071944,GO:0090407,GO:1901135,GO:1901137,GO:1901576,GO:1903509	ko00561,ko00564,ko00565,ko01100,ko01110,map00561,map00564,map00565,map01100,map01110
CcGene_31132	Glycosyltransferase	glycosyltransferase	sp|Q6ZFR0|XAT2_ORYSJ	XP_074369334.1	-	ko00514,ko00515,ko01100,map00514,map00515,map01100
CcGene_31257	Acyltransferase	Glycerol-3-phosphate acyltransferase 3-like	sp|Q8GWG0|GPAT9_ARATH	XP_063941778.1	GO:0000003,GO:0003006,GO:0003674,GO:0003824,GO:0004366,GO:0005488,GO:0005515,GO:0005575,GO:0005622,GO:0005623,GO:0005737,GO:0005783,GO:0005789,GO:0005886,GO:0006072,GO:0006082,GO:0006629,GO:0006631,GO:0006633,GO:0006638,GO:0006639,GO:0006641,GO:0006651,GO:0006793,GO:0006796,GO:0007275,GO:0008150,GO:0008152,GO:0008374,GO:0008610,GO:0009058,GO:0009555,GO:0009791,GO:0009987,GO:0010152,GO:0010154,GO:0010344,GO:0010876,GO:0012505,GO:0016020,GO:0016053,GO:0016740,GO:0016746,GO:0016747,GO:0019432,GO:0019637,GO:0019752,GO:0019915,GO:0021700,GO:0022414,GO:0031984,GO:0032501,GO:0032502,GO:0032787,GO:0033036,GO:0042175,GO:0043226,GO:0043227,GO:0043229,GO:0043231,GO:0043436,GO:0043621,GO:0044085,GO:0044237,GO:0044238,GO:0044249,GO:0044255,GO:0044281,GO:0044283,GO:0044422,GO:0044424,GO:0044425,GO:0044432,GO:0044444,GO:0044446,GO:0044464,GO:0045017,GO:0046339,GO:0046394,GO:0046460,GO:0046463,GO:0046486,GO:0048229,GO:0048316,GO:0048608,GO:0048731,GO:0048856,GO:0051179,GO:0051235,GO:0052646,GO:0061458,GO:0065007,GO:0065008,GO:0071704,GO:0071840,GO:0071944,GO:0072330,GO:0098827,GO:1901135,GO:1901576	ko00561,ko00564,ko01100,ko01110,map00561,map00564,map01100,map01110
CcGene_31311	Glycosyltransferase	Belongs to the glycosyltransferase 31 family	sp|Q8L7M1|B3GTE_ARATH	KAL1815380.1	GO:0005575,GO:0005622,GO:0005623,GO:0005737,GO:0005794,GO:0012505,GO:0043226,GO:0043227,GO:0043229,GO:0043231,GO:0044424,GO:0044444,GO:0044464	-
CcGene_31327	Glycosyltransferase	xyloglucan glycosyltransferase	sp|Q9ZQB9|CSLCC_ARATH	XP_017248073.1	-	-
CcGene_31474	Acyltransferase	Acyltransferase C-terminus	sp|P93051|ERDL7_ARATH	KAK2990542.1	-	ko00561,ko00564,ko01100,ko01110,ko04072,map00561,map00564,map01100,map01110,map04072
CcGene_31544	Cytochrome P450	Belongs to the cytochrome P450 family	sp|Q9SAA9|CP511_ARATH	XP_017258966.1	GO:0003674,GO:0003824,GO:0004497,GO:0005575,GO:0005622,GO:0005623,GO:0005737,GO:0005783,GO:0005794,GO:0005886,GO:0006629,GO:0006694,GO:0008150,GO:0008152,GO:0008202,GO:0008398,GO:0008610,GO:0009058,GO:0012505,GO:0016020,GO:0016125,GO:0016126,GO:0016491,GO:0016705,GO:0016709,GO:0032451,GO:0043226,GO:0043227,GO:0043229,GO:0043231,GO:0044238,GO:0044424,GO:0044444,GO:0044464,GO:0055114,GO:0070988,GO:0071704,GO:0071944,GO:1901360,GO:1901362,GO:1901576,GO:1901615,GO:1901617	ko00100,ko01100,ko01110,ko01130,map00100,map01100,map01110,map01130
CcGene_31613	Acyltransferase	glycerol-3-phosphate acyltransferase	sp|Q9FZ22|GPAT2_ARATH	XP_017237416.1	GO:0003674,GO:0003824,GO:0005575,GO:0006793,GO:0006796,GO:0008150,GO:0008152,GO:0008374,GO:0009058,GO:0009059,GO:0009987,GO:0010143,GO:0016020,GO:0016311,GO:0016740,GO:0016746,GO:0016747,GO:0016787,GO:0016788,GO:0016791,GO:0042578,GO:0043170,GO:0044237,GO:0071704,GO:0090447,GO:1901576	ko00561,ko00564,ko01100,ko01110,map00561,map00564,map01100,map01110
CcGene_31729	Glycosyltransferase	Belongs to the UDP-glycosyltransferase family	sp|Q9SGA8|U83A1_ARATH	WOH13365.1	GO:0003674,GO:0003824,GO:0005575,GO:0005622,GO:0005623,GO:0008194,GO:0016740,GO:0016757,GO:0016758,GO:0035251,GO:0043226,GO:0043227,GO:0043229,GO:0043231,GO:0044424,GO:0044464,GO:0046527,GO:0080043,GO:0080044	-
CcGene_31776	Glycosyltransferase	Belongs to the glycosyltransferase 8 family	sp|Q9LSB1|GUX1_ARATH	KAK1403831.1	GO:0000271,GO:0003674,GO:0003824,GO:0005575,GO:0005622,GO:0005623,GO:0005737,GO:0005794,GO:0005829,GO:0005975,GO:0005976,GO:0005977,GO:0005978,GO:0006073,GO:0006091,GO:0006112,GO:0008150,GO:0008152,GO:0008194,GO:0008466,GO:0009058,GO:0009059,GO:0009250,GO:0009832,GO:0009834,GO:0009987,GO:0010383,GO:0010410,GO:0010413,GO:0010417,GO:0012505,GO:0015020,GO:0015980,GO:0016051,GO:0016740,GO:0016757,GO:0016758,GO:0033692,GO:0034637,GO:0034645,GO:0035251,GO:0042546,GO:0043170,GO:0043226,GO:0043227,GO:0043229,GO:0043231,GO:0044036,GO:0044038,GO:0044042,GO:0044085,GO:0044237,GO:0044238,GO:0044249,GO:0044260,GO:0044262,GO:0044264,GO:0044424,GO:0044444,GO:0044464,GO:0045491,GO:0045492,GO:0046527,GO:0055114,GO:0070589,GO:0070592,GO:0071554,GO:0071669,GO:0071704,GO:0071840,GO:0080116,GO:1901576	-
CcGene_31967	Acyltransferase	Acyltransferase	sp|Q8L7R3|LPCT1_ARATH	XP_017258413.1	GO:0000038,GO:0003674,GO:0003824,GO:0005575,GO:0005622,GO:0005623,GO:0005634,GO:0005737,GO:0005783,GO:0005794,GO:0006082,GO:0006629,GO:0006631,GO:0006644,GO:0006793,GO:0006796,GO:0008150,GO:0008152,GO:0008374,GO:0008610,GO:0008654,GO:0009058,GO:0009987,GO:0012505,GO:0016740,GO:0016746,GO:0016747,GO:0019637,GO:0019752,GO:0032787,GO:0043226,GO:0043227,GO:0043229,GO:0043231,GO:0043436,GO:0044237,GO:0044238,GO:0044249,GO:0044255,GO:0044281,GO:0044424,GO:0044444,GO:0044464,GO:0047184,GO:0050200,GO:0071617,GO:0071618,GO:0071704,GO:0090407,GO:1901576	ko00564,ko00565,ko01100,map00564,map00565,map01100
CcGene_32199	Cytochrome P450	Belongs to the cytochrome P450 family	sp|A9QNE7|ABAH1_SOLLC	XP_017254873.1	GO:0003674,GO:0003824,GO:0004497,GO:0006629,GO:0006694,GO:0007275,GO:0008150,GO:0008152,GO:0008202,GO:0008610,GO:0009058,GO:0010268,GO:0010295,GO:0010817,GO:0016125,GO:0016128,GO:0016129,GO:0016131,GO:0016132,GO:0016491,GO:0016705,GO:0016709,GO:0032501,GO:0032502,GO:0042445,GO:0042446,GO:0042592,GO:0044238,GO:0048856,GO:0048878,GO:0055088,GO:0055114,GO:0065007,GO:0065008,GO:0071704,GO:1901360,GO:1901362,GO:1901576,GO:1901615,GO:1901617	ko00906,map00906
CcGene_32390	Glycosyltransferase	Belongs to the UDP-glycosyltransferase family	sp|F8WKW1|UGT2_GARJA	XAV45611.1	GO:0003674,GO:0003824,GO:0005575,GO:0005622,GO:0005623,GO:0008194,GO:0015020,GO:0016740,GO:0016757,GO:0016758,GO:0035251,GO:0043226,GO:0043227,GO:0043229,GO:0043231,GO:0044424,GO:0044464,GO:0046527,GO:0050403,GO:0050502,GO:0080043,GO:0080044	-
CcGene_32581	Glycosyltransferase	Belongs to the glycosyltransferase 1 family. Bacterial plant glycogen synthase subfamily	sp|P93568|SSY1_SOLTU	XP_017241371.1	GO:0000271,GO:0003674,GO:0003824,GO:0005575,GO:0005622,GO:0005623,GO:0005737,GO:0005975,GO:0005976,GO:0005982,GO:0006073,GO:0008150,GO:0008152,GO:0009011,GO:0009058,GO:0009059,GO:0009250,GO:0009501,GO:0009507,GO:0009532,GO:0009536,GO:0009570,GO:0009987,GO:0010021,GO:0016051,GO:0016740,GO:0016757,GO:0016758,GO:0019252,GO:0033692,GO:0034637,GO:0034645,GO:0043170,GO:0043226,GO:0043227,GO:0043229,GO:0043231,GO:0044042,GO:0044237,GO:0044238,GO:0044249,GO:0044260,GO:0044262,GO:0044264,GO:0044422,GO:0044424,GO:0044434,GO:0044435,GO:0044444,GO:0044446,GO:0044464,GO:0046527,GO:0071704,GO:1901135,GO:1901137,GO:1901576,GO:2000896	ko00500,ko01100,ko01110,ko02026,map00500,map01100,map01110,map02026
CcGene_32591	Other Secondary Metabolism	Catalyzes the condensation of isopentenyl diphosphate (IPP) with allylic pyrophosphates generating different type of terpenoids	sp|Q56Y11|DDPS2_ARATH	WOG84518.1	-	ko00900,ko01110,map00900,map01110
CcGene_32936	Cytochrome P450	cytochrome P450	sp|H2DH18|C7A12_PANGI	WOG93768.1	GO:0003674,GO:0003824,GO:0004497,GO:0005575,GO:0005622,GO:0005623,GO:0005737,GO:0005783,GO:0005789,GO:0008150,GO:0008152,GO:0009058,GO:0012505,GO:0016020,GO:0016491,GO:0016705,GO:0016709,GO:0019748,GO:0031090,GO:0031984,GO:0042175,GO:0043226,GO:0043227,GO:0043229,GO:0043231,GO:0044422,GO:0044424,GO:0044425,GO:0044432,GO:0044444,GO:0044446,GO:0044464,GO:0044550,GO:0055114,GO:0098827	-
CcGene_33026	Cytochrome P450	Belongs to the cytochrome P450 family	sp|Q9SZ46|C82C4_ARATH	XP_017244377.1	GO:0003674,GO:0003824,GO:0004497,GO:0005575,GO:0008150,GO:0008152,GO:0009058,GO:0009987,GO:0010035,GO:0010038,GO:0010039,GO:0016020,GO:0016491,GO:0016705,GO:0016709,GO:0019748,GO:0042221,GO:0044550,GO:0050896,GO:0051716,GO:0055114,GO:0070887,GO:0071241,GO:0071248,GO:0071281	ko00140,ko01100,ko04913,ko04917,ko04927,ko04934,map00140,map01100,map04913,map04917,map04927,map04934
CcGene_33107	Glycosyltransferase	UDP-glycosyltransferase 89A2-like	sp|Q9LZD8|U89A2_ARATH	XP_017224047.1	GO:0003674,GO:0003824,GO:0005575,GO:0005622,GO:0005623,GO:0008194,GO:0016740,GO:0016757,GO:0016758,GO:0035251,GO:0043226,GO:0043227,GO:0043229,GO:0043231,GO:0044424,GO:0044464,GO:0046527,GO:0080043,GO:0080044	-
CcGene_33250	Cytochrome P450	Belongs to the cytochrome P450 family	sp|K4CI52|ABAH2_SOLLC	KAK1367695.1	GO:0001101,GO:0003674,GO:0003824,GO:0004497,GO:0006066,GO:0006082,GO:0006629,GO:0006694,GO:0006714,GO:0006720,GO:0006721,GO:0006950,GO:0007275,GO:0008150,GO:0008152,GO:0008202,GO:0008300,GO:0008610,GO:0009056,GO:0009058,GO:0009314,GO:0009414,GO:0009415,GO:0009416,GO:0009628,GO:0009639,GO:0009687,GO:0009987,GO:0010035,GO:0010268,GO:0010295,GO:0010817,GO:0016042,GO:0016054,GO:0016107,GO:0016115,GO:0016125,GO:0016128,GO:0016129,GO:0016131,GO:0016132,GO:0016491,GO:0016705,GO:0016709,GO:0019752,GO:0032501,GO:0032502,GO:0032787,GO:0042221,GO:0042445,GO:0042446,GO:0042592,GO:0043288,GO:0043290,GO:0043436,GO:0044237,GO:0044238,GO:0044242,GO:0044248,GO:0044255,GO:0044281,GO:0044282,GO:0046164,GO:0046345,GO:0046395,GO:0048856,GO:0048878,GO:0050896,GO:0055088,GO:0055114,GO:0065007,GO:0065008,GO:0071704,GO:0072329,GO:1901360,GO:1901362,GO:1901575,GO:1901576,GO:1901615,GO:1901616,GO:1901617,GO:1901700,GO:1902644	ko00906,map00906
CcGene_33260	Glycosyltransferase	Belongs to the glycosyltransferase 8 family	sp|O04536|GATL9_ARATH	KAL1807220.1	GO:0000271,GO:0003674,GO:0003824,GO:0005575,GO:0005622,GO:0005623,GO:0005737,GO:0005794,GO:0005975,GO:0005976,GO:0008150,GO:0008152,GO:0008194,GO:0009058,GO:0009059,GO:0012505,GO:0016051,GO:0016740,GO:0016757,GO:0016758,GO:0043170,GO:0043226,GO:0043227,GO:0043229,GO:0043231,GO:0044238,GO:0044424,GO:0044444,GO:0044464,GO:0047262,GO:0071704,GO:1901576	-
